Date,Price,Open,High,Low,Volume,Chg%,Price_Lag1,Price_Lag2,Volume_Lag1,MA_7,MA_30,Volatility_7,Volatility_30,daily_return_lag1,daily_return_lag2,Price_Range,Price_Change,Price_Range_Lag1,Price_Change_Lag1,Year,Month,DayOfWeek,Day
2014-02-11,29670,29500,29700,29500,14740,0.68,29471.0,29310.0,11910.0,29505.14285714286,29411.0,200.8643228412481,276.3559673494594,0.005493005800068174,0.002702610242550696,200,-170,200.0,-122.0,2014,2,1,11
2014-02-12,29698,29650,29724,29580,10770,0.09,29670.0,29471.0,14740.0,29532.0,29415.266666666666,209.63142258098986,279.41934044745767,0.006752400665060554,0.005493005800068174,144,-48,200.0,-170.0,2014,2,2,12
2014-02-13,29726,29660,29748,29605,12470,0.09,29698.0,29670.0,10770.0,29519.0,29406.033333333333,193.21663144425017,264.4616500890373,0.0009437141894168555,0.006752400665060554,143,-66,144.0,-48.0,2014,2,3,13
2014-02-14,29932,29750,29949,29750,11850,0.69,29726.0,29698.0,12470.0,29546.428571428572,29406.0,208.7078158118381,264.41985944509884,0.000942824432621725,0.0009437141894168555,199,-182,143.0,-66.0,2014,2,4,14
2014-02-17,30664,29978,30731,29970,27800,2.45,29932.0,29726.0,11850.0,29576.85714285714,29427.766666666666,249.58527505404774,280.0216350426416,0.00692996030411086,0.000942824432621725,761,-686,199.0,-182.0,2014,2,0,17
2014-02-18,30766,30600,30790,30511,18180,0.33,30664.0,29932.0,27800.0,29781.571428571428,29479.266666666666,436.3988455311757,353.666503082069,0.02445543231324332,0.00692996030411086,279,-166,761.0,-686.0,2014,2,1,18
2014-02-19,30712,30686,30865,30405,20720,-0.18,30766.0,30664.0,18180.0,29989.571428571428,29539.5,514.2203992915923,411.2002406748259,0.00332637620662668,0.02445543231324332,460,-26,279.0,-166.0,2014,2,2,19
2014-02-20,30608,30680,30680,30507,12460,-0.34,30712.0,30766.0,20720.0,30166.85714285714,29598.766666666666,519.5367900259401,447.45384530492225,-0.0017551842943509532,0.00332637620662668,173,72,460.0,-26.0,2014,2,3,20
2014-02-21,30677,30590,30749,30522,12330,0.23,30608.0,30712.0,12460.0,30300.85714285714,29652.466666666667,490.16304381683875,468.90008738965196,-0.0033862985152383063,-0.0017551842943509532,227,-87,173.0,72.0,2014,2,4,21
2014-02-24,30927,30633,30975,30633,12900,0.81,30677.0,30608.0,12330.0,30440.714285714286,29702.733333333334,424.7912092175958,495.36743126090084,0.0022543125980136747,-0.0033862985152383063,342,-294,227.0,-87.0,2014,2,0,24
2014-02-25,30972,30929,30999,30817,12760,0.15,30927.0,30677.0,12900.0,30612.285714285714,29756.566666666666,316.82945690367467,537.4105656683299,0.0081494279101606,0.0022543125980136747,182,-43,342.0,-294.0,2014,2,1,25
2014-02-26,30810,30951,30969,30677,14740,-0.52,30972.0,30927.0,12760.0,30760.85714285714,29815.7,138.06813362894357,570.4164328773779,0.001455039286060833,0.0081494279101606,292,141,182.0,-43.0,2014,2,2,26
2014-02-27,30839,30884,30917,30788,4410,0.09,30810.0,30972.0,14740.0,30781.714285714286,29871.033333333333,131.88721733059685,583.9666666994726,-0.005230530802014743,0.001455039286060833,129,45,292.0,141.0,2014,2,3,27
2014-02-28,30634,30820,30895,30567,16200,-0.66,30839.0,30810.0,4410.0,30792.14285714286,29926.733333333334,133.31595124782572,594.1996607047253,0.0009412528399870279,-0.005230530802014743,328,186,129.0,45.0,2014,2,4,28
2014-03-03,32051,30700,32279,30700,5670,4.63,30634.0,30839.0,16200.0,30781.0,29968.366666666665,143.96527359043944,598.6731007897356,-0.006647426959369596,0.0009412528399870279,1579,-1351,328.0,186.0,2014,3,0,3
2014-03-04,31126,31500,32379,31090,1310,-2.89,32051.0,30634.0,5670.0,30987.14285714286,30056.266666666666,484.744409825536,699.5595132965315,0.04625579421557746,-0.006647426959369596,1289,374,1579.0,-1351.0,2014,3,1,4
2014-03-05,32351,31200,32500,30770,1490,3.94,31126.0,32051.0,1310.0,31051.285714285714,30115.066666666666,466.2180156270248,713.1939298740541,-0.02886025397023495,0.04625579421557746,1730,-1151,1289.0,374.0,2014,3,2,5
2014-03-06,30416,30350,30446,30105,21500,-5.98,32351.0,31126.0,1490.0,31254.714285714286,30217.8,669.3633079988748,803.3908054035088,0.03935616526376662,-0.02886025397023495,341,-66,1730.0,-1151.0,2014,3,3,6
2014-03-07,30307,30361,30514,30130,19380,-0.36,30416.0,32351.0,21500.0,31175.285714285714,30251.866666666665,737.974189766732,788.789720387194,-0.05981267966987114,0.03935616526376662,384,54,341.0,-66.0,2014,3,4,7
2014-03-10,30327,30253,30350,30145,13500,0.07,30307.0,30416.0,19380.0,31103.428571428572,30276.3,801.24670714721,778.3518019419039,-0.00358364018937396,-0.05981267966987114,205,-74,384.0,54.0,2014,3,0,10
2014-03-11,30421,30301,30515,30166,23170,0.31,30327.0,30307.0,13500.0,31030.285714285714,30290.366666666665,851.2194613779307,775.2170989953165,0.0006599135513247756,-0.00358364018937396,349,-120,205.0,-74.0,2014,3,1,11
2014-03-12,30627,30468,30690,30468,19020,0.68,30421.0,30327.0,23170.0,30999.85714285714,30316.8,871.3163276658523,765.3094663666108,0.0030995482573283883,0.0006599135513247756,222,-159,349.0,-120.0,2014,3,2,12
2014-03-13,30697,30677,30735,30492,15380,0.23,30627.0,30421.0,19020.0,30796.428571428572,30343.2,741.5739695950248,761.7684234952801,0.006771638013214565,0.0030995482573283883,243,-20,222.0,-159.0,2014,3,3,13
2014-03-14,30719,30730,30849,30610,19040,0.07,30697.0,30627.0,15380.0,30735.14285714286,30383.133333333335,727.3890358836746,747.2502112150395,0.002285565024324976,0.006771638013214565,239,11,243.0,-20.0,2014,3,4,14
2014-03-17,30557,30699,30710,30525,5190,-0.53,30719.0,30697.0,19040.0,30502.0,30424.366666666665,174.8075131870634,729.7345518008282,0.0007166824119619886,0.002285565024324976,185,142,239.0,11.0,2014,3,0,17
2014-03-18,30389,30511,30511,30311,15940,-0.55,30557.0,30719.0,5190.0,30522.14285714286,30449.966666666667,171.33537149050005,720.0838784155804,-0.005273609166965065,0.0007166824119619886,200,122,185.0,142.0,2014,3,1,18
2014-03-19,30169,30392,30416,30122,13680,-0.72,30389.0,30557.0,15940.0,30533.85714285714,30478.466666666667,156.31957498594772,699.1980003390759,-0.005497921916418513,-0.005273609166965065,294,223,200.0,122.0,2014,3,2,19
2014-03-20,29924,30110,30168,29885,14010,-0.81,30169.0,30389.0,13680.0,30511.285714285714,30493.466666666667,197.22213726798023,687.0649085099227,-0.0072394616473066,-0.005497921916418513,283,186,294.0,223.0,2014,3,3,20
2014-03-21,29850,29893,30038,29817,11960,-0.25,29924.0,30169.0,14010.0,30440.285714285714,30516.566666666666,298.5647413240313,654.0101593291564,-0.008120918823958378,-0.0072394616473066,221,43,283.0,186.0,2014,3,4,21
2014-03-24,29182,29810,29810,29141,18000,-2.24,29850.0,29924.0,11960.0,30329.285714285714,30534.566666666666,356.411145675734,626.5102406259589,-0.002472931426279912,-0.008120918823958378,669,628,221.0,43.0,2014,3,0,24
2014-03-25,28971,29230,29317,28931,20330,-0.72,29182.0,29850.0,18000.0,30112.85714285714,30524.933333333334,518.8665302276369,645.3658643363284,-0.02237855946398659,-0.002472931426279912,386,259,669.0,628.0,2014,3,1,25
2014-03-26,28595,29020,29043,28335,16650,-1.3,28971.0,29182.0,20330.0,29863.14285714286,30501.633333333335,593.7539974802772,688.4747501609604,-0.007230484545267646,-0.02237855946398659,708,425,386.0,259.0,2014,3,2,26
2014-03-27,28521,28631,28740,28351,17230,-0.26,28595.0,28971.0,16650.0,29582.85714285714,30464.866666666665,669.8371514956598,758.7375509781821,-0.012978495737116402,-0.007230484545267646,389,110,708.0,425.0,2014,3,3,27
2014-03-28,28434,28488,28630,28213,18090,-0.31,28521.0,28595.0,17230.0,29316.0,30424.7,667.2425845722726,827.9407420907581,-0.002587865011365653,-0.012978495737116402,417,54,389.0,110.0,2014,3,4,28
2014-03-31,28470,28427,28778,28340,12650,0.13,28434.0,28521.0,18090.0,29068.14285714286,30374.766666666666,618.0020033871286,900.659210047663,-0.0030503839276322386,-0.002587865011365653,438,-43,417.0,54.0,2014,3,0,31
2014-04-01,28116,28432,28507,28058,8840,-1.24,28470.0,28434.0,12650.0,28860.428571428572,30301.633333333335,518.7847521348859,963.2640087612094,0.001266089892382416,-0.0030503839276322386,449,316,438.0,-43.0,2014,4,1,1
2014-04-02,28404,28035,28470,27361,480,1.02,28116.0,28470.0,8840.0,28612.714285714286,30213.3,355.9521102085921,1037.8313313895453,-0.012434141201264515,0.001266089892382416,1109,-369,449.0,316.0,2014,4,2,2
2014-04-03,28460,28500,28699,28365,110,0.2,28404.0,28116.0,480.0,28501.571428571428,30136.366666666665,256.0005580352013,1084.1018047160096,0.010243277848911658,-0.012434141201264515,334,40,1109.0,-369.0,2014,4,3,3
2014-04-04,28519,28400,28885,28400,190,0.21,28460.0,28404.0,110.0,28428.571428571428,30064.766666666666,151.26120580308597,1122.1438128785512,0.0019715533023518805,0.010243277848911658,485,-119,334.0,40.0,2014,4,4,4
2014-04-05,28549,28549,28549,28549,0,0.11,28519.0,28460.0,190.0,28417.714285714286,29992.833333333332,139.60266746003185,1150.3571884069504,0.0020730850316232896,0.0019715533023518805,0,0,485.0,-119.0,2014,4,5,5
2014-04-07,28574,28599,28643,28481,10450,0.09,28549.0,28519.0,0.0,28421.714285714286,29913.566666666666,143.4046887725645,1165.5961826119471,0.0010519302920859452,0.0020730850316232896,162,25,0.0,0.0,2014,4,0,7
2014-04-08,28754,28639,28842,28639,5740,0.63,28574.0,28549.0,10450.0,28441.714285714286,29833.633333333335,154.71986974945617,1172.7112259803062,0.0008756874146205185,0.0010519302920859452,203,-115,162.0,25.0,2014,4,1,8
2014-04-09,28710,28754,28856,28653,12120,-0.15,28754.0,28574.0,5740.0,28482.285714285714,29765.1,195.2901382438122,1173.760662615446,0.006299433051025316,0.0008756874146205185,203,44,203.0,-115.0,2014,4,2,9
2014-04-10,29094,28757,29119,28757,13700,1.34,28710.0,28754.0,12120.0,28567.14285714286,29694.133333333335,126.56543573920892,1170.950033779921,-0.0015302218821728886,0.006299433051025316,362,-337,203.0,44.0,2014,4,3,10
2014-04-11,29085,29090,29162,28973,10530,-0.03,29094.0,28710.0,13700.0,28665.714285714286,29642.8,215.66232423694441,1162.048619079017,0.013375130616509967,-0.0015302218821728886,189,5,362.0,-337.0,2014,4,4,11
2014-04-14,29350,29095,29371,29095,6090,0.91,29085.0,29094.0,10530.0,28755.0,29543.933333333334,243.8373775012895,1072.843914261445,-0.0003093421323984158,0.013375130616509967,276,-255,189.0,5.0,2014,4,0,14
2014-04-15,29342,29287,29395,29059,21410,-0.03,29350.0,29085.0,6090.0,28873.714285714286,29484.733333333334,304.5262518983769,1030.7072206561115,0.009111225717723936,-0.0003093421323984158,336,-55,276.0,-255.0,2014,4,1,15
2014-04-16,29290,29280,29320,28900,16580,-0.18,29342.0,29350.0,21410.0,28987.0,29384.433333333334,311.0289375605295,877.131873202946,-0.0002725724020442577,0.009111225717723936,420,-10,336.0,-55.0,2014,4,2,16
2014-04-17,29293,29256,29386,29185,10460,0.01,29290.0,29342.0,16580.0,29089.285714285714,29346.9,267.2194568052005,855.2873020018014,-0.0017722036670984043,-0.0002725724020442577,201,-37,420.0,-10.0,2014,4,3,17
2014-04-19,29339,29339,29339,29339,0,0.16,29293.0,29290.0,10460.0,29166.285714285714,29313.1,229.49852162616924,835.8521297206969,0.0001024240355069761,-0.0017722036670984043,0,0,201.0,-37.0,2014,4,5,19
2014-04-21,29548,29207,29599,29072,13860,0.71,29339.0,29293.0,0.0,29256.14285714286,29280.166666666668,116.28331575867765,813.6964223935709,0.0015703410371077364,0.0001024240355069761,527,-341,0.0,0.0,2014,4,0,21
2014-04-22,29423,29550,29649,29381,11700,-0.42,29548.0,29339.0,13860.0,29321.0,29251.066666666666,135.75468070513654,786.6512145375091,0.007123623845393556,0.0015703410371077364,268,127,527.0,-341.0,2014,4,1,22
2014-04-23,29752,29480,29775,29433,9860,1.12,29423.0,29548.0,11700.0,29369.285714285714,29210.933333333334,90.33588118012494,743.5662405078608,-0.004230404765127926,0.007123623845393556,342,-272,268.0,127.0,2014,4,2,23
2014-04-25,29741,29750,29939,29650,10180,-0.04,29752.0,29423.0,9860.0,29426.714285714286,29179.433333333334,169.30024048591056,696.9990690803369,0.01118172857968247,-0.004230404765127926,289,9,342.0,-272.0,2014,4,4,25
2014-04-27,29695,29695,29695,29695,0,-0.15,29741.0,29752.0,10180.0,29483.714285714286,29146.833333333332,200.3461290581496,643.3112660738013,-0.00036972304382898447,0.01118172857968247,0,0,289.0,9.0,2014,4,6,27
2014-04-28,29824,29895,29900,29756,6680,0.43,29695.0,29741.0,0.0,29541.571428571428,29118.1,193.4406516590981,595.6387675255166,-0.0015466863925220897,-0.00036972304382898447,144,71,0.0,0.0,2014,4,0,28
2014-04-29,29713,29786,29799,29607,6760,-0.37,29824.0,29695.0,6680.0,29617.428571428572,29099.266666666666,183.58182294087092,562.0543557793864,0.004344165684458723,-0.0015466863925220897,192,73,144.0,71.0,2014,4,1,29
2014-04-30,31014,29602,31495,29571,12250,4.38,29713.0,29824.0,6760.0,29670.85714285714,29084.066666666666,137.7454519169856,537.7685653560126,-0.003721834763948495,0.004344165684458723,1924,-1412,192.0,73.0,2014,4,2,30
2014-05-01,30380,31033,31743,29914,2850,-2.04,31014.0,29713.0,12250.0,29880.285714285714,29120.4,515.7130061981175,626.0496620160023,0.04378554841315241,-0.003721834763948495,1829,653,1924.0,-1412.0,2014,5,3,1
2014-05-02,30182,30388,30440,30080,930,-0.65,30380.0,31014.0,2850.0,30017.0,29138.066666666666,500.9204860387737,654.1938937155544,-0.020442380860256626,0.04378554841315241,360,206,1829.0,653.0,2014,5,4,2
2014-05-05,29967,30211,30347,29834,1040,-0.71,30182.0,30380.0,930.0,30078.428571428572,29171.4,489.23643130317924,681.4197450657869,-0.00651744568795265,-0.020442380860256626,513,244,360.0,206.0,2014,5,0,5
2014-05-06,29109,29187,29231,29081,9330,-2.86,29967.0,30182.0,1040.0,30110.714285714286,29204.6,470.35012288211544,695.438467492969,-0.0071234510635478365,-0.00651744568795265,150,78,513.0,244.0,2014,5,1,6
2014-05-07,28747,29164,29275,28725,15480,-1.24,29109.0,29967.0,9330.0,30027.0,29221.733333333334,592.8647962787586,686.1719364975407,-0.028631494644108524,-0.0071234510635478365,550,417,150.0,78.0,2014,5,2,7
2014-05-08,28734,28787,28846,28665,9560,-0.05,28747.0,29109.0,15480.0,29873.14285714286,29229.266666666666,768.1600155721488,679.4208453215683,-0.012436016352330936,-0.028631494644108524,181,53,550.0,417.0,2014,5,3,8
2014-05-09,28741,28677,28877,28673,10090,0.02,28734.0,28747.0,9560.0,29733.285714285714,29239.266666666666,882.7513266837417,669.4467058355176,-0.0004522211013323618,-0.012436016352330936,204,-64,181.0,53.0,2014,5,4,9
2014-05-12,28860,28732,29025,28575,14220,0.41,28741.0,28734.0,10090.0,29408.571428571428,29248.3,739.5748456924218,660.4767948624137,0.00024361383726589914,-0.0004522211013323618,450,-128,204.0,-64.0,2014,5,0,12
2014-05-13,28673,28787,28874,28633,12740,-0.65,28860.0,28741.0,14220.0,29191.428571428572,29273.1,620.3528181991651,629.7476423961035,0.004140426568317146,0.00024361383726589914,241,114,450.0,-128.0,2014,5,1,13
2014-05-14,28911,28769,28960,28769,7410,0.83,28673.0,28860.0,12740.0,28975.85714285714,29282.066666666666,460.3015057443476,618.7655638353737,-0.0064795564795564475,0.004140426568317146,191,-142,241.0,114.0,2014,5,2,14
2014-05-15,28624,28882,28882,28575,14660,-0.99,28911.0,28673.0,7410.0,28825.0,29297.1,149.33296130920962,603.3918695805107,0.008300491751822348,-0.0064795564795564475,307,258,191.0,-142.0,2014,5,3,15
2014-05-16,28322,28575,28575,28251,11490,-1.06,28624.0,28911.0,14660.0,28755.714285714286,29300.6,99.95284602560713,599.0114615218014,-0.009927017398222104,0.008300491751822348,324,253,307.0,258.0,2014,5,4,16
2014-05-19,28336,28275,28475,28233,11590,0.05,28322.0,28624.0,11490.0,28695.0,29293.033333333333,192.42834164102862,610.1629224674546,-0.010550586920067051,-0.009927017398222104,242,-61,324.0,253.0,2014,5,0,19
2014-05-20,28424,28291,28460,28253,15280,0.31,28336.0,28322.0,11590.0,28638.14285714286,29285.1,233.41767183283667,621.2801217286567,0.0004943153732082095,-0.010550586920067051,207,-133,242.0,-61.0,2014,5,1,20
2014-05-21,27501,28445,28540,27432,31580,-3.25,28424.0,28336.0,15280.0,28592.85714285714,29274.1,240.7712805212945,633.8028818989786,0.0031055900621117516,0.0004943153732082095,1108,944,207.0,-133.0,2014,5,2,21
2014-05-22,27386,27504,27640,27252,24650,-0.42,27501.0,28424.0,31580.0,28398.714285714286,29233.8,448.1018166614616,705.3106138921835,-0.03247255840135099,0.0031055900621117516,388,118,1108.0,944.0,2014,5,3,22
2014-05-23,27528,27400,27584,27281,13710,0.52,27386.0,27501.0,24650.0,28214.85714285714,29176.866666666665,565.4651267088739,781.775332985361,-0.004181666121231942,-0.03247255840135099,303,-128,388.0,118.0,2014,5,4,23
2014-05-26,27586,27544,27620,27421,11500,0.21,27528.0,27386.0,13710.0,28017.285714285714,29124.966666666667,521.6035257696412,837.762227946998,0.005185131088877526,-0.004181666121231942,199,-42,303.0,-128.0,2014,5,0,26
2014-05-27,27087,27567,27598,27010,19860,-1.81,27586.0,27528.0,11500.0,27869.0,29066.166666666668,464.8307935870397,882.1520739697897,0.002106945655332648,0.005185131088877526,588,480,199.0,-42.0,2014,5,1,27
2014-05-28,26987,27032,27100,26853,15200,-0.37,27087.0,27586.0,19860.0,27692.571428571428,28991.0,497.4655288369754,951.2077984657591,-0.018088885666642462,0.002106945655332648,247,45,588.0,480.0,2014,5,2,28
2014-05-29,26984,26945,27083,26661,18000,-0.01,26987.0,27087.0,15200.0,27499.85714285714,28914.233333333334,467.0279893724266,1016.9073020288273,-0.003691807878318021,-0.018088885666642462,422,-39,247.0,45.0,2014,5,3,29
2014-05-30,27151,26915,27215,26862,12890,0.62,26984.0,26987.0,18000.0,27294.14285714286,28837.266666666666,265.9983888245589,1073.0802243150797,-0.00011116463482419014,-0.003691807878318021,353,-236,422.0,-39.0,2014,5,4,30
2014-06-02,26626,27012,27130,26520,2920,-1.93,27151.0,26984.0,12890.0,27244.14285714286,28764.333333333332,253.22284558058777,1111.4717590943903,0.006188852653424171,-0.00011116463482419014,610,386,353.0,-236.0,2014,6,0,2
2014-06-03,26732,26756,26874,26592,450,0.4,26626.0,27151.0,2920.0,27135.571428571428,28666.933333333334,332.7145208449395,1167.0689467365646,-0.019336304371846302,0.006188852653424171,282,24,610.0,386.0,2014,6,1,3
2014-06-04,26708,26582,26910,26582,130,-0.09,26732.0,26626.0,450.0,27021.85714285714,28577.233333333334,311.5945167317176,1209.593767183516,0.003981071133478453,-0.019336304371846302,328,-126,282.0,24.0,2014,6,2,4
2014-06-05,26771,26800,26860,26605,70,0.24,26708.0,26732.0,130.0,26896.428571428572,28475.766666666666,205.21115722044433,1235.0553159002031,-0.0008978003890468544,0.003981071133478453,255,29,328.0,-126.0,2014,6,3,5
2014-06-06,26400,26548,26600,26350,11550,-1.39,26771.0,26708.0,70.0,26851.285714285714,28376.766666666666,190.5340864396055,1249.094449462562,0.002358843792122256,-0.0008978003890468544,250,148,255.0,29.0,2014,6,4,6
2014-06-09,26545,26400,26570,26278,8470,0.55,26400.0,26771.0,11550.0,26767.428571428572,28266.933333333334,242.8427866908145,1273.8055644767674,-0.013858279481528513,0.002358843792122256,292,-145,250.0,148.0,2014,6,0,9
2014-06-10,26712,26585,26738,26475,11670,0.63,26545.0,26400.0,8470.0,26704.714285714286,28157.633333333335,234.120847915593,1276.2693609145447,0.005492424242424132,-0.013858279481528513,263,-127,292.0,-145.0,2014,6,1,10
2014-06-11,26736,26720,26780,26527,13560,0.09,26712.0,26545.0,11670.0,26642.0,28057.6,130.52841325479537,1267.736663615867,0.006291203616500374,0.005492424242424132,253,-16,263.0,-127.0,2014,6,2,11
2014-06-12,27014,26740,27050,26640,14160,1.04,26736.0,26712.0,13560.0,26657.714285714286,27915.0,134.83164105178935,1159.7237185848653,0.0008984725965857088,0.006291203616500374,410,-274,253.0,-16.0,2014,6,3,12
2014-06-13,27235,27020,27289,26988,10270,0.82,27014.0,26736.0,14160.0,26698.0,27802.8,191.10991601731487,1072.5690203657343,0.010397965290245281,0.0008984725965857088,301,-215,410.0,-274.0,2014,6,4,13
2014-06-16,27395,27255,27644,27255,12660,0.59,27235.0,27014.0,10270.0,26773.285714285714,27704.566666666666,279.2046527108378,977.9294694028168,0.008180943214629366,0.010397965290245281,389,-140,301.0,-215.0,2014,6,0,16
2014-06-17,27418,27306,27488,27135,13700,0.08,27395.0,27235.0,12660.0,26862.428571428572,27618.833333333332,364.83551414451017,880.649371822858,0.005874793464292205,0.008180943214629366,353,-112,389.0,-140.0,2014,6,1,17
2014-06-18,27353,27351,27538,27230,14470,-0.24,27418.0,27395.0,13700.0,27007.85714285714,27562.466666666667,352.4681681002397,834.9102257473634,0.0008395692644642683,0.005874793464292205,308,-2,353.0,-112.0,2014,6,2,18
2014-06-19,28160,27313,28199,27313,21910,2.95,27353.0,27418.0,14470.0,27123.285714285714,27516.0,304.69203812269575,804.966480347351,-0.0023707053760303465,0.0008395692644642683,886,-847,308.0,-2.0,2014,6,3,19
2014-06-20,28154,28150,28349,27977,18080,-0.02,28160.0,27353.0,21910.0,27330.14285714286,27496.866666666665,440.28681128395397,781.4970043551903,0.02950316235879069,-0.0023707053760303465,372,-4,886.0,-847.0,2014,6,4,20
2014-06-23,28111,28245,28267,28035,12310,-0.15,28154.0,28160.0,18080.0,27532.714285714286,27477.3,447.5122770330959,756.2124382236666,-0.00021306818181821008,0.02950316235879069,232,134,372.0,-4.0,2014,6,0,23
2014-06-24,28167,28099,28369,27860,17400,0.2,28111.0,28154.0,12310.0,27689.428571428572,27452.333333333332,427.20754407476016,720.509318580242,-0.0015273140583931255,-0.00021306818181821008,509,-68,232.0,134.0,2014,6,1,24
2014-06-25,28221,28121,28290,28057,14010,0.19,28167.0,28111.0,17400.0,27822.571428571428,27435.466666666667,406.71810759753043,696.4704975970153,0.0019921027355840337,-0.0015273140583931255,233,-100,509.0,-68.0,2014,6,2,25
2014-06-26,28126,28190,28208,27935,17380,-0.34,28221.0,28167.0,14010.0,27940.571428571428,27412.466666666667,381.0025621712338,656.297279851346,0.0019171370753008343,0.0019921027355840337,273,64,233.0,-100.0,2014,6,3,26
2014-06-27,28063,28201,28236,28005,9920,-0.22,28126.0,28221.0,17380.0,28041.714285714286,27395.866666666665,305.68813862387043,630.3832295453303,-0.0033662875163884554,0.0019171370753008343,231,138,273.0,64.0,2014,6,4,27
2014-06-30,28076,28000,28185,27967,8760,0.05,28063.0,28126.0,9920.0,28143.14285714286,27387.233333333334,49.63677592163352,618.9316537018202,-0.0022399203583872707,-0.0033662875163884554,218,-76,231.0,138.0,2014,6,0,30
2014-07-01,27975,28210,28277,27950,4410,-0.36,28076.0,28063.0,8760.0,28131.14285714286,27378.566666666666,54.77051692192513,606.8915533036453,0.0004632434165983135,-0.0022399203583872707,327,235,218.0,-76.0,2014,7,1,1
2014-07-02,27788,27950,28225,27750,2880,-0.67,27975.0,28076.0,4410.0,28105.571428571428,27363.6,78.82439796390409,585.3759534663163,-0.0035973785439521455,0.0004632434165983135,475,162,327.0,235.0,2014,7,2,2
2014-07-03,27802,27552,27900,27552,1200,0.05,27788.0,27975.0,2880.0,28059.428571428572,27373.166666666668,143.29323913234694,590.0256033798239,-0.006684539767649711,-0.0035973785439521455,348,-250,475.0,162.0,2014,7,3,3
2014-07-04,27913,27884,27975,27755,260,0.4,27802.0,27788.0,1200.0,28007.285714285714,27387.033333333333,162.71827830740853,595.2032677036511,0.0005038145962286134,-0.006684539767649711,220,-29,348.0,-250.0,2014,7,4,4
2014-07-07,27564,27611,27611,27455,11210,-1.25,27913.0,27802.0,260.0,27963.285714285714,27399.866666666665,134.4912813605229,602.4538748023904,0.003992518523847188,0.0005038145962286134,156,47,220.0,-29.0,2014,7,0,7
2014-07-08,27594,27582,27725,27460,15210,0.11,27564.0,27913.0,11210.0,27883.0,27399.133333333335,180.90513167613528,602.2328415175855,-0.012503134740085242,0.003992518523847188,265,-12,156.0,47.0,2014,7,1,8
2014-07-09,27667,27620,27771,27612,11340,0.26,27594.0,27564.0,15210.0,27816.0,27416.033333333333,189.7621318039039,600.2822602360235,0.001088376142794889,-0.012503134740085242,159,-47,265.0,-12.0,2014,7,2,9
2014-07-10,28565,27650,28649,27560,40700,3.25,27667.0,27594.0,11340.0,27757.571428571428,27438.7,156.39784434058913,596.3488420206379,0.002645502645502562,0.001088376142794889,1089,-915,159.0,-47.0,2014,7,3,10
2014-07-11,28441,28517,28579,28302,15110,-0.43,28565.0,27667.0,40700.0,27841.85714285714,27491.4,341.9792530606269,623.9973253700769,0.03245744027180386,0.002645502645502562,277,76,1089.0,-915.0,2014,7,4,11
2014-07-12,28413,28413,28413,28413,0,-0.1,28441.0,28565.0,15110.0,27935.14285714286,27534.4,407.60578527612637,643.8624076617946,-0.004340976719761969,0.03245744027180386,0,0,277.0,76.0,2014,7,5,12
2014-07-13,28413,28413,28413,28413,0,0.0,28413.0,28441.0,0.0,28022.428571428572,27593.966666666667,438.5855511919813,639.5717038517711,-0.0009844942160964765,-0.004340976719761969,0,0,0.0,0.0,2014,7,6,13
2014-07-14,27860,28380,28380,27839,21930,-1.95,28413.0,28413.0,0.0,28093.85714285714,27650.0,458.07584109027385,635.0711065265589,0.0,-0.0009844942160964765,541,520,0.0,0.0,2014,7,0,14
2014-07-15,27752,27890,28050,27686,18230,-0.39,27860.0,28413.0,21930.0,28136.14285714286,27688.4,412.39642278261033,610.5012976913301,-0.019462921901946317,0.0,364,138,541.0,520.0,2014,7,1,15
2014-07-16,27767,27800,27825,27671,14010,0.05,27752.0,27860.0,18230.0,28158.714285714286,27721.1,380.8992492711441,585.4260664767019,-0.0038765254845657404,-0.019462921901946317,154,33,364.0,138.0,2014,7,2,16
2014-07-17,28237,27824,28450,27810,24740,1.69,27767.0,27752.0,14010.0,28173.0,27766.666666666668,360.72473346502886,529.5899085749328,0.0005405015854713646,-0.0038765254845657404,640,-413,154.0,33.0,2014,7,3,17
2014-07-18,28028,28227,28233,27960,13870,-0.74,28237.0,27767.0,24740.0,28126.14285714286,27823.066666666666,320.36355835814766,483.051145527509,0.016926567508193102,0.0005405015854713646,273,199,640.0,-413.0,2014,7,4,18
2014-07-20,28030,28030,28030,28030,0,0.01,28028.0,28237.0,13870.0,28067.14285714286,27866.933333333334,289.2308354767229,436.15142366826143,-0.0074016361511491935,0.016926567508193102,0,0,273.0,199.0,2014,7,6,20
2014-07-21,28120,28068,28247,28022,13210,0.32,28030.0,28028.0,0.0,28012.428571428572,27910.066666666666,245.87724385902013,380.9416584287821,7.135721421436259e-05,-0.0074016361511491935,225,-52,0.0,0.0,2014,7,0,21
2014-07-22,27939,28061,28135,27851,19880,-0.64,28120.0,28030.0,13210.0,27970.571428571428,27946.933333333334,183.2956238276742,342.8451880784369,0.003210845522654271,7.135721421436259e-05,284,122,225.0,-52.0,2014,7,1,22
2014-07-23,27915,27930,28046,27888,11870,-0.09,27939.0,28120.0,19880.0,27981.85714285714,27970.4,177.69958597935153,315.4326639986316,-0.006436699857752526,0.003210845522654271,158,15,284.0,122.0,2014,7,2,23
2014-07-24,27651,27882,27882,27630,16960,-0.95,27915.0,27939.0,11870.0,28005.14285714286,27987.733333333334,151.27395520676555,296.43897241733885,-0.0008590142811124579,-0.006436699857752526,252,231,158.0,15.0,2014,7,3,24
2014-07-25,27973,27696,27994,27673,12810,1.16,27651.0,27915.0,16960.0,27988.571428571428,27995.5,184.42962265963556,283.77926706125737,-0.009457281031703402,-0.0008590142811124579,321,-277,252.0,231.0,2014,7,4,25
2014-07-27,27960,27960,27960,27960,0,-0.05,27973.0,27651.0,12810.0,27950.85714285714,28016.166666666668,148.69143505002057,256.6546160778208,0.011645148457560373,-0.009457281031703402,0,0,321.0,-277.0,2014,7,6,27
2014-07-28,27909,27985,28085,27874,10300,-0.18,27960.0,27973.0,0.0,27941.14285714286,28009.5,144.98669889764003,255.38405831494288,-0.00046473385049872196,0.011645148457560373,211,76,0.0,0.0,2014,7,0,28
2014-07-29,27855,27950,28067,27827,7440,-0.19,27909.0,27960.0,10300.0,27923.85714285714,28001.333333333332,139.74551700824756,254.5197415734305,-0.0018240343347639687,-0.00046473385049872196,240,95,211.0,76.0,2014,7,1,29
2014-07-30,27936,27888,27984,27740,10900,0.29,27855.0,27909.0,7440.0,27886.0,27992.8,110.61193425708929,255.0071533818091,-0.001934859722670157,-0.0018240343347639687,244,-48,240.0,95.0,2014,7,2,30
2014-07-31,27788,27800,27969,27751,11560,-0.53,27936.0,27855.0,10900.0,27885.571428571428,27985.1,110.37792222351527,253.04577069968437,0.0029079159935379018,-0.001934859722670157,218,12,244.0,-48.0,2014,7,3,31
2014-08-01,28037,27810,28124,27761,3300,0.9,27788.0,27936.0,11560.0,27867.428571428572,27970.666666666668,115.07223404329304,251.47034285053482,-0.00529782359679265,0.0029079159935379018,363,-227,218.0,12.0,2014,8,4,1
2014-08-04,27952,28023,28118,27900,1020,-0.3,28037.0,27788.0,3300.0,27922.571428571428,27967.7,81.72893641613335,250.09586437872704,0.008960702461494163,-0.00529782359679265,218,71,363.0,-227.0,2014,8,0,4
2014-08-05,28392,27959,28790,27724,220,1.57,27952.0,28037.0,1020.0,27919.571428571428,27964.0,79.93509271723207,249.4576185413231,-0.0030317081000107438,0.008960702461494163,1066,-433,218.0,71.0,2014,8,1,5
2014-08-06,28559,28130,28640,28088,19080,0.59,28392.0,27952.0,220.0,27981.285714285714,27974.533333333333,197.15959211257172,260.7651517512419,0.015741270749856984,-0.0030317081000107438,552,-429,1066.0,-433.0,2014,8,2,6
2014-08-07,28695,28559,28750,28460,14960,0.48,28559.0,28392.0,19080.0,28074.14285714286,27994.0,289.0798209097793,281.7548457497755,0.005881938574246348,0.015741270749856984,290,-136,552.0,-429.0,2014,8,3,7
2014-08-08,28515,28730,29010,28500,21260,-0.63,28695.0,28559.0,14960.0,28194.14285714286,28024.233333333334,350.7237415077934,306.4665907801345,0.004762071501102971,0.005881938574246348,510,215,290.0,-136.0,2014,8,4,8
2014-08-10,28510,28510,28510,28510,0,-0.02,28515.0,28695.0,21260.0,28276.85714285714,28048.0,347.9614100115447,316.13233806816356,-0.006272869837950834,0.004762071501102971,0,0,510.0,215.0,2014,8,6,10
2014-08-11,28554,28480,28600,28445,8670,0.15,28510.0,28515.0,0.0,28380.0,28067.9,279.0961602508031,325.9780350121371,-0.00017534630896021142,-0.006272869837950834,155,-74,0.0,0.0,2014,8,0,11
2014-08-12,28641,28520,28780,28474,12990,0.3,28554.0,28510.0,8670.0,28453.85714285714,28100.9,238.68069924178727,323.3070868598789,0.0015433181339881141,-0.00017534630896021142,306,-121,155.0,-74.0,2014,8,1,12
2014-08-13,28567,28590,28645,28480,13990,-0.26,28641.0,28554.0,12990.0,28552.285714285714,28135.8,97.60074160565294,323.2121540903917,0.0030468585837359896,0.0015433181339881141,165,23,306.0,-121.0,2014,8,2,13
2014-08-14,28489,28521,28657,28378,16180,-0.27,28567.0,28641.0,13990.0,28577.285714285714,28165.8,67.46039402473616,319.950254754184,-0.0025837086693900613,0.0030468585837359896,279,32,165.0,23.0,2014,8,3,14
2014-08-18,28167,28405,28405,28140,10490,-1.13,28489.0,28567.0,16180.0,28567.285714285714,28163.266666666666,75.34966110500869,316.96741193679674,-0.0027304232155984653,-0.0025837086693900613,265,238,279.0,32.0,2014,8,0,18
2014-08-19,28124,28170,28248,28087,9500,-0.15,28167.0,28489.0,10490.0,28491.85714285714,28154.133333333335,151.7436748507606,312.60625595850456,-0.011302608024149619,-0.0027304232155984653,161,46,265.0,238.0,2014,8,1,19
2014-08-20,28079,28120,28158,28025,10170,-0.16,28124.0,28167.0,9500.0,28436.0,28144.5,204.5727254549639,308.783458329551,-0.0015266091525544256,-0.011302608024149619,133,41,161.0,46.0,2014,8,2,20
2014-08-21,27599,28025,28025,27550,17840,-1.71,28079.0,28124.0,10170.0,28374.428571428572,28133.366666666665,240.32468117325362,304.7638411140691,-0.0016000568909116941,-0.0015266091525544256,475,426,133.0,41.0,2014,8,3,21
2014-08-22,27634,27657,27720,27555,11050,0.13,27599.0,28079.0,17840.0,28238.0,28124.666666666668,361.7757132074292,316.3420598823397,-0.017094625876989955,-0.0016000568909116941,165,23,475.0,426.0,2014,8,4,22
2014-08-25,27632,27624,27678,27535,8400,-0.01,27634.0,27599.0,11050.0,28094.14285714286,28120.733333333334,374.7961350617481,321.82163975736484,0.0012681618899235136,-0.017094625876989955,143,-8,165.0,23.0,2014,8,0,25
2014-08-26,27720,27652,27880,27652,13070,0.32,27632.0,27634.0,8400.0,27960.571428571428,28116.233333333334,343.4932591008212,327.8262453289304,-7.237461098641429e-05,0.0012681618899235136,228,-68,143.0,-8.0,2014,8,1,26
2014-08-27,27599,27741,27760,27575,9260,-0.44,27720.0,27632.0,13070.0,27850.714285714286,28099.0,258.87044010854544,334.7741389921849,0.0031847133757962887,-7.237461098641429e-05,185,142,228.0,-68.0,2014,8,2,27
2014-08-28,27884,27642,27974,27642,14140,1.03,27599.0,27720.0,9260.0,27769.571428571428,28084.7,230.6937776527741,346.855942471243,-0.00436507936507935,0.0031847133757962887,332,-242,185.0,142.0,2014,8,3,28
2014-08-29,27794,27835,27835,27652,4090,-0.32,27884.0,27599.0,14140.0,27735.285714285714,28079.833333333332,181.91730198635247,348.6694001123999,0.010326461103663087,-0.00436507936507935,183,41,332.0,-242.0,2014,8,4,29
2014-09-01,27679,27747,27774,27651,4160,-0.41,27794.0,27884.0,4090.0,27694.571428571428,28068.966666666667,109.74797969761755,352.4341448225613,-0.0032276574379572764,0.010326461103663087,123,68,183.0,41.0,2014,9,0,1
2014-09-02,27340,27610,27676,27318,4010,-1.22,27679.0,27794.0,4160.0,27706.0,28060.3,102.03104102881044,358.87824753215796,-0.0041375836511476916,-0.0032276574379572764,358,270,123.0,68.0,2014,9,1,2
2014-09-03,27355,27362,27420,27186,1120,0.05,27340.0,27679.0,4010.0,27664.0,28041.133333333335,172.66827541104203,381.54465850908065,-0.012247552295964415,-0.0041375836511476916,234,7,358.0,270.0,2014,9,2,3
2014-09-04,27282,27418,27427,27262,270,-0.27,27355.0,27340.0,1120.0,27624.428571428572,28031.266666666666,209.11787516703737,395.55146431225603,0.000548646671543418,-0.012247552295964415,165,136,234.0,7.0,2014,9,3,4
2014-09-05,27225,27250,27360,27068,340,-0.21,27282.0,27355.0,270.0,27561.85714285714,28008.233333333334,239.12997063780003,418.5136823317503,-0.0026686163407055874,0.000548646671543418,292,25,165.0,136.0,2014,9,4,5
2014-09-08,27207,27448,27497,27116,13170,-0.07,27225.0,27282.0,340.0,27508.428571428572,27983.733333333334,269.3231374780971,442.2738216686184,-0.0020892896415218853,-0.0026686163407055874,381,241,292.0,25.0,2014,9,0,8
2014-09-09,27272,27237,27395,27159,15560,0.24,27207.0,27225.0,13170.0,27411.714285714286,27960.333333333332,230.77385343376244,464.3824474194699,-0.0006611570247934129,-0.0020892896415218853,236,-35,381.0,241.0,2014,9,1,9
2014-09-10,27194,27350,27441,27152,13410,-0.29,27272.0,27207.0,15560.0,27337.14285714286,27940.9,160.20344208924223,480.84905868828776,0.0023890910427464274,-0.0006611570247934129,289,156,236.0,-35.0,2014,9,2,10
2014-09-11,26996,27207,27246,26970,18440,-0.73,27194.0,27272.0,13410.0,27267.85714285714,27916.166666666668,63.25985712843466,499.8186625190509,-0.002860076268700551,0.0023890910427464274,276,211,289.0,156.0,2014,9,3,11
2014-09-12,26909,26958,26995,26801,16070,-0.32,26996.0,27194.0,18440.0,27218.714285714286,27889.766666666666,112.40360950020039,526.999095944644,-0.0072810178715893015,-0.002860076268700551,194,49,276.0,211.0,2014,9,4,12
2014-09-13,26900,26900,26900,26900,0,-0.03,26909.0,26996.0,16070.0,27155.0,27852.166666666668,144.1873780887369,555.5961745687591,-0.0032226996592087387,-0.0072810178715893015,0,0,194.0,49.0,2014,9,5,13
2014-09-15,27006,26949,27118,26913,16610,0.39,26900.0,26909.0,0.0,27100.428571428572,27817.1,159.57741814260137,581.6649912698921,-0.00033446058939390344,-0.0032226996592087387,205,-57,0.0,0.0,2014,9,0,15
2014-09-16,26954,27008,27110,26920,19690,-0.19,27006.0,26900.0,16610.0,27069.14285714286,27770.9,152.39031965291292,589.4190798779574,0.003940520446096718,-0.00033446058939390344,190,54,205.0,-57.0,2014,9,1,16
2014-09-17,26907,26960,27009,26860,12060,-0.17,26954.0,27006.0,19690.0,27033.0,27717.4,144.01736006505902,588.2583059190927,-0.0019254980374731057,0.003940520446096718,149,53,190.0,54.0,2014,9,2,17
2014-09-18,26659,26860,26860,26572,15980,-0.92,26907.0,26954.0,12060.0,26980.85714285714,27657.8,103.41571217141272,576.2503287455505,-0.0017437115084959487,-0.0019254980374731057,288,201,149.0,53.0,2014,9,3,18
2014-09-19,26497,26605,26694,26470,15870,-0.61,26659.0,26907.0,15980.0,26904.428571428572,27595.933333333334,116.5058755931785,580.6611530942043,-0.009216932396774125,-0.0017437115084959487,224,108,288.0,201.0,2014,9,4,19
2014-09-22,26605,26436,26665,26313,16470,0.41,26497.0,26659.0,15870.0,26833.14285714286,27528.833333333332,184.15702409608747,587.6580687331506,-0.006076747064781118,-0.009216932396774125,352,-169,224.0,108.0,2014,9,0,22
2014-09-23,26682,26586,26937,26488,16660,0.29,26605.0,26497.0,16470.0,26789.714285714286,27463.866666666665,198.56796845251105,578.0704964367467,0.004075933124504605,-0.006076747064781118,449,-96,352.0,-169.0,2014,9,1,23
2014-09-24,26552,26685,26760,26526,13880,-0.49,26682.0,26605.0,16660.0,26758.571428571428,27398.566666666666,195.4591663606656,550.5028850395208,0.0028941928208983114,0.004075933124504605,234,133,449.0,-96.0,2014,9,2,24
2014-09-25,26919,26514,26950,26381,19580,1.38,26552.0,26682.0,13880.0,26693.714285714286,27331.4,173.79654224224774,525.3782611047358,-0.004872198485870616,0.0028941928208983114,569,-405,234.0,133.0,2014,9,3,25
2014-09-26,26694,26960,27100,26665,19990,-0.84,26919.0,26552.0,19580.0,26688.714285714286,27279.066666666666,165.3589169917817,482.54068496214546,0.01382193431756562,-0.004872198485870616,435,266,569.0,-405.0,2014,9,4,26
2014-09-27,26693,26693,26693,26693,0,0.0,26694.0,26919.0,19990.0,26658.285714285714,27229.966666666667,135.37566778670475,463.6464529502986,-0.008358408559010377,0.01382193431756562,0,0,435.0,266.0,2014,9,5,27
2014-09-29,26819,26760,26915,26685,9130,0.47,26693.0,26694.0,0.0,26663.14285714286,27182.266666666666,136.0140048816083,441.58225955543674,-3.7461601858135296e-05,-0.008358408559010377,230,-59,0.0,0.0,2014,9,0,29
2014-09-30,26805,26807,26968,26633,10680,-0.05,26819.0,26693.0,9130.0,26709.14285714286,27140.266666666666,124.41520348118974,412.30068817712186,0.004720338665567647,-3.7461601858135296e-05,335,2,230.0,-59.0,2014,9,1,30
2014-10-01,26790,26695,26840,26552,3920,-0.06,26805.0,26819.0,10680.0,26737.714285714286,27113.8,119.37575729055449,407.2920158890445,-0.0005220179723330887,0.004720338665567647,288,-95,335.0,2.0,2014,10,2,1
2014-10-03,26439,26931,26931,26377,11020,-1.31,26790.0,26805.0,3920.0,26753.14285714286,27085.666666666668,117.94550799951749,399.1892933860944,-0.0005595970900951208,-0.0005220179723330887,554,492,288.0,-95.0,2014,10,4,3
2014-10-05,26424,26424,26424,26424,0,-0.06,26439.0,26790.0,11020.0,26737.0,27045.9,152.6815858798591,402.2979981436809,-0.013101903695408756,-0.0005595970900951208,0,0,554.0,492.0,2014,10,6,5
2014-10-06,26637,26476,26667,26352,6970,0.81,26424.0,26439.0,0.0,26666.285714285714,27002.7,168.18215748218677,396.9638348854553,-0.0005673436968115508,-0.013101903695408756,315,-161,0.0,0.0,2014,10,0,6
2014-10-07,26673,26581,26710,26566,14870,0.14,26637.0,26424.0,6970.0,26658.14285714286,26970.633333333335,167.99645687911047,385.8328638810424,0.008060853769300547,-0.0005673436968115508,144,-92,315.0,-161.0,2014,10,1,7
2014-10-08,26633,26698,26885,26620,15810,-0.15,26673.0,26637.0,14870.0,26655.285714285714,26930.266666666666,167.47409181332148,348.5242714878929,0.001351503547696753,0.008060853769300547,265,65,144.0,-92.0,2014,10,2,8
2014-10-09,26847,26696,26938,26696,16430,0.8,26633.0,26673.0,15810.0,26628.714285714286,26891.566666666666,151.12766599368118,311.8359077037317,-0.001499643834589337,0.001351503547696753,242,-151,265.0,65.0,2014,10,3,9
2014-10-10,26855,26813,26940,26750,15640,0.03,26847.0,26633.0,16430.0,26634.714285714286,26863.833333333332,159.87361079520753,274.1046972555378,0.008035144369766822,-0.001499643834589337,190,-42,242.0,-151.0,2014,10,4,10
2014-10-13,26855,26900,27135,26811,16690,0.0,26855.0,26847.0,15640.0,26644.0,26847.666666666668,171.83616227905145,258.93486510683715,0.0002979848772675098,0.008035144369766822,324,45,190.0,-42.0,2014,10,0,13
2014-10-14,27128,26892,27170,26892,15720,1.02,26855.0,26855.0,16690.0,26703.428571428572,26831.0,160.6962529569686,240.59581215737575,0.0,0.0002979848772675098,278,-236,324.0,45.0,2014,10,1,14
2014-10-16,27328,27150,27475,27150,17550,0.74,27128.0,26855.0,15720.0,26804.0,26825.866666666665,176.2186142271058,232.13562226965118,0.01016570471048217,0.0,325,-178,278.0,-236.0,2014,10,3,16
2014-10-17,27151,27310,27362,27085,14210,-0.65,27328.0,27128.0,17550.0,26902.714285714286,26829.3,246.57433922049486,238.90542783360326,0.007372456502506619,0.01016570471048217,277,159,325.0,-178.0,2014,10,4,17
2014-10-20,27302,27131,27360,27078,11360,0.56,27151.0,27328.0,14210.0,26971.0,26827.433333333334,238.4079137391424,236.05430166259328,-0.0064768735362997765,0.007372456502506619,282,-171,277.0,159.0,2014,10,0,20
2014-10-21,27394,27358,27496,27343,12770,0.34,27302.0,27151.0,11360.0,27066.571428571428,26828.433333333334,213.07655677651078,238.05761159194805,0.005561489447902579,-0.0064768735362997765,153,-36,282.0,-171.0,2014,10,1,21
2014-10-22,27333,27369,27389,27265,9860,-0.22,27394.0,27302.0,12770.0,27144.714285714286,26835.1,219.34122145343335,251.09173347756862,0.003369716504285414,0.005561489447902579,124,36,153.0,-36.0,2014,10,2,22
2014-10-23,26940,27174,27174,26913,6400,-1.44,27333.0,27394.0,9860.0,27213.0,26846.333333333332,185.98387026866274,265.654342868957,-0.0022267649850332694,0.003369716504285414,261,234,124.0,36.0,2014,10,3,23
2014-10-24,26963,27050,27067,26950,3460,0.09,26940.0,27333.0,6400.0,27225.14285714286,26847.366666666665,159.62083048249022,265.96661487856863,-0.01437822412468448,-0.0022267649850332694,117,87,261.0,234.0,2014,10,4,24
2014-10-27,27008,26957,27048,26913,7360,0.17,26963.0,26940.0,3460.0,27201.571428571428,26849.466666666667,186.30875551369897,266.64437550525116,0.0008537490720119667,-0.01437822412468448,135,-51,117.0,87.0,2014,10,0,27
2014-10-28,26909,26962,27076,26880,8530,-0.37,27008.0,26963.0,7360.0,27155.85714285714,26849.533333333333,189.35102197749399,266.6851085578578,0.0016689537514371633,0.0008537490720119667,196,53,135.0,-51.0,2014,10,1,28
2014-10-29,26864,26974,26990,26805,6310,-0.17,26909.0,27008.0,8530.0,27121.285714285714,26848.033333333333,211.21530427982125,266.2033813270688,-0.00366558056872035,0.0016689537514371633,185,110,196.0,53.0,2014,10,2,29
2014-10-30,26376,26811,26811,26326,10880,-1.82,26864.0,26909.0,6310.0,27058.714285714286,26846.6,213.62093708721306,265.9906143017674,-0.0016723029469694062,-0.00366558056872035,485,435,185.0,110.0,2014,10,3,30
2014-10-31,25924,26350,26375,25684,15940,-1.71,26376.0,26864.0,10880.0,26913.285714285714,26837.166666666668,282.6775042848112,277.63658748933716,-0.018165574746873192,-0.0016723029469694062,691,426,485.0,435.0,2014,10,4,31
2014-11-03,25868,25877,25947,25750,3750,-0.22,25924.0,26376.0,15940.0,26712.0,26818.066666666666,407.91216374785466,318.5417131061301,-0.017136791022141384,-0.018165574746873192,197,9,691.0,426.0,2014,11,0,3
2014-11-04,25810,25930,25965,25725,220,-0.22,25868.0,25924.0,3750.0,26558.85714285714,26793.5,499.0886456238049,361.11510725769944,-0.0021601604690634213,-0.017136791022141384,240,120,197.0,9.0,2014,11,1,4
2014-11-05,25348,25578,26340,25201,980,-1.79,25810.0,25868.0,220.0,26394.14285714286,26764.433333333334,532.61569277539,403.0578535811213,-0.0022421524663677195,-0.0021601604690634213,1139,230,240.0,120.0,2014,11,2,5
2014-11-06,25467,25448,25568,25411,8380,0.47,25348.0,25810.0,980.0,26157.0,26724.3,581.092935768573,477.92829861892545,-0.01790003874467261,-0.0022421524663677195,157,-19,1139.0,230.0,2014,11,3,6
2014-11-07,25926,25475,25970,25172,30780,1.8,25467.0,25348.0,8380.0,25951.0,26675.9,522.7424477377083,528.3894429758905,0.004694650465519867,-0.01790003874467261,798,-451,157.0,-19.0,2014,11,4,7
2014-11-10,25719,25949,26070,25670,15440,-0.8,25926.0,25467.0,30780.0,25817.0,26650.3,336.87831631042616,545.7998970193246,0.018023324302038013,0.004694650465519867,400,230,798.0,-451.0,2014,11,0,10
2014-11-11,25793,25632,25861,25434,19180,0.29,25719.0,25926.0,15440.0,25723.14285714286,26617.833333333332,229.63044845423448,571.5345998718506,-0.007984262902105965,0.018023324302038013,427,-161,400.0,230.0,2014,11,1,11
2014-11-12,25794,25798,25940,25735,17110,0.0,25793.0,25719.0,19180.0,25704.428571428572,26583.633333333335,215.43201336176327,589.4970084645133,0.0028772502818927848,-0.007984262902105965,205,4,427.0,-161.0,2014,11,2,12
2014-11-13,25827,25849,25920,25689,20230,0.13,25794.0,25793.0,17110.0,25693.85714285714,26549.933333333334,207.74618213249332,605.0973665358441,3.877020897147254e-05,0.0028772502818927848,231,22,205.0,4.0,2014,11,3,13
2014-11-14,26458,25791,26519,25585,33820,2.44,25827.0,25794.0,20230.0,25696.285714285714,26517.833333333332,209.42278950022506,617.3421944574842,0.0012793672947197798,3.877020897147254e-05,934,-667,231.0,22.0,2014,11,4,14
2014-11-16,26411,26411,26411,26411,0,-0.18,26458.0,25827.0,33820.0,25854.85714285714,26518.466666666667,301.6727965704277,617.268271937203,0.024431796182289744,0.0012793672947197798,0,0,934.0,-667.0,2014,11,6,16
2014-11-17,26319,26370,26499,26275,20730,-0.35,26411.0,26458.0,0.0,25989.714285714286,26518.033333333333,310.2674729359289,617.3414348045559,-0.0017764003326026234,0.024431796182289744,224,51,0.0,0.0,2014,11,0,17
2014-11-18,26587,26367,26756,26367,24600,1.02,26319.0,26411.0,20730.0,26045.85714285714,26507.433333333334,331.6375675200522,617.9580771036035,-0.003483397069402927,-0.0017764003326026234,389,-220,224.0,51.0,2014,11,1,18
2014-11-19,26710,26548,26840,26235,33870,0.46,26587.0,26319.0,24600.0,26169.85714285714,26504.566666666666,350.77743588199417,617.3627270751948,0.010182757703560252,-0.003483397069402927,605,-162,389.0,-220.0,2014,11,2,19
2014-11-20,26459,26620,26620,26375,26020,-0.94,26710.0,26587.0,33870.0,26300.85714285714,26507.133333333335,357.7417264693564,618.0747490412555,0.004626321134388878,0.010182757703560252,245,161,605.0,-162.0,2014,11,3,20
2014-11-21,26390,26509,26623,26340,26750,-0.26,26459.0,26710.0,26020.0,26395.85714285714,26494.2,280.71481885347526,614.7683836351333,-0.009397229502059123,0.004626321134388878,283,119,245.0,161.0,2014,11,4,21
2014-11-24,26473,26462,26539,26420,15020,0.31,26390.0,26459.0,26750.0,26476.285714285714,26478.7,131.6304350395412,611.2096062389196,-0.0026078083071922054,-0.009397229502059123,119,-11,283.0,119.0,2014,11,0,24
2014-11-25,26338,26480,26537,26322,19750,-0.51,26473.0,26390.0,15020.0,26478.428571428572,26465.966666666667,131.4050444785629,607.0648708922137,0.0031451307313377086,-0.0026078083071922054,215,142,119.0,-11.0,2014,11,1,25
2014-11-26,26397,26395,26440,26330,10020,0.22,26338.0,26473.0,19750.0,26468.0,26439.633333333335,140.24740045170594,594.3582156459731,-0.005099535375665765,0.0031451307313377086,110,-2,215.0,142.0,2014,11,2,26
2014-11-27,26237,26355,26355,26170,14220,-0.61,26397.0,26338.0,10020.0,26479.14285714286,26408.6,129.09096091750004,570.1880875400107,0.0022401093477104617,-0.005099535375665765,185,118,110.0,-2.0,2014,11,3,27
2014-11-28,25853,26150,26244,25815,15530,-1.46,26237.0,26397.0,14220.0,26429.14285714286,26378.133333333335,146.9052172568153,553.3210537345122,-0.006061294844111109,0.0022401093477104617,429,297,185.0,118.0,2014,11,4,28
2014-12-01,26546,25803,26627,25123,5730,2.68,25853.0,26237.0,15530.0,26306.714285714286,26329.833333333332,215.10672876978603,532.7550438820241,-0.01463581964401417,-0.006061294844111109,1504,-743,429.0,297.0,2014,12,0,1
2014-12-02,26224,26438,27050,26087,1150,-1.21,26546.0,25853.0,5730.0,26319.14285714286,26301.566666666666,227.52686916188438,495.5428011950357,0.02680539976018248,-0.01463581964401417,963,214,1504.0,-743.0,2014,12,1,2
2014-12-03,26496,26309,26699,26236,90,1.04,26224.0,26546.0,1150.0,26295.428571428572,26264.6,227.56160861274384,455.71025277350583,-0.012129887742032719,0.02680539976018248,463,-187,963.0,214.0,2014,12,2,3
2014-12-04,26488,26299,26850,26299,60,-0.03,26496.0,26224.0,90.0,26298.714285714286,26249.8,230.69728671003458,439.9566122810185,0.010372178157413092,-0.012129887742032719,551,-189,463.0,-187.0,2014,12,3,4
2014-12-05,26279,26698,26698,25801,170,-0.79,26488.0,26496.0,60.0,26320.14285714286,26233.966666666667,241.660525373803,421.56755774995673,-0.0003019323671497043,0.010372178157413092,897,419,551.0,-189.0,2014,12,4,5
2014-12-08,26228,26277,26350,26164,10300,-0.19,26279.0,26488.0,170.0,26303.285714285714,26209.666666666668,239.5118050577848,395.62445910713996,-0.007890365448504966,-0.0003019323671497043,186,49,897.0,419.0,2014,12,0,8
2014-12-09,27023,26322,27168,26321,25020,3.03,26228.0,26279.0,10300.0,26302.0,26186.966666666667,239.95068937902,373.0051754596459,-0.0019407131169374425,-0.007890365448504966,847,-701,186.0,49.0,2014,12,1,9
2014-12-10,27054,27000,27220,26910,18250,0.11,27023.0,26228.0,25020.0,26469.14285714286,26192.266666666666,279.32682683660005,383.92653152567607,0.030311117889278538,-0.0019407131169374425,310,-54,847.0,-701.0,2014,12,2,10
2014-12-11,27142,27096,27240,26860,18570,0.33,27054.0,27023.0,18250.0,26541.714285714286,26214.866666666665,357.63702002919575,413.9003489376557,0.0011471709284682774,0.030311117889278538,380,-46,310.0,-54.0,2014,12,3,11
2014-12-12,27088,27168,27188,26910,19320,-0.2,27142.0,27054.0,18570.0,26672.85714285714,26255.466666666667,388.680858190791,443.09310404328045,0.0032527537517557104,0.0011471709284682774,278,80,380.0,-46.0,2014,12,4,12
2014-12-15,27173,27037,27348,26912,19060,0.31,27088.0,27142.0,19320.0,26757.428571428572,26296.133333333335,407.7245218458199,461.8919662712029,-0.001989536511679324,0.0032527537517557104,436,-136,278.0,80.0,2014,12,0,15
2014-12-16,27044,27120,27636,26822,35790,-0.47,27173.0,27088.0,19060.0,26855.285714285714,26341.566666666666,414.4296137609097,479.1380683121241,0.0031379208505610823,-0.001989536511679324,814,76,436.0,-136.0,2014,12,1,16
2014-12-17,26802,27011,27099,26775,19260,-0.89,27044.0,27173.0,35790.0,26964.571428571428,26398.1,329.2455300345408,457.4284455067718,-0.004747359511279581,0.0031379208505610823,324,209,814.0,76.0,2014,12,2,17
2014-12-18,26659,26888,27111,26580,22400,-0.53,26802.0,27044.0,19260.0,27046.571428571428,26442.6,120.58172490495848,427.69483158630027,-0.008948380417098112,-0.004747359511279581,531,229,324.0,209.0,2014,12,3,18
2014-12-19,26859,26725,26922,26654,13730,0.75,26659.0,26802.0,22400.0,26994.571428571428,26467.033333333333,190.5989306923249,417.9922028092263,-0.0053354227296470436,-0.008948380417098112,268,-134,531.0,229.0,2014,12,4,19
2014-12-22,26458,26859,26910,26403,15110,-1.49,26859.0,26659.0,13730.0,26966.714285714286,26505.033333333333,194.67212973444518,399.03206018762603,0.007502156870100141,-0.0053354227296470436,507,401,268.0,-134.0,2014,12,0,22
2014-12-23,26468,26499,26600,26366,13760,0.04,26458.0,26859.0,15110.0,26869.0,26527.2,254.49688930668182,375.915012405506,-0.014929818682750673,0.007502156870100141,234,31,507.0,401.0,2014,12,1,23
2014-12-24,26433,26500,26514,26411,6950,-0.13,26468.0,26458.0,13760.0,26780.428571428572,26549.666666666668,272.80570445111124,349.8191979644242,0.00037795751757507823,-0.014929818682750673,103,67,234.0,31.0,2014,12,2,24
2014-12-26,26894,26470,26930,26470,13780,1.74,26433.0,26468.0,6950.0,26674.714285714286,26569.866666666665,236.25672074114084,323.12874911689636,-0.0013223515188152124,0.00037795751757507823,460,-424,103.0,67.0,2014,12,4,26
2014-12-29,26598,26919,26919,26560,10820,-1.1,26894.0,26433.0,13780.0,26653.285714285714,26584.4,201.4131030875555,327.6965164548642,0.017440320811107357,-0.0013223515188152124,359,321,460.0,-424.0,2014,12,0,29
2014-12-30,26908,26646,27068,26511,16300,1.17,26598.0,26894.0,10820.0,26624.14285714286,26590.633333333335,190.78734109979928,326.0588568970642,-0.011006172380456647,0.017440320811107357,557,-262,359.0,321.0,2014,12,1,30
2014-12-31,26594,26909,26909,26491,9510,-1.17,26908.0,26598.0,16300.0,26659.714285714286,26610.266666666666,219.43162510303253,326.8707361649523,0.011655011655011593,-0.011006172380456647,418,315,557.0,-262.0,2014,12,2,31
2015-01-01,26586,26610,26647,26539,1820,-0.03,26594.0,26908.0,9510.0,26621.85714285714,26610.5,201.4418266496091,326.8560528894074,-0.011669392002378487,0.011655011655011593,108,24,418.0,315.0,2015,1,3,1
2015-01-02,26700,26585,26740,26285,1990,0.43,26586.0,26594.0,1820.0,26640.14285714286,26606.366666666665,189.54720482577326,326.3380396031894,-0.00030081973377449334,-0.011669392002378487,455,-115,108.0,24.0,2015,1,4,2
2015-01-05,26847,26800,26911,26650,570,0.55,26700.0,26586.0,1990.0,26673.285714285714,26614.4,174.08303984599985,325.5506316891449,0.004287971112615585,-0.00030081973377449334,261,-47,455.0,-115.0,2015,1,0,5
2015-01-06,27385,27095,27442,27094,26640,2.0,26847.0,26700.0,570.0,26732.428571428572,26629.633333333335,147.07351579307337,325.38035921213134,0.005505617977528132,0.004287971112615585,348,-290,261.0,-47.0,2015,1,1,6
2015-01-07,27159,27328,27350,27110,19660,-0.83,27385.0,26847.0,26640.0,26802.571428571428,26660.033333333333,287.25357969524515,351.7747597672238,0.020039482996238034,0.005505617977528132,240,169,348.0,-290.0,2015,1,2,7
2015-01-08,26808,27150,27150,26770,21730,-1.29,27159.0,27385.0,19660.0,26882.714285714286,26687.4,298.6970116389101,357.7425967330853,-0.008252693080153417,0.020039482996238034,380,342,240.0,169.0,2015,1,3,8
2015-01-09,26806,26751,26877,26680,19710,-0.01,26808.0,27159.0,21730.0,26868.428571428572,26701.1,299.6758566313443,354.0891520313702,-0.012923892632276557,-0.008252693080153417,197,-55,380.0,342.0,2015,1,4,9
2015-01-12,27032,26865,27119,26839,21930,0.84,26806.0,26808.0,19710.0,26898.714285714286,26720.066666666666,277.1880915467833,343.45194246312667,-7.460459564312405e-05,-0.012923892632276557,280,-167,197.0,-55.0,2015,1,0,12
2015-01-13,27071,27118,27258,27020,22930,0.14,27032.0,26806.0,21930.0,26962.428571428572,26759.366666666665,242.4038346390722,306.2555258709919,0.008430948295157892,-7.460459564312405e-05,238,47,280.0,-167.0,2015,1,1,13
2015-01-14,27210,27013,27280,26916,24400,0.51,27071.0,27032.0,22930.0,27015.428571428572,26776.866666666665,214.40371354306808,308.63344326065754,0.0014427345368452915,0.008430948295157892,364,-197,238.0,47.0,2015,1,2,14
2015-01-15,27493,27150,27546,26731,50280,1.04,27210.0,27071.0,24400.0,27067.285714285714,26809.733333333334,210.74448532605038,300.1103168818522,0.005134645931070159,0.0014427345368452915,815,-343,364.0,-197.0,2015,1,3,15
2015-01-16,27673,27540,27798,27383,28540,0.65,27493.0,27210.0,50280.0,27082.714285714286,26842.966666666667,239.82751738560208,318.7914120046013,0.010400588019110701,0.005134645931070159,415,-133,815.0,-343.0,2015,1,4,16
2015-01-17,27627,27627,27627,27627,0,-0.17,27673.0,27493.0,28540.0,27156.14285714286,26882.466666666667,329.13494120787294,345.5808437114196,0.006547121085367147,0.010400588019110701,0,0,415.0,-133.0,2015,1,5,17
2015-01-19,27718,27642,27784,27633,15760,0.33,27627.0,27673.0,0.0,27273.14285714286,26927.4,330.3177402500591,351.98673564358523,-0.0016622700827521042,0.006547121085367147,151,-76,0.0,0.0,2015,1,0,19
2015-01-20,28098,27700,28145,27700,27570,1.37,27718.0,27627.0,15760.0,27403.428571428572,26977.066666666666,293.1193483566781,355.0050930508037,0.0032938791761683017,-0.0016622700827521042,445,-398,151.0,-76.0,2015,1,1,20
2015-01-21,27992,28071,28298,27850,27720,-0.38,28098.0,27718.0,27570.0,27555.714285714286,27012.9,340.99057381202977,409.8229516805877,0.013709502850133504,0.0032938791761683017,448,79,445.0,-398.0,2015,1,2,21
2015-01-22,28055,27966,28240,27762,27560,0.23,27992.0,28098.0,27720.0,27687.285714285714,27044.166666666668,297.73238223050697,447.1484427850611,-0.0037725104989678737,0.013709502850133504,478,-89,448.0,79.0,2015,1,3,22
2015-01-23,27884,28015,28114,27813,18520,-0.61,28055.0,27992.0,27560.0,27808.0,27074.6,237.09210587184023,483.61915765942956,0.0022506430408688605,-0.0037725104989678737,301,131,478.0,-89.0,2015,1,4,23
2015-01-25,27887,27887,27887,27887,0,0.01,27884.0,28055.0,18520.0,27863.85714285714,27101.133333333335,192.34814666090438,505.71102102055255,-0.006095170201390165,0.0022506430408688605,0,0,301.0,131.0,2015,1,6,25
2015-01-27,27934,27815,28033,27584,20580,0.17,27887.0,27884.0,0.0,27894.428571428572,27124.933333333334,172.99022818556287,525.619301942718,0.00010758858126513893,-0.006095170201390165,449,-119,0.0,0.0,2015,1,1,27
2015-01-28,27795,27896,27974,27771,15130,-0.5,27934.0,27887.0,20580.0,27938.285714285714,27154.6,126.58161304856733,545.6293171413831,0.0016853731129200522,0.00010758858126513893,203,101,449.0,-119.0,2015,1,2,28
2015-01-29,27470,27782,27848,27435,22610,-1.17,27795.0,27934.0,15130.0,27949.285714285714,27187.7,105.90516872172431,553.5635745192353,-0.004976014892245972,0.0016853731129200522,413,312,203.0,101.0,2015,1,3,29
2015-01-30,27911,27540,28260,27470,16390,1.61,27470.0,27795.0,22610.0,27859.571428571428,27214.733333333334,190.854968621972,546.6131414783299,-0.011692750494693316,-0.004976014892245972,790,-371,413.0,312.0,2015,1,4,30
2015-02-02,28071,28120,28197,27743,2230,0.57,27911.0,27470.0,16390.0,27848.0,27249.8,183.81331108874727,556.656979749173,0.016053876956680035,-0.011692750494693316,454,49,790.0,-371.0,2015,2,0,2
2015-02-03,27687,28071,28079,27600,540,-1.37,28071.0,27911.0,2230.0,27850.285714285714,27303.566666666666,186.8900873828781,555.438297472246,0.005732506896922285,0.016053876956680035,479,384,454.0,49.0,2015,2,1,3
2015-02-04,27814,27660,27835,27578,170,0.46,27687.0,28071.0,540.0,27822.14285714286,27344.2,195.59688866957669,536.4685548518565,-0.013679598161803974,0.005732506896922285,257,-154,479.0,384.0,2015,2,2,4
2015-02-05,27683,27785,27900,27461,110,-0.47,27814.0,27687.0,170.0,27811.714285714286,27390.233333333334,193.4973852415435,514.3798196377662,0.004586990284249026,-0.013679598161803974,439,102,257.0,-154.0,2015,2,3,5
2015-02-06,26968,27498,27598,26912,22240,-2.58,27683.0,27814.0,110.0,27775.85714285714,27416.533333333333,190.28962887456595,508.2670173437809,-0.004709858344718487,0.004586990284249026,686,530,439.0,102.0,2015,2,4,6
2015-02-09,27119,27011,27172,26996,13600,0.56,26968.0,27683.0,22240.0,27657.714285714286,27428.866666666665,358.6603380572198,491.94713294133237,-0.02582812556442582,-0.004709858344718487,176,-108,686.0,530.0,2015,2,0,9
2015-02-10,27016,27180,27180,26984,13530,-0.38,27119.0,26968.0,13600.0,27607.571428571428,27435.9,410.12187503355085,485.71237054099464,0.005599228715514659,-0.02582812556442582,196,164,176.0,-108.0,2015,2,1,10
2015-02-11,26817,27050,27050,26770,16680,-0.74,27016.0,27119.0,13530.0,27479.714285714286,27449.966666666667,438.3026786312476,466.2085875725969,-0.0037980751502636467,0.005599228715514659,280,233,196.0,164.0,2015,2,2,11
2015-02-12,26635,26756,26920,26620,15850,-0.68,26817.0,27016.0,16680.0,27300.571428571428,27457.666666666668,411.82150548635656,453.17244440479186,-0.00736600533017473,-0.0037980751502636467,300,121,280.0,233.0,2015,2,3,12
2015-02-13,26694,26700,26815,26642,17170,0.22,26635.0,26817.0,15850.0,27150.285714285714,27455.5,438.3946906179508,457.0585678912025,-0.006786739754633286,-0.00736600533017473,173,6,300.0,121.0,2015,2,4,13
2015-02-16,26742,26720,26884,26720,8740,0.18,26694.0,26635.0,17170.0,26990.285714285714,27450.4,351.5725218149882,464.86939953140455,0.0022151304674300487,-0.006786739754633286,164,-22,173.0,6.0,2015,2,0,16
2015-02-17,26241,26722,26722,26215,11240,-1.87,26742.0,26694.0,8740.0,26855.85714285714,27428.966666666667,181.160544427482,482.4783349313858,0.0017981568891884958,0.0022151304674300487,507,481,164.0,-22.0,2015,2,1,17
2015-02-18,26181,26280,26390,26128,15570,-0.23,26241.0,26742.0,11240.0,26752.0,27398.366666666665,284.8637101026678,527.2265418553839,-0.01873457482611618,0.0017981568891884958,262,99,507.0,481.0,2015,2,2,18
2015-02-19,26294,26260,26521,26199,16560,0.43,26181.0,26241.0,15570.0,26618.0,27377.466666666667,303.46444053100475,562.6725472264544,-0.0022864982279638957,-0.01873457482611618,322,-34,262.0,99.0,2015,2,3,19
2015-02-20,26317,26337,26435,26186,15080,0.09,26294.0,26181.0,16560.0,26514.85714285714,27360.4,266.0347274146918,587.8071229520048,0.0043161071005690665,-0.0022864982279638957,249,20,322.0,-34.0,2015,2,4,20
2015-02-21,26319,26319,26319,26319,0,0.01,26317.0,26294.0,15080.0,26443.428571428572,27336.566666666666,236.92112410621996,615.4279522152278,0.0008747242716968806,0.0043161071005690665,0,0,249.0,20.0,2015,2,5,21
2015-02-23,26178,26281,26310,26001,18600,-0.54,26319.0,26317.0,0.0,26398.285714285714,27311.5,224.09351789385212,641.3848567613475,7.599650416079129e-05,0.0008747242716968806,309,103,0.0,0.0,2015,2,0,23
2015-02-24,26077,26219,26277,26015,14350,-0.39,26178.0,26319.0,18600.0,26324.571428571428,27277.1,193.3691264079113,673.8689297502732,-0.00535734640373875,7.599650416079129e-05,262,142,309.0,103.0,2015,2,1,24
2015-02-25,26142,26138,26343,26120,14250,0.25,26077.0,26178.0,14350.0,26229.571428571428,27229.9,89.64719207962763,707.0012607899978,-0.0038582015432806482,-0.00535734640373875,223,-4,262.0,142.0,2015,2,2,25
2015-02-26,26239,26200,26370,26200,14620,0.37,26142.0,26077.0,14250.0,26215.428571428572,27178.866666666665,95.18203111807435,728.8330177867384,0.002492618015875969,-0.0038582015432806482,170,-39,223.0,-4.0,2015,2,3,26
2015-02-27,26206,26243,26320,26132,13560,-0.13,26239.0,26142.0,14620.0,26223.714285714286,27132.6,94.2049437594134,743.315897945126,0.0037105041695355556,0.002492618015875969,188,37,170.0,-39.0,2015,2,4,27
2015-02-28,26480,26111,26518,26043,8150,1.05,26206.0,26239.0,13560.0,26211.14285714286,27082.2,88.98956600234672,753.4455749971612,-0.0012576698807119646,0.0037105041695355556,475,-369,188.0,37.0,2015,2,5,28
2015-03-02,26541,26508,26997,26440,5080,0.23,26480.0,26206.0,8150.0,26234.428571428572,27028.266666666666,132.16007609875317,735.9314498311824,0.01045562085018692,-0.0012576698807119646,557,-33,475.0,-369.0,2015,3,0,2
2015-03-03,26453,26527,26601,26400,1050,-0.33,26541.0,26480.0,5080.0,26266.14285714286,26979.9,175.3999511325031,717.8686053051882,0.0023036253776436144,0.01045562085018692,201,74,557.0,-33.0,2015,3,1,3
2015-03-04,26539,26500,26600,26401,3300,0.33,26453.0,26541.0,1050.0,26305.428571428572,26926.5,182.99986989365027,694.3357406109234,-0.003315624882257673,0.0023036253776436144,199,-39,201.0,74.0,2015,3,2,4
2015-03-05,26473,26510,26599,26418,220,-0.25,26539.0,26453.0,3300.0,26371.428571428572,26881.666666666668,169.7143257980629,673.4883627151354,0.0032510490303556683,-0.003315624882257673,181,37,199.0,-39.0,2015,3,3,5
2015-03-06,26058,26485,26530,26025,15680,-1.57,26473.0,26539.0,220.0,26418.714285714286,26834.533333333333,138.35065869753637,649.7659384060694,-0.0024869060627755735,0.0032510490303556683,505,427,181.0,37.0,2015,3,4,6
2015-03-09,26062,26096,26177,26041,12550,0.02,26058.0,26473.0,15680.0,26392.85714285714,26772.0,186.1821944331613,630.2857042370563,-0.01567634948815777,-0.0024869060627755735,136,34,505.0,427.0,2015,3,0,9
2015-03-10,25960,26050,26100,25825,21180,-0.39,26062.0,26058.0,12550.0,26372.285714285714,26714.233333333334,215.85930161884747,612.4569898106386,0.0001535037224653646,-0.01567634948815777,275,90,136.0,34.0,2015,3,1,10
2015-03-11,25716,25979,25996,25691,17900,-0.94,25960.0,26062.0,21180.0,26298.0,26663.9,257.9793273374317,610.2482451345144,-0.003913744148568821,0.0001535037224653646,305,263,275.0,90.0,2015,3,2,11
2015-03-12,25690,25750,25890,25609,21260,-0.1,25716.0,25960.0,17900.0,26180.14285714286,26590.733333333334,311.38477193115904,586.7014710157653,-0.00939907550077046,-0.003913744148568821,281,60,305.0,263.0,2015,3,3,12
2015-03-13,25909,25750,25945,25750,19760,0.85,25690.0,25716.0,21260.0,26071.14285714286,26511.366666666665,332.76239199157794,538.6284935120937,-0.0010110437081972679,-0.00939907550077046,195,-159,281.0,60.0,2015,3,4,13
2015-03-14,25922,25922,25922,25922,0,0.05,25909.0,25690.0,19760.0,25981.14285714286,26452.1,263.022450608231,501.338026925453,0.008524717789022862,-0.0010110437081972679,0,0,195.0,-159.0,2015,3,5,14
2015-03-16,25797,25945,25967,25735,14550,-0.48,25922.0,25909.0,0.0,25902.428571428572,26389.033333333333,149.04569449592037,439.26925866640215,0.0005017561465128217,0.008524717789022862,232,148,0.0,0.0,2015,3,0,16
2015-03-17,25635,25741,25830,25551,20540,-0.63,25797.0,25922.0,14550.0,25865.14285714286,26326.166666666668,135.68889486848008,378.4430065353901,-0.004822158784044461,0.0005017561465128217,279,106,232.0,148.0,2015,3,1,17
2015-03-18,25653,25665,25700,25520,16400,0.07,25635.0,25797.0,20540.0,25804.14285714286,26281.733333333334,128.21522084876588,378.7404655302011,-0.00627979997674144,-0.004822158784044461,180,12,279.0,106.0,2015,3,2,18
2015-03-19,25970,25712,25992,25712,21330,1.24,25653.0,25635.0,16400.0,25760.285714285714,26232.866666666665,118.1266471295155,361.15415882547416,0.000702165008777067,-0.00627979997674144,280,-258,180.0,12.0,2015,3,3,19
2015-03-20,26195,25996,26249,25915,18360,0.87,25970.0,25653.0,21330.0,25796.571428571428,26198.0,139.35907713926477,332.2788608675982,0.012357229173975748,0.000702165008777067,334,-199,280.0,-258.0,2015,3,4,20
2015-03-23,26208,26195,26226,26089,11460,0.05,26195.0,25970.0,18360.0,25868.714285714286,26177.266666666666,194.71407609293203,311.05049300003225,0.008663842895648921,0.012357229173975748,137,-13,334.0,-199.0,2015,3,0,23
2015-03-24,26350,26180,26389,26140,14190,0.54,26208.0,26195.0,11460.0,25911.428571428572,26163.033333333333,233.88092208309092,298.91568218752553,0.0004962779156327812,0.008663842895648921,249,-170,137.0,-13.0,2015,3,1,24
2015-03-25,26491,26313,26519,26219,14890,0.54,26350.0,26208.0,14190.0,25972.571428571428,26151.566666666666,287.01501536987183,284.0746239180594,0.005418192918192899,0.0004962779156327812,300,-178,249.0,-170.0,2015,3,2,25
2015-03-26,26805,26519,26991,26519,16890,1.19,26491.0,26350.0,14890.0,26071.714285714286,26143.2,332.51652304116055,269.4027109919647,0.005351043643263775,0.005418192918192899,472,-286,300.0,-178.0,2015,3,3,26
2015-03-27,26564,26774,26774,26381,15740,-0.9,26805.0,26491.0,16890.0,26238.85714285714,26162.0,368.5183978093178,294.93237097415846,0.01185308217885317,0.005351043643263775,393,210,472.0,-286.0,2015,3,4,27
2015-03-30,26239,26468,26468,26200,10610,-1.22,26564.0,26805.0,15740.0,26369.0,26174.766666666666,276.51521959342114,303.9351885694317,-0.008990859914195126,0.01185308217885317,268,229,393.0,210.0,2015,3,0,30
2015-03-31,26061,26200,26310,26020,5280,-0.68,26239.0,26564.0,10610.0,26407.428571428572,26172.933333333334,225.8781804005912,303.3565028415469,-0.012234603222406215,-0.008990859914195126,290,139,268.0,229.0,2015,3,1,31
2015-04-01,26510,26122,26800,26060,1600,1.72,26061.0,26239.0,5280.0,26388.285714285714,26164.4,251.14651386929918,302.76423056647104,-0.006783795114143065,-0.012234603222406215,740,-388,290.0,139.0,2015,4,2,1
2015-04-02,26548,26601,26697,26460,7800,0.14,26510.0,26061.0,1600.0,26431.428571428572,26170.766666666666,240.73834838072838,308.0887336730341,0.017228809331951922,-0.006783795114143065,237,53,740.0,-388.0,2015,4,3,2
2015-04-06,26941,26625,27038,26625,13580,1.48,26548.0,26510.0,7800.0,26459.714285714286,26183.1,241.2078732035201,315.70013598703054,0.0014334213504338944,0.017228809331951922,413,-316,237.0,53.0,2015,4,0,6
2015-04-07,26829,26925,26928,26801,8930,-0.42,26941.0,26548.0,13580.0,26524.0,26211.9,302.98954877485664,343.8425210914187,0.014803375018833886,0.0014334213504338944,127,96,413.0,-316.0,2015,4,1,7
2015-04-08,26682,26842,26873,26615,11850,-0.55,26829.0,26941.0,8930.0,26527.428571428572,26234.8,306.8109391483247,361.45285379617223,-0.004157232470955008,0.014803375018833886,258,160,127.0,96.0,2015,4,2,8
2015-04-09,26452,26612,26612,26410,12460,-0.86,26682.0,26829.0,11850.0,26544.285714285714,26249.566666666666,312.3468767711556,370.5645909853076,-0.0054791457005478605,-0.004157232470955008,202,160,258.0,160.0,2015,4,3,9
2015-04-10,26703,26482,26750,26452,13550,0.95,26452.0,26682.0,12460.0,26574.714285714286,26257.766666666666,286.9957690083506,372.28508573084787,-0.008620043475001893,-0.0054791457005478605,298,-221,202.0,160.0,2015,4,4,10
2015-04-13,26616,26703,26730,26550,10390,-0.33,26703.0,26452.0,13550.0,26666.428571428572,26265.2,176.95277820482394,379.0403854383544,0.009488885528504465,-0.008620043475001893,180,87,298.0,-221.0,2015,4,0,13
2015-04-14,26454,26569,26569,26300,8700,-0.61,26616.0,26703.0,10390.0,26681.571428571428,26267.7,165.50010789846962,381.1635679303492,-0.00325806089203462,0.009488885528504465,269,115,180.0,87.0,2015,4,1,14
2015-04-15,26644,26450,26680,26388,12440,0.72,26454.0,26616.0,8700.0,26668.14285714286,26267.733333333334,181.21205678411522,381.18037483725743,-0.00608656447249778,-0.00325806089203462,292,-194,269.0,115.0,2015,4,2,15
2015-04-16,26533,26644,26740,26472,12930,-0.42,26644.0,26454.0,12440.0,26625.714285714286,26271.233333333334,135.7432801112438,384.22691601273584,0.007182278672412501,-0.00608656447249778,268,111,292.0,-194.0,2015,4,3,16
2015-04-17,26702,26530,26730,26520,11630,0.64,26533.0,26644.0,12930.0,26583.428571428572,26273.233333333334,104.33257264348792,385.46753370469725,-0.004166041134964771,0.007182278672412501,210,-172,268.0,111.0,2015,4,4,17
2015-04-20,26719,26699,26849,26670,11990,0.06,26702.0,26533.0,11630.0,26586.285714285714,26294.7,107.7013065319745,390.9608984771766,0.006369426751592355,-0.004166041134964771,179,-20,210.0,-172.0,2015,4,0,20
2015-04-21,26803,26745,26820,26632,14250,0.31,26719.0,26702.0,11990.0,26624.428571428572,26316.6,99.15788276484844,395.8472014511408,0.0006366564302300315,0.006369426751592355,188,-58,179.0,-20.0,2015,4,1,21
2015-04-22,26489,26778,26848,26459,16540,-1.17,26803.0,26719.0,14250.0,26638.714285714286,26344.7,117.8130076096273,399.56391314757275,0.003143830233167444,0.0006366564302300315,389,289,188.0,-58.0,2015,4,2,22
2015-04-23,26777,26515,26792,26461,12510,1.09,26489.0,26803.0,16540.0,26620.571428571428,26370.466666666667,130.9412809153055,382.16847100464577,-0.011715106517927065,0.003143830233167444,331,-262,389.0,289.0,2015,4,3,23
2015-04-24,26574,26734,26839,26521,12980,-0.76,26777.0,26489.0,12510.0,26666.714285714286,26406.7,118.80897032081283,366.64265699884834,0.010872437615613961,-0.011715106517927065,318,160,331.0,-262.0,2015,4,4,24
2015-04-27,26944,26624,26980,26588,12830,1.39,26574.0,26777.0,12980.0,26656.714285714286,26428.866666666665,123.8772433851034,355.44636661579295,-0.00758113306195618,0.010872437615613961,392,-320,318.0,160.0,2015,4,0,27
2015-04-28,27036,26969,27059,26833,9360,0.34,26944.0,26574.0,12830.0,26715.428571428572,26462.933333333334,150.09425610063957,354.1650631473397,0.013923383758561059,-0.00758113306195618,226,-67,392.0,-320.0,2015,4,1,28
2015-04-29,27096,26985,27140,26953,8630,0.22,27036.0,26944.0,9360.0,26763.14285714286,26504.233333333334,192.27534819608664,345.97794262314187,0.0034144893111638375,0.013923383758561059,187,-111,226.0,-67.0,2015,4,2,29
2015-04-30,26593,27056,27148,26500,10430,-1.86,27096.0,27036.0,8630.0,26817.0,26552.933333333334,227.4349723916302,321.3544539252571,0.002219263204616073,0.0034144893111638375,648,463,187.0,-111.0,2015,4,3,30
2015-05-01,26483,26572,26572,26300,2020,-0.41,26593.0,27096.0,10430.0,26787.0,26584.266666666666,242.91287875858416,272.729742866092,-0.018563625627398883,0.002219263204616073,272,89,648.0,463.0,2015,5,4,1
2015-05-04,26747,26580,27114,26580,390,1.0,26483.0,26593.0,2020.0,26786.14285714286,26601.366666666665,244.14710631896781,247.83357643652857,-0.004136426879253974,-0.018563625627398883,534,-167,272.0,89.0,2015,5,0,4
2015-05-05,26852,26734,27060,26640,190,0.39,26747.0,26483.0,390.0,26781.85714285714,26619.766666666666,244.5972394037298,236.87195483769221,0.009968659139825586,-0.004136426879253974,420,-118,534.0,-167.0,2015,5,1,5
2015-05-06,26928,26950,27070,26835,14940,0.28,26852.0,26747.0,190.0,26821.571428571428,26641.233333333334,227.1716363921059,227.25478384784708,0.003925673907354099,0.009968659139825586,235,22,420.0,-118.0,2015,5,2,6
2015-05-07,26951,26904,27050,26862,15860,0.09,26928.0,26852.0,14940.0,26819.285714285714,26660.5,225.8109196400526,226.21164182391874,0.0028303292119766787,0.003925673907354099,188,-47,235.0,22.0,2015,5,3,7
2015-05-08,26903,26960,27019,26825,16350,-0.18,26951.0,26928.0,15860.0,26807.14285714286,26675.833333333332,214.20195188324374,229.8864912314225,0.0008541295306001562,0.0028303292119766787,194,57,188.0,-47.0,2015,5,4,8
2015-05-11,26853,26898,26969,26786,14010,-0.19,26903.0,26951.0,16350.0,26779.571428571428,26679.1,180.61179099863637,232.46703140397165,-0.0017810099810767754,0.0008541295306001562,183,45,194.0,57.0,2015,5,0,11
2015-05-12,27180,26899,27225,26892,17500,1.22,26853.0,26903.0,14010.0,26816.714285714286,26688.733333333334,161.5804384675106,233.51850452189504,-0.0018585287886109247,-0.0017810099810767754,333,-281,183.0,45.0,2015,5,1,12
2015-05-13,27539,27131,27569,27063,21700,1.32,27180.0,26853.0,17500.0,26916.285714285714,26720.1,134.07673708993264,234.22378777301375,0.012177410345212802,-0.0018585287886109247,506,-408,333.0,-281.0,2015,5,2,13
2015-05-14,27444,27465,27599,27370,19020,-0.34,27539.0,27180.0,21700.0,27029.428571428572,26769.366666666665,250.78733164654452,245.95562864972499,0.013208241353936723,0.012177410345212802,229,21,506.0,-408.0,2015,5,3,14
2015-05-15,27473,27417,27500,27260,15940,0.11,27444.0,27539.0,19020.0,27114.0,26800.5,279.1916904209469,269.93687001448086,-0.0034496532190710916,0.013208241353936723,240,-56,229.0,21.0,2015,5,4,15
2015-05-18,27629,27518,27695,27513,13940,0.57,27473.0,27444.0,15940.0,27191.85714285714,26831.333333333332,294.2620309473284,292.02566412193323,0.0010566972744496805,-0.0034496532190710916,182,-111,240.0,-56.0,2015,5,0,18
2015-05-19,27309,27565,27599,27266,17570,-1.16,27629.0,27473.0,13940.0,27288.714285714286,26854.266666666666,312.77079695628913,325.97640419524436,0.0056783023331998805,0.0010566972744496805,333,256,182.0,-111.0,2015,5,1,19
2015-05-20,27299,27280,27370,27205,11460,-0.04,27309.0,27629.0,17570.0,27346.714285714286,26870.266666666666,263.00869078543894,336.30968213680177,-0.011582033370733602,0.0056783023331998805,165,-19,333.0,256.0,2015,5,2,20
2015-05-21,27130,27280,27339,27108,12950,-0.62,27299.0,27309.0,11460.0,27410.428571428572,26890.833333333332,155.53548056434957,343.1949363960964,-0.0003661796477352208,-0.011582033370733602,231,150,165.0,-19.0,2015,5,3,21
2015-05-22,27105,27144,27327,27071,13440,-0.09,27130.0,27299.0,12950.0,27403.285714285714,26913.433333333334,168.49007318534322,335.5388546630757,-0.006190702956152205,-0.0003661796477352208,256,39,231.0,150.0,2015,5,4,22
2015-05-25,27180,27112,27197,27101,6980,0.28,27105.0,27130.0,13440.0,27341.285714285714,26926.833333333332,188.84801145013546,334.8716772585984,-0.0009214891264283098,-0.006190702956152205,96,-68,256.0,39.0,2015,5,0,25
2015-05-26,26917,27154,27227,26884,14640,-0.97,27180.0,27105.0,6980.0,27303.571428571428,26945.633333333335,191.26234787428936,332.6437965788618,0.0027670171555063128,-0.0009214891264283098,343,237,96.0,-68.0,2015,5,1,26
2015-05-27,26900,26929,26994,26856,9900,-0.06,26917.0,27180.0,14640.0,27224.14285714286,26961.066666666666,222.13241439265707,319.52960397464125,-0.009676232523914696,0.0027670171555063128,138,29,343.0,237.0,2015,5,2,27
2015-05-28,26899,26877,26950,26760,11250,0.0,26900.0,26917.0,9900.0,27120.0,26969.6,163.95934455458976,314.1430159702059,-0.0006315711260541645,-0.009676232523914696,190,-22,138.0,29.0,2015,5,3,28
2015-05-29,26866,26900,26949,26820,8560,-0.12,26899.0,26900.0,11250.0,27061.428571428572,26981.8,158.32546346389776,303.5303086611937,-3.7174721189581206e-05,-0.0006315711260541645,129,34,190.0,-22.0,2015,5,4,29
2015-06-01,26690,26926,27014,26133,4370,-0.66,26866.0,26899.0,8560.0,26999.571428571428,26987.266666666666,132.52025900867508,299.7708243417525,-0.001226811405628414,-3.7174721189581206e-05,881,236,129.0,34.0,2015,6,0,1
2015-06-02,26856,26743,26929,26730,820,0.62,26690.0,26866.0,4370.0,26936.714285714286,26986.3,161.52163352116835,300.7110137544027,-0.006551031042953959,-0.001226811405628414,199,-113,881.0,236.0,2015,6,1,2
2015-06-03,26806,26908,27000,26775,180,-0.19,26856.0,26690.0,820.0,26901.14285714286,26988.066666666666,144.8406349196201,299.75115349750615,0.006219557886848914,-0.006551031042953959,225,102,199.0,-113.0,2015,6,2,3
2015-06-04,26564,26840,26869,26454,40,-0.9,26806.0,26856.0,180.0,26847.714285714286,26998.633333333335,78.72042150557336,286.8619135949569,-0.0018617813523980065,0.006219557886848914,415,276,225.0,102.0,2015,6,3,4
2015-06-05,26439,26599,26613,26371,260,-0.47,26564.0,26806.0,40.0,26797.285714285714,26991.533333333333,125.87919378786567,295.05554513131995,-0.009027829590390168,-0.0018617813523980065,242,160,415.0,276.0,2015,6,4,5
2015-06-08,26693,26691,26749,26621,8060,0.96,26439.0,26564.0,260.0,26731.428571428572,26987.033333333333,174.41889915105438,302.57669114306475,-0.004705616624002373,-0.009027829590390168,128,-2,242.0,160.0,2015,6,0,8
2015-06-09,26754,26715,26817,26665,11230,0.23,26693.0,26439.0,8060.0,26702.0,26978.666666666668,158.04324302791562,307.2419391871821,0.00960701993267521,-0.004705616624002373,152,-39,128.0,-2.0,2015,6,1,9
2015-06-10,26850,26750,26958,26730,10570,0.36,26754.0,26693.0,11230.0,26686.0,26969.266666666666,143.69063991824424,309.7311329407205,0.0022852433222193547,0.00960701993267521,228,-100,152.0,-39.0,2015,6,2,10
2015-06-11,26772,26864,26864,26681,9480,-0.29,26850.0,26754.0,10570.0,26708.85714285714,26961.066666666666,156.58057411629983,309.5165232439438,0.003588248486207757,0.0022852433222193547,183,92,228.0,-100.0,2015,6,3,11
2015-06-12,26773,26770,26860,26725,9190,0.0,26772.0,26850.0,9480.0,26696.85714285714,26967.033333333333,146.30610442011795,303.84994973526284,-0.0029050279329608797,0.003588248486207757,135,-3,183.0,92.0,2015,6,4,12
2015-06-15,26915,26795,26997,26625,14250,0.53,26773.0,26772.0,9190.0,26692.14285714286,26976.7,142.69014048136125,292.31397267456725,3.7352457791683946e-05,-0.0029050279329608797,372,-120,135.0,-3.0,2015,6,0,15
2015-06-16,26831,26938,26958,26760,9780,-0.31,26915.0,26773.0,14250.0,26742.285714285714,26982.3,151.55165707446972,289.3560210132999,0.005303850894557982,3.7352457791683946e-05,198,107,372.0,-120.0,2015,6,1,16
2015-06-17,26763,26828,26828,26690,8430,-0.25,26831.0,26915.0,9780.0,26798.285714285714,26981.6,72.73631437378764,289.7072958029826,-0.003120936280884279,0.005303850894557982,138,65,198.0,107.0,2015,6,2,17
2015-06-18,27031,26760,27120,26760,15630,1.0,26763.0,26831.0,8430.0,26808.285714285714,26976.1,59.446654758829496,292.3144681262973,-0.0025343818717155076,-0.003120936280884279,360,-271,138.0,65.0,2015,6,3,18
2015-06-19,26959,27020,27061,26901,7990,-0.27,27031.0,26763.0,15630.0,26847.85714285714,26978.766666666666,97.37971823700737,292.4424710104066,0.010013825056981673,-0.0025343818717155076,160,61,360.0,-271.0,2015,6,4,19
2015-06-22,26589,26941,26941,26570,11550,-1.37,26959.0,27031.0,7990.0,26863.428571428572,26980.633333333335,106.1034984393133,292.1207217779178,-0.0026636084495579304,0.010013825056981673,371,352,160.0,61.0,2015,6,0,22
2015-06-23,26478,26650,26676,26461,9710,-0.42,26589.0,26959.0,11550.0,26837.285714285714,26971.833333333332,147.03481932980256,299.96920340028936,-0.013724544678956896,-0.0026636084495579304,215,172,371.0,352.0,2015,6,1,23
2015-06-24,26418,26510,26559,26361,9930,-0.23,26478.0,26589.0,9710.0,26795.14285714286,26948.433333333334,200.92986220052006,310.3710441674154,-0.004174658693444688,-0.013724544678956896,198,92,215.0,172.0,2015,6,2,24
2015-06-25,26365,26470,26494,26342,7830,-0.2,26418.0,26478.0,9930.0,26724.14285714286,26911.066666666666,236.2275940498659,304.2388958486899,-0.0022660321776569736,-0.004174658693444688,152,105,198.0,92.0,2015,6,3,25
2015-06-26,26399,26383,26468,26292,9710,0.13,26365.0,26418.0,7830.0,26657.571428571428,26875.1,265.0043126335856,302.83947608587704,-0.0020062078885608736,-0.0022660321776569736,176,-16,152.0,105.0,2015,6,4,26
2015-06-29,26508,26482,26716,26461,8860,0.41,26399.0,26365.0,9710.0,26605.571428571428,26839.3,276.3390774291619,293.04455939875885,0.001289588469561842,-0.0020062078885608736,255,-26,176.0,-16.0,2015,6,0,29
2015-06-30,26301,26452,26470,26211,7760,-0.78,26508.0,26399.0,8860.0,26530.85714285714,26801.933333333334,203.15628513681915,258.285051476473,0.004128944278192437,0.001289588469561842,259,151,255.0,-26.0,2015,6,1,30
2015-07-01,26182,26275,26380,26160,1790,-0.45,26301.0,26508.0,7760.0,26436.85714285714,26768.333333333332,96.01289595983768,255.59751946006486,-0.007808963331824348,0.004128944278192437,220,93,259.0,151.0,2015,7,2,1
2015-07-02,26024,26164,26246,25985,470,-0.6,26182.0,26301.0,1790.0,26378.714285714286,26731.1,110.64314150467888,256.9826708234754,-0.004524542793049702,-0.007808963331824348,261,140,220.0,93.0,2015,7,3,2
2015-07-03,26393,26010,26800,26005,270,1.42,26024.0,26182.0,470.0,26313.85714285714,26694.233333333334,163.28444360664056,276.3841259146279,-0.006034680314719987,-0.004524542793049702,795,-383,261.0,140.0,2015,7,4,3
2015-07-06,26335,26393,26397,26205,11600,-0.22,26393.0,26024.0,270.0,26310.285714285714,26670.5,160.88268426203854,270.4001823609097,0.014179219182293368,-0.006034680314719987,192,58,795.0,-383.0,2015,7,0,6
2015-07-07,26032,26271,26288,25886,19000,-1.15,26335.0,26393.0,11600.0,26306.0,26642.333333333332,159.57652291859046,259.27888504467734,-0.0021975523813132503,0.014179219182293368,402,239,192.0,58.0,2015,7,1,7
2015-07-08,26222,26011,26250,25870,17350,0.73,26032.0,26335.0,19000.0,26253.571428571428,26612.833333333332,182.56218770893912,276.71086407833565,-0.011505600911334679,-0.0021975523813132503,380,-211,402.0,239.0,2015,7,2,8
2015-07-09,26071,26130,26250,26050,14660,-0.58,26222.0,26032.0,17350.0,26212.714285714286,26590.233333333334,144.0783517003634,280.11459272519477,0.007298709280885163,-0.011505600911334679,200,59,380.0,-211.0,2015,7,3,9
2015-07-10,26071,26080,26175,26030,12140,0.0,26071.0,26222.0,14660.0,26179.85714285714,26562.633333333335,146.78945076968418,289.28419189145774,-0.005758523377316749,0.007298709280885163,145,9,200.0,59.0,2015,7,4,10
2015-07-13,26033,26122,26125,25952,12040,-0.15,26071.0,26071.0,12140.0,26164.0,26536.133333333335,152.40734890458177,296.850099560924,0.0,-0.005758523377316749,173,89,145.0,9.0,2015,7,0,13
2015-07-14,25934,26026,26095,25911,11830,-0.38,26033.0,26071.0,12040.0,26165.285714285714,26514.233333333334,151.06148228021036,309.0898411226005,-0.001457558206436227,0.0,184,92,173.0,89.0,2015,7,1,14
2015-07-15,25852,25987,25987,25774,14060,-0.32,25934.0,26033.0,11830.0,26099.714285714286,26483.5,134.44914067667185,319.59508325617077,-0.003802865593669602,-0.001457558206436227,213,135,184.0,92.0,2015,7,2,15
2015-07-16,25774,25824,25824,25720,10570,-0.3,25852.0,25934.0,14060.0,26030.714285714286,26451.7,116.28659178381929,333.55650402810676,-0.0031618724454384184,-0.003802865593669602,104,50,213.0,135.0,2015,7,3,16
2015-07-17,25505,25780,25780,25482,13120,-1.04,25774.0,25852.0,10570.0,25993.85714285714,26425.366666666665,151.3973013539824,354.88711010641754,-0.003017174686678059,-0.0031618724454384184,298,275,104.0,50.0,2015,7,4,17
2015-07-20,25042,25480,25480,24910,23100,-1.82,25505.0,25774.0,13120.0,25891.428571428572,26394.233333333334,204.53920336799166,392.61332063542727,-0.010436874369519678,-0.003017174686678059,570,438,298.0,275.0,2015,7,0,20
2015-07-21,24908,24997,25065,24881,14620,-0.54,25042.0,25505.0,23100.0,25744.428571428572,26339.2,362.6379540456494,459.33327994944705,-0.018153303273867882,-0.010436874369519678,184,89,570.0,438.0,2015,7,1,21
2015-07-22,24688,24850,24850,24591,20050,-0.88,24908.0,25042.0,14620.0,25578.285714285714,26277.666666666668,445.1174804798197,521.3149377947777,-0.005351010302691472,-0.018153303273867882,259,162,184.0,89.0,2015,7,2,22
2015-07-23,24742,24786,24919,24716,18270,0.22,24688.0,24908.0,20050.0,25386.14285714286,26205.6,502.6909019042186,585.0132683436284,-0.008832503613296905,-0.005351010302691472,203,44,259.0,162.0,2015,7,3,23
2015-07-24,24729,24701,24829,24470,19480,-0.05,24742.0,24688.0,18270.0,25215.85714285714,26137.933333333334,487.84916677590576,632.6988679233064,0.0021872974724561622,-0.008832503613296905,359,-28,203.0,44.0,2015,7,4,24
2015-07-27,24910,24694,25034,24671,21500,0.73,24729.0,24742.0,19480.0,25055.428571428572,26069.8,424.2977952426303,670.8575777729188,-0.0005254223587422002,0.0021872974724561622,363,-216,359.0,-28.0,2015,7,0,27
2015-07-28,24768,24837,24870,24714,14790,-0.57,24910.0,24729.0,21500.0,24932.0,26002.966666666667,282.35143586224706,683.5056432598033,0.007319341663633683,-0.0005254223587422002,156,69,363.0,-216.0,2015,7,1,28
2015-07-29,24729,24784,24849,24705,14890,-0.16,24768.0,24910.0,14790.0,24826.714285714286,25934.2,128.6503197121751,700.8826159775243,-0.005700521878763576,0.007319341663633683,144,55,156.0,69.0,2015,7,2,29
2015-07-30,24739,24702,24824,24581,17050,0.04,24729.0,24768.0,14890.0,24782.0,25866.4,89.91662805143771,716.1571104839674,-0.0015746124031007502,-0.005700521878763576,243,-37,144.0,55.0,2015,7,3,30
2015-07-31,24789,24680,24919,24551,15360,0.2,24739.0,24729.0,17050.0,24757.85714285714,25790.0,71.18386655193463,709.8610354536818,0.00040438351732774436,-0.0015746124031007502,368,-109,243.0,-37.0,2015,7,4,31
2015-08-03,24696,24823,24886,24666,2830,-0.38,24789.0,24739.0,15360.0,24772.285714285714,25717.666666666668,64.59544433404044,697.078995836906,0.0020211002869963135,0.00040438351732774436,220,127,368.0,-109.0,2015,8,0,3
2015-08-04,24638,24670,24704,24540,290,-0.23,24696.0,24789.0,2830.0,24765.714285714286,25654.566666666666,70.27971325623623,701.1514511654937,-0.003751664044535863,0.0020211002869963135,164,32,220.0,127.0,2015,8,1,4
2015-08-05,24545,24614,24635,24500,100,-0.38,24638.0,24696.0,290.0,24752.714285714286,25593.233333333334,85.06412147342435,707.0896974430499,-0.002348558471007456,-0.003751664044535863,135,69,164.0,32.0,2015,8,2,5
2015-08-06,24692,24583,24745,24530,10620,0.6,24545.0,24638.0,100.0,24700.571428571428,25530.8,84.44891383410308,714.4063076527374,-0.0037746570338501595,-0.002348558471007456,215,-109,135.0,69.0,2015,8,3,6
2015-08-07,24796,24682,24872,24615,19130,0.42,24692.0,24545.0,10620.0,24689.714285714286,25475.033333333333,79.0479059097211,712.3374095593332,0.005988999796292527,-0.0037746570338501595,257,-114,215.0,-109.0,2015,8,4,7
2015-08-10,25026,24800,25096,24774,14670,0.93,24796.0,24692.0,19130.0,24699.285714285714,25421.6,88.13193572921672,700.6654767755172,0.004211890490847248,0.005988999796292527,322,-226,257.0,-114.0,2015,8,0,10
2015-08-11,25323,25045,25430,25002,20870,1.19,25026.0,24796.0,14670.0,24740.285714285714,25372.2,152.75330251327546,673.130996115373,0.00927568962735914,0.004211890490847248,428,-278,322.0,-226.0,2015,8,1,11
2015-08-12,25898,25400,25923,25400,23190,2.27,25323.0,25026.0,20870.0,24816.571428571428,25339.6,269.70592450746574,649.8785881305735,0.01186765763605857,0.00927568962735914,523,-498,428.0,-278.0,2015,8,2,12
2015-08-13,25763,25785,25859,25700,14690,-0.52,25898.0,25323.0,23190.0,24988.285714285714,25330.133333333335,480.45073083724867,639.1645265143135,0.02270663033605813,0.01186765763605857,159,22,523.0,-498.0,2015,8,3,13
2015-08-14,25636,25706,25832,25605,13490,-0.49,25763.0,25898.0,14690.0,25149.0,25321.433333333334,529.4141416069992,631.1199505278433,-0.005212757741910545,0.02270663033605813,227,70,159.0,22.0,2015,8,4,14
2015-08-17,25924,25710,25999,25710,13380,1.12,25636.0,25763.0,13490.0,25304.85714285714,25296.2,480.27576403973677,601.2244632187386,-0.00492955013003149,-0.005212757741910545,289,-214,227.0,70.0,2015,8,0,17
2015-08-18,25890,25920,25971,25732,15150,-0.13,25924.0,25636.0,13380.0,25480.85714285714,25282.5,442.5119315046242,581.0825657994824,0.01123420190357316,-0.00492955013003149,239,30,289.0,-214.0,2015,8,1,18
2015-08-19,26084,25870,26115,25801,15890,0.75,25890.0,25924.0,15150.0,25637.14285714286,25277.766666666666,342.12396806414097,575.3165655315,-0.0013115259990742478,0.01123420190357316,314,-214,239.0,30.0,2015,8,2,19
2015-08-20,26723,26145,26746,26145,21390,2.45,26084.0,25890.0,15890.0,25788.285714285714,25273.166666666668,247.84720715671128,568.0118432068447,0.007493240633449139,-0.0013115259990742478,601,-578,314.0,-214.0,2015,8,3,20
2015-08-21,27090,26780,27177,26676,27330,1.37,26723.0,26084.0,21390.0,25988.285714285714,25294.9,352.554825186167,610.4773344378281,0.024497776414660333,0.007493240633449139,501,-310,601.0,-578.0,2015,8,4,21
2015-08-24,27290,27100,27689,27070,27660,0.74,27090.0,26723.0,27330.0,26158.571428571428,25328.866666666665,539.8165914281412,679.5849510895385,0.013733488006586025,0.024497776414660333,619,-190,501.0,-310.0,2015,8,0,24
2015-08-25,26595,27250,27250,26533,23410,-2.55,27290.0,27090.0,27660.0,26376.714285714286,25370.766666666666,650.5076771994181,758.6468754364157,0.007382798080472597,0.013733488006586025,717,655,619.0,-190.0,2015,8,1,25
2015-08-26,26341,26602,26694,26075,20090,-0.96,26595.0,27290.0,23410.0,26513.714285714286,25392.8,563.7034428036745,784.7195589553863,-0.025467204104067442,0.007382798080472597,619,261,717.0,655.0,2015,8,2,26
2015-08-27,26197,26271,26360,26102,13820,-0.55,26341.0,26595.0,20090.0,26573.285714285714,25409.1,510.5218618518853,799.5258659637384,-0.009550667418687708,-0.025467204104067442,258,74,619.0,261.0,2015,8,3,27
2015-08-28,26490,26220,26600,26220,11900,1.12,26197.0,26341.0,13820.0,26617.14285714286,25423.2,451.8559610362063,809.8462348731198,-0.005466762841198181,-0.009550667418687708,380,-270,258.0,74.0,2015,8,4,28
2015-08-31,26540,26490,26600,26363,6820,0.19,26490.0,26197.0,11900.0,26675.14285714286,25456.033333333333,394.42338866242955,832.9156716572145,0.011184486773294644,-0.005466762841198181,237,-50,380.0,-270.0,2015,8,0,31
2015-09-01,26623,26636,26847,26530,2330,0.31,26540.0,26490.0,6820.0,26649.0,25505.966666666667,396.78037585900205,851.9241298312525,0.0018875047187618677,0.011184486773294644,317,13,237.0,-50.0,2015,9,1,1
2015-09-02,26417,26594,26639,26200,630,-0.77,26623.0,26540.0,2330.0,26582.285714285714,25563.133333333335,346.32533562444115,867.8078896469885,0.0031273549359458475,0.0018875047187618677,439,177,317.0,13.0,2015,9,2,2
2015-09-03,26196,26432,26474,26130,250,-0.84,26417.0,26623.0,630.0,26457.571428571428,25620.766666666666,151.2347591696264,865.0933249770003,-0.007737670435337907,0.0031273549359458475,344,236,439.0,177.0,2015,9,3,3
2015-09-04,26256,26325,26490,26001,250,0.23,26196.0,26417.0,250.0,26400.571428571428,25669.233333333334,165.33890159637033,854.8320941539456,-0.008365825036908081,-0.007737670435337907,489,69,344.0,236.0,2015,9,4,4
2015-09-07,26506,26595,26620,26465,9330,0.95,26256.0,26196.0,250.0,26388.428571428572,25720.133333333335,173.36941016538657,842.286122789573,0.0022904260192395665,-0.008365825036908081,155,89,489.0,69.0,2015,9,0,7
2015-09-08,26436,26500,26567,26391,14030,-0.26,26506.0,26256.0,9330.0,26432.571428571428,25773.333333333332,154.85461691888545,839.7514958086429,0.009521633150517905,0.0022904260192395665,176,64,155.0,89.0,2015,9,1,8
2015-09-09,26069,26450,26486,26010,16520,-1.39,26436.0,26506.0,14030.0,26424.85714285714,25828.933333333334,152.8489761953012,825.9996214967954,-0.0026409114917377297,0.009521633150517905,476,381,176.0,64.0,2015,9,2,9
2015-09-10,26179,26150,26299,26062,16920,0.42,26069.0,26436.0,16520.0,26357.571428571428,25873.6,192.2939218516625,800.2997541870961,-0.013882584354667826,-0.0026409114917377297,237,-29,476.0,381.0,2015,9,3,10
2015-09-11,25981,26190,26209,25918,15490,-0.76,26179.0,26069.0,16920.0,26294.14285714286,25921.6,160.79741765323638,772.6073901475083,0.004219571138133427,-0.013882584354667826,291,209,237.0,-29.0,2015,9,4,11
2015-09-14,26078,26045,26128,25970,12160,0.37,25981.0,26179.0,15490.0,26231.85714285714,25961.333333333332,187.50238093763477,742.4128107794155,-0.007563314106726726,0.004219571138133427,158,-33,291.0,209.0,2015,9,0,14
2015-09-15,25982,26089,26095,25956,12790,-0.37,26078.0,25981.0,12160.0,26215.0,26007.4,196.35851564626773,703.0231565324739,0.00373349755590624,-0.007563314106726726,139,107,158.0,-33.0,2015,9,1,15
2015-09-16,26285,25994,26367,25967,20080,1.17,25982.0,26078.0,12790.0,26175.85714285714,26052.2,213.39433651641642,653.8528464630072,-0.003681263900605858,0.00373349755590624,400,-291,139.0,107.0,2015,9,2,16
2015-09-17,26176,26212,26273,26113,7410,-0.41,26285.0,25982.0,20080.0,26144.285714285714,26110.2,167.91040694978784,589.558771309335,0.011661919790624253,-0.003681263900605858,160,36,400.0,-291.0,2015,9,3,17
2015-09-18,26476,26300,26591,26300,23100,1.15,26176.0,26285.0,7410.0,26107.14285714286,26159.666666666668,112.11218870970883,525.2072387908836,-0.004146851816625441,0.011661919790624253,291,-176,160.0,36.0,2015,9,4,18
2015-09-21,26345,26488,26550,26281,17900,-0.49,26476.0,26176.0,23100.0,26165.285714285714,26215.666666666668,176.2344218043411,460.35356227472624,0.011460880195599099,-0.004146851816625441,269,143,291.0,-176.0,2015,9,0,21
2015-09-22,26242,26320,26470,26180,22310,-0.39,26345.0,26476.0,17900.0,26189.0,26259.633333333335,189.08728143410167,402.1178831564195,-0.004947877322858396,0.011460880195599099,290,78,269.0,143.0,2015,9,1,22
2015-09-23,26476,26240,26509,26210,16309,0.89,26242.0,26345.0,22310.0,26226.285714285714,26290.266666666666,165.49794992298496,361.23074422713194,-0.003909660277092386,-0.004947877322858396,299,-236,290.0,78.0,2015,9,2,23
2015-09-24,26965,26510,27078,26462,28450,1.85,26476.0,26242.0,16309.0,26283.14285714286,26309.533333333333,174.2014433272073,354.94678895389313,0.00891700327718925,-0.003909660277092386,616,-455,299.0,-236.0,2015,9,3,24
2015-09-25,26744,26900,26900,26634,10770,-0.82,26965.0,26476.0,28450.0,26423.571428571428,26349.6,264.03210483024793,358.9451595806499,0.01846955733494493,0.00891700327718925,266,156,616.0,-455.0,2015,9,4,25
2015-09-28,26508,26746,26746,26361,16510,-0.88,26744.0,26965.0,10770.0,26489.14285714286,26386.533333333333,280.372626202965,339.4626314649205,-0.008195809382532948,0.01846955733494493,385,238,266.0,156.0,2015,9,0,28
2015-09-29,26253,26574,26590,26228,18830,-0.96,26508.0,26744.0,16510.0,26536.571428571428,26406.0,244.33710125103082,328.5947089634711,-0.008824409213281537,-0.008195809382532948,362,321,385.0,238.0,2015,9,1,29
2015-09-30,25803,26211,26371,25737,22290,-1.71,26253.0,26508.0,18830.0,26504.714285714286,26418.1,267.03415155252355,315.3553387138692,-0.009619737437754683,-0.008824409213281537,634,408,362.0,321.0,2015,9,2,30
2015-10-01,25782,25780,25863,25680,6120,-0.08,25803.0,26253.0,22290.0,26427.285714285714,26408.733333333334,376.99943160263626,329.4778453475741,-0.017140898183064746,-0.009619737437754683,183,-2,634.0,408.0,2015,10,3,1
2015-10-05,26094,26159,26263,25960,1350,1.21,25782.0,25803.0,6120.0,26361.571428571428,26377.366666666665,448.07099777575365,343.0406111814013,-0.0008138588536216185,-0.017140898183064746,303,65,183.0,-2.0,2015,10,0,5
2015-10-06,26512,26300,26621,26272,16740,1.6,26094.0,25782.0,1350.0,26307.0,26344.166666666668,455.0201460742969,319.0509723988892,0.012101466139166961,-0.0008138588536216185,349,-212,303.0,65.0,2015,10,1,6
2015-10-07,26449,26555,26675,26320,18410,-0.24,26512.0,26094.0,16740.0,26242.285714285714,26318.233333333334,370.1363326695275,266.8722648521178,0.016019008201119123,0.012101466139166961,355,106,349.0,-212.0,2015,10,2,7
2015-10-08,26351,26400,26499,26240,15300,-0.37,26449.0,26512.0,18410.0,26200.14285714286,26313.366666666665,316.3823786558798,262.95357966311093,-0.002376282438141253,0.016019008201119123,259,49,355.0,106.0,2015,10,3,8
2015-10-09,26515,26311,26595,26263,16340,0.62,26351.0,26449.0,15300.0,26177.714285714286,26313.7,295.81735033978015,262.99615180120355,-0.0037052440545956022,-0.002376282438141253,332,-204,259.0,49.0,2015,10,4,9
2015-10-12,26678,26626,26820,26527,16370,0.61,26515.0,26351.0,16340.0,26215.14285714286,26324.3,322.3183874017826,264.5343534176668,0.006223672725892859,-0.0037052440545956022,293,-52,332.0,-204.0,2015,10,0,12
2015-10-13,26872,26640,26916,26503,20360,0.73,26678.0,26515.0,16370.0,26340.14285714286,26330.566666666666,305.05050323503775,270.74885720595853,0.006147463699792466,0.006223672725892859,413,-232,293.0,-52.0,2015,10,1,13
2015-10-14,27088,26920,27164,26756,21560,0.8,26872.0,26678.0,20360.0,26495.85714285714,26341.633333333335,244.93361588522902,285.9621970839685,0.007271909438488544,0.006147463699792466,408,-168,413.0,-232.0,2015,10,2,14
2015-10-15,27142,27130,27228,26940,20300,0.2,27088.0,26872.0,21560.0,26637.85714285714,26357.133333333335,260.7523912142385,313.0575284067194,0.008038106579339122,0.007271909438488544,288,-12,408.0,-168.0,2015,10,3,15
2015-10-16,27029,27102,27102,26942,13690,-0.42,27142.0,27088.0,20300.0,26727.85714285714,26381.3,313.4673978645011,344.2661510500113,0.0019935026580035764,0.008038106579339122,160,73,288.0,-12.0,2015,10,4,16
2015-10-19,26882,26950,26950,26803,11290,-0.54,27029.0,27142.0,13690.0,26810.714285714286,26409.066666666666,303.9844920858656,361.9442644591561,-0.0041632893670326965,0.0019935026580035764,147,68,160.0,73.0,2015,10,0,19
2015-10-20,26993,26821,27058,26756,15060,0.41,26882.0,27029.0,11290.0,26886.571428571428,26429.933333333334,226.53318899096126,370.7531880334238,-0.005438602981982288,-0.0041632893670326965,302,-172,147.0,68.0,2015,10,1,20
2015-10-21,26821,27036,27080,26801,12720,-0.64,26993.0,26882.0,15060.0,26954.85714285714,26446.166666666668,157.33449353930683,384.6015478061385,0.00412915705676653,-0.005438602981982288,279,215,302.0,-172.0,2015,10,2,21
2015-10-22,26737,26850,26877,26715,6530,-0.31,26821.0,26993.0,12720.0,26975.285714285714,26459.0,120.32693559090727,390.62672896190105,-0.006372022376171627,0.00412915705676653,162,113,279.0,215.0,2015,10,3,22
2015-10-23,26676,26759,26965,26602,16270,-0.23,26737.0,26821.0,6530.0,26956.0,26481.266666666666,147.41099009275862,386.64774428552215,-0.003131874277618296,-0.006372022376171627,363,83,162.0,113.0,2015,10,4,23
2015-10-26,26689,26750,26790,26642,8550,0.05,26676.0,26737.0,16270.0,26897.14285714286,26497.833333333332,166.8866167710039,383.88756286144826,-0.002281482589669759,-0.003131874277618296,148,61,363.0,83.0,2015,10,0,26
2015-10-27,26790,26678,26820,26650,8790,0.38,26689.0,26676.0,8550.0,26832.428571428572,26521.433333333334,142.10308129810755,372.61607155592486,0.0004873294346978696,-0.002281482589669759,170,-112,148.0,61.0,2015,10,1,27
2015-10-28,26930,26824,27033,26797,12540,0.52,26790.0,26689.0,8790.0,26798.285714285714,26545.166666666668,112.66427160093758,366.01470512532103,0.003784330623103127,0.0004873294346978696,236,-106,170.0,-112.0,2015,10,2,28
2015-10-29,26470,26800,26800,26450,12520,-1.71,26930.0,26790.0,12540.0,26805.14285714286,26576.766666666666,119.84076737046135,356.51664209698805,0.005225830533781339,0.003784330623103127,350,330,236.0,-106.0,2015,10,3,29
2015-10-30,26355,26464,26464,26281,8800,-0.43,26470.0,26930.0,12520.0,26730.428571428572,26582.933333333334,143.8319124803415,352.87732882059703,-0.017081321945785377,0.005225830533781339,183,109,350.0,330.0,2015,10,4,30
2015-11-02,26228,26450,26450,26181,3900,-0.48,26355.0,26470.0,8800.0,26663.85714285714,26588.9,194.01325433402303,347.22747686468057,-0.00434454098979975,-0.017081321945785377,269,222,183.0,109.0,2015,11,0,2
2015-11-03,25863,26240,26310,25833,1250,-1.39,26228.0,26355.0,3900.0,26591.14285714286,26580.633333333335,249.485088780767,352.91363438310367,-0.004818819958262166,-0.00434454098979975,477,377,269.0,222.0,2015,11,1,3
2015-11-04,25646,25950,25993,25126,1190,-0.84,25863.0,26228.0,1250.0,26475.0,26564.566666666666,365.6099925696883,374.33266445545416,-0.01391642519444869,-0.004818819958262166,867,304,477.0,377.0,2015,11,2,4
2015-11-05,25791,25661,25917,25661,270,0.57,25646.0,25863.0,1190.0,26326.0,26544.7,463.33249400419214,406.47764921395714,-0.00839036461354059,-0.01391642519444869,256,-130,867.0,304.0,2015,11,3,5
2015-11-06,25538,25834,25918,25485,17490,-0.98,25791.0,25646.0,270.0,26183.285714285714,26521.866666666665,450.262780416858,429.0808727995927,0.00565390314279024,-0.00839036461354059,433,296,256.0,-130.0,2015,11,4,6
2015-11-09,25699,25619,25780,25619,13210,0.63,25538.0,25791.0,17490.0,25984.428571428572,26474.3,364.7880010560095,456.483949938975,-0.009809623512077814,0.00565390314279024,161,-80,433.0,296.0,2015,11,0,9
2015-11-10,25604,25710,25750,25510,11940,-0.37,25699.0,25538.0,13210.0,25874.285714285714,26439.466666666667,305.2844107201154,474.7014112947467,0.006304330801158997,-0.009809623512077814,240,106,161.0,-80.0,2015,11,1,10
2015-11-11,25490,25523,25548,25477,2700,-0.45,25604.0,25699.0,11940.0,25767.0,26409.333333333332,231.15218652111744,498.3063960737258,-0.0036966418926805966,0.006304330801158997,71,33,240.0,106.0,2015,11,2,11
2015-11-12,25341,25480,25555,25223,9560,-0.58,25490.0,25604.0,2700.0,25661.571428571428,26383.9,133.5350854561549,525.3011188998286,-0.004452429307920669,-0.0036966418926805966,332,139,71.0,33.0,2015,11,3,12
2015-11-13,25388,25395,25519,25351,10870,0.19,25341.0,25490.0,9560.0,25587.0,26368.5,147.34087461902422,549.1491066909621,-0.00584542958022749,-0.004452429307920669,168,7,332.0,139.0,2015,11,4,13
2015-11-16,25360,25488,25740,25336,16640,-0.11,25388.0,25341.0,10870.0,25550.14285714286,26355.366666666665,161.692535976905,568.0456807356878,0.0018547018665404646,-0.00584542958022749,404,128,168.0,7.0,2015,11,0,16
2015-11-17,25038,25284,25375,24978,17530,-1.27,25360.0,25388.0,16640.0,25488.571428571428,26330.9,134.4567553073735,594.8655223286571,-0.0011028832519300868,0.0018547018665404646,397,246,404.0,128.0,2015,11,1,17
2015-11-18,25108,25000,25180,25000,13280,0.28,25038.0,25360.0,17530.0,25417.14285714286,26281.766666666666,213.43572691557247,638.6530914859371,-0.012697160883280767,-0.0011028832519300868,180,-108,397.0,246.0,2015,11,2,18
2015-11-19,25308,25199,25442,25110,20140,0.8,25108.0,25038.0,13280.0,25332.714285714286,26237.066666666666,199.8155101472591,672.5728743151537,0.0027957504593019156,-0.012697160883280767,332,-109,180.0,-108.0,2015,11,3,19
2015-11-20,25252,25356,25496,25214,16280,-0.22,25308.0,25108.0,20140.0,25290.428571428572,26202.3,160.2371754029784,693.1237711037962,0.00796558865700181,0.0027957504593019156,282,104,332.0,-109.0,2015,11,4,20
2015-11-23,25180,25235,25287,25084,13970,-0.29,25252.0,25308.0,16280.0,25256.428571428572,26160.2,133.92268558559854,711.5866874761559,-0.002212739054844315,0.00796558865700181,203,55,282.0,104.0,2015,11,0,23
2015-11-24,25305,25199,25395,25173,13980,0.5,25180.0,25252.0,13970.0,25233.428571428572,26110.266666666666,130.76551169093878,726.403228637443,-0.0028512593061935654,-0.002212739054844315,222,-106,203.0,55.0,2015,11,1,24
2015-11-25,25230,25250,25280,25154,7600,-0.3,25305.0,25180.0,13980.0,25221.571428571428,26058.033333333333,117.50440721292141,726.07957592464,0.004964257347100931,-0.0028512593061935654,126,20,222.0,-106.0,2015,11,2,25
2015-11-26,25288,25260,25346,25250,8980,0.23,25230.0,25305.0,7600.0,25203.0,25996.1,101.10885223448416,714.3429751926546,-0.0029638411381149865,0.004964257347100931,96,-28,126.0,20.0,2015,11,3,26
2015-11-27,25071,25221,25281,24981,13070,-0.86,25288.0,25230.0,8980.0,25238.714285714286,25934.3,73.49538372404895,691.6255788933141,0.0022988505747125743,-0.0029638411381149865,300,150,96.0,-28.0,2015,11,4,27
2015-11-30,25114,24961,25180,24950,10330,0.17,25071.0,25288.0,13070.0,25233.428571428572,25869.033333333333,84.90751270918051,676.9902705630177,-0.00858114520721287,0.0022988505747125743,230,-153,300.0,150.0,2015,11,0,30
2015-12-01,25018,25189,25250,24975,3710,-0.38,25114.0,25071.0,10330.0,25205.714285714286,25810.1,88.11113112851375,662.5691557921386,0.001715129033544649,-0.00858114520721287,275,171,230.0,-153.0,2015,12,1,1
2015-12-02,24895,25169,25190,24860,240,-0.49,25018.0,25114.0,3710.0,25172.285714285714,25744.266666666666,109.43295403463783,638.6701665252658,-0.0038225690849724714,0.001715129033544649,330,274,275.0,171.0,2015,12,2,2
2015-12-03,25043,24890,25149,24803,40,0.59,24895.0,25018.0,240.0,25131.571428571428,25680.066666666666,151.1498783144157,623.3208579489726,-0.004916460148692958,-0.0038225690849724714,346,-153,330.0,274.0,2015,12,3,3
2015-12-04,25631,25110,25750,25066,90,2.35,25043.0,24895.0,40.0,25094.14285714286,25623.6,132.31204098892258,600.5867590720251,0.005944968869250777,-0.004916460148692958,684,-521,346.0,-153.0,2015,12,4,4
2015-12-07,25443,25589,25620,25410,9900,-0.73,25631.0,25043.0,90.0,25151.428571428572,25588.766666666666,242.1520576988673,566.7979438879697,0.023479615062093284,0.005944968869250777,210,146,684.0,-521.0,2015,12,0,7
2015-12-08,25424,25406,25515,25275,11440,-0.07,25443.0,25631.0,9900.0,25173.571428571428,25547.233333333334,262.91814768313054,527.6990184027442,-0.0073348679333619105,0.023479615062093284,240,-18,210.0,146.0,2015,12,1,8
2015-12-09,25499,25470,25637,25333,15120,0.29,25424.0,25443.0,11440.0,25224.0,25501.7,273.60190057851355,472.8505012707073,-0.0007467672837322414,-0.0073348679333619105,304,-29,240.0,-18.0,2015,12,2,9
2015-12-10,25328,25455,25455,25303,10140,-0.67,25499.0,25424.0,15120.0,25279.0,25454.0,286.2102956455388,388.4428684751525,0.002949968533668912,-0.0007467672837322414,152,127,304.0,-29.0,2015,12,3,10
2015-12-11,25581,25300,25610,25162,18050,1.0,25328.0,25499.0,10140.0,25323.285714285714,25415.933333333334,262.05897191677474,338.14381079926886,-0.0067061453390329095,0.002949968533668912,448,-281,152.0,127.0,2015,12,4,11
2015-12-14,25256,25518,25539,25241,14420,-1.27,25581.0,25328.0,18050.0,25421.285714285714,25390.133333333335,194.8544022992735,290.1442843610251,0.009988945041061292,-0.0067061453390329095,298,262,448.0,-281.0,2015,12,0,14
2015-12-15,25173,25256,25317,25111,12670,-0.33,25256.0,25581.0,14420.0,25451.714285714286,25357.733333333334,132.63196483278887,243.94783689691687,-0.012704741800555142,0.009988945041061292,206,83,298.0,262.0,2015,12,1,15
2015-12-16,25372,25235,25400,25122,13480,0.79,25173.0,25256.0,12670.0,25386.285714285714,25334.733333333334,142.07945463275712,226.57630720963698,-0.0032863477985428657,-0.012704741800555142,278,-137,206.0,83.0,2015,12,2,16
2015-12-17,24766,25302,25302,24671,20770,-2.39,25372.0,25173.0,13480.0,25376.14285714286,25325.6,139.87307171377483,218.9919853680113,0.0079052953561356,-0.0032863477985428657,631,536,278.0,-137.0,2015,12,3,17
2015-12-18,25011,24802,25146,24781,15390,0.99,24766.0,25372.0,20770.0,25282.14285714286,25291.433333333334,266.3077346304153,223.7841760972348,-0.023884597193756907,0.0079052953561356,365,-209,631.0,536.0,2015,12,4,18
2015-12-21,25302,25067,25335,25051,14980,1.16,25011.0,24766.0,15390.0,25212.428571428572,25273.866666666665,263.94119114137743,224.44502181235222,0.009892594686263356,-0.023884597193756907,284,-235,365.0,-209.0,2015,12,0,21
2015-12-22,25176,25242,25316,25155,12140,-0.5,25302.0,25011.0,14980.0,25208.714285714286,25260.633333333335,262.22109900250524,209.73636708596197,0.011634880652512836,0.009892594686263356,161,66,284.0,-235.0,2015,12,1,22
2015-12-23,25004,25150,25170,24992,10710,-0.68,25176.0,25302.0,12140.0,25150.85714285714,25246.366666666665,204.77664952492805,199.90057586245908,-0.0049798434906331845,0.011634880652512836,178,146,161.0,66.0,2015,12,2,23
2015-12-24,25147,25040,25180,25035,5610,0.57,25004.0,25176.0,10710.0,25114.85714285714,25230.166666666668,205.3618177526111,199.16707305366742,-0.006831903400063566,-0.0049798434906331845,145,-107,178.0,146.0,2015,12,3,24
2015-12-28,25077,25136,25142,25062,8710,-0.28,25147.0,25004.0,5610.0,25111.14285714286,25223.7,204.3676658802059,198.59300782978352,0.0057190849464086035,-0.006831903400063566,80,59,145.0,-107.0,2015,12,0,28
2015-12-29,25106,25129,25243,25092,10210,0.12,25077.0,25147.0,8710.0,25069.0,25213.333333333332,168.95956123734328,197.83645864217448,-0.0027836322424146243,0.0057190849464086035,151,23,80.0,59.0,2015,12,1,29
2015-12-30,25017,25175,25224,25003,11240,-0.35,25106.0,25077.0,10210.0,25117.571428571428,25204.866666666665,103.54525120834454,196.77551244784533,0.0011564381704349813,-0.0027836322424146243,221,158,151.0,23.0,2015,12,2,30
2015-12-31,24952,25032,25058,24880,6110,-0.26,25017.0,25106.0,11240.0,25118.428571428572,25204.166666666668,102.53594027363859,197.4258627045339,-0.0035449693300406704,0.0011564381704349813,178,80,221.0,158.0,2015,12,3,31
2016-01-01,24943,24976,25071,24900,2120,-0.04,24952.0,25017.0,6110.0,25068.428571428572,25198.966666666667,81.22162508307038,202.0465093840653,-0.0025982332014230503,-0.0035449693300406704,171,33,178.0,80.0,2016,1,4,1
2016-01-04,25423,25234,25505,25030,750,1.92,24943.0,24952.0,2120.0,25035.14285714286,25186.8,77.44552617158382,206.2013411782565,-0.00036069252965698073,-0.0025982332014230503,475,-189,171.0,33.0,2016,1,0,4
2016-01-05,25430,25360,25486,25360,170,0.03,25423.0,24943.0,750.0,25095.0,25192.5,163.48802198789465,210.38679485304857,0.019243876037365215,-0.00036069252965698073,126,-70,475.0,-189.0,2016,1,1,5
2016-01-06,25756,25440,25789,25421,24140,1.28,25430.0,25423.0,170.0,25135.428571428572,25200.833333333332,207.54506108585554,214.77993281610807,0.0002753412264484556,0.019243876037365215,368,-316,126.0,-70.0,2016,1,2,6
2016-01-07,26106,25800,26130,25780,25320,1.36,25756.0,25430.0,24140.0,25232.428571428572,25215.866666666665,309.3761772467198,236.9607465437247,0.012819504522217917,0.0002753412264484556,350,-306,368.0,-316.0,2016,1,3,7
2016-01-08,25989,26035,26095,25785,23700,-0.45,26106.0,25756.0,25320.0,25375.285714285714,25245.066666666666,443.2018781120782,287.37335241531804,0.013589066625252277,0.012819504522217917,310,46,350.0,-306.0,2016,1,4,8
2016-01-11,25877,26075,26110,25831,19910,-0.43,25989.0,26106.0,23700.0,25514.14285714286,25268.433333333334,464.0177541761077,317.86645247564405,-0.004481728338313062,0.013589066625252277,279,198,310.0,46.0,2016,1,0,11
2016-01-12,25689,25876,25966,25630,20160,-0.73,25877.0,25989.0,19910.0,25646.285714285714,25295.3,405.2372614844226,334.24398996517374,-0.0043095155642771665,-0.004481728338313062,336,187,279.0,198.0,2016,1,1,12
2016-01-13,25750,25660,25794,25530,18360,0.24,25689.0,25877.0,20160.0,25752.85714285714,25314.466666666667,262.36579335721416,339.9270442353036,-0.007265138926459747,-0.0043095155642771665,264,-90,336.0,187.0,2016,1,2,13
2016-01-14,25652,25800,26028,25609,24080,-0.38,25750.0,25689.0,18360.0,25799.571428571428,25338.866666666665,219.44692383604058,344.15801636767657,0.0023745572034723494,-0.007265138926459747,419,148,264.0,-90.0,2016,1,3,14
2016-01-15,26126,25630,26220,25630,29460,1.85,25652.0,25750.0,24080.0,25831.285714285714,25364.1,166.88090991897553,338.19147300610575,-0.0038058252427184414,0.0023745572034723494,590,-496,419.0,148.0,2016,1,4,15
2016-01-18,26070,26073,26110,25971,14090,-0.21,26126.0,25652.0,29460.0,25884.14285714286,25400.2,195.24636451746667,359.84291592050823,0.018478091376890715,-0.0038058252427184414,139,3,590.0,-496.0,2016,1,0,18
2016-01-19,26064,26041,26085,25873,20910,-0.02,26070.0,26126.0,14090.0,25879.0,25414.833333333332,188.79618640254603,378.0193466438233,-0.0021434586235933306,0.018478091376890715,212,-23,139.0,3.0,2016,1,1,19
2016-01-20,26563,26100,26661,26100,32270,1.91,26064.0,26070.0,20910.0,25889.714285714286,25435.533333333333,197.98376556858392,396.18131806263716,-0.00023014959723821615,-0.0021434586235933306,561,-463,212.0,-23.0,2016,1,2,20
2016-01-21,26190,26473,26513,26150,28390,-1.4,26563.0,26064.0,32270.0,25987.714285714286,25473.5,321.7425027803745,446.42771743787034,0.019145181092694807,-0.00023014959723821615,363,283,561.0,-463.0,2016,1,3,21
2016-01-22,26168,26254,26301,26113,16830,-0.08,26190.0,26563.0,28390.0,26059.285714285714,25496.533333333333,299.1491903638998,465.2192462986346,-0.014042088619508286,0.019145181092694807,188,86,363.0,283.0,2016,1,4,22
2016-01-25,26391,26170,26444,26170,16219,0.85,26168.0,26190.0,16830.0,26119.0,25524.533333333333,267.12731047224776,479.7766530187137,-0.0008400152730049237,-0.014042088619508286,274,-221,188.0,86.0,2016,1,0,25
2016-01-27,26736,26450,26819,26450,15510,1.31,26391.0,26168.0,16219.0,26224.571428571428,25551.533333333333,185.3014275383548,505.183116908535,0.008521858758789413,-0.0008400152730049237,369,-286,274.0,-221.0,2016,1,2,27
2016-01-28,26701,26850,26900,26600,16510,-0.13,26736.0,26391.0,15510.0,26311.714285714286,25600.866666666665,259.7131201191719,545.947372311247,0.013072638399454384,0.008521858758789413,300,149,369.0,-286.0,2016,1,3,28
2016-01-29,26709,26679,26763,26527,15260,0.03,26701.0,26736.0,16510.0,26401.85714285714,25651.8,271.0912691154111,575.1490001851779,-0.0013090963494912788,0.013072638399454384,236,-30,300.0,149.0,2016,1,4,29
2016-02-01,26973,26755,27049,26645,3570,0.99,26709.0,26701.0,15260.0,26494.0,25696.366666666665,245.52664485439956,603.8066876842009,0.0002996142466573648,-0.0013090963494912788,404,-218,236.0,-30.0,2016,2,0,1
2016-02-02,27008,27782,27782,26861,1050,0.13,26973.0,26709.0,3570.0,26552.571428571428,25769.933333333334,306.1496677243696,620.7543205141518,0.009884308660002228,0.0002996142466573648,921,774,404.0,-218.0,2016,2,1,2
2016-02-03,27285,27134,27325,26976,440,1.03,27008.0,26973.0,1050.0,26669.428571428572,25836.5,300.7584064456667,643.2310010329516,0.0012975938901864659,0.009884308660002228,349,-151,921.0,774.0,2016,2,2,3
2016-02-04,27656,27235,27800,27207,110,1.36,27285.0,27008.0,440.0,26829.0,25902.6,286.35351112470084,686.8223481594241,0.010256220379146974,0.0012975938901864659,593,-421,349.0,-151.0,2016,2,3,4
2016-02-05,27568,27770,28113,26850,190,-0.32,27656.0,27285.0,110.0,27009.714285714286,25985.266666666666,354.84067517973153,743.2796351926612,0.013597214586769324,0.010256220379146974,1263,202,593.0,-421.0,2016,2,4,5
2016-02-08,28367,27496,28429,27496,29380,2.9,27568.0,27656.0,190.0,27128.571428571428,26070.733333333334,385.8639039623303,773.3602868867171,-0.0031819496673416436,0.013597214586769324,933,-871,1263.0,202.0,2016,2,0,8
2016-02-09,28325,28345,28423,28078,24630,-0.15,28367.0,27568.0,29380.0,27366.571428571428,26178.066666666666,554.9362897796234,859.3991860129379,0.028982878699941983,-0.0031819496673416436,345,20,933.0,-871.0,2016,2,1,9
2016-02-10,28211,28238,28250,27935,20530,-0.4,28325.0,28367.0,24630.0,27597.428571428572,26286.333333333332,571.6709009978543,918.4651114330298,-0.0014805936475481563,0.028982878699941983,315,27,345.0,20.0,2016,2,2,10
2016-02-11,29706,28250,30000,28250,46400,5.3,28211.0,28325.0,20530.0,27774.285714285714,26389.833333333332,536.7270300273483,955.0871808314895,-0.004024713150926784,-0.0014805936475481563,1750,-1456,315.0,27.0,2016,2,3,11
2016-02-12,29287,29517,29722,29251,24730,-1.41,29706.0,28211.0,46400.0,28159.714285714286,26546.133333333335,799.2595978541433,1095.963651968851,0.05299351316862211,-0.004024713150926784,471,230,1750.0,-1456.0,2016,2,4,12
2016-02-15,28595,29251,29251,28521,19540,-2.36,29287.0,29706.0,24730.0,28445.714285714286,26690.633333333335,792.2511626763061,1162.3050072528986,-0.014104894634080711,0.05299351316862211,730,656,471.0,230.0,2016,2,0,15
2016-02-16,28800,28550,28969,28111,31580,0.72,28595.0,29287.0,19540.0,28579.85714285714,26812.366666666665,711.647016568275,1164.1995173045057,-0.02362823095571409,-0.014104894634080711,858,-250,730.0,656.0,2016,2,1,16
2016-02-17,28781,28790,28940,28637,21680,-0.07,28800.0,28595.0,31580.0,28755.85714285714,26924.933333333334,554.7409090652333,1188.2421654184125,0.0071690855044588275,-0.02362823095571409,303,9,858.0,-250.0,2016,2,2,17
2016-02-18,29210,28780,29270,28614,22300,1.49,28781.0,28800.0,21680.0,28815.0,27036.633333333335,527.7881519448658,1200.3090832791206,-0.0006597222222222143,0.0071690855044588275,656,-430,303.0,9.0,2016,2,3,18
2016-02-19,29432,29229,29547,29180,25790,0.76,29210.0,28781.0,22300.0,28941.428571428572,27151.766666666666,495.8826666134423,1238.2878246924906,0.014905666933046069,-0.0006597222222222143,367,-203,656.0,-430.0,2016,2,4,19
2016-02-22,28916,29340,29340,28762,21110,-1.75,29432.0,29210.0,25790.0,29115.85714285714,27262.633333333335,401.98566664809226,1289.2719004668377,0.007600136939404312,0.014905666933046069,578,424,367.0,-203.0,2016,2,0,22
2016-02-23,29234,29095,29317,29077,22080,1.1,28916.0,29432.0,21110.0,29003.0,27360.2,308.7803966144399,1300.2697438980033,-0.01753193802663766,0.007600136939404312,240,-139,578.0,424.0,2016,2,1,23
2016-02-24,29523,29310,29884,29210,31230,0.99,29234.0,28916.0,22080.0,28995.428571428572,27472.1,301.21302381258903,1312.616979351849,0.010997371697330172,-0.01753193802663766,674,-213,240.0,-139.0,2016,2,2,24
2016-02-25,29735,29470,29765,29363,26250,0.72,29523.0,29234.0,31230.0,29128.0,27599.9,299.81605471805693,1319.6485516985192,0.00988574946979548,0.010997371697330172,402,-265,674.0,-213.0,2016,2,3,25
2016-02-26,29290,29588,29692,29135,25740,-1.5,29735.0,29523.0,26250.0,29261.571428571428,27732.733333333334,335.4881305118211,1327.5577507623461,0.007180842055346748,0.00988574946979548,557,298,402.0,-265.0,2016,2,4,26
2016-02-29,29437,29236,29625,29236,14790,0.5,29290.0,29735.0,25740.0,29334.285714285714,27854.0,260.81967863244915,1296.7377902072933,-0.014965528838069564,0.007180842055346748,389,-201,557.0,298.0,2016,2,0,29
2016-03-01,29097,29600,29754,29080,3940,-1.16,29437.0,29290.0,14790.0,29366.714285714286,27964.366666666665,256.8733243486629,1285.446641372581,0.005018777739842939,-0.014965528838069564,674,503,389.0,-201.0,2016,3,1,1
2016-03-02,29219,29009,29240,28960,1000,0.42,29097.0,29437.0,3940.0,29318.85714285714,28065.266666666666,273.3602193513882,1249.9327963543658,-0.011550090022760418,0.005018777739842939,280,-210,674.0,503.0,2016,3,2,2
2016-03-03,29381,29209,29525,29120,990,0.55,29219.0,29097.0,1000.0,29362.14285714286,28170.433333333334,217.1469767780296,1207.760243486703,0.004192872117400492,-0.011550090022760418,405,-172,280.0,-210.0,2016,3,3,3
2016-03-04,29519,29684,29983,29233,330,0.47,29381.0,29219.0,990.0,29383.14285714286,28264.366666666665,209.6683321911959,1187.852088880343,0.005544337588555326,0.004192872117400492,750,165,405.0,-172.0,2016,3,4,4
2016-03-07,29597,29875,29960,29556,14020,0.26,29519.0,29381.0,330.0,29382.571428571428,28375.333333333332,209.2286286521211,1141.9959035294614,0.004696912970967526,0.005544337588555326,404,278,750.0,165.0,2016,3,0,7
2016-03-08,29819,29760,30147,29760,38490,0.75,29597.0,29519.0,14020.0,29362.85714285714,28489.633333333335,174.02722830208143,1083.555752057082,0.0026423659338052907,0.004696912970967526,387,-59,404.0,278.0,2016,3,1,8
2016-03-09,29597,29750,29750,29317,34880,-0.74,29819.0,29597.0,38490.0,29438.428571428572,28603.9,239.61556511972685,1034.2404626017308,0.00750076021218371,0.0026423659338052907,433,153,387.0,-59.0,2016,3,2,9
2016-03-10,29928,29500,29950,29088,52190,1.12,29597.0,29819.0,34880.0,29461.285714285714,28699.266666666666,246.9748396671168,986.8846815674644,-0.007444917669941931,0.00750076021218371,862,-428,433.0,153.0,2016,3,3,10
2016-03-11,29504,29905,29920,29470,36900,-1.42,29928.0,29597.0,52190.0,29580.0,28806.833333333332,242.36542657735816,936.1310357486356,0.011183565901949466,-0.007444917669941931,450,401,862.0,-428.0,2016,3,4,11
2016-03-14,29204,29449,29570,29140,30930,-1.02,29504.0,29928.0,36900.0,29620.714285714286,28900.0,189.86724685578486,855.784254152307,-0.014167334937182585,0.011183565901949466,430,245,450.0,401.0,2016,3,0,14
2016-03-15,29050,29109,29249,28885,33260,-0.53,29204.0,29504.0,30930.0,29595.428571428572,28974.366666666665,233.81250119339282,775.7490032812113,-0.010168112798264684,-0.014167334937182585,364,59,430.0,245.0,2016,3,1,15
2016-03-16,28970,29080,29157,28935,22580,-0.28,29050.0,29204.0,33260.0,29528.428571428572,29042.433333333334,313.11278965836715,681.0726673129307,-0.005273250239693161,-0.010168112798264684,222,110,364.0,59.0,2016,3,2,16
2016-03-17,29357,29044,29590,29044,37830,1.34,28970.0,29050.0,22580.0,29438.85714285714,29098.6,373.9912782278538,595.2099948176757,-0.002753872633390664,-0.005273250239693161,546,-313,222.0,110.0,2016,3,3,17
2016-03-18,29135,29400,29460,29011,27150,-0.76,29357.0,28970.0,37830.0,29372.85714285714,29155.3,334.3941928181549,530.5560615831038,0.013358646876078684,-0.002753872633390664,449,265,546.0,-313.0,2016,3,4,18
2016-03-21,28937,29102,29119,28831,24490,-0.68,29135.0,29357.0,27150.0,29306.85714285714,29207.533333333333,328.3191681740602,437.9514800184875,-0.007562080594066156,0.013358646876078684,288,165,449.0,265.0,2016,3,0,21
2016-03-22,29047,28950,29337,28893,32240,0.38,28937.0,29135.0,24490.0,29165.285714285714,29226.533333333333,207.13901474276852,411.81287458986446,-0.006795949888450337,-0.007562080594066156,444,-97,288.0,165.0,2016,3,1,22
2016-03-23,28568,29000,29000,28510,33730,-1.65,29047.0,28937.0,32240.0,29100.0,29250.6,145.4120581887942,376.9294821084735,0.0038013615786018917,-0.006795949888450337,490,432,444.0,-97.0,2016,3,2,23
2016-03-24,28560,28503,28626,28450,7430,-0.03,28568.0,29047.0,33730.0,29009.14285714286,29262.5,238.49907656811968,347.4600200268274,-0.016490515371639036,0.0038013615786018917,176,-57,490.0,432.0,2016,3,3,24
2016-03-28,28400,28452,28487,28250,16660,-0.56,28560.0,28568.0,7430.0,28939.14285714286,29224.3,290.70341620028114,359.79698777727356,-0.00028003360403250355,-0.016490515371639036,237,52,176.0,-57.0,2016,3,0,28
2016-03-29,28616,28388,28666,28281,26080,0.76,28400.0,28560.0,16660.0,28857.714285714286,29194.733333333334,353.6380985724588,389.6716507549771,-0.0056022408963585235,-0.00028003360403250355,385,-228,237.0,52.0,2016,3,1,29
2016-03-30,28301,28627,28692,28226,20040,-1.1,28616.0,28400.0,26080.0,28751.85714285714,29195.433333333334,283.1545093946363,388.57446659779885,0.00760563380281698,-0.0056022408963585235,466,326,385.0,-228.0,2016,3,2,30
2016-03-31,28441,28290,28539,28290,14340,0.49,28301.0,28616.0,20040.0,28632.714285714286,29178.8,270.23675686691394,415.81066646328264,-0.011007827788649727,0.00760563380281698,249,-151,466.0,326.0,2016,3,3,31
2016-04-01,28056,28410,28530,27955,5970,-1.35,28441.0,28301.0,14340.0,28561.85714285714,29167.466666666667,240.5503610276237,431.36940992136306,0.004946821667078938,-0.011007827788649727,575,354,249.0,-151.0,2016,4,4,1
2016-04-04,28086,28096,28187,28032,660,0.11,28056.0,28441.0,5970.0,28420.285714285714,29129.0,194.68668357633175,476.5344001041016,-0.01353679547132658,0.004946821667078938,155,10,575.0,354.0,2016,4,0,4
2016-04-05,28562,28224,28699,28190,260,1.69,28086.0,28056.0,660.0,28351.428571428572,29084.133333333335,217.62188702962047,509.2630059166134,0.0010692899914457321,-0.01353679547132658,509,-338,155.0,10.0,2016,4,1,5
2016-04-06,28571,28700,28749,28510,17370,0.03,28562.0,28086.0,260.0,28351.714285714286,29072.333333333332,217.942434514144,517.3304375435674,0.016947945595670477,0.0010692899914457321,239,129,509.0,-338.0,2016,4,2,6
2016-04-07,28972,28639,29030,28618,27690,1.4,28571.0,28562.0,17370.0,28376.14285714286,29050.233333333334,233.29911313702613,524.3004984200415,0.0003151039843147796,0.016947945595670477,412,-333,239.0,129.0,2016,4,3,7
2016-04-08,29047,29000,29074,28765,22560,0.26,28972.0,28571.0,27690.0,28427.0,29031.866666666665,317.79972729175216,516.7648523685662,0.014035210528157815,0.0003151039843147796,309,-47,412.0,-333.0,2016,4,4,8
2016-04-11,29254,29099,29315,29063,21300,0.71,29047.0,28972.0,22560.0,28533.571428571428,29008.933333333334,386.2213774262043,499.4612914020722,0.002588706337153024,0.014035210528157815,252,-155,309.0,-47.0,2016,4,0,11
2016-04-12,29250,29190,29395,29152,21900,-0.01,29254.0,29047.0,21300.0,28649.714285714286,29007.733333333334,467.4443689844568,498.80553417075345,0.00712638138189825,0.002588706337153024,243,-60,252.0,-155.0,2016,4,1,12
2016-04-13,29128,29212,29212,28980,18810,-0.42,29250.0,29254.0,21900.0,28820.285714285714,29001.5,431.1243881935616,494.4052330655388,-0.00013673343816233974,0.00712638138189825,232,84,243.0,-60.0,2016,4,2,13
2016-04-14,28731,29020,29050,28705,13420,-1.36,29128.0,29250.0,18810.0,28969.14285714286,29002.533333333333,293.1475331475728,494.64405407294254,-0.004170940170940218,-0.00013673343816233974,345,289,232.0,84.0,2016,4,3,14
2016-04-15,28918,28799,28950,28772,8790,0.65,28731.0,29128.0,13420.0,28993.285714285714,28986.266666666666,258.9978856321716,495.3035943485021,-0.01362949739082675,-0.004170940170940218,178,-119,345.0,289.0,2016,4,4,15
2016-04-18,28935,28950,29128,28901,18450,0.06,28918.0,28731.0,8790.0,29042.85714285714,28970.833333333332,188.24667201265197,489.76222825950924,0.0065086491942500935,-0.01362949739082675,227,15,178.0,-119.0,2016,4,0,18
2016-04-19,29255,29050,29299,29050,13290,1.11,28935.0,28918.0,18450.0,29037.571428571428,28951.366666666665,191.06618150346566,478.7041764029053,0.0005878691472438469,0.0065086491942500935,249,-205,227.0,15.0,2016,4,1,19
2016-04-20,29249,29289,29345,29101,19010,-0.02,29255.0,28935.0,13290.0,29067.285714285714,28939.966666666667,208.18398456317507,466.7209520969408,0.011059270779332886,0.0005878691472438469,244,40,249.0,-205.0,2016,4,2,20
2016-04-21,29287,29216,29670,29140,27660,0.13,29249.0,29255.0,19010.0,29066.571428571428,28920.966666666667,207.44385356279253,440.5716101588949,-0.00020509314647065846,0.011059270779332886,530,-71,244.0,40.0,2016,4,3,21
2016-04-22,28941,29321,29343,28914,19320,-1.18,29287.0,29249.0,27660.0,29071.85714285714,28910.633333333335,213.28574618065397,427.61378669841093,0.0012991897158878274,-0.00020509314647065846,429,380,530.0,-71.0,2016,4,4,22
2016-04-25,29183,29050,29200,28983,14640,0.84,28941.0,29287.0,19320.0,29045.14285714286,28877.733333333334,216.76441018727894,382.19727108240033,-0.011814115477857046,0.0012991897158878274,217,-133,429.0,380.0,2016,4,0,25
2016-04-26,29158,29151,29199,28981,15140,-0.09,29183.0,28941.0,14640.0,29109.714285714286,28867.033333333333,169.83002707197022,368.30042865434325,0.008361839604712928,-0.011814115477857046,218,-7,217.0,-133.0,2016,4,1,26
2016-04-27,29319,29200,29355,29200,15580,0.55,29158.0,29183.0,15140.0,29144.0,28865.5,147.42342645147718,366.94242243049115,-0.0008566631257924673,0.008361839604712928,155,-119,218.0,-7.0,2016,4,2,27
2016-04-28,29627,29268,29650,29200,16430,1.05,29319.0,29158.0,15580.0,29198.85714285714,28874.466666666667,126.67600216235084,374.80870829789643,0.005521640716098508,-0.0008566631257924673,450,-359,155.0,-119.0,2016,4,3,28
2016-04-29,30138,29651,30192,29651,18880,1.72,29627.0,29319.0,16430.0,29252.0,28896.366666666665,206.82762549207922,398.99688732093796,0.010505133190081617,0.005521640716098508,541,-487,450.0,-359.0,2016,4,4,29
2016-05-02,30213,30177,30342,30120,2920,0.25,30138.0,29627.0,18880.0,29379.0,28922.4,393.4357211371234,452.0411638257559,0.017247780740540675,0.010505133190081617,222,-36,541.0,-487.0,2016,5,0,2
2016-05-03,30154,30175,30337,30050,630,-0.2,30213.0,30138.0,2920.0,29511.285714285714,28958.333333333332,498.88967193350777,508.8055202836353,0.0024885526577742567,0.017247780740540675,287,21,222.0,-36.0,2016,5,1,3
2016-05-04,29934,30145,30200,29920,170,-0.73,30154.0,30213.0,630.0,29684.571428571428,28998.9,478.01773228716763,553.5902474473313,-0.001952801774070756,0.0024885526577742567,280,211,287.0,21.0,2016,5,2,4
2016-05-05,29868,29912,30135,29832,110,-0.22,29934.0,30154.0,170.0,29791.85714285714,29028.466666666667,428.38356199845896,579.3359893063574,-0.007295881143463578,-0.001952801774070756,303,44,280.0,211.0,2016,5,3,5
2016-05-06,30366,29950,30400,29950,33820,1.67,29868.0,29934.0,110.0,29893.285714285714,29071.8,324.8290392836113,592.182660543265,-0.002204850671477243,-0.007295881143463578,450,-416,303.0,44.0,2016,5,4,6
2016-05-09,29805,30312,30312,29750,29600,-1.85,30366.0,29868.0,33820.0,30042.85714285714,29132.0,248.37366243320153,629.0118687547161,0.016673362796303826,-0.002204850671477243,562,507,450.0,-416.0,2016,5,0,9
2016-05-10,29785,29851,29862,29622,19510,-0.07,29805.0,30366.0,29600.0,30068.285714285714,29178.833333333332,203.81749539373857,624.9227860348506,-0.01847460976091686,0.016673362796303826,240,66,562.0,507.0,2016,5,1,10
2016-05-11,29933,29825,30072,29825,23180,0.5,29785.0,29805.0,19510.0,30017.85714285714,29217.8,226.14112744880333,625.0636050392278,-0.0006710283509477888,-0.01847460976091686,247,-108,240.0,66.0,2016,5,2,11
2016-05-12,29904,29933,30085,29765,25800,-0.1,29933.0,29785.0,23180.0,29977.85714285714,29272.2,210.06302909004097,613.431242809636,0.00496894409937898,-0.0006710283509477888,320,29,247.0,-108.0,2016,5,3,12
2016-05-13,30023,29900,30058,29766,24070,0.4,29904.0,29933.0,25800.0,29942.14285714286,29320.966666666667,195.89914800857144,603.1403727120238,-0.0009688303878662152,0.00496894409937898,292,-123,320.0,29.0,2016,5,4,13
2016-05-16,29963,30075,30245,29915,23170,-0.2,30023.0,29904.0,24070.0,29954.85714285714,29386.533333333333,198.15770535228728,566.6998070091053,0.003979400749063666,-0.0009688303878662152,330,112,292.0,-123.0,2016,5,0,16
2016-05-17,30045,30040,30130,29860,24610,0.27,29963.0,30023.0,23170.0,29968.428571428572,29449.1,194.43581386743838,519.8408476604488,-0.0019984678413216272,0.003979400749063666,270,-5,330.0,112.0,2016,5,1,17
2016-05-18,30049,30024,30078,29910,20740,0.01,30045.0,29963.0,24610.0,29922.571428571428,29498.533333333333,99.92640148776512,502.8073418201873,0.0027367086072822566,-0.0019984678413216272,168,-25,270.0,-5.0,2016,5,2,18
2016-05-19,29800,29995,29995,29632,26130,-0.83,30049.0,30045.0,20740.0,29957.428571428572,29547.8,94.48784250346766,480.7150134307257,0.00013313363288403046,0.0027367086072822566,363,195,168.0,-25.0,2016,5,3,19
2016-05-20,29693,29730,29867,29661,20090,-0.36,29800.0,30049.0,26130.0,29959.571428571428,29575.4,89.98862361965541,470.1697125724482,-0.008286465439781732,0.00013313363288403046,206,37,363.0,195.0,2016,5,4,20
2016-05-23,29682,29694,29745,29576,15640,-0.04,29693.0,29800.0,20090.0,29925.285714285714,29596.933333333334,135.83901536468173,459.8140503717856,-0.003590604026845634,-0.008286465439781732,169,12,206.0,37.0,2016,5,0,23
2016-05-24,29306,29580,29651,29283,22800,-1.27,29682.0,29693.0,15640.0,29893.571428571428,29611.2,164.5234098265691,455.42578789043927,-0.0003704576836290885,-0.003590604026845634,368,274,169.0,12.0,2016,5,1,24
2016-05-25,28945,29278,29278,28884,26950,-1.23,29306.0,29682.0,22800.0,29791.14285714286,29613.066666666666,263.7722682994188,454.0068306739621,-0.012667609999326146,-0.0003704576836290885,394,333,368.0,274.0,2016,5,2,25
2016-05-26,28729,28996,29157,28705,26940,-0.75,28945.0,29306.0,26950.0,29645.714285714286,29606.966666666667,399.13060280471115,461.90949130829216,-0.012318296594553968,-0.012667609999326146,452,267,394.0,333.0,2016,5,3,26
2016-05-27,28590,28840,28840,28547,18290,-0.48,28729.0,28945.0,26940.0,29457.714285714286,29606.9,481.2067172867832,462.04040351740275,-0.007462428744170024,-0.012318296594553968,293,250,452.0,267.0,2016,5,4,27
2016-05-30,28590,28430,28696,28400,12970,0.0,28590.0,28729.0,18290.0,29249.285714285714,29595.966666666667,498.0915960897744,482.3389481674761,-0.004838316683490551,-0.007462428744170024,296,-160,293.0,250.0,2016,5,0,30
2016-05-31,28610,28596,28719,28541,10870,0.07,28590.0,28590.0,12970.0,29076.428571428572,29584.466666666667,484.903033998526,502.33933669897925,0.0,-0.004838316683490551,178,-14,296.0,-160.0,2016,5,1,31
2016-06-01,28626,28531,28800,28500,2600,0.06,28610.0,28590.0,10870.0,28921.714285714286,29562.966666666667,424.38689670542715,529.9697117780122,0.0006995452955578241,0.0,300,-95,178.0,-14.0,2016,6,2,1
2016-06-02,28554,28616,28715,28530,350,-0.25,28626.0,28610.0,2600.0,28770.85714285714,29542.2,267.93433808273915,554.3421948267062,0.0005592450192239973,0.0006995452955578241,185,62,300.0,-95.0,2016,6,3,2
2016-06-03,29216,28703,29410,28540,330,2.32,28554.0,28626.0,350.0,28663.428571428572,29517.766666666666,135.7667818269456,581.4685737841951,-0.0025151959756863906,0.0005592450192239973,870,-513,185.0,62.0,2016,6,4,3
2016-06-06,29329,29287,29376,29220,12970,0.39,29216.0,28554.0,330.0,28702.14285714286,29526.933333333334,233.15118740959159,574.1845151787348,0.023184142326819313,-0.0025151959756863906,156,-42,870.0,-513.0,2016,6,0,6
2016-06-07,29239,29243,29325,29062,13480,-0.31,29329.0,29216.0,12970.0,28787.85714285714,29531.8,333.40587305940215,571.7825967365642,0.0038677437020810945,0.023184142326819313,263,4,156.0,-42.0,2016,6,1,7
2016-06-08,29491,29275,29572,29275,15920,0.86,29239.0,29329.0,13480.0,28880.571428571428,29534.5,358.50795302332955,570.1455198393451,-0.0030686351392819056,0.0038677437020810945,297,-216,263.0,4.0,2016,6,2,8
2016-06-09,29757,29521,29777,29452,18020,0.9,29491.0,29239.0,15920.0,29009.285714285714,29540.233333333334,396.52394391166683,568.7668865749313,0.008618625807996105,-0.0030686351392819056,325,-236,297.0,-216.0,2016,6,3,9
2016-06-10,29851,29760,29900,29624,15500,0.32,29757.0,29491.0,18020.0,29173.14285714286,29544.566666666666,438.76547591756423,569.944745254705,0.009019700925706253,0.008618625807996105,276,-91,325.0,-236.0,2016,6,4,10
2016-06-13,30181,29894,30220,29894,19270,1.11,29851.0,29757.0,15500.0,29348.14285714286,29535.0,428.33803962583016,561.9935574545879,0.0031589205901132456,0.009019700925706253,326,-287,276.0,-91.0,2016,6,0,13
2016-06-14,30357,30141,30385,30042,19070,0.58,30181.0,29851.0,19270.0,29580.571428571428,29533.933333333334,361.8627074563528,560.6911949475643,0.011054906033298728,0.0031589205901132456,343,-216,326.0,-287.0,2016,6,1,14
2016-06-15,30262,30300,30339,30132,14900,-0.31,30357.0,30181.0,19070.0,29743.571428571428,29540.7,422.219081024266,569.5868526909601,0.005831483383585745,0.011054906033298728,207,38,343.0,-216.0,2016,6,2,15
2016-06-16,30392,30302,30985,30237,34140,0.43,30262.0,30357.0,14900.0,29876.85714285714,29551.633333333335,416.76469323088463,580.4412402070556,-0.0031294264914187853,0.005831483383585745,748,-90,207.0,38.0,2016,6,3,16
2016-06-17,30373,30320,30415,30091,18370,-0.06,30392.0,30262.0,34140.0,30041.571428571428,29569.1,344.1781792148415,597.9108658053013,0.004295816535589081,-0.0031294264914187853,324,-53,748.0,-90.0,2016,6,4,17
2016-06-20,30478,30262,30505,30132,21900,0.35,30373.0,30392.0,18370.0,30167.571428571428,29569.333333333332,260.2356990261787,598.2338565529419,-0.0006251645169781384,0.004295816535589081,373,-216,324.0,-53.0,2016,6,0,20
2016-06-21,30072,30357,30402,30026,20450,-1.33,30478.0,30373.0,21900.0,30270.571428571428,29591.766666666666,208.1144373839643,619.6124307723195,0.003457017746024471,-0.0006251645169781384,376,285,373.0,-216.0,2016,6,1,21
2016-06-22,29898,30054,30054,29835,16550,-0.58,30072.0,30478.0,20450.0,30302.14285714286,29601.333333333332,139.21377873795862,624.8918986970757,-0.013321084060633925,0.003457017746024471,219,156,376.0,285.0,2016,6,2,22
2016-06-23,29686,29879,29953,29641,22540,-0.71,29898.0,30072.0,16550.0,30261.714285714286,29600.166666666668,205.5470053992435,624.2837044789221,-0.005786113328012821,-0.013321084060633925,312,193,219.0,156.0,2016,6,3,23
2016-06-24,31131,29835,32357,29835,48210,4.87,29686.0,29898.0,22540.0,30165.85714285714,29592.9,291.9888288796368,621.8892988303996,-0.007090775302695862,-0.005786113328012821,2522,-1296,312.0,193.0,2016,6,4,24
2016-06-27,31218,31192,31387,31135,19520,0.28,31131.0,29686.0,48210.0,30290.0,29629.833333333332,470.0925440804446,678.6265583860448,0.04867614363673112,-0.007090775302695862,252,-26,2522.0,-1296.0,2016,6,0,27
2016-06-28,30999,31016,31085,30859,14940,-0.7,31218.0,31131.0,19520.0,30408.0,29671.666666666668,588.6756322458267,736.1188684618154,0.0027946419967235236,0.04867614363673112,226,17,252.0,-26.0,2016,6,1,28
2016-06-29,30986,31096,31146,30920,14490,-0.04,30999.0,31218.0,14940.0,30497.428571428572,29703.466666666667,628.6636241910103,772.5095126444652,-0.007015183547953052,0.0027946419967235236,226,110,226.0,17.0,2016,6,2,29
2016-06-30,30851,30905,30949,30812,10660,-0.44,30986.0,30999.0,14490.0,30570.0,29734.7,654.8238949010312,805.2112659162,-0.00041936836672151756,-0.007015183547953052,137,54,226.0,110.0,2016,6,3,30
2016-07-01,31077,31096,31220,31010,4140,0.73,30851.0,30986.0,10660.0,30681.285714285714,29769.733333333334,621.4273125329528,830.6132314318315,-0.004356806299619209,-0.00041936836672151756,210,19,137.0,54.0,2016,7,4,1
2016-07-04,31396,31390,31484,31267,4730,1.03,31077.0,30851.0,4140.0,30849.714285714286,29815.866666666665,526.229897252074,863.9692177358756,0.007325532397653323,-0.004356806299619209,217,-6,210.0,19.0,2016,7,0,4
2016-07-05,30841,31306,31570,30500,640,-1.77,31396.0,31077.0,4730.0,31094.0,29873.0,177.0009416171467,910.2446810116917,0.01026482607716317,0.007325532397653323,1070,465,217.0,-6.0,2016,7,1,5
2016-07-06,32018,31948,32350,31948,12410,3.82,30841.0,31396.0,640.0,31052.571428571428,29924.166666666668,199.41652985892503,920.3599402081531,-0.017677411135176402,0.01026482607716317,402,-70,1070.0,465.0,2016,7,2,6
2016-07-07,31817,32011,32090,31653,23880,-0.63,32018.0,30841.0,12410.0,31166.85714285714,30026.6,418.70014273204265,976.8952084413021,0.038163483674329646,-0.017677411135176402,437,194,402.0,-70.0,2016,7,3,7
2016-07-08,31657,31832,31833,31284,25970,-0.5,31817.0,32018.0,23880.0,31283.714285714286,30129.533333333333,474.478560908634,997.916993760745,-0.006277718783184505,0.038163483674329646,549,175,437.0,194.0,2016,7,4,8
2016-07-11,31524,31750,31888,31482,15150,-0.42,31657.0,31817.0,25970.0,31379.571428571428,30231.766666666666,472.08186336090995,991.8417797671374,-0.005028758211019224,-0.006277718783184505,406,226,549.0,175.0,2016,7,0,11
2016-07-12,31001,31561,31577,30951,22100,-1.66,31524.0,31657.0,15150.0,31475.714285714286,30329.566666666666,411.0830063323713,968.7581344113621,-0.004201282496762215,-0.005028758211019224,626,560,406.0,226.0,2016,7,1,12
2016-07-13,31225,31120,31260,31064,16800,0.72,31001.0,31524.0,22100.0,31464.85714285714,30409.266666666666,424.16405182094985,919.5131370432235,-0.01659053419616796,-0.004201282496762215,196,-105,626.0,560.0,2016,7,2,13
2016-07-14,30895,31199,31199,30711,26760,-1.06,31225.0,31001.0,16800.0,31440.428571428572,30495.9,433.60960057903304,866.6194467682449,0.007225573368601079,-0.01659053419616796,488,304,196.0,-105.0,2016,7,3,14
2016-07-15,30922,30822,31038,30782,24110,0.09,30895.0,31225.0,26760.0,31448.14285714286,30573.933333333334,421.4785200424402,787.5207247772412,-0.010568454763811075,0.007225573368601079,256,-100,488.0,304.0,2016,7,4,15
2016-07-18,30950,30850,31028,30810,17940,0.09,30922.0,30895.0,24110.0,31291.571428571428,30630.8,375.5777137259923,746.6160625296162,0.0008739278200355916,-0.010568454763811075,218,-100,256.0,-100.0,2016,7,0,18
2016-07-19,31021,31000,31041,30871,13330,0.23,30950.0,30922.0,17940.0,31167.714285714286,30684.833333333332,310.7955996502042,706.7469958136285,0.0009055041717871415,0.0008739278200355916,170,-21,218.0,-100.0,2016,7,1,19
2016-07-20,30666,31045,31050,30631,19820,-1.14,31021.0,30950.0,13330.0,31076.85714285714,30744.233333333334,225.05660663598022,653.9527391617065,0.002294022617124414,0.0009055041717871415,419,379,170.0,-21.0,2016,7,2,20
2016-07-21,30940,30611,30970,30553,21330,0.89,30666.0,31021.0,19820.0,30954.285714285714,30783.4,167.1343913200767,610.0163140834012,-0.011443860610554135,0.002294022617124414,417,-329,419.0,379.0,2016,7,3,21
2016-07-22,30794,30939,30939,30730,14220,-0.47,30940.0,30666.0,21330.0,30945.571428571428,30822.833333333332,165.87832603341207,578.8172889803884,0.008934976847322806,-0.011443860610554135,209,145,417.0,-329.0,2016,7,4,22
2016-07-25,30814,30701,30849,30620,14750,0.06,30794.0,30940.0,14220.0,30884.0,30854.266666666666,117.93359713568543,549.0613892772068,-0.004718810601163526,0.008934976847322806,229,-113,209.0,145.0,2016,7,0,25
2016-07-26,30822,30796,30880,30711,14210,0.03,30814.0,30794.0,14750.0,30872.428571428572,30875.366666666665,120.61765645065432,534.2594283503295,0.0006494771708773772,-0.004718810601163526,169,-26,229.0,-113.0,2016,7,1,26
2016-07-27,30878,30786,30930,30690,14320,0.18,30822.0,30814.0,14210.0,30858.14285714286,30890.866666666665,119.68629630763421,525.37334727087,0.0002596222496267231,0.0006494771708773772,240,-92,169.0,-26.0,2016,7,2,27
2016-07-28,30795,30928,31180,30740,18990,-0.27,30878.0,30822.0,14320.0,30847.85714285714,30911.4,113.40550923054407,511.8102153643783,0.0018168840438648193,0.0002596222496267231,440,133,240.0,-92.0,2016,7,3,28
2016-07-29,31099,30943,31139,30812,16740,0.99,30795.0,30878.0,18990.0,30815.571428571428,30924.833333333332,84.34424924665926,502.91907097825236,-0.0026879979273268795,0.0018168840438648193,327,-156,440.0,133.0,2016,7,4,29
2016-08-01,31011,31000,31118,30950,5270,-0.28,31099.0,30795.0,16740.0,30877.428571428572,30949.033333333333,110.95022479013397,492.8154500578228,0.009871732424094892,-0.0026879979273268795,168,-11,327.0,-156.0,2016,8,0,1
2016-08-02,31282,31000,31322,30993,1240,0.87,31011.0,31099.0,5270.0,30887.571428571428,30966.8,120.46141449020519,484.79084718756974,-0.0028296729798386044,0.009871732424094892,329,-282,168.0,-11.0,2016,8,1,2
2016-08-03,31199,31302,31439,31158,350,-0.27,31282.0,31011.0,1240.0,30957.285714285714,31007.133333333335,182.51183914639176,457.3357427632248,0.008738834607074919,-0.0028296729798386044,281,103,329.0,-282.0,2016,8,2,3
2016-08-04,31317,31105,31360,31072,60,0.38,31199.0,31282.0,350.0,31012.285714285714,31050.5,189.99273169061945,407.50458004568554,-0.0026532830381689188,0.008738834607074919,288,-212,281.0,103.0,2016,8,3,4
2016-08-05,30779,31310,31380,30738,430,-1.72,31317.0,31199.0,60.0,31083.0,31104.866666666665,199.25778947557015,318.19693894443134,0.0037821725055289246,-0.0026532830381689188,642,531,288.0,-212.0,2016,8,4,5
2016-08-08,30998,31031,31031,30863,11130,0.71,30779.0,31317.0,430.0,31068.85714285714,31093.133333333335,218.78941821722952,323.6433470527993,-0.017179167864099343,0.0037821725055289246,168,33,642.0,531.0,2016,8,0,8
2016-08-09,31133,30942,31165,30891,12600,0.44,30998.0,30779.0,11130.0,31097.85714285714,31085.8,187.68273635002535,323.2086333767103,0.0071152409110106785,-0.017179167864099343,274,-191,168.0,33.0,2016,8,1,9
2016-08-10,31219,31180,31385,31120,14450,0.28,31133.0,30998.0,12600.0,31102.714285714286,31090.266666666666,188.15659638165292,322.8934844471712,0.004355119685141018,0.0071152409110106785,265,-39,274.0,-191.0,2016,8,2,10
2016-08-11,31171,31160,31316,31082,14960,-0.15,31219.0,31133.0,14450.0,31132.428571428572,31098.033333333333,187.6822289073787,323.10118873273075,0.0027623422092313277,0.004355119685141018,234,-11,265.0,-39.0,2016,8,3,11
2016-08-12,31080,31100,31400,30990,19750,-0.29,31171.0,31219.0,14960.0,31116.571428571428,31108.7,177.34322385600788,319.93115099798166,-0.0015375252250232618,0.0027623422092313277,410,20,234.0,-11.0,2016,8,4,12
2016-08-16,31349,31120,31440,31120,16050,0.87,31080.0,31171.0,19750.0,31099.571428571428,31108.8,173.79284329619563,319.9213696491744,-0.002919380193128207,-0.0015375252250232618,320,-229,410.0,20.0,2016,8,1,16
2016-08-17,31314,31265,31349,31185,10410,-0.11,31349.0,31080.0,16050.0,31104.14285714286,31107.233333333334,180.74699496948642,318.57870605802606,0.008655083655083606,-0.002919380193128207,164,-49,320.0,-229.0,2016,8,2,17
2016-08-18,31411,31400,31447,31302,9810,0.31,31314.0,31349.0,10410.0,31180.571428571428,31123.0,124.79964896173817,316.64698063365313,-0.0011164630450731794,0.008655083655083606,145,-11,164.0,-49.0,2016,8,3,18
2016-08-19,31365,31341,31466,31252,16520,-0.15,31411.0,31314.0,9810.0,31239.571428571428,31102.766666666666,121.68793030112433,274.00801439667174,0.003097656000510929,-0.0011164630450731794,214,-24,145.0,-11.0,2016,8,4,19
2016-08-22,31395,31310,31428,31191,12100,0.1,31365.0,31411.0,16520.0,31272.714285714286,31087.7,119.39669772899595,244.18466019684226,-0.0014644551271847384,0.003097656000510929,237,-85,214.0,-24.0,2016,8,0,22
2016-08-23,31373,31372,31414,31285,10230,-0.07,31395.0,31365.0,12100.0,31297.85714285714,31078.966666666667,124.6173189829288,227.2171198211439,0.0009564801530368428,-0.0014644551271847384,129,-1,237.0,-85.0,2016,8,1,23
2016-08-24,31049,31319,31364,31000,13550,-1.03,31373.0,31395.0,10230.0,31326.714285714286,31073.933333333334,113.21176953797927,218.52498213174314,-0.0007007485268354374,0.0009564801530368428,364,270,129.0,-1.0,2016,8,2,24
2016-08-25,30945,31042,31062,30884,9050,-0.33,31049.0,31373.0,13550.0,31322.285714285714,31075.533333333333,124.5133383561267,218.1479620187176,-0.010327351544321517,-0.0007007485268354374,178,97,364.0,270.0,2016,8,3,25
2016-08-26,31023,30967,31335,30941,17460,0.25,30945.0,31049.0,9050.0,31264.571428571428,31066.2,187.67690067676628,217.52152489510328,-0.0033495442687364596,-0.010327351544321517,394,-56,178.0,97.0,2016,8,4,26
2016-08-29,31077,31000,31115,30876,9590,0.17,31023.0,30945.0,17460.0,31223.0,31070.466666666667,206.21671448588373,215.29157988041052,0.002520601066408057,-0.0033495442687364596,239,-77,394.0,-56.0,2016,8,0,29
2016-08-30,30840,31069,31069,30820,7240,-0.76,31077.0,31023.0,9590.0,31175.285714285714,31075.633333333335,193.72980693548118,213.4578183845032,0.0017406440382941035,0.002520601066408057,249,229,239.0,-77.0,2016,8,1,30
2016-08-31,30746,30891,30906,30711,6820,-0.3,30840.0,31077.0,7240.0,31100.285714285714,31071.966666666667,209.06036949948503,216.61175873570542,-0.0076262187469833265,0.0017406440382941035,195,145,249.0,229.0,2016,8,2,31
2016-09-01,30710,30757,30822,30611,1250,-0.12,30746.0,30840.0,6820.0,31007.571428571428,31062.8,200.3029847863276,224.5174749352758,-0.0030479896238650994,-0.0076262187469833265,211,47,195.0,145.0,2016,9,3,1
2016-09-02,30900,30800,30971,30610,280,0.62,30710.0,30746.0,1250.0,30912.85714285714,31064.266666666666,148.8527556250535,221.96519350119888,-0.0011708840174331492,-0.0030479896238650994,361,-100,211.0,47.0,2016,9,4,2
2016-09-05,31025,31000,31060,30960,2480,0.4,30900.0,30710.0,280.0,30891.571428571428,31062.933333333334,136.26060465513163,222.85574943684827,0.006186909801367602,-0.0011708840174331492,100,-25,361.0,-100.0,2016,9,0,5
2016-09-06,31401,31055,31431,30968,14610,1.21,31025.0,30900.0,2480.0,30903.0,31070.633333333335,144.58907289290332,217.1612277782612,0.004045307443365731,0.006186909801367602,463,-346,100.0,-25.0,2016,9,1,6
2016-09-07,31336,31444,31482,31280,12680,-0.21,31401.0,31025.0,14610.0,30957.0,31090.2,237.5668327019313,219.67113350674143,0.01211925866236907,0.004045307443365731,202,108,463.0,-346.0,2016,9,2,7
2016-09-08,31239,31313,31410,31188,12940,-0.31,31336.0,31401.0,12680.0,30994.0,31107.333333333332,276.3711272908697,218.07043046516202,-0.002069997770771659,0.01211925866236907,222,74,202.0,108.0,2016,9,3,8
2016-09-09,31261,31256,31335,31166,11470,0.07,31239.0,31336.0,12940.0,31051.0,31119.366666666665,280.4318098932863,214.91658098246094,-0.003095481235639519,-0.002069997770771659,169,-5,222.0,74.0,2016,9,4,9
2016-09-12,31087,31332,31332,31041,14030,-0.56,31261.0,31239.0,11470.0,31124.571428571428,31134.9,253.32380934482683,207.37212095965026,0.0007042478952590248,-0.003095481235639519,291,245,169.0,-5.0,2016,9,0,12
2016-09-13,31141,31130,31218,31087,7060,0.17,31087.0,31261.0,14030.0,31178.428571428572,31134.5,179.94245111786648,207.45531301013105,-0.005566040753654744,0.0007042478952590248,131,-11,291.0,245.0,2016,9,1,13
2016-09-14,31100,31100,31159,31066,8480,-0.13,31141.0,31087.0,7060.0,31212.85714285714,31138.833333333332,135.31251305956638,206.14024073468516,0.0017370605076076906,-0.005566040753654744,93,0,131.0,-11.0,2016,9,2,14
2016-09-15,30950,31149,31249,30850,17170,-0.48,31100.0,31141.0,8480.0,31223.571428571428,31132.766666666666,120.06922606412462,204.45279082893643,-0.0013165922738511693,0.0017370605076076906,399,199,93.0,0.0,2016,9,3,15
2016-09-16,30851,30930,30961,30831,8840,-0.32,30950.0,31100.0,17170.0,31159.14285714286,31124.466666666667,129.61665089986286,206.71298331465593,-0.004823151125401881,-0.0013165922738511693,130,79,399.0,199.0,2016,9,4,16
2016-09-19,30936,30941,31010,30915,8320,0.28,30851.0,30950.0,8840.0,31089.85714285714,31108.933333333334,147.68934578081692,209.2394986986792,-0.0031987075928917585,-0.004823151125401881,95,5,130.0,79.0,2016,9,0,19
2016-09-20,30892,30989,31027,30847,10830,-0.14,30936.0,30851.0,8320.0,31046.571428571428,31114.166666666668,140.94071702070295,202.5596690849684,0.002755178114161705,-0.0031987075928917585,180,97,95.0,5.0,2016,9,1,20
2016-09-21,31207,30948,31235,30800,18510,1.02,30892.0,30936.0,10830.0,30993.85714285714,31110.633333333335,113.75914405958197,205.5581943488272,-0.0014222911817947104,0.002755178114161705,435,-259,180.0,97.0,2016,9,2,21
2016-09-22,31335,31284,31373,31181,13720,0.41,31207.0,30892.0,18510.0,31011.0,31113.1,136.83566786487089,206.27857795641324,0.010196814709309887,-0.0014222911817947104,192,-51,435.0,-259.0,2016,9,3,22
2016-09-23,31288,31271,31334,31220,9700,-0.15,31335.0,31207.0,13720.0,31038.714285714286,31116.966666666667,180.29763751991422,209.395761793435,0.004101643861954107,0.010196814709309887,114,-17,192.0,-51.0,2016,9,4,23
2016-09-26,31351,31251,31369,31224,9620,0.2,31288.0,31335.0,9700.0,31065.571428571428,31120.866666666665,203.4624102407509,211.51566882976027,-0.0014999202170097314,0.004101643861954107,145,-100,114.0,-17.0,2016,9,0,26
2016-09-27,31003,31290,31290,30986,13080,-1.11,31351.0,31288.0,9620.0,31122.85714285714,31129.9,221.1797372963833,215.4602691583466,0.0020135515213499655,-0.0014999202170097314,304,287,145.0,-100.0,2016,9,1,27
2016-09-28,30963,31002,31051,30882,8990,-0.13,31003.0,31351.0,13080.0,31144.571428571428,31118.366666666665,196.07894425708358,212.56876912843288,-0.011100124397945832,0.0020135515213499655,169,39,304.0,287.0,2016,9,2,28
2016-09-29,31224,30951,31243,30950,12640,0.84,30963.0,31003.0,8990.0,31148.428571428572,31106.666666666668,191.50444480735274,211.08412007232906,-0.0012901977228010342,-0.011100124397945832,293,-273,169.0,39.0,2016,9,3,29
2016-09-30,30814,31119,31287,30767,9470,-1.31,31224.0,30963.0,12640.0,31195.85714285714,31100.433333333334,155.05528967810395,204.4438517180961,0.008429415754287461,-0.0012901977228010342,520,305,293.0,-273.0,2016,9,4,30
2016-10-03,30749,30841,31000,30695,1890,-0.21,30814.0,31224.0,9470.0,31139.714285714286,31082.066666666666,211.29735310361025,204.60642342148782,-0.013130924929541377,0.008429415754287461,305,92,520.0,305.0,2016,10,0,3
2016-10-04,30068,30705,30872,30030,230,-2.21,30749.0,30814.0,1890.0,31056.0,31060.533333333333,235.70603160156378,204.53019898890076,-0.00210943077821768,-0.013130924929541377,842,637,305.0,92.0,2016,10,1,4
2016-10-05,30004,30215,30350,29925,70,-0.21,30068.0,30749.0,230.0,30881.714285714286,31017.033333333333,416.94032917825245,265.47712198689516,-0.02214706169306324,-0.00210943077821768,425,211,842.0,637.0,2016,10,2,5
2016-10-06,29615,29861,29982,29582,14160,-1.3,30004.0,30068.0,70.0,30689.285714285714,30982.2,471.5201354081051,323.3807833407568,-0.0021285087135825,-0.02214706169306324,400,246,425.0,211.0,2016,10,3,6
2016-10-07,29591,29700,29898,29355,19550,-0.08,29615.0,30004.0,14160.0,30491.0,30937.866666666665,593.6384983023885,408.5958911913519,-0.012964938008265592,-0.0021285087135825,543,109,400.0,246.0,2016,10,4,7
2016-10-10,29662,29700,29900,29634,10710,0.24,29591.0,29615.0,19550.0,30295.0,30890.133333333335,636.75531669032,476.33715481482477,-0.0008104001350667245,-0.012964938008265592,266,38,543.0,109.0,2016,10,0,10
2016-10-11,29712,29611,29776,29611,3930,0.17,29662.0,29591.0,10710.0,30071.85714285714,30842.966666666667,519.9107066191349,524.7878706630136,0.0023993781893143495,-0.0008104001350667245,165,-101,266.0,38.0,2016,10,1,11
2016-10-12,29662,29680,29742,29579,4850,-0.17,29712.0,29662.0,3930.0,29914.428571428572,30805.366666666665,413.73858781565247,563.9555792807811,0.0016856584181781376,0.0023993781893143495,163,18,165.0,-101.0,2016,10,2,12
2016-10-13,29697,29700,29873,29682,10060,0.12,29662.0,29712.0,4850.0,29759.14285714286,30769.233333333334,193.8611432371626,601.3755888379592,-0.0016828217555197034,0.0016856584181781376,191,3,163.0,18.0,2016,10,3,13
2016-10-14,29638,29748,29749,29454,11880,-0.2,29697.0,29662.0,10060.0,29706.14285714286,30735.466666666667,138.0210473945491,632.4526823422689,0.001179960892724763,-0.0016828217555197034,295,110,191.0,3.0,2016,10,4,14
2016-10-17,29675,29651,29707,29584,6550,0.12,29638.0,29697.0,11880.0,29653.85714285714,30693.4,42.98615502566264,662.3929763909424,-0.0019867326665993224,0.001179960892724763,123,-24,295.0,110.0,2016,10,0,17
2016-10-18,29773,29700,29830,29671,11120,0.33,29675.0,29638.0,6550.0,29662.428571428572,30648.4,39.81146042326015,684.5738468008999,0.0012483973277548355,-0.0019867326665993224,159,-73,123.0,-24.0,2016,10,1,18
2016-10-19,29883,29760,29969,29740,10190,0.37,29773.0,29675.0,11120.0,29688.428571428572,30594.133333333335,44.5378383815185,687.3781137510995,0.0033024431339512272,0.0012483973277548355,229,-123,159.0,-73.0,2016,10,2,19
2016-10-20,29891,29950,30049,29857,10010,0.03,29883.0,29773.0,10190.0,29720.0,30545.7,83.74962686530405,684.4867772831849,0.003694622644678125,0.0033024431339512272,192,59,229.0,-123.0,2016,10,3,20
2016-10-21,29936,29835,29960,29800,7310,0.15,29891.0,29883.0,10010.0,29745.571428571428,30500.766666666666,105.42273180405068,681.6445470370988,0.0002677107385469224,0.003694622644678125,160,-101,192.0,59.0,2016,10,4,21
2016-10-24,29820,29910,29980,29766,12860,-0.39,29936.0,29891.0,7310.0,29784.714285714286,30456.6,119.18992447062178,673.5655306928952,0.0015054698738750094,0.0002677107385469224,214,90,160.0,-101.0,2016,10,0,24
2016-10-25,30034,29852,30090,29716,8200,0.72,29820.0,29936.0,12860.0,29802.285714285714,30414.366666666665,113.00990264269606,672.3958954585918,-0.003874933190807006,0.0015054698738750094,374,-182,214.0,90.0,2016,10,1,25
2016-10-26,29913,30053,30151,29880,8050,-0.4,30034.0,29820.0,8200.0,29858.85714285714,30377.466666666667,116.13702908151244,661.4301502636862,0.00717639168343398,-0.003874933190807006,271,140,374.0,-182.0,2016,10,2,26
2016-10-27,30054,29910,30080,29910,5850,0.47,29913.0,30034.0,8050.0,29892.85714285714,30337.9,83.62899929975323,652.1559655848921,-0.004028767396950128,0.00717639168343398,170,-144,271.0,140.0,2016,10,3,27
2016-10-28,30131,30045,30181,29710,12750,0.26,30054.0,29913.0,5850.0,29933.0,30308.033333333333,83.94839684829998,643.6181928446482,0.004713669641961626,-0.004028767396950128,471,-86,170.0,-144.0,2016,10,4,28
2016-10-30,30151,30120,30160,30113,940,0.07,30131.0,30054.0,12750.0,29968.428571428572,30284.033333333333,108.16785897090614,636.0528867258901,0.0025620549677247695,0.004713669641961626,47,-31,471.0,-86.0,2016,10,6,30
2016-10-31,30057,30155,30155,30001,2100,-0.31,30151.0,30131.0,940.0,30005.571428571428,30257.866666666665,121.02459411629582,624.3460431594751,0.0006637682121404254,0.0025620549677247695,154,98,47.0,-31.0,2016,10,0,31
2016-11-01,30329,30073,30385,30062,2260,0.9,30057.0,30151.0,2100.0,30022.85714285714,30230.033333333333,118.03591059731274,613.6216110999488,-0.003117641205930166,0.0006637682121404254,323,-256,154.0,98.0,2016,11,1,1
2016-11-02,30759,30489,30804,30425,870,1.42,30329.0,30057.0,2260.0,30095.571428571428,30200.766666666666,128.55330560124918,585.7222881624705,0.009049472668596348,-0.003117641205930166,379,-270,323.0,-256.0,2016,11,2,2
2016-11-03,30674,30663,30700,30300,330,-0.28,30759.0,30329.0,870.0,30199.14285714286,30181.566666666666,277.0116896279387,555.9436639363493,0.014177849582907465,0.009049472668596348,400,-11,379.0,-270.0,2016,11,3,3
2016-11-04,30689,30566,30770,30550,150,0.05,30674.0,30759.0,330.0,30307.85714285714,30161.1,294.7577697995173,524.202405630379,-0.0027634188367632317,0.014177849582907465,220,-123,400.0,-11.0,2016,11,4,4
2016-11-07,30118,30515,30515,30070,13030,-1.86,30689.0,30674.0,150.0,30398.571428571428,30139.033333333333,301.2517536009631,484.84142329924754,0.0004890134967725501,-0.0027634188367632317,445,397,220.0,-123.0,2016,11,0,7
2016-11-08,29899,30149,30400,29766,19270,-0.73,30118.0,30689.0,13030.0,30396.714285714286,30109.533333333333,303.2098911567277,456.5599052984772,-0.018606015184593816,0.0004890134967725501,634,250,445.0,397.0,2016,11,1,8
2016-11-09,29961,30191,31407,29900,42740,0.21,29899.0,30118.0,19270.0,30360.714285714286,30074.066666666666,348.78107473783194,428.43515852132595,-0.0072713991632910036,-0.018606015184593816,1507,230,634.0,250.0,2016,11,2,9
2016-11-10,29986,30000,30243,29868,15670,0.08,29961.0,29899.0,42740.0,30347.0,30031.966666666667,364.25769266647836,369.54813818568977,0.002073647948091839,-0.0072713991632910036,375,14,1507.0,230.0,2016,11,3,10
2016-11-11,29461,29881,30022,29333,17730,-1.75,29986.0,29961.0,15670.0,30298.0,30004.366666666665,389.2925206919725,338.76514938304,0.0008344180768331544,0.002073647948091839,689,420,375.0,14.0,2016,11,4,11
2016-11-14,29676,29351,29797,29331,9520,0.73,29461.0,29986.0,17730.0,30112.571428571428,29961.433333333334,439.06220407554406,322.3600132781007,-0.017508170479557106,0.0008344180768331544,466,-325,689.0,420.0,2016,11,0,14
2016-11-15,29391,29640,29650,29270,10540,-0.96,29676.0,29461.0,9520.0,29970.0,29948.366666666665,385.0887343631314,325.8176434469882,0.007297783510403555,-0.017508170479557106,380,249,466.0,-325.0,2016,11,1,15
2016-11-16,29463,29519,29590,29387,8170,0.24,29391.0,29676.0,10540.0,29784.571428571428,29927.933333333334,279.0918947485994,341.0730464112462,-0.009603720177921549,0.007297783510403555,203,56,380.0,249.0,2016,11,2,16
2016-11-17,29185,29442,29462,29139,9520,-0.94,29463.0,29391.0,8170.0,29691.0,29922.866666666665,257.648986025724,346.9601719495816,0.002449729509033327,-0.009603720177921549,323,257,203.0,56.0,2016,11,3,17
2016-11-18,29005,29170,29170,28838,11520,-0.62,29185.0,29463.0,9520.0,29589.0,29909.333333333332,299.5112685694659,367.6522282256494,-0.009435563248820555,0.002449729509033327,332,165,323.0,257.0,2016,11,4,18
2016-11-21,29197,29039,29295,29009,7820,0.66,29005.0,29185.0,11520.0,29452.428571428572,29887.433333333334,318.94401658345214,400.95288942714654,-0.006167551824567408,-0.009435563248820555,286,-158,332.0,165.0,2016,11,0,21
2016-11-22,29182,29260,29293,29101,6680,-0.05,29197.0,29005.0,7820.0,29339.714285714286,29870.266666666666,224.33807396132704,419.32679489783396,0.00661954835373213,-0.006167551824567408,192,78,286.0,-158.0,2016,11,1,22
2016-11-23,28885,29241,29254,28767,10850,-1.02,29182.0,29197.0,6680.0,29299.85714285714,29854.266666666666,223.98246104829636,436.3591476603629,-0.0005137514128163989,0.00661954835373213,487,356,192.0,78.0,2016,11,2,23
2016-11-24,28816,28806,28859,28700,7080,-0.24,28885.0,29182.0,10850.0,29186.85714285714,29827.2,200.93483899992162,470.31305788118254,-0.01017750668220141,-0.0005137514128163989,159,-10,487.0,356.0,2016,11,3,24
2016-11-25,28671,28701,28750,28331,13010,-0.5,28816.0,28885.0,7080.0,29104.714285714286,29799.8,220.180769888496,504.42328968057444,-0.002388783105418013,-0.01017750668220141,419,30,159.0,-10.0,2016,11,4,25
2016-11-28,28793,28980,29068,28700,8360,0.43,28671.0,28816.0,13010.0,28991.571428571428,29766.333333333332,208.56961838774805,544.6877202980082,-0.005031926707384837,-0.002388783105418013,368,187,419.0,30.0,2016,11,0,28
2016-11-29,28853,28763,28896,28680,7060,0.21,28793.0,28671.0,8360.0,28935.571428571428,29733.666666666668,200.44605021737618,572.9288535796875,0.00425517073000603,-0.005031926707384837,216,-90,368.0,187.0,2016,11,1,29
2016-11-30,28428,28789,28845,28267,9710,-1.47,28853.0,28793.0,7060.0,28913.85714285714,29699.333333333332,199.90366727652875,594.1405460878078,0.002083839822178968,0.00425517073000603,578,361,216.0,-90.0,2016,11,2,30
2016-12-01,28062,28450,28450,27951,2100,-1.29,28428.0,28853.0,9710.0,28804.0,29650.566666666666,227.73376268529128,636.4040509705541,-0.014729837451911365,0.002083839822178968,499,388,578.0,361.0,2016,12,3,1
2016-12-02,28445,28310,28450,28300,820,1.36,28062.0,28428.0,2100.0,28644.0,29588.1,299.904429221723,696.5506813749616,-0.012874630645842156,-0.014729837451911365,150,-135,499.0,388.0,2016,12,4,2
2016-12-05,28236,28435,28530,27950,460,-0.73,28445.0,28062.0,820.0,28581.14285714286,29542.266666666666,286.79808726225184,725.4055195653553,0.013648350081961302,-0.012874630645842156,580,199,150.0,-135.0,2016,12,0,5
2016-12-06,27944,28151,28192,27911,8660,-1.03,28236.0,28445.0,460.0,28498.285714285714,29482.333333333332,291.38389013244665,756.9665566033221,-0.007347512743891671,0.013648350081961302,281,207,580.0,199.0,2016,12,1,6
2016-12-07,28043,27944,28134,27924,9900,0.35,27944.0,28236.0,8660.0,28394.428571428572,29416.7,344.3171295687089,802.3396026190168,-0.010341408131463337,-0.007347512743891671,210,-99,281.0,207.0,2016,12,2,7
2016-12-08,27896,28022,28063,27875,8560,-0.52,28043.0,27944.0,9900.0,28287.285714285714,29349.666666666668,315.06915340719075,830.7622728692032,0.003542799885485337,-0.010341408131463337,188,126,210.0,-99.0,2016,12,3,8
2016-12-09,27701,27845,27885,27671,8950,-0.7,27896.0,28043.0,8560.0,28150.571428571428,29275.166666666668,222.80324439837585,858.0444921882187,-0.005241949862710871,0.003542799885485337,214,144,188.0,126.0,2016,12,4,9
2016-12-12,27843,27670,27927,27551,8950,0.51,27701.0,27896.0,8950.0,28046.714285714286,29193.5,240.65584990894837,887.8840305602835,-0.006990249498135981,-0.005241949862710871,376,-173,214.0,144.0,2016,12,0,12
2016-12-13,27710,27766,27828,27650,7070,-0.48,27843.0,27701.0,8950.0,28015.428571428572,29119.7,252.29140370039116,905.4743146454265,0.00512616873037075,-0.006990249498135981,178,56,376.0,-173.0,2016,12,1,13
2016-12-14,27746,27750,27826,27713,7060,0.13,27710.0,27843.0,7070.0,27910.428571428572,29032.4,188.62913979848776,911.0970499801966,-0.004776784110907539,0.00512616873037075,113,4,178.0,56.0,2016,12,2,14
2016-12-15,27130,27730,27730,27021,18560,-2.22,27746.0,27710.0,7060.0,27840.428571428572,28931.966666666667,129.24506069654421,879.7317178561718,0.0012991699747384455,-0.004776784110907539,709,600,113.0,4.0,2016,12,3,15
2016-12-16,27308,27140,27414,27101,13480,0.66,27130.0,27746.0,18560.0,27724.14285714286,28813.833333333332,288.54544909017073,875.6799952167898,-0.022201398399769312,0.0012991699747384455,313,-168,709.0,600.0,2016,12,4,16
2016-12-19,27392,27400,27420,27289,7230,0.31,27308.0,27130.0,13480.0,27619.14285714286,28701.133333333335,286.90325231801086,842.9810294970216,0.0065610025801694505,-0.022201398399769312,131,8,313.0,-168.0,2016,12,0,19
2016-12-20,27262,27328,27351,27153,10670,-0.47,27392.0,27308.0,7230.0,27547.14285714286,28610.266666666666,268.4948345697825,831.8344884001092,0.0030760216786289707,0.0065610025801694505,198,66,131.0,8.0,2016,12,1,20
2016-12-21,27103,27282,27336,27081,9460,-0.58,27262.0,27392.0,10670.0,27484.428571428572,28522.366666666665,277.68078624168436,830.2826059523686,-0.004745911214953269,0.0030760216786289707,255,179,198.0,66.0,2016,12,2,21
2016-12-22,27152,27077,27293,26980,11290,0.18,27103.0,27262.0,9460.0,27378.714285714286,28427.1,258.62631619530976,823.4571927403423,-0.005832294035653995,-0.004745911214953269,313,-75,255.0,179.0,2016,12,3,22
2016-12-23,27186,27126,27220,27072,6300,0.13,27152.0,27103.0,11290.0,27299.0,28332.633333333335,223.04483854191236,800.6971739476619,0.0018079179426631065,-0.005832294035653995,148,-60,313.0,-75.0,2016,12,4,23
2016-12-26,27241,27170,27280,27101,3070,0.2,27186.0,27152.0,6300.0,27219.0,28256.8,105.39924098488832,797.8721442816867,0.001252209781968272,0.0018079179426631065,179,-71,148.0,-60.0,2016,12,0,26
2016-12-27,27431,27199,27720,27199,10790,0.7,27241.0,27186.0,3070.0,27234.85714285714,28175.633333333335,97.85776850783428,771.9540580993602,0.0020231001250643477,0.001252209781968272,521,-232,179.0,-71.0,2016,12,1,27
2016-12-28,27539,27575,27590,27441,5900,0.39,27431.0,27241.0,10790.0,27252.428571428572,28110.3,121.39310406475005,748.1192118722801,0.006974780661502811,0.0020231001250643477,149,36,521.0,-232.0,2016,12,2,28
2016-12-29,27810,27580,27837,27580,7750,0.98,27539.0,27431.0,5900.0,27273.428571428572,28046.166666666668,157.0423054927388,709.637648348803,0.003937151398053285,0.006974780661502811,257,-230,149.0,36.0,2016,12,3,29
2016-12-30,27700,27840,27889,27670,8350,-0.4,27810.0,27539.0,7750.0,27351.714285714286,28000.333333333332,255.88129688475667,677.2101661931879,0.009840589709139813,0.003937151398053285,219,140,257.0,-230.0,2016,12,4,30
2017-01-02,27828,27673,27860,27670,1430,0.46,27700.0,27810.0,8350.0,27437.0,27956.833333333332,258.64389934203246,651.8904119523552,-0.003955411722401991,0.009840589709139813,190,-155,219.0,140.0,2017,1,0,2
2017-01-03,28102,27860,28134,27770,960,0.98,27828.0,27700.0,1430.0,27533.571428571428,27911.2,260.68937911072317,608.5592029115091,0.004620938628158822,-0.003955411722401991,364,-242,190.0,-155.0,2017,1,1,3
2017-01-04,28085,28080,28158,27987,720,-0.06,28102.0,27828.0,960.0,27664.428571428572,27875.2,285.830285976015,560.8668414099054,0.009846198073882428,0.004620938628158822,171,-5,364.0,-242.0,2017,1,2,4
2017-01-05,28890,28269,28925,28183,230,2.87,28085.0,28102.0,720.0,27785.0,27848.533333333333,253.64673596725314,529.3315064099107,-0.0006049391502384038,0.009846198073882428,742,-621,171.0,-5.0,2017,1,3,5
2017-01-06,27960,28001,28099,27870,12120,-3.22,28890.0,28085.0,230.0,27993.428571428572,27851.0,443.0259048646267,534.1458537735479,0.02866298735980055,-0.0006049391502384038,229,41,742.0,-621.0,2017,1,4,6
2017-01-09,28124,28080,28150,27903,9480,0.59,27960.0,28890.0,12120.0,28053.571428571428,27827.3,397.26643332628333,511.8146317187569,-0.03219106957424711,0.02866298735980055,247,-44,229.0,41.0,2017,1,0,9
2017-01-10,28210,28132,28326,28083,11750,0.31,28124.0,27960.0,9480.0,28098.428571428572,27805.0,382.6381480996355,481.99327509977763,0.005865522174534954,-0.03219106957424711,243,-78,247.0,-44.0,2017,1,1,10
2017-01-11,28353,28234,28399,28155,13180,0.51,28210.0,28124.0,11750.0,28171.285714285714,27783.566666666666,340.3472316552645,446.79499914882814,0.0030578865026311686,0.005865522174534954,244,-119,243.0,-78.0,2017,1,2,11
2017-01-12,28463,28398,28565,28392,12930,0.39,28353.0,28210.0,13180.0,28246.285714285714,27781.066666666666,308.44162834384167,443.2606404840528,0.005069124423963123,0.0030578865026311686,173,-65,244.0,-119.0,2017,1,3,12
2017-01-13,28440,28469,28482,28301,11160,-0.08,28463.0,28353.0,12930.0,28297.85714285714,27794.433333333334,310.4692301296603,457.8310698344741,0.003879660000705387,0.005069124423963123,181,29,173.0,-65.0,2017,1,4,13
2017-01-16,28601,28564,28691,28557,8010,0.57,28440.0,28463.0,11160.0,28348.571428571428,27794.266666666666,298.67477136138984,457.5869190719717,-0.0008080666127955327,0.003879660000705387,134,-37,181.0,29.0,2017,1,0,16
2017-01-17,28797,28620,28824,28620,13350,0.69,28601.0,28440.0,8010.0,28307.285714285714,27806.433333333334,221.31554719163356,474.2848469980718,0.005661040787622973,-0.0008080666127955327,204,-177,134.0,-37.0,2017,1,1,17
2017-01-18,28852,28830,28875,28736,9250,0.19,28797.0,28601.0,13350.0,28426.85714285714,27834.866666666665,228.40565417103807,507.24004610030795,0.0068529072410055125,0.005661040787622973,139,-22,204.0,-177.0,2017,1,2,18
2017-01-19,28588,28738,28738,28515,12640,-0.92,28852.0,28797.0,9250.0,28530.85714285714,27861.833333333332,233.21194121220114,539.1854062369208,0.0019099211723443421,0.0068529072410055125,223,150,139.0,-22.0,2017,1,3,19
2017-01-20,28685,28680,28790,28583,11510,0.34,28588.0,28852.0,12640.0,28584.85714285714,27884.9,185.39635790371238,555.2599484429317,-0.009150145570497759,0.0019099211723443421,207,-5,223.0,150.0,2017,1,4,20
2017-01-23,28876,28798,28920,28781,9610,0.67,28685.0,28588.0,11510.0,28632.285714285714,27917.7,156.39449509298137,572.8079746844347,0.0033930320414159443,-0.009150145570497759,139,-78,207.0,-5.0,2017,1,0,23
2017-01-24,28815,28863,28875,28780,6700,-0.21,28876.0,28685.0,9610.0,28691.285714285714,27952.133333333335,159.75367944240517,598.6291658121328,0.006658532333972511,0.0033930320414159443,95,48,139.0,-78.0,2017,1,1,24
2017-01-25,28472,28750,28750,28322,11580,-1.19,28815.0,28876.0,6700.0,28744.85714285714,27988.966666666667,119.16295365572503,616.9323152576798,-0.0021124809530406186,0.006658532333972511,428,278,95.0,48.0,2017,1,2,25
2017-01-27,28449,28387,28480,28171,10480,-0.08,28472.0,28815.0,11580.0,28726.428571428572,28013.166666666668,150.87396190562524,621.2967020305399,-0.01190352247093529,-0.0021124809530406186,309,-62,428.0,278.0,2017,1,4,27
2017-01-30,28642,28479,28688,28420,7210,0.68,28449.0,28472.0,10480.0,28676.714285714286,28057.133333333335,178.54197852434484,603.0455311530588,-0.0008078111829165069,-0.01190352247093529,268,-163,309.0,-62.0,2017,1,0,30
2017-01-31,29172,28700,29233,28700,7610,1.85,28642.0,28449.0,7210.0,28646.714285714286,28101.6,160.95725549160153,595.0312422976929,0.0067840697388308335,-0.0008078111829165069,533,-472,268.0,-163.0,2017,1,1,31
2017-02-01,28981,29155,29463,28811,4270,-0.65,29172.0,28642.0,7610.0,28730.14285714286,28160.933333333334,251.39572296273667,610.3818439323713,0.01850429439284973,0.0067840697388308335,652,174,533.0,-472.0,2017,2,2,1
2017-02-02,29064,29150,29175,28950,380,0.29,28981.0,29172.0,4270.0,28772.428571428572,28218.233333333334,266.94996856046197,603.7338808204735,-0.006547374194432964,0.01850429439284973,225,86,652.0,174.0,2017,2,3,2
2017-02-03,29166,29030,29494,28900,240,0.35,29064.0,28981.0,380.0,28799.285714285714,28283.6,287.7532011325844,584.6819117528782,0.0028639453435008733,-0.006547374194432964,594,-136,225.0,86.0,2017,2,4,3
2017-02-06,29202,28965,29224,28965,10160,0.12,29166.0,29064.0,240.0,28849.428571428572,28350.733333333334,319.7508702846045,565.5830030449023,0.0035094962840627186,0.0028639453435008733,259,-237,594.0,-136.0,2017,2,0,6
2017-02-07,29348,29250,29370,29215,11600,0.5,29202.0,29166.0,10160.0,28953.714285714286,28417.933333333334,294.1568256821136,541.6837054790886,0.0012343139271755454,0.0035094962840627186,155,-98,259.0,-237.0,2017,2,1,7
2017-02-08,29371,29325,29445,29258,10850,0.08,29348.0,29202.0,11600.0,29082.14285714286,28488.166666666668,225.25424788583007,519.982962806602,0.004999657557701598,0.0012343139271755454,187,-46,155.0,-98.0,2017,2,2,8
2017-02-09,29115,29349,29419,29080,12950,-0.87,29371.0,29348.0,10850.0,29186.285714285714,28552.833333333332,140.37415988007115,504.37486629198077,0.0007836990595611049,0.004999657557701598,339,234,187.0,-46.0,2017,2,3,9
2017-02-10,29195,29050,29222,28875,11840,0.27,29115.0,29371.0,12950.0,29178.14285714286,28605.366666666665,142.97019336423745,476.4381845298299,-0.008716080487555788,0.0007836990595611049,347,-145,339.0,234.0,2017,2,4,10
2017-02-13,29057,29116,29199,28981,8230,-0.47,29195.0,29115.0,11840.0,29208.714285714286,28651.533333333333,113.66575896915977,463.64096791197113,0.002747724540614893,-0.008716080487555788,218,59,347.0,-145.0,2017,2,0,13
2017-02-14,29027,29088,29210,28977,11120,-0.1,29057.0,29195.0,8230.0,29207.714285714286,28696.766666666666,115.17192118177859,432.7749820141842,-0.004726836787121047,0.002747724540614893,233,61,218.0,59.0,2017,2,1,14
2017-02-15,29138,29030,29166,28880,11100,0.38,29027.0,29057.0,11120.0,29187.85714285714,28736.733333333334,134.00550806070257,404.1982215432808,-0.0010324534535568475,-0.004726836787121047,286,-108,233.0,61.0,2017,2,2,15
2017-02-16,29377,29186,29438,29173,12510,0.82,29138.0,29027.0,11100.0,29178.714285714286,28771.266666666666,135.0588936798898,392.176150898074,0.003824025906914219,-0.0010324534535568475,265,-191,286.0,-108.0,2017,2,3,16
2017-02-17,29359,29327,29412,29290,9650,-0.06,29377.0,29138.0,12510.0,29182.85714285714,28814.333333333332,141.41243294211162,385.09159979123746,0.008202347450065206,0.003824025906914219,122,-32,265.0,-191.0,2017,2,4,17
2017-02-20,29324,29330,29356,29189,5980,-0.12,29359.0,29377.0,9650.0,29181.14285714286,28829.966666666667,138.80013036956146,397.58646713697635,-0.0006127242400517652,0.008202347450065206,167,6,122.0,-32.0,2017,2,0,20
2017-02-21,29314,29230,29334,29088,10550,-0.03,29324.0,29359.0,5980.0,29211.0,28875.433333333334,144.56025272113163,371.8261257845834,-0.0011921386968221093,-0.0006127242400517652,246,-84,167.0,6.0,2017,2,1,21
2017-02-22,29223,29285,29349,29190,8980,-0.31,29314.0,29324.0,10550.0,29228.0,28915.1,149.28496240455908,351.8361050652158,-0.00034101759650795316,-0.0011921386968221093,159,62,246.0,-84.0,2017,2,2,22
2017-02-23,29440,29245,29464,29217,12210,0.74,29223.0,29314.0,8980.0,29251.714285714286,28948.866666666665,129.46262560562357,329.7491976232906,-0.0031043187555434004,-0.00034101759650795316,247,-195,159.0,62.0,2017,2,3,23
2017-02-24,29613,29481,29635,29481,6280,0.59,29440.0,29223.0,12210.0,29310.714285714286,28985.1,100.95496402869264,321.6375503466114,0.007425657872223823,-0.0031043187555434004,154,-132,247.0,-195.0,2017,2,4,24
2017-02-27,29732,29575,29757,29532,7870,0.4,29613.0,29440.0,6280.0,29378.571428571428,29023.433333333334,122.79095670182069,325.7700355953786,0.005876358695652284,0.007425657872223823,225,-157,154.0,-132.0,2017,2,0,27
2017-02-28,29592,29705,29705,29532,8540,-0.47,29732.0,29613.0,7870.0,29429.285714285714,29066.5,181.3704443821185,331.3341630228631,0.004018505386147897,0.005876358695652284,173,113,225.0,-157.0,2017,2,1,28
2017-03-01,29529,29455,29595,29118,2230,-0.21,29592.0,29732.0,8540.0,29462.571428571428,29099.533333333333,187.59518219048485,332.7218713550563,-0.004708731333243676,0.004018505386147897,477,-74,173.0,113.0,2017,3,2,1
2017-03-02,29204,29499,29500,29161,430,-1.1,29529.0,29592.0,2230.0,29491.85714285714,29123.933333333334,178.119275179877,336.5886605883031,-0.0021289537712895212,-0.004708731333243676,339,295,477.0,-74.0,2017,3,3,2
2017-03-03,29442,29300,30079,29051,210,0.81,29204.0,29529.0,430.0,29476.14285714286,29135.666666666668,199.94118182756884,332.8973470576262,-0.011006129567543765,-0.0021289537712895212,1028,-142,339.0,295.0,2017,3,4,3
2017-03-06,28979,29100,29218,28960,10370,-1.57,29442.0,29204.0,210.0,29507.428571428572,29164.133333333335,168.37048152139798,320.74210645067393,0.008149568552253017,-0.011006129567543765,258,121,1028.0,-142.0,2017,3,0,6
2017-03-07,28791,28969,28979,28765,10090,-0.65,28979.0,29442.0,10370.0,29441.571428571428,29173.933333333334,262.8122632496714,309.9062075388355,-0.015725833842809567,0.008149568552253017,214,178,258.0,121.0,2017,3,1,7
2017-03-08,28660,28799,28806,28622,9370,-0.46,28791.0,28979.0,10090.0,29324.14285714286,29171.1,344.4200093741251,313.09614585868655,-0.0064874564339694185,-0.015725833842809567,184,139,214.0,178.0,2017,3,2,8
2017-03-09,28491,28610,28639,28440,10850,-0.59,28660.0,28791.0,9370.0,29171.0,29165.933333333334,370.2071492198161,320.3694993157036,-0.004550032996422537,-0.0064874564339694185,199,119,184.0,139.0,2017,3,3,9
2017-03-10,28417,28420,28523,28305,11570,-0.26,28491.0,28660.0,10850.0,29013.714285714286,29166.566666666666,394.611080384262,318.9660757370678,-0.005896720167480773,-0.004550032996422537,218,3,199.0,119.0,2017,3,4,10
2017-03-13,28291,28436,28436,28263,4310,-0.44,28417.0,28491.0,11570.0,28854.85714285714,29165.5,375.9891082517415,321.4919691170174,-0.0025973114316801826,-0.005896720167480773,173,145,218.0,3.0,2017,3,0,13
2017-03-14,28100,28349,28349,28080,10240,-0.68,28291.0,28417.0,4310.0,28724.428571428572,29153.8,392.67452898605023,346.6065442999695,-0.0044339655839814585,-0.0025973114316801826,269,249,173.0,145.0,2017,3,1,14
2017-03-15,28019,28050,28058,27932,10780,-0.29,28100.0,28291.0,10240.0,28532.714285714286,29118.066666666666,300.79933193969936,396.3542418813244,-0.006751263652751804,-0.0044339655839814585,126,31,269.0,249.0,2017,3,2,15
2017-03-16,28436,28090,28594,28090,14140,1.49,28019.0,28100.0,10780.0,28395.571428571428,29086.0,281.6486328407867,443.8901697024546,-0.002882562277580103,-0.006751263652751804,504,-346,126.0,31.0,2017,3,3,16
2017-03-17,28528,28498,28550,28461,7110,0.32,28436.0,28019.0,14140.0,28344.85714285714,29065.066666666666,224.80467712499913,459.4969463206666,0.014882758128412776,-0.002882562277580103,89,-30,504.0,-346.0,2017,3,4,17
2017-03-20,28518,28580,28630,28487,7810,-0.04,28528.0,28436.0,7110.0,28326.0,29043.8,197.88885769575955,469.32346025389324,0.003235335490223701,0.014882758128412776,143,62,89.0,-30.0,2017,3,0,20
2017-03-21,28853,28462,28893,28391,14910,1.17,28518.0,28528.0,7810.0,28329.85714285714,29021.0,201.8641693250079,477.909023227876,-0.0003505328098709626,0.003235335490223701,502,-391,143.0,62.0,2017,3,1,21
2017-03-22,28886,28801,28993,28801,11120,0.11,28853.0,28518.0,14910.0,28392.14285714286,29004.5,283.84938997751703,474.7646059199752,0.011746966827968386,-0.0003505328098709626,192,-85,502.0,-391.0,2017,3,2,22
2017-03-23,28816,28829,28960,28751,11080,-0.24,28886.0,28853.0,11120.0,28477.14285714286,28988.333333333332,333.294878734445,470.08879083024004,0.001143728555089485,0.011746966827968386,209,13,192.0,-85.0,2017,3,3,23
2017-03-24,28809,28750,28840,28714,7950,-0.02,28816.0,28886.0,11080.0,28579.428571428572,28978.366666666665,307.1003403575956,470.48012771485224,-0.0024233192550023874,0.001143728555089485,126,-59,209.0,13.0,2017,3,4,24
2017-03-27,28839,28850,28985,28800,9090,0.1,28809.0,28816.0,7950.0,28692.285714285714,28965.5,189.44191219307743,469.62874185071655,-0.00024292059966690704,-0.0024233192550023874,185,11,126.0,-59.0,2017,3,0,27
2017-03-28,28872,28839,28910,28784,7330,0.11,28839.0,28809.0,9090.0,28749.85714285714,28958.233333333334,157.04078936359397,469.8506500295682,0.0010413412475267503,-0.00024292059966690704,126,-33,185.0,11.0,2017,3,1,28
2017-03-29,28762,28792,28792,28687,6690,-0.38,28872.0,28839.0,7330.0,28799.0,28953.066666666666,126.9934381512062,469.9206046903232,0.001144283782378075,0.0010413412475267503,105,30,126.0,-33.0,2017,3,2,29
2017-03-30,28559,28716,28764,28525,8220,-0.71,28762.0,28872.0,6690.0,28833.85714285714,28940.533333333333,42.16407859707327,469.832305617841,-0.0038099196453310613,0.001144283782378075,239,157,105.0,30.0,2017,3,3,30
2017-03-31,28612,28511,28688,28480,6930,0.19,28559.0,28762.0,8220.0,28791.85714285714,28913.266666666666,110.67885761942217,467.3583084803664,-0.00705792364925939,-0.0038099196453310613,208,-101,239.0,157.0,2017,3,4,31
2017-04-03,28720,28607,28790,28580,1450,0.38,28612.0,28559.0,6930.0,28752.714285714286,28888.366666666665,119.90234121443305,462.66741486892687,0.001855807276165189,-0.00705792364925939,210,-113,208.0,-101.0,2017,4,0,3
2017-04-04,28960,28975,29064,28878,90,0.84,28720.0,28612.0,1450.0,28739.0,28868.233333333334,116.9102219659638,456.1527030563747,0.003774640011184216,0.001855807276165189,186,15,210.0,-113.0,2017,4,1,4
2017-04-05,28617,28803,29019,28535,330,-1.18,28960.0,28720.0,90.0,28760.571428571428,28856.433333333334,142.99866799292235,448.7422794135019,0.008356545961002881,0.003774640011184216,484,186,186.0,15.0,2017,4,2,5
2017-04-06,28697,28878,28991,28675,8810,0.28,28617.0,28960.0,330.0,28728.85714285714,28836.233333333334,147.25989335391742,445.2986354263162,-0.01184392265193368,0.008356545961002881,316,181,484.0,186.0,2017,4,3,6
2017-04-07,28650,28750,28989,28607,13730,-0.16,28697.0,28617.0,8810.0,28703.85714285714,28811.466666666667,133.08071306769847,430.9926580166624,0.0027955411119264806,-0.01184392265193368,382,100,316.0,181.0,2017,4,4,7
2017-04-10,28699,28651,28765,28560,7970,0.17,28650.0,28697.0,13730.0,28687.85714285714,28779.366666666665,131.6503305120817,404.2698384727162,-0.0016378018608217415,0.0027955411119264806,205,-48,382.0,100.0,2017,4,0,10
2017-04-11,29149,28750,29183,28725,13440,1.57,28699.0,28650.0,7970.0,28707.85714285714,28744.933333333334,118.8211941978664,362.12818585193975,0.0017102966841187062,-0.0016378018608217415,458,-399,205.0,-48.0,2017,4,1,11
2017-04-12,29189,29150,29265,29132,9960,0.14,29149.0,28699.0,13440.0,28784.571428571428,28730.166666666668,195.33463350811635,334.36373785940975,0.01567998884978561,0.0017102966841187062,133,-39,458.0,-399.0,2017,4,2,12
2017-04-13,29358,29270,29393,29238,9670,0.58,29189.0,29149.0,9960.0,28851.571428571428,28718.833333333332,243.89332172300993,311.3216634942632,0.0013722597687741978,0.01567998884978561,155,-88,133.0,-39.0,2017,4,3,13
2017-04-17,29392,29389,29433,29325,8039,0.12,29358.0,29189.0,9670.0,28908.428571428572,28723.966666666667,310.6411955634402,320.72498513815367,0.005789852341635537,0.0013722597687741978,108,-3,155.0,-88.0,2017,4,0,17
2017-04-18,29518,29370,29540,29227,13290,0.43,29392.0,29358.0,8039.0,29019.14285714286,28722.3,327.13270934582573,316.9729837284373,0.0011581170379453276,0.005789852341635537,313,-148,108.0,-3.0,2017,4,1,18
2017-04-19,29313,29425,29425,29200,10300,-0.69,29518.0,29392.0,13290.0,29136.428571428572,28740.266666666666,339.3340817656687,345.97408048541445,0.004286880783886726,0.0011581170379453276,225,112,313.0,-148.0,2017,4,2,19
2017-04-20,29308,29250,29350,29220,9340,-0.02,29313.0,29518.0,10300.0,29231.14285714286,28757.666666666668,265.41001524171344,361.39627055038227,-0.006944914967138671,0.004286880783886726,130,-58,225.0,112.0,2017,4,3,20
2017-04-21,29432,29282,29460,29240,8980,0.42,29308.0,29313.0,9340.0,29318.14285714286,28779.266666666666,124.09865507170568,374.4854799755915,-0.00017057278340670834,-0.006944914967138671,220,-150,130.0,-58.0,2017,4,4,21
2017-04-24,29128,29290,29290,28935,12030,-1.03,29432.0,29308.0,8980.0,29358.571428571428,28810.633333333335,104.33576750607715,388.64880728261477,0.004230926709430927,-0.00017057278340670834,355,162,220.0,-150.0,2017,4,0,24
2017-04-25,28827,29090,29090,28802,9720,-1.03,29128.0,29432.0,12030.0,29349.85714285714,28834.333333333332,121.9240591130644,385.48279923447075,-0.010328893721119892,0.004230926709430927,288,263,355.0,162.0,2017,4,1,25
2017-04-26,28757,28800,28837,28671,9060,-0.24,28827.0,29128.0,9720.0,29274.0,28852.2,231.74195419358955,371.60318101144424,-0.010333699533095264,-0.010328893721119892,166,43,288.0,263.0,2017,4,2,26
2017-04-27,28784,28805,28848,28720,7610,0.09,28757.0,28827.0,9060.0,29183.285714285714,28874.1,293.82177947757566,344.0854294481389,-0.00242827904395182,-0.010333699533095264,128,21,166.0,43.0,2017,4,3,27
2017-04-28,28872,28843,28925,28800,6440,0.31,28784.0,28757.0,7610.0,29078.428571428572,28899.6,285.3120263519998,304.61186156612786,0.0009389018325973719,-0.00242827904395182,125,-29,128.0,21.0,2017,4,4,28
2017-05-01,28654,28834,28868,28600,1640,-0.76,28872.0,28784.0,6440.0,29015.428571428572,28914.133333333335,273.320237781773,291.8646040997772,0.003057254030016665,0.0009389018325973719,268,180,125.0,-29.0,2017,5,0,1
2017-05-02,28571,28664,28680,28530,490,-0.29,28654.0,28872.0,1640.0,28922.0,28918.333333333332,268.37598004814095,286.98219737307335,-0.007550568024383475,0.003057254030016665,150,93,268.0,180.0,2017,5,1,2
2017-05-03,28571,28630,28640,28459,90,0.0,28571.0,28654.0,490.0,28799.0,28920.1,177.64759122149982,284.58588788991074,-0.0028966287429329496,-0.007550568024383475,181,59,150.0,93.0,2017,5,2,3
2017-05-04,28060,28400,28482,28025,80,-1.79,28571.0,28571.0,90.0,28719.428571428572,28910.7,121.63724367049034,291.4530955341445,0.0,-0.0028966287429329496,457,340,181.0,59.0,2017,5,3,4
2017-05-05,28184,28136,28382,28135,60,0.44,28060.0,28571.0,80.0,28609.85714285714,28883.166666666668,267.0851478285771,330.2945481015921,-0.017885268279024147,0.0,247,-48,457.0,340.0,2017,5,4,5
2017-05-08,28119,28145,28255,28097,7850,-0.23,28184.0,28060.0,60.0,28528.0,28862.1,300.22380540768404,354.0284763530423,0.004419101924447721,-0.017885268279024147,158,26,247.0,-48.0,2017,5,0,8
2017-05-09,27981,28125,28192,27947,10100,-0.49,28119.0,28184.0,7850.0,28433.0,28839.1,310.7453405391703,379.1213389603217,-0.0023062730627306793,0.004419101924447721,245,144,158.0,26.0,2017,5,1,9
2017-05-10,28007,28060,28146,27981,9280,0.09,27981.0,28119.0,10100.0,28305.714285714286,28810.5,282.1191912922214,410.21665848238143,-0.004907713645577738,-0.0023062730627306793,165,53,245.0,144.0,2017,5,2,10
2017-05-11,28022,27995,28100,27945,9720,0.05,28007.0,27981.0,9280.0,28213.285714285714,28781.666666666668,253.53284750115475,435.373112544103,0.0009292019584719036,-0.004907713645577738,155,-27,165.0,53.0,2017,5,3,11
2017-05-12,28019,28088,28195,27985,9480,-0.01,28022.0,28007.0,9720.0,28134.85714285714,28757.0,204.6325394227784,456.9537817116702,0.0005355803906166301,0.0009292019584719036,210,69,155.0,-27.0,2017,5,4,12
2017-05-15,28008,28049,28157,27996,8760,-0.04,28019.0,28022.0,9480.0,28056.0,28739.0,71.78672115002715,475.28996594084305,-0.00010705873956173839,0.0005355803906166301,161,41,210.0,69.0,2017,5,0,15
2017-05-16,28109,28025,28159,28025,7730,0.36,28008.0,28019.0,8760.0,28048.571428571428,28718.866666666665,73.96137988453204,493.30648886258916,-0.00039259074199649024,-0.00010705873956173839,134,-84,161.0,41.0,2017,5,1,16
2017-05-17,28614,28170,28638,28170,15920,1.8,28109.0,28008.0,7730.0,28037.85714285714,28698.5,53.74144450311206,505.7149087830347,0.003606112539274564,-0.00039259074199649024,468,-444,134.0,-84.0,2017,5,2,17
2017-05-18,28710,28666,28980,28551,23800,0.34,28614.0,28109.0,15920.0,28108.571428571428,28686.966666666667,226.4515085275977,503.4860189362615,0.01796577608595107,0.003606112539274564,429,-44,468.0,-444.0,2017,5,3,18
2017-05-19,28634,28660,28779,28531,13160,-0.26,28710.0,28614.0,23800.0,28212.714285714286,28690.066666666666,310.16216956410284,503.3266529204936,0.003355001048437778,0.01796577608595107,248,26,429.0,-44.0,2017,5,4,19
2017-05-22,28783,28590,28799,28568,9310,0.52,28634.0,28710.0,13160.0,28302.285714285714,28687.966666666667,330.7076827482422,503.4281432361686,-0.002647161267850917,0.003355001048437778,231,-193,248.0,26.0,2017,5,0,22
2017-05-23,28808,28804,28930,28740,12500,0.09,28783.0,28634.0,9310.0,28411.0,28692.4,347.85054261872506,503.6678297832188,0.005203604107005599,-0.002647161267850917,190,-4,231.0,-193.0,2017,5,1,23
2017-05-24,28719,28770,28770,28650,8690,-0.31,28808.0,28783.0,12500.0,28523.714285714286,28696.033333333333,326.8571116385781,504.11003747691205,0.0008685682520932492,0.005203604107005599,120,51,190.0,-4.0,2017,5,2,24
2017-05-25,28638,28769,28770,28600,9930,-0.28,28719.0,28808.0,8690.0,28625.285714285714,28681.7,238.38743974612936,496.84752049356956,-0.0030894196056651113,0.0008685682520932492,170,131,120.0,51.0,2017,5,3,25
2017-05-26,28847,28694,28866,28674,9520,0.73,28638.0,28719.0,9930.0,28700.85714285714,28663.333333333332,75.9439016025602,487.5449640330049,-0.0028204324663114733,-0.0030894196056651113,192,-153,170.0,131.0,2017,5,4,26
2017-05-29,28874,28843,28928,28807,4560,0.09,28847.0,28638.0,9520.0,28734.14285714286,28646.3,82.32340406765336,471.0871615667604,0.007297995670088708,-0.0028204324663114733,121,-31,192.0,-153.0,2017,5,0,29
2017-05-30,28704,28921,28960,28680,9880,-0.59,28874.0,28847.0,4560.0,28757.571428571428,28629.033333333333,96.43453244436044,451.91565304953815,0.0009359725448052636,0.007297995670088708,280,217,121.0,-31.0,2017,5,1,30
2017-05-31,28905,28683,28950,28628,7830,0.7,28704.0,28874.0,9880.0,28767.571428571428,28601.9,84.35808031498293,420.01135863121675,-0.005887649788737237,0.0009359725448052636,322,-222,280.0,217.0,2017,5,2,31
2017-06-01,28749,28877,28877,28712,1770,-0.54,28905.0,28704.0,7830.0,28785.0,28588.3,99.34787365688001,402.4294455188661,0.007002508361203974,-0.005887649788737237,165,128,322.0,-222.0,2017,6,3,1
2017-06-02,28949,28685,29011,28680,310,0.7,28749.0,28905.0,1770.0,28776.571428571428,28569.666666666668,99.57385390299903,380.28912171121755,-0.005396990140114188,0.007002508361203974,331,-264,165.0,128.0,2017,6,4,2
2017-06-05,29111,29045,29180,29045,710,0.56,28949.0,28749.0,310.0,28809.428571428572,28553.566666666666,114.27285642018761,351.6695827083097,0.006956763713520386,-0.005396990140114188,135,-66,331.0,-264.0,2017,6,0,5
2017-06-06,29481,29220,29499,29216,11140,1.27,29111.0,28949.0,710.0,28877.0,28553.0,134.13053343717874,350.72447187550483,0.005596048222736627,0.006956763713520386,283,-261,135.0,-66.0,2017,6,1,6
2017-06-07,29376,29439,29485,29310,9820,-0.36,29481.0,29111.0,11140.0,28967.571428571428,28574.8,262.8179706839441,386.8115820395436,0.012709972175466211,0.005596048222736627,175,63,283.0,-261.0,2017,6,2,7
2017-06-08,29049,29319,29345,28951,12950,-1.11,29376.0,29481.0,9820.0,29039.285714285714,28595.433333333334,299.0254806791183,412.5206522171691,-0.0035616159560394323,0.012709972175466211,394,270,175.0,63.0,2017,6,3,8
2017-06-09,28938,29001,29009,28836,8980,-0.38,29049.0,29376.0,12950.0,29088.571428571428,28604.266666666666,260.5032675055943,419.47626897098144,-0.011131535947712434,-0.0035616159560394323,173,63,394.0,270.0,2017,6,4,9
2017-06-12,28917,28905,28971,28851,7770,-0.07,28938.0,29049.0,8980.0,29093.285714285714,28606.466666666667,256.9012224481948,421.0987871101945,-0.003821129815139934,-0.011131535947712434,120,-12,173.0,63.0,2017,6,0,12
2017-06-13,28862,28907,28916,28711,7710,-0.19,28917.0,28938.0,7770.0,29117.285714285714,28615.233333333334,225.27813496958922,424.8434748949876,-0.0007256894049346707,-0.003821129815139934,205,45,120.0,-12.0,2017,6,1,13
2017-06-14,28946,28890,29025,28802,9370,0.29,28862.0,28917.0,7710.0,29104.85714285714,28624.933333333334,238.14241437414762,427.1146929332532,-0.0019019953660476263,-0.0007256894049346707,223,-56,205.0,45.0,2017,6,2,14
2017-06-15,28686,28890,28890,28640,11430,-0.9,28946.0,28862.0,9370.0,29081.285714285714,28637.433333333334,245.48571871980093,430.95200815550027,0.0029104012195966256,-0.0019019953660476263,250,204,223.0,-56.0,2017,6,3,15
2017-06-16,28616,28697,28718,28600,6780,-0.24,28686.0,28946.0,11430.0,28967.714285714286,28658.3,211.25396586899652,416.95680335256657,-0.008982242796932272,0.0029104012195966256,118,81,250.0,204.0,2017,6,4,16
2017-06-19,28473,28593,28593,28460,7550,-0.5,28616.0,28686.0,6780.0,28859.14285714286,28672.7,153.98098212859233,407.36090496815166,-0.0024402147388969953,-0.008982242796932272,133,120,118.0,81.0,2017,6,0,19
2017-06-20,28475,28470,28530,28420,7690,0.01,28473.0,28616.0,7550.0,28776.85714285714,28684.5,186.15623238905442,395.7299453605836,-0.00499720436119655,-0.0024402147388969953,110,-5,133.0,120.0,2017,6,1,20
2017-06-21,28495,28539,28575,28403,9080,0.07,28475.0,28473.0,7690.0,28710.714285714286,28700.966666666667,201.01883351745326,375.1922250620902,7.024198363358991e-05,-0.00499720436119655,172,44,110.0,-5.0,2017,6,2,21
2017-06-22,28557,28530,28670,28519,7480,0.22,28495.0,28475.0,9080.0,28650.428571428572,28717.233333333334,191.9156560777842,354.05052077956515,0.0007023705004389758,7.024198363358991e-05,151,-27,172.0,44.0,2017,6,3,22
2017-06-23,28648,28596,28782,28596,7100,0.32,28557.0,28495.0,7480.0,28606.85714285714,28735.066666666666,169.1482865928323,330.51609938690433,0.0021758203193542602,0.0007023705004389758,186,-52,151.0,-27.0,2017,6,4,23
2017-06-26,28426,28302,28440,28264,4610,-0.77,28648.0,28557.0,7100.0,28564.285714285714,28756.033333333333,87.2309468903479,302.26883254206825,0.0031866092376651167,0.0021758203193542602,176,-124,186.0,-52.0,2017,6,0,26
2017-06-27,28483,28411,28572,28401,7630,0.2,28426.0,28648.0,4610.0,28527.14285714286,28769.966666666667,81.96224450293353,275.00288190740366,-0.00774923205808431,0.0031866092376651167,171,-72,176.0,-124.0,2017,6,1,27
2017-06-28,28485,28569,28660,28461,7730,0.01,28483.0,28426.0,7630.0,28508.14285714286,28782.433333333334,72.83869981421658,251.47710985597382,0.002005206501090484,-0.00774923205808431,199,84,171.0,-72.0,2017,6,2,28
2017-06-29,28527,28522,28550,28380,7940,0.15,28485.0,28483.0,7730.0,28509.85714285714,28778.133333333335,72.01025059410316,255.52673567277284,7.021732261347502e-05,0.002005206501090484,170,-5,199.0,84.0,2017,6,3,29
2017-06-30,28295,28505,28505,28168,8400,-0.81,28527.0,28485.0,7940.0,28517.285714285714,28772.033333333333,70.48100048041806,259.3648054358116,0.0014744602422327446,7.021732261347502e-05,337,210,170.0,-5.0,2017,6,4,30
2017-07-03,27952,28300,28300,27925,3240,-1.21,28295.0,28527.0,8400.0,28488.714285714286,28760.733333333334,110.30671524762643,272.63148467608994,-0.008132646264942034,0.0014744602422327446,375,348,337.0,210.0,2017,7,0,3
2017-07-04,28043,27956,28169,27956,1260,0.33,27952.0,28295.0,3240.0,28402.285714285714,28733.033333333333,225.1353032335343,309.95244166140293,-0.012122283088884966,-0.008132646264942034,213,-87,375.0,348.0,2017,7,1,4
2017-07-05,28051,28120,28155,27845,900,0.03,28043.0,27952.0,1260.0,28315.85714285714,28707.533333333333,231.13374812857137,334.10010200662106,0.0032555809959931015,-0.012122283088884966,310,69,213.0,-87.0,2017,7,2,5
2017-07-06,28143,28200,28237,28111,10570,0.33,28051.0,28043.0,900.0,28262.285714285714,28685.266666666666,244.42634492908422,354.9207714728834,0.00028527618300477897,0.0032555809959931015,126,57,310.0,69.0,2017,7,3,6
2017-07-07,27812,28101,28140,27754,16370,-1.18,28143.0,28051.0,10570.0,28213.714285714286,28668.766666666666,226.37190217735224,368.44245172049006,0.003279740472710513,0.00028527618300477897,386,289,126.0,57.0,2017,7,4,7
2017-07-10,27840,27835,27887,27620,13130,0.1,27812.0,28143.0,16370.0,28117.571428571428,28634.266666666666,234.71248876254646,398.41582274806484,-0.01176136161745367,0.003279740472710513,267,-5,386.0,289.0,2017,7,0,10
2017-07-11,27871,27805,27929,27702,11020,0.11,27840.0,27812.0,13130.0,28019.428571428572,28599.8,169.57285272445512,421.044219153629,0.0010067596720839678,-0.01176136161745367,227,-66,267.0,-5.0,2017,7,1,11
2017-07-12,27889,27919,28033,27840,10470,0.06,27871.0,27840.0,11020.0,27958.85714285714,28572.033333333333,124.45806331438587,440.9328264840337,0.001113505747126542,0.0010067596720839678,193,30,227.0,-66.0,2017,7,2,12
2017-07-13,27868,27945,27968,27851,7670,-0.08,27889.0,27871.0,10470.0,27949.85714285714,28538.166666666668,127.2824006843358,453.32070426959325,0.0006458325858418323,0.001113505747126542,117,77,193.0,30.0,2017,7,3,13
2017-07-14,28022,27850,28150,27753,14380,0.55,27868.0,27889.0,7670.0,27924.85714285714,28508.8,123.05476906904012,467.505884159849,-0.0007529850478683597,0.0006458325858418323,397,-172,117.0,77.0,2017,7,4,14
2017-07-17,28147,28050,28173,28050,7520,0.45,28022.0,27868.0,14380.0,27920.714285714286,28477.9,118.50416910554995,468.042316831263,0.005526051385101205,-0.0007529850478683597,123,-97,397.0,-172.0,2017,7,0,17
2017-07-18,28280,28160,28299,28160,9350,0.47,28147.0,28022.0,7520.0,27921.285714285714,28445.766666666666,119.75769187014038,456.0152510556592,0.004460780815073839,0.005526051385101205,139,-120,123.0,-97.0,2017,7,1,18
2017-07-19,28270,28270,28285,28150,8470,-0.04,28280.0,28147.0,9350.0,27988.14285714286,28405.733333333334,169.06352708563287,412.65489742371363,0.004725192738124884,0.004460780815073839,135,0,139.0,-120.0,2017,7,2,19
2017-07-20,28345,28220,28380,28155,11270,0.27,28270.0,28280.0,8470.0,28049.571428571428,28368.866666666665,183.7469792434978,370.20355382455864,-0.00035360678925033806,0.004725192738124884,225,-125,135.0,0.0,2017,7,3,20
2017-07-21,28541,28333,28559,28300,9540,0.69,28345.0,28270.0,11270.0,28117.285714285714,28345.4,194.0238080633295,347.2024749633248,0.002652989034311881,-0.00035360678925033806,259,-208,225.0,-125.0,2017,7,4,21
2017-07-24,28530,28531,28612,28480,7970,-0.04,28541.0,28345.0,9540.0,28210.428571428572,28332.166666666668,220.81731298619437,331.02599995113474,0.006914799788322545,0.002652989034311881,132,1,259.0,-208.0,2017,7,0,24
2017-07-25,28490,28535,28584,28410,11130,-0.14,28530.0,28541.0,7970.0,28305.0,28319.266666666666,189.2194493178678,314.5814880816265,-0.0003854104621421328,0.006914799788322545,174,45,132.0,1.0,2017,7,1,25
2017-07-26,28396,28462,28462,28320,8090,-0.33,28490.0,28530.0,11130.0,28371.85714285714,28306.866666666665,151.4765422674411,299.41675871980345,-0.001402032947774301,-0.0003854104621421328,142,66,174.0,45.0,2017,7,2,26
2017-07-27,28477,28455,28613,28376,10460,0.29,28396.0,28490.0,8090.0,28407.428571428572,28288.533333333333,114.62672338701194,274.7557828870248,-0.0032994032994032585,-0.001402032947774301,237,-22,142.0,66.0,2017,7,3,27
2017-07-28,28596,28533,28620,28405,8240,0.42,28477.0,28396.0,10460.0,28435.571428571428,28281.566666666666,101.5658360265685,266.86657951932784,0.0028525144386533086,-0.0032994032994032585,215,-63,237.0,-22.0,2017,7,4,28
2017-07-31,28588,28572,28628,28510,6200,-0.03,28596.0,28477.0,8240.0,28482.14285714286,28280.9,86.6360751879138,266.0259709903476,0.004178810970256741,0.0028525144386533086,118,-16,215.0,-63.0,2017,7,0,31
2017-08-01,28514,28623,28623,28447,2230,-0.26,28588.0,28596.0,6200.0,28516.85714285714,28284.733333333334,69.51841140277432,269.69279244879334,-0.00027975940691005174,0.004178810970256741,176,109,118.0,-16.0,2017,8,1,1
2017-08-02,28486,28451,28586,28373,580,-0.1,28514.0,28588.0,2230.0,28513.0,28286.033333333333,68.69983018044933,270.73354801901746,-0.0025884986707709334,-0.00027975940691005174,213,-35,176.0,109.0,2017,8,2,2
2017-08-03,28447,28400,28500,28299,480,-0.14,28486.0,28514.0,580.0,28506.714285714286,28285.733333333334,68.89778488500723,270.49889200270275,-0.0009819737672722706,-0.0025884986707709334,201,-47,213.0,-35.0,2017,8,3,3
2017-08-04,28373,28525,28585,28355,70,-0.26,28447.0,28486.0,480.0,28500.571428571428,28282.066666666666,72.46115544051897,267.4230709018062,-0.0013690935898336143,-0.0009819737672722706,230,152,201.0,-47.0,2017,8,4,4
2017-08-07,28419,28332,28437,28320,3950,0.16,28373.0,28447.0,70.0,28497.285714285714,28272.9,78.28093485683982,259.0286031336279,-0.002601328786866808,-0.0013690935898336143,117,-87,230.0,152.0,2017,8,0,7
2017-08-08,28357,28416,28497,28283,7400,-0.22,28419.0,28373.0,3950.0,28489.0,28272.666666666668,83.66998665485002,258.8890500385528,0.0016212596482572117,-0.002601328786866808,214,59,117.0,-87.0,2017,8,1,8
2017-08-09,28800,28415,28821,28415,11580,1.56,28357.0,28419.0,7400.0,28454.85714285714,28268.466666666667,81.46457015557533,256.3689062502196,-0.0021816390443013534,0.0016212596482572117,406,-385,214.0,59.0,2017,8,2,9
2017-08-10,29130,28845,29173,28845,12400,1.15,28800.0,28357.0,11580.0,28485.14285714286,28278.966666666667,149.88598841774927,271.54468525812155,0.015622244948337194,-0.0021816390443013534,328,-285,406.0,-385.0,2017,8,3,10
2017-08-11,29158,29147,29300,29032,11320,0.1,29130.0,28800.0,12400.0,28573.14285714286,28299.066666666666,287.40066606968384,310.1154327168684,0.011458333333333348,0.015622244948337194,268,-11,328.0,-285.0,2017,8,4,11
2017-08-14,29042,29100,29116,28982,7740,-0.4,29158.0,29130.0,11320.0,28669.14285714286,28327.833333333332,357.19902415501764,347.4984577820313,0.0009612083762444712,0.011458333333333348,134,58,268.0,-11.0,2017,8,0,14
2017-08-16,28878,28978,28978,28727,10490,-0.56,29042.0,29158.0,7740.0,28754.14285714286,28364.166666666668,366.2073313356282,363.4641834399135,-0.00397832498799644,0.0009612083762444712,251,100,134.0,58.0,2017,8,2,16
2017-08-17,29093,28900,29174,28800,9730,0.74,28878.0,29042.0,10490.0,28826.285714285714,28392.0,326.16085718868396,369.93550230010294,-0.005646994008677075,-0.00397832498799644,374,-193,251.0,100.0,2017,8,3,17
2017-08-18,29109,29070,29380,29013,12430,0.05,29093.0,28878.0,9730.0,28922.571428571428,28426.733333333334,282.442830288014,385.4081520649451,0.007445113927557312,-0.005646994008677075,367,-39,374.0,-193.0,2017,8,4,18
2017-08-21,29224,29050,29248,29030,7420,0.4,29109.0,29093.0,12430.0,29030.0,28458.933333333334,137.07783676978656,400.92659344733335,0.00054996047159106,0.007445113927557312,218,-174,367.0,-39.0,2017,8,0,21
2017-08-22,29061,29200,29200,28980,8750,-0.56,29224.0,29109.0,7420.0,29090.571428571428,28506.0,109.38899570387746,405.2188850825305,0.003950668178226646,0.00054996047159106,220,139,218.0,-174.0,2017,8,1,22
2017-08-23,29090,29063,29148,29023,7270,0.1,29061.0,29224.0,8750.0,29080.714285714286,28546.7,108.347764607253,397.25967794891386,-0.005577607445934829,0.003950668178226646,125,-27,220.0,139.0,2017,8,2,23
2017-08-24,29021,29051,29107,28980,7170,-0.24,29090.0,29061.0,7270.0,29071.0,28587.333333333332,103.18914671684576,387.99727454893565,0.0009979009669316419,-0.005577607445934829,127,30,125.0,-27.0,2017,8,3,24
2017-08-25,29086,29001,29134,28716,7040,0.22,29021.0,29090.0,7170.0,29068.0,28625.066666666666,104.47009141448446,372.4753112236967,-0.0023719491234100998,0.0009979009669316419,418,-85,127.0,30.0,2017,8,4,25
2017-08-28,29425,29101,29440,29095,9560,1.17,29086.0,29021.0,7040.0,29097.714285714286,28665.666666666668,62.61978996602084,352.98025082316383,0.0022397574170427426,-0.0023719491234100998,345,-324,418.0,-85.0,2017,8,0,28
2017-08-29,29588,29469,29810,29425,11070,0.55,29425.0,29086.0,9560.0,29145.14285714286,28712.433333333334,138.3683833972188,357.67078711286365,0.011655091796740624,0.0022397574170427426,385,-119,345.0,-324.0,2017,8,1,29
2017-08-30,29540,29640,29640,29405,8460,-0.16,29588.0,29425.0,11070.0,29213.571428571428,28760.466666666667,214.83083045604894,375.4358141874829,0.005539507221750117,0.011655091796740624,235,100,385.0,-119.0,2017,8,2,30
2017-08-31,29756,29430,29832,29421,6940,0.73,29540.0,29588.0,8460.0,29258.714285714286,28802.466666666667,248.0240003750737,390.02711959925045,-0.0016222793024198712,0.005539507221750117,411,-326,235.0,100.0,2017,8,3,31
2017-09-01,29788,29687,29941,29671,1150,0.11,29756.0,29540.0,6940.0,29358.0,28852.0,291.05955862471916,413.713710774312,0.007312119160460373,-0.0016222793024198712,270,-101,411.0,-326.0,2017,9,4,1
2017-09-04,30174,30187,30250,29800,270,1.3,29788.0,29756.0,1150.0,29457.714285714286,28900.1,303.25166352177024,436.01845500314994,0.0010754133620110018,0.007312119160460373,450,13,270.0,-101.0,2017,9,0,4
2017-09-05,30226,30389,30421,30010,190,0.17,30174.0,29788.0,270.0,29622.428571428572,28954.533333333333,337.68814861412454,488.42567170603047,0.012958238216731477,0.0010754133620110018,411,163,450.0,13.0,2017,9,1,5
2017-09-06,30088,30200,30298,30055,12400,-0.46,30226.0,30174.0,190.0,29785.285714285714,29011.066666666666,309.59258942797715,533.6519551123862,0.0017233379730894338,0.012958238216731477,243,112,411.0,163.0,2017,9,2,6
2017-09-07,30287,30050,30348,30010,14460,0.66,30088.0,30226.0,12400.0,29880.0,29064.333333333332,281.1049626032027,558.9985709272546,-0.004565605769866976,0.0017233379730894338,338,-237,243.0,112.0,2017,9,3,7
2017-09-08,30271,30350,30470,30221,13380,-0.05,30287.0,30088.0,14460.0,29979.85714285714,29127.366666666665,284.2255140857165,586.9544706146859,0.006613932464770045,-0.004565605769866976,249,79,338.0,-237.0,2017,9,4,8
2017-09-11,29942,30187,30187,29888,12580,-1.09,30271.0,30287.0,13380.0,30084.285714285714,29187.166666666668,223.4790924494965,609.3690961988015,-0.0005282794598342466,0.006613932464770045,299,245,249.0,79.0,2017,9,0,11
2017-09-12,29953,29910,29977,29830,9390,0.04,29942.0,30271.0,12580.0,30110.85714285714,29232.033333333333,185.82646794959487,613.8767417184231,-0.010868487991807285,-0.0005282794598342466,147,-43,299.0,245.0,2017,9,1,12
2017-09-13,29896,30011,30077,29841,10610,-0.19,29953.0,29942.0,9390.0,30134.428571428572,29277.533333333333,143.74845754916657,615.0806357751636,0.00036737692872890193,-0.010868487991807285,236,115,147.0,-43.0,2017,9,2,13
2017-09-14,30020,29831,30059,29775,12390,0.41,29896.0,29953.0,10610.0,30094.714285714286,29323.6,167.4432384283812,607.6312175584382,-0.0019029813374286109,0.00036737692872890193,284,-189,236.0,115.0,2017,9,3,14
2017-09-15,29869,30063,30096,29840,11580,-0.5,30020.0,29896.0,12390.0,30065.285714285714,29374.733333333334,158.38109555346927,599.201073460821,0.004147712068504061,-0.0019029813374286109,256,194,284.0,-189.0,2017,9,4,15
2017-09-18,29561,29845,29845,29550,10850,-1.03,29869.0,30020.0,11580.0,30034.0,29422.133333333335,174.00574703194715,579.1915729365643,-0.005029980013324442,0.004147712068504061,295,284,256.0,194.0,2017,9,0,18
2017-09-19,29628,29521,29690,29521,8109,0.23,29561.0,29869.0,10850.0,29930.285714285714,29461.733333333334,210.5910050992636,544.565054745878,-0.010311694398875138,-0.005029980013324442,169,-107,295.0,284.0,2017,9,1,19
2017-09-20,29780,29660,29817,29660,8420,0.51,29628.0,29561.0,8109.0,29838.428571428572,29502.033333333333,174.31662489399307,508.26313327200785,0.002266499780115616,-0.010311694398875138,157,-120,169.0,-107.0,2017,9,2,20
2017-09-21,29584,29620,29680,29450,13180,-0.66,29780.0,29628.0,8420.0,29815.285714285714,29549.466666666667,168.94546880197473,462.01498209252355,0.005130282165519029,0.002266499780115616,230,36,157.0,-120.0,2017,9,3,21
2017-09-22,29608,29660,29767,29586,8540,0.08,29584.0,29780.0,13180.0,29762.571428571428,29575.6,176.22509955858618,439.79937432306855,-0.0065815983881799545,0.005130282165519029,181,52,230.0,36.0,2017,9,4,22
2017-09-25,30065,29580,30150,29525,13450,1.54,29608.0,29584.0,8540.0,29721.428571428572,29591.533333333333,173.47992885182367,431.6829722209748,0.0008112493239589291,-0.0065815983881799545,625,-485,181.0,52.0,2017,9,0,25
2017-09-26,29885,30129,30195,29802,11900,-0.6,30065.0,29608.0,13450.0,29727.85714285714,29621.766666666666,186.71674498365394,432.0342166629853,0.01543501756282084,0.0008112493239589291,393,244,625.0,-485.0,2017,9,1,26
2017-09-27,29673,29861,29944,29644,10370,-0.71,29885.0,30065.0,11900.0,29730.14285714286,29649.866666666665,188.81863305993983,420.2801802189065,-0.005987028105770786,0.01543501756282084,300,188,393.0,244.0,2017,9,2,27
2017-09-28,29624,29650,29706,29530,7990,-0.17,29673.0,29885.0,10370.0,29746.14285714286,29676.366666666665,176.4364177939392,394.1869400144252,-0.007093859795884172,-0.005987028105770786,176,26,300.0,188.0,2017,9,3,28
2017-09-29,29549,29615,29740,29430,7490,-0.25,29624.0,29673.0,7990.0,29745.571428571428,29694.066666666666,176.88871939094085,378.70668600218954,-0.0016513328615239686,-0.007093859795884172,310,66,176.0,26.0,2017,9,4,29
2017-10-03,29400,29420,29456,29352,1530,-0.5,29549.0,29624.0,7490.0,29712.571428571428,29708.733333333334,190.42483831624276,363.4808663872905,-0.0025317310288954786,-0.0016513328615239686,104,20,310.0,66.0,2017,10,1,3
2017-10-04,29331,29479,29513,29258,230,-0.23,29400.0,29549.0,1530.0,29686.285714285714,29714.6,221.3230777891296,356.7453066164611,-0.005042471826457784,-0.0025317310288954786,255,148,104.0,20.0,2017,10,2,4
2017-10-05,29412,29469,29469,29361,60,0.28,29331.0,29400.0,230.0,29646.714285714286,29723.6,259.1786477098757,342.8217190235338,-0.0023469387755101767,-0.005042471826457784,108,57,255.0,148.0,2017,10,3,5
2017-10-06,29510,29325,29540,29274,11300,0.33,29412.0,29331.0,60.0,29553.428571428572,29734.333333333332,192.46372571067573,326.9748839168079,0.0027615833077632157,-0.0023469387755101767,266,-185,108.0,57.0,2017,10,4,6
2017-10-09,29670,29540,29718,29540,6170,0.54,29510.0,29412.0,11300.0,29499.85714285714,29750.633333333335,125.24034037518219,301.37472188003676,0.0033319733442132016,0.0027615833077632157,178,-130,266.0,-185.0,2017,10,0,9
2017-10-10,29768,29700,29798,29700,6980,0.33,29670.0,29510.0,6170.0,29499.428571428572,29770.1,124.55234126436268,274.63899188176055,0.00542189088444589,0.0033319733442132016,98,-68,178.0,-130.0,2017,10,1,10
2017-10-11,29659,29717,29770,29638,5430,-0.37,29768.0,29670.0,6980.0,29520.0,29781.533333333333,156.38094513126714,266.8048147900658,0.003302999662959216,0.00542189088444589,132,58,98.0,-68.0,2017,10,2,11
2017-10-12,29756,29725,29840,29692,6880,0.33,29659.0,29768.0,5430.0,29535.714285714286,29783.9,165.06636472053594,265.3397756678836,-0.00366165009406072,0.003302999662959216,148,-31,132.0,58.0,2017,10,3,12
2017-10-13,29800,29750,29817,29660,7310,0.15,29756.0,29659.0,6880.0,29586.571428571428,29791.1,171.01837829436147,261.3945821664338,0.0032705081088371113,-0.00366165009406072,157,-50,148.0,-31.0,2017,10,4,13
2017-10-16,29808,29809,29896,29790,5770,0.03,29800.0,29756.0,7310.0,29653.571428571428,29792.566666666666,143.93037337927996,261.31427548924694,0.001478693372765072,0.0032705081088371113,106,1,157.0,-50.0,2017,10,0,16
2017-10-17,29565,29751,29751,29550,8270,-0.82,29808.0,29800.0,5770.0,29710.14285714286,29793.233333333334,105.97551379425035,261.32773495599076,0.00026845637583883253,0.001478693372765072,201,186,106.0,1.0,2017,10,1,17
2017-10-18,29536,29640,29643,29504,5080,-0.1,29565.0,29808.0,8270.0,29718.0,29772.933333333334,89.40730768126531,254.2885861717581,-0.008152173913043459,0.00026845637583883253,139,104,201.0,186.0,2017,10,2,18
2017-10-19,29654,29600,29669,29593,1700,0.4,29536.0,29565.0,5080.0,29698.85714285714,29749.933333333334,112.70674125337646,242.84349058458238,-0.0009808895653644623,-0.008152173913043459,76,-54,139.0,104.0,2017,10,3,19
2017-10-20,29541,29600,29622,29524,3220,-0.38,29654.0,29536.0,1700.0,29682.571428571428,29735.466666666667,109.23347646714637,234.80376742115615,0.003995124593716204,-0.0009808895653644623,98,59,76.0,-54.0,2017,10,4,20
2017-10-23,29499,29502,29550,29364,7210,-0.14,29541.0,29654.0,3220.0,29665.714285714286,29710.6,121.85334667289455,212.85653254726702,-0.0038106157685303677,0.003995124593716204,186,3,98.0,59.0,2017,10,0,23
2017-10-24,29498,29515,29537,29444,5500,0.0,29499.0,29541.0,7210.0,29629.0,29684.866666666665,128.64421220358298,187.98289234892053,-0.0014217528181171835,-0.0038106157685303677,93,17,186.0,3.0,2017,10,1,24
2017-10-25,29362,29475,29475,29275,8109,-0.46,29498.0,29499.0,5500.0,29585.85714285714,29670.066666666666,111.19566624029913,184.48622662916637,-3.3899454218833114e-05,-0.0014217528181171835,200,113,93.0,17.0,2017,10,2,25
2017-10-26,29236,29375,29443,29211,8370,-0.43,29362.0,29498.0,8109.0,29522.14285714286,29650.366666666665,88.06707400588559,184.7860801090766,-0.004610482066580768,-3.3899454218833114e-05,232,139,200.0,113.0,2017,10,3,26
2017-10-27,29272,29223,29299,29169,6530,0.12,29236.0,29362.0,8370.0,29475.14285714286,29628.366666666665,136.0838327060153,193.61132115127856,-0.004291260813296116,-0.004610482066580768,130,-49,232.0,139.0,2017,10,4,27
2017-10-30,29349,29263,29369,29204,4820,0.26,29272.0,29236.0,6530.0,29437.428571428572,29603.433333333334,152.05246588300403,189.55895877104084,0.0012313585989875975,-0.004291260813296116,165,-86,130.0,-49.0,2017,10,0,30
2017-10-31,29040,29300,29337,28958,5800,-1.05,29349.0,29272.0,4820.0,29393.85714285714,29586.1,119.9630895621361,188.20776304062105,0.0026305001366493386,0.0012313585989875975,379,260,165.0,-86.0,2017,10,1,31
2017-11-01,29120,29048,29260,28991,2160,0.28,29040.0,29349.0,5800.0,29322.285714285714,29568.733333333334,160.23598668439817,213.00719322973046,-0.010528467750178905,0.0026305001366493386,269,-72,379.0,260.0,2017,11,2,1
2017-11-02,29242,29301,29318,29168,340,0.42,29120.0,29040.0,2160.0,29268.14285714286,29551.8,154.5018107465467,227.81093189188564,0.0027548209366390353,-0.010528467750178905,150,59,269.0,-72.0,2017,11,3,2
2017-11-03,29191,29230,29456,29002,50,-0.17,29242.0,29120.0,340.0,29231.571428571428,29533.866666666665,116.69883910207501,230.38868706217684,0.004189560439560536,0.0027548209366390353,454,39,150.0,59.0,2017,11,4,3
2017-11-06,29363,29130,29388,29130,7660,0.59,29191.0,29242.0,50.0,29207.14285714286,29520.766666666666,101.79133652049987,238.4710903219486,-0.0017440667533000775,0.004189560439560536,258,-233,454.0,39.0,2017,11,0,6
2017-11-07,29457,29349,29490,29333,8210,0.32,29363.0,29191.0,7660.0,29225.285714285714,29512.6,117.84412626597579,239.57327005310466,0.005892227056284449,-0.0017440667533000775,157,-108,258.0,-233.0,2017,11,1,7
2017-11-08,29562,29451,29600,29438,7900,0.36,29457.0,29363.0,8210.0,29251.714285714286,29492.333333333332,147.16398368959304,215.76557095375088,0.0032013077682797597,0.005892227056284449,162,-111,157.0,-108.0,2017,11,2,8
2017-11-09,29670,29530,29689,29466,9360,0.37,29562.0,29457.0,7900.0,29282.14285714286,29481.566666666666,187.20526040675747,203.18815525661387,0.0035645177716672194,0.0032013077682797597,223,-140,162.0,-111.0,2017,11,3,9
2017-11-10,29508,29640,29700,29468,9680,-0.55,29670.0,29562.0,9360.0,29372.14285714286,29481.466666666667,202.22712361095552,203.09140685916304,0.0036533387456869626,0.0035645177716672194,232,132,223.0,-140.0,2017,11,4,10
2017-11-13,29619,29504,29636,29473,6190,0.38,29508.0,29670.0,9680.0,29427.571428571428,29477.6,172.60248853295724,201.38119625898864,-0.005460060667340727,0.0036533387456869626,163,-115,232.0,132.0,2017,11,0,13
2017-11-14,29620,29550,29660,29411,10220,0.0,29619.0,29508.0,6190.0,29481.428571428572,29479.933333333334,163.63257330913433,202.63861723572515,0.003761691744611717,-0.005460060667340727,249,-70,163.0,-115.0,2017,11,1,14
2017-11-15,29528,29600,29740,29512,9840,-0.31,29620.0,29619.0,10220.0,29542.714285714286,29487.266666666666,107.40532930005958,203.6245587333307,3.37621121577758e-05,0.003761691744611717,228,72,249.0,-70.0,2017,11,2,15
2017-11-16,29491,29544,29555,29452,7790,-0.13,29528.0,29620.0,9840.0,29566.285714285714,29493.833333333332,74.43725385889783,201.57758553050556,-0.003106009453072267,3.37621121577758e-05,103,53,228.0,72.0,2017,11,3,16
2017-11-17,29658,29462,29689,29361,9900,0.57,29491.0,29528.0,7790.0,29571.14285714286,29496.466666666667,66.83918155262951,200.98682978476134,-0.001253047954483888,-0.003106009453072267,328,-196,103.0,53.0,2017,11,4,17
2017-11-20,29339,29700,29729,29268,10650,-1.08,29658.0,29491.0,9900.0,29584.85714285714,29501.4,74.10449507705533,203.135354907989,0.0056627445661388,-0.001253047954483888,461,361,328.0,-196.0,2017,11,0,20
2017-11-21,29334,29410,29425,29277,7660,-0.02,29339.0,29658.0,10650.0,29537.571428571428,29490.366666666665,108.39258453003923,202.65062228487398,-0.010755951176748213,0.0056627445661388,148,76,461.0,361.0,2017,11,1,21
2017-11-22,29504,29341,29525,29280,7800,0.58,29334.0,29339.0,7660.0,29512.714285714286,29475.9,133.3763026005281,197.57518865540447,-0.0001704216230955513,-0.010755951176748213,245,-163,148.0,76.0,2017,11,2,22
2017-11-23,29420,29475,29510,29393,5780,-0.28,29504.0,29334.0,7800.0,29496.285714285714,29470.733333333334,124.91692477557947,194.62659798569084,0.00579532283357187,-0.0001704216230955513,117,55,245.0,-163.0,2017,11,3,23
2017-11-24,29375,29475,29500,29357,5800,-0.15,29420.0,29504.0,5780.0,29467.714285714286,29459.533333333333,114.3280576326507,187.1694296676299,-0.002847071583514049,0.00579532283357187,143,100,117.0,55.0,2017,11,4,24
2017-11-27,29460,29450,29510,29402,6550,0.29,29375.0,29420.0,5800.0,29445.85714285714,29445.366666666665,115.50097917605011,176.2782837820421,-0.00152957171991841,-0.002847071583514049,108,-10,143.0,100.0,2017,11,0,27
2017-11-28,29381,29450,29456,29359,5800,-0.27,29460.0,29375.0,6550.0,29441.428571428572,29433.766666666666,114.06702290511463,162.5042563539297,0.002893617021276551,-0.00152957171991841,97,69,108.0,-10.0,2017,11,1,28
2017-11-29,29215,29430,29441,29188,5890,-0.56,29381.0,29460.0,5800.0,29401.85714285714,29427.633333333335,63.05402068036753,160.8442131982106,-0.002681602172437181,0.002893617021276551,253,215,97.0,69.0,2017,11,2,29
2017-11-30,28992,29287,29287,28927,6540,-0.76,29215.0,29381.0,5890.0,29384.14285714286,29416.933333333334,93.65082055501219,164.03215272089022,-0.0056499098056567165,-0.002681602172437181,360,295,253.0,215.0,2017,11,3,30
2017-12-01,29217,29045,29344,29038,2160,0.78,28992.0,29215.0,6540.0,29335.285714285714,29394.866666666665,176.6236245864534,175.18950002598893,-0.007633065206229639,-0.0056499098056567165,306,-172,360.0,295.0,2017,12,4,1
2017-12-04,29059,29021,29200,28970,90,-0.54,29217.0,28992.0,2160.0,29294.285714285714,29384.066666666666,163.77597940089922,175.85572717835058,0.007760761589403975,-0.007633065206229639,230,-38,306.0,-172.0,2017,12,0,4
2017-12-05,28893,29095,29170,28865,50,-0.57,29059.0,29217.0,90.0,29242.714285714286,29369.4,174.10410131697466,184.09491554862072,-0.005407810521271816,0.007760761589403975,305,202,230.0,-38.0,2017,12,1,5
2017-12-06,28972,28950,29039,28922,6380,0.27,28893.0,29059.0,50.0,29173.85714285714,29349.233333333334,205.5419085992698,201.80695509882446,-0.005712515915895278,-0.005407810521271816,117,-22,305.0,202.0,2017,12,2,6
2017-12-07,28670,28932,28932,28653,7380,-1.04,28972.0,28893.0,6380.0,29104.14285714286,29336.233333333334,172.4011103714185,213.19631285722554,0.0027342262831828723,-0.005712515915895278,279,262,117.0,-22.0,2017,12,3,7
2017-12-08,28588,28650,28650,28500,8420,-0.29,28670.0,28972.0,7380.0,29002.571428571428,29317.366666666665,190.58931164795757,245.03827756310068,-0.010423857517603219,0.0027342262831828723,150,62,279.0,262.0,2017,12,4,8
2017-12-11,28429,28550,28573,28412,5920,-0.56,28588.0,28670.0,8420.0,28913.0,29294.566666666666,219.2897626433073,278.88888942284586,-0.002860132542727545,-0.010423857517603219,161,121,150.0,62.0,2017,12,0,11
2017-12-12,28318,28432,28475,28271,7580,-0.39,28429.0,28588.0,5920.0,28832.571428571428,29263.9,280.25634524088616,320.21655926485295,-0.005561774170980804,-0.002860132542727545,204,114,161.0,121.0,2017,12,1,12
2017-12-13,28377,28350,28445,28320,4660,0.21,28318.0,28429.0,7580.0,28704.14285714286,29239.833333333332,280.71422513053864,362.0268692001011,-0.003904463751802756,-0.005561774170980804,125,-27,204.0,114.0,2017,12,2,13
2017-12-14,28500,28434,28589,28421,6630,0.43,28377.0,28318.0,4660.0,28606.714285714286,29215.066666666666,254.1178953991027,394.46864595747104,0.002083480471784638,-0.003904463751802756,168,-66,125.0,-27.0,2017,12,3,14
2017-12-15,28441,28474,28559,28395,5540,-0.21,28500.0,28377.0,6630.0,28550.571428571428,29190.333333333332,221.66781238552542,415.426771283095,0.004334496246960473,0.002083480471784638,164,33,168.0,-66.0,2017,12,4,15
2017-12-18,28663,28492,28683,28470,6170,0.78,28441.0,28500.0,5540.0,28474.714285714286,29165.333333333332,121.7534589326776,437.37274668191213,-0.0020701754385964444,0.004334496246960473,213,-171,164.0,33.0,2017,12,0,18
2017-12-19,28555,28656,28680,28535,5950,-0.38,28663.0,28441.0,6170.0,28473.714285714286,29142.0,119.89678100518192,445.06822413848516,0.007805632713336452,-0.0020701754385964444,145,101,213.0,-171.0,2017,12,1,19
2017-12-20,28617,28618,28658,28557,6070,0.22,28555.0,28663.0,5950.0,28469.0,29111.933333333334,115.21139989963311,453.4431442389772,-0.0037679238042075403,0.007805632713336452,101,1,145.0,101.0,2017,12,2,20
2017-12-21,28596,28645,28665,28542,5630,-0.07,28617.0,28555.0,6070.0,28495.85714285714,29080.433333333334,125.7622473451754,453.92318075072154,0.0021712484678690913,-0.0037679238042075403,123,49,101.0,1.0,2017,12,3,21
2017-12-22,28757,28560,28790,28560,6080,0.56,28596.0,28617.0,5630.0,28535.571428571428,29044.633333333335,101.8591464447419,448.13710058352643,-0.0007338295418807261,0.0021712484678690913,230,-197,123.0,49.0,2017,12,4,22
2017-12-26,28924,28796,28933,28778,4330,0.58,28757.0,28596.0,6080.0,28589.85714285714,29019.6,104.48991749115196,442.2981986755063,0.005630158064064972,-0.0007338295418807261,155,-128,230.0,-197.0,2017,12,1,26
2017-12-27,29092,28890,29110,28888,5160,0.58,28924.0,28757.0,4330.0,28650.428571428572,28996.433333333334,154.59825046805418,427.783435649359,0.005807281705323852,0.005630158064064972,222,-202,155.0,-128.0,2017,12,2,27
2017-12-28,29171,29150,29220,29099,5060,0.27,29092.0,28924.0,5160.0,28743.428571428572,28978.833333333332,197.47814827920112,411.80704247227885,0.0058083252662148865,0.005807281705323852,121,-21,222.0,-202.0,2017,12,3,28
2017-12-29,29372,29202,29400,29134,6930,0.69,29171.0,29092.0,5060.0,28816.0,28966.933333333334,249.4888107046667,400.39040717879556,0.002715523167881262,0.0058083252662148865,266,-170,121.0,-21.0,2017,12,4,29
2018-01-01,29324,29332,29385,29275,1580,-0.16,29372.0,29171.0,6930.0,28932.714285714286,28962.966666666667,294.14492702645657,395.58001791621814,0.006890404854136056,0.002715523167881262,110,8,266.0,-170.0,2018,1,0,1
2018-01-02,29392,29332,29463,29332,1700,0.23,29324.0,29372.0,1580.0,29033.714285714286,28951.833333333332,289.00675556475323,379.7266787764552,-0.0016342094511779814,0.006890404854136056,131,-60,110.0,8.0,2018,1,1,2
2018-01-03,29481,29385,29492,29385,190,0.3,29392.0,29324.0,1700.0,29147.428571428572,28953.6,240.62685991893107,381.7081932936081,0.0023189196562543035,-0.0016342094511779814,107,-96,131.0,-60.0,2018,1,2,3
2018-01-04,29472,29365,29475,29276,200,-0.03,29481.0,29392.0,190.0,29250.85714285714,28958.5,196.36736708857876,387.65695375291136,0.0030280348394120526,0.0023189196562543035,199,-107,107.0,-96.0,2018,1,3,4
2018-01-05,29465,29500,29550,29440,190,-0.02,29472.0,29481.0,200.0,29329.14285714286,28957.433333333334,147.4951169495666,386.1452900882708,-0.00030528136766050373,0.0030280348394120526,110,35,199.0,-107.0,2018,1,4,5
2018-01-08,29270,29235,29290,29176,5900,-0.66,29465.0,29472.0,190.0,29382.428571428572,28958.933333333334,110.2071642307127,388.0866356646316,-0.00023751357220413993,-0.00030528136766050373,114,-35,110.0,35.0,2018,1,0,8
2018-01-09,29173,29265,29278,29153,5420,-0.33,29270.0,29465.0,5900.0,29396.571428571428,28955.433333333334,81.04701751313914,384.66328162403147,-0.0066180213812998545,-0.00023751357220413993,125,92,114.0,-35.0,2018,1,1,9
2018-01-10,29343,29155,29444,29123,10830,0.58,29173.0,29270.0,5420.0,29368.14285714286,28945.866666666665,117.71070267382606,375.13268763628,-0.003313973351554478,-0.0066180213812998545,321,-188,125.0,92.0,2018,1,2,10
2018-01-11,29404,29338,29420,29315,5810,0.21,29343.0,29173.0,10830.0,29370.85714285714,28944.6,116.73820935737301,373.6740788993331,0.005827306070681715,-0.003313973351554478,105,-66,321.0,-188.0,2018,1,3,11
2018-01-12,29553,29425,29590,29425,9230,0.51,29404.0,29343.0,5810.0,29372.571428571428,28950.9,117.18768015925856,379.9309692288785,0.002078860375558156,0.005827306070681715,165,-128,105.0,-66.0,2018,1,4,12
2018-01-15,29763,29590,29785,29590,6000,0.71,29553.0,29404.0,9230.0,29382.85714285714,28969.6,130.67444097437607,395.5102858419466,0.005067337777173275,0.002078860375558156,195,-173,165.0,-128.0,2018,1,0,15
2018-01-16,29830,29780,29860,29754,8690,0.23,29763.0,29553.0,6000.0,29424.428571428572,28987.8,194.47352617029404,419.1437412892478,0.007105877575880548,0.005067337777173275,106,-50,195.0,-173.0,2018,1,1,16
2018-01-17,29761,29876,29884,29705,6830,-0.23,29830.0,29763.0,8690.0,29476.571428571428,29013.5,248.57249589293056,446.41018326648054,0.0022511171588885937,0.007105877575880548,179,115,106.0,-50.0,2018,1,2,17
2018-01-18,29644,29702,29702,29501,9530,-0.39,29761.0,29830.0,6830.0,29546.714285714286,29042.433333333334,249.83909107408746,466.0287606435859,-0.002313107609788756,0.0022511171588885937,201,58,179.0,115.0,2018,1,3,18
2018-01-19,29743,29615,29775,29600,5950,0.33,29644.0,29761.0,9530.0,29614.0,29064.833333333332,188.24983399768024,478.50954541925057,-0.003931319512113118,-0.002313107609788756,175,-128,201.0,58.0,2018,1,4,19
2018-01-22,29806,29701,29825,29701,5520,0.21,29743.0,29644.0,5950.0,29671.14285714286,29100.6,148.86843024618466,487.98704052874064,0.0033396302793144983,-0.003931319512113118,124,-105,175.0,-128.0,2018,1,0,22
2018-01-23,29876,29836,29924,29752,7020,0.23,29806.0,29743.0,5520.0,29728.571428571428,29141.2,97.21600887253817,494.4934294042663,0.0021181454459873184,0.0033396302793144983,172,-40,124.0,-105.0,2018,1,1,23
2018-01-24,30244,29907,30290,29879,11080,1.23,29876.0,29806.0,7020.0,29774.714285714286,29189.433333333334,73.8370148506668,493.1984760534599,0.002348520432127854,0.0021181454459873184,411,-337,172.0,-40.0,2018,1,2,24
2018-01-25,30367,30310,30476,30185,9880,0.41,30244.0,29876.0,11080.0,29843.428571428572,29253.633333333335,191.3773385603384,501.1422458489686,0.012317579327888684,0.002348520432127854,291,-57,411.0,-337.0,2018,1,3,25
2018-01-29,30074,30285,30285,30004,8630,-0.96,30367.0,30244.0,9880.0,29920.14285714286,29319.966666666667,274.6218178828756,512.6758391925435,0.004066922364766468,0.012317579327888684,281,211,291.0,-57.0,2018,1,0,29
2018-01-30,30052,30000,30197,29960,6810,-0.07,30074.0,30367.0,8630.0,29964.85714285714,29372.433333333334,269.83107590483684,506.3696811844139,-0.009648631738400248,0.004066922364766468,237,-52,281.0,211.0,2018,1,1,30
2018-01-31,30064,30085,30172,29976,5480,0.04,30052.0,30074.0,6810.0,30023.14285714286,29426.133333333335,230.1147746755117,489.32146780044565,-0.000731528895391409,-0.009648631738400248,196,21,237.0,-52.0,2018,1,2,31
2018-02-01,30512,30125,30550,30050,1810,1.49,30064.0,30052.0,5480.0,30069.0,29472.833333333332,194.15886965786154,480.7574543206353,0.00039930786636488413,-0.000731528895391409,500,-387,196.0,21.0,2018,2,3,1
2018-02-02,30399,30780,30817,30200,660,-0.37,30512.0,30064.0,1810.0,30169.85714285714,29538.066666666666,216.81822538083392,484.67877263551344,0.014901543374135073,0.00039930786636488413,617,381,500.0,-387.0,2018,2,4,2
2018-02-05,30286,30385,30498,30008,190,-0.37,30399.0,30512.0,660.0,30244.571428571428,29597.466666666667,186.69927436326554,477.0412931833875,-0.0037034609334032353,0.014901543374135073,490,99,617.0,381.0,2018,2,0,5
2018-02-06,30182,30320,30650,30160,12070,-0.34,30286.0,30399.0,190.0,30250.571428571428,29653.8,187.35159206094264,453.92627382509596,-0.0037172275403796196,-0.0037034609334032353,490,138,490.0,99.0,2018,2,1,6
2018-02-07,29976,30219,30259,29950,8730,-0.68,30182.0,30286.0,12070.0,30224.14285714286,29701.3,181.13570287851564,430.81639820842463,-0.0034339298685861497,-0.0037172275403796196,309,243,490.0,138.0,2018,2,2,7
2018-02-08,30103,29905,30147,29783,11100,0.42,29976.0,30182.0,8730.0,30210.14285714286,29736.366666666665,197.7038429671025,407.55177232615955,-0.0068252600887946935,-0.0034339298685861497,364,-198,309.0,243.0,2018,2,3,8
2018-02-09,29999,30060,30110,29889,9200,-0.35,30103.0,29976.0,11100.0,30217.428571428572,29770.066666666666,191.75492791869382,394.0066456055794,0.00423672271150255,-0.0068252600887946935,221,61,364.0,-198.0,2018,2,4,9
2018-02-12,30133,30102,30175,30017,6400,0.45,29999.0,30103.0,9200.0,30208.14285714286,29797.666666666668,201.73698105196468,379.32211162488676,-0.00345480516892005,0.00423672271150255,158,-31,221.0,61.0,2018,2,0,12
2018-02-13,30195,30170,30221,30091,3530,0.21,30133.0,29999.0,6400.0,30154.0,29823.033333333333,151.09820206348792,375.298730055608,0.004466815560518755,-0.00345480516892005,130,-25,158.0,-31.0,2018,2,1,13
2018-02-14,30605,30220,30693,30066,12870,1.36,30195.0,30133.0,3530.0,30124.85714285714,29852.066666666666,110.07183801482554,368.99966669731134,0.002057544884346063,0.004466815560518755,627,-385,130.0,-25.0,2018,2,2,14
2018-02-15,30549,30612,30644,30501,7630,-0.18,30605.0,30195.0,12870.0,30170.428571428572,29892.5,209.2557105101419,383.0397251385484,0.013578407021030081,0.002057544884346063,143,63,627.0,-385.0,2018,2,3,15
2018-02-16,30785,30600,30811,30600,8670,0.77,30549.0,30605.0,7630.0,30222.85714285714,29928.1,253.85982258711346,392.977260901866,-0.0018297663780427742,0.013578407021030081,211,-185,143.0,63.0,2018,2,4,16
2018-02-19,30715,30717,30777,30678,4030,-0.23,30785.0,30549.0,8670.0,30338.428571428572,29971.866666666665,302.2795930609641,413.03283106788183,0.007725293790304066,-0.0018297663780427742,99,2,211.0,-185.0,2018,2,0,19
2018-02-20,30524,30668,30737,30505,9250,-0.62,30715.0,30785.0,4030.0,30425.85714285714,30013.533333333333,311.210233642723,423.06506659664757,-0.002273834659736851,0.007725293790304066,232,144,99.0,2.0,2018,2,1,20
2018-02-21,30459,30500,30516,30371,7080,-0.21,30524.0,30715.0,9250.0,30500.85714285714,30055.333333333332,248.04598268054488,408.7767566549206,-0.006218460035813167,-0.002273834659736851,145,41,232.0,144.0,2018,2,2,21
2018-02-22,30564,30450,30580,30380,6530,0.34,30459.0,30524.0,7080.0,30547.428571428572,30098.2,191.66451344584584,379.43527911118576,-0.002129471890971013,-0.006218460035813167,200,-114,145.0,41.0,2018,2,3,22
2018-02-23,30492,30497,30508,30426,5140,-0.24,30564.0,30459.0,6530.0,30600.14285714286,30138.9,113.30552880283214,360.6560449490837,0.0034472569683836607,-0.002129471890971013,82,5,200.0,-114.0,2018,2,4,23
2018-02-26,30518,30520,30620,30492,5840,0.09,30492.0,30564.0,5140.0,30584.0,30175.166666666668,120.33010152692496,338.2130611202548,-0.002355712603062443,0.0034472569683836607,128,2,82.0,5.0,2018,2,0,26
2018-02-27,30306,30518,30597,30270,7860,-0.69,30518.0,30492.0,5840.0,30579.571428571428,30207.333333333332,122.3858068340952,322.5254155533261,0.0008526826708645796,-0.002355712603062443,327,212,128.0,2.0,2018,2,1,27
2018-02-28,30423,30319,30475,30277,5120,0.39,30306.0,30518.0,7860.0,30511.14285714286,30225.433333333334,122.29258436480633,311.7874699798947,-0.006946719968543125,0.0008526826708645796,198,-104,327.0,212.0,2018,2,2,28
2018-03-01,30181,30307,30372,30111,1470,-0.8,30423.0,30306.0,5120.0,30469.428571428572,30245.2,85.4046391076011,304.56723395611556,0.0038606216590773013,-0.006946719968543125,261,126,198.0,-104.0,2018,3,3,1
2018-03-02,30473,30445,30575,30400,150,0.97,30181.0,30423.0,1470.0,30420.428571428572,30259.2,133.64736827849035,290.88846067075497,-0.007954508102422486,0.0038606216590773013,175,-28,261.0,126.0,2018,3,4,2
2018-03-05,30429,30400,30535,30310,180,-0.14,30473.0,30181.0,150.0,30422.428571428572,30286.833333333332,134.4232831311839,268.9826405536487,0.009674961068221632,-0.007954508102422486,225,-29,175.0,-28.0,2018,3,0,5
2018-03-06,30568,30400,30669,30365,10810,0.46,30429.0,30473.0,180.0,30403.14285714286,30309.7,119.59296045597182,249.6182119233444,-0.0014439011584025385,0.009674961068221632,304,-168,225.0,-29.0,2018,3,1,6
2018-03-07,30461,30620,30639,30404,10100,-0.35,30568.0,30429.0,10810.0,30414.0,30335.1,131.8281709909305,234.9334975594751,0.004568010779191001,-0.0014439011584025385,235,159,304.0,-168.0,2018,3,2,7
2018-03-08,30436,30491,30533,30390,7750,-0.08,30461.0,30568.0,10100.0,30405.85714285714,30354.6,125.96352457738278,219.26909935213686,-0.0035003925673907643,0.004568010779191001,143,55,235.0,159.0,2018,3,3,8
2018-03-09,30408,30413,30474,30290,10960,-0.09,30436.0,30461.0,7750.0,30424.428571428572,30361.0,118.12684868860049,218.73097946786626,-0.0008207215784117317,-0.0035003925673907643,184,5,143.0,55.0,2018,3,4,9
2018-03-12,30340,30380,30432,30284,7370,-0.22,30408.0,30436.0,10960.0,30422.285714285714,30362.366666666665,118.29301794858921,218.8977848895384,-0.0009199632014719183,-0.0008207215784117317,148,40,184.0,5.0,2018,3,0,12
2018-03-13,30387,30350,30409,30222,10980,0.15,30340.0,30408.0,7370.0,30445.0,30371.233333333334,69.40220937991575,212.09605555330188,-0.0022362536174690417,-0.0009199632014719183,187,-37,148.0,40.0,2018,3,1,13
2018-03-14,30413,30399,30545,30364,9560,0.09,30387.0,30340.0,10980.0,30432.714285714286,30382.4,71.20794498311605,203.34743497276568,0.001549110085695471,-0.0022362536174690417,181,-14,187.0,-37.0,2018,3,2,14
2018-03-15,30314,30456,30474,30288,8330,-0.33,30413.0,30387.0,9560.0,30430.428571428572,30394.033333333333,71.60274003904769,194.28498146445847,0.0008556290518972887,0.001549110085695471,186,142,181.0,-14.0,2018,3,3,15
2018-03-16,30251,30275,30364,30184,10020,-0.21,30314.0,30413.0,8330.0,30394.14285714286,30387.433333333334,51.92118569482633,193.50090141968911,-0.003255186926643172,0.0008556290518972887,180,24,186.0,142.0,2018,3,4,16
2018-03-19,30432,30222,30453,30129,11620,0.6,30251.0,30314.0,10020.0,30364.14285714286,30382.5,65.69482113497754,195.07606827453597,-0.0020782476743418377,-0.003255186926643172,324,-210,180.0,24.0,2018,3,0,19
2018-03-20,30284,30393,30393,30220,9130,-0.49,30432.0,30251.0,11620.0,30363.571428571428,30387.366666666665,64.97911752580879,194.4056341116949,0.005983273280222079,-0.0020782476743418377,173,109,324.0,-210.0,2018,3,1,20
2018-03-21,30464,30310,30539,30284,11320,0.59,30284.0,30432.0,9130.0,30345.85714285714,30390.766666666666,67.69398932418981,191.56122336868592,-0.004863301787591978,0.005983273280222079,255,-154,173.0,109.0,2018,3,2,21
2018-03-22,30506,30522,30615,30472,11330,0.14,30464.0,30284.0,11320.0,30363.571428571428,30407.033333333333,80.85142163932234,175.14220494694467,0.005943732664112966,-0.004863301787591978,143,16,255.0,-154.0,2018,3,3,22
2018-03-23,30901,30550,30947,30550,13640,1.29,30506.0,30464.0,11330.0,30380.571428571428,30420.466666666667,97.41296481697158,166.24799367797323,0.0013786764705883137,0.005943732664112966,397,-351,143.0,16.0,2018,3,4,23
2018-03-26,30889,30840,30915,30771,7330,-0.04,30901.0,30506.0,13640.0,30450.285714285714,30450.533333333333,220.87305123543354,168.9390286521941,0.012948272470989286,0.0013786764705883137,144,-49,397.0,-351.0,2018,3,0,26
2018-03-27,30717,30871,30888,30685,9460,-0.56,30889.0,30901.0,7330.0,30532.428571428572,30475.733333333334,264.3777960566349,176.17055476855467,-0.00038833694702433696,0.012948272470989286,203,154,144.0,-49.0,2018,3,1,27
2018-03-28,30518,30732,30750,30490,8560,-0.65,30717.0,30889.0,9460.0,30599.0,30493.133333333335,239.1707897440875,173.24105854980724,-0.005568325293793919,-0.00038833694702433696,260,214,203.0,154.0,2018,3,2,28
2018-03-29,30426,30482,30578,30403,3200,-0.3,30518.0,30717.0,8560.0,30611.285714285714,30490.233333333334,231.23992899594248,172.02780114696046,-0.006478497249080339,-0.005568325293793919,175,56,260.0,214.0,2018,3,3,29
2018-04-02,30961,30580,31080,30510,1380,1.76,30426.0,30518.0,3200.0,30631.571428571428,30486.133333333335,202.14092208431225,172.04464803992866,-0.0030146143259716096,-0.006478497249080339,570,-381,175.0,56.0,2018,4,0,2
2018-04-03,30625,30893,30893,30552,330,-1.09,30961.0,30426.0,1380.0,30702.571428571428,30492.0,219.97034432190063,185.09326633084484,0.017583645566291883,-0.0030146143259716096,341,268,570.0,-381.0,2018,4,1,3
2018-04-04,30886,30660,30972,30600,70,0.85,30625.0,30961.0,330.0,30719.571428571428,30489.0,206.4282418850727,182.05872489388435,-0.010852362649785174,0.017583645566291883,372,-226,341.0,268.0,2018,4,2,4
2018-04-05,30505,31500,31500,30450,60,-1.23,30886.0,30625.0,70.0,30717.428571428572,30501.066666666666,204.29786843665832,195.92678670045805,0.008522448979591868,-0.010852362649785174,1050,995,372.0,-226.0,2018,4,3,5
2018-04-06,30605,30571,30650,30413,13420,0.33,30505.0,30886.0,60.0,30662.571428571428,30502.6,202.0930950026804,195.76615184075274,-0.012335686071359153,0.008522448979591868,237,-34,1050.0,995.0,2018,4,4,6
2018-04-09,30675,30600,30693,30556,7600,0.23,30605.0,30505.0,13420.0,30646.571428571428,30503.966666666667,201.4984343556111,196.35181010872608,0.003278151122766859,-0.012335686071359153,137,-75,237.0,-34.0,2018,4,0,9
2018-04-10,30798,30613,30819,30585,8760,0.4,30675.0,30605.0,7600.0,30669.0,30510.066666666666,193.37614468562725,198.79463208740162,0.002287207972553551,0.003278151122766859,234,-185,137.0,-75.0,2018,4,1,10
2018-04-11,31244,30820,31422,30820,18120,1.45,30798.0,30675.0,8760.0,30722.14285714286,30519.4,164.41251835130777,205.63519757666992,0.004009779951100301,0.002287207972553551,602,-424,234.0,-185.0,2018,4,2,11
2018-04-12,30897,31176,31217,30857,13210,-1.11,31244.0,30798.0,18120.0,30762.571428571428,30550.666666666668,246.99180630355946,240.43542875776703,0.014481459835054222,0.004009779951100301,360,279,602.0,-424.0,2018,4,3,12
2018-04-13,31005,30922,31075,30770,9890,0.35,30897.0,31244.0,13210.0,30801.428571428572,30566.466666666667,243.10687440114634,247.23473884465315,-0.011106132377416422,0.014481459835054222,305,-83,360.0,279.0,2018,4,4,13
2018-04-16,31167,31055,31227,31050,8090,0.52,31005.0,30897.0,9890.0,30818.428571428572,30593.933333333334,253.92640478642866,248.70144590457753,0.0034954849985435743,-0.011106132377416422,177,-112,305.0,-83.0,2018,4,0,16
2018-04-17,31257,31139,31280,31089,9190,0.29,31167.0,31005.0,8090.0,30913.0,30617.066666666666,240.66920589640858,268.54947959012515,0.005224963715529718,0.0034954849985435743,191,-118,177.0,-112.0,2018,4,1,17
2018-04-18,31410,31243,31483,31177,9900,0.49,31257.0,31167.0,9190.0,31006.14285714286,30644.666666666668,227.40304056296955,290.2281306415844,0.002887669650591951,0.005224963715529718,306,-167,191.0,-118.0,2018,4,2,18
2018-04-19,31479,31449,31517,31305,8780,0.22,31410.0,31257.0,9900.0,31111.14285714286,30672.733333333334,218.53407710762897,321.5782130773923,0.004894903541606599,0.002887669650591951,212,-30,306.0,-167.0,2018,4,3,19
2018-04-20,31314,31405,31440,31285,6020,-0.52,31479.0,31410.0,8780.0,31208.428571428572,30706.666666666668,207.18418307010216,350.8440397519835,0.0021967526265520565,0.004894903541606599,155,91,212.0,-30.0,2018,4,4,20
2018-04-23,31164,31300,31300,31110,6670,-0.48,31314.0,31479.0,6020.0,31218.428571428572,30735.933333333334,210.84422143949212,363.8658272351039,-0.005241589631182708,0.0021967526265520565,190,136,155.0,91.0,2018,4,0,23
2018-04-24,31262,31160,31280,31068,6350,0.31,31164.0,31314.0,6670.0,31256.571428571428,30761.133333333335,161.34523765647845,366.54027706684684,-0.0047901896915117925,-0.005241589631182708,212,-102,190.0,136.0,2018,4,1,24
2018-04-25,31301,31298,31324,31215,6170,0.12,31262.0,31164.0,6350.0,31293.285714285714,30791.866666666665,117.96851880358281,368.6592420938355,0.003144654088050425,-0.0047901896915117925,109,-3,212.0,-102.0,2018,4,2,25
2018-04-26,31158,31251,31276,31112,6270,-0.46,31301.0,31262.0,6170.0,31312.428571428572,30822.333333333332,104.11989426181844,371.80049649642626,0.0012475209519544617,0.003144654088050425,164,93,109.0,-3.0,2018,4,3,26
2018-04-27,31129,31101,31189,31047,6100,-0.09,31158.0,31301.0,6270.0,31298.285714285714,30847.166666666668,118.61803444408422,368.3818374465578,-0.004568544135970076,0.0012475209519544617,142,-28,164.0,93.0,2018,4,4,27
2018-04-30,30947,31090,31090,30892,6380,-0.58,31129.0,31158.0,6100.0,31258.14285714286,30874.333333333332,122.01014790014756,357.6008498531148,-0.0009307400988509684,-0.004568544135970076,198,143,142.0,-28.0,2018,4,0,30
2018-05-01,30874,30855,30917,30735,860,-0.24,30947.0,31129.0,6380.0,31182.14285714286,30897.533333333333,127.09501507644693,337.79515659000504,-0.005846638183044761,-0.0009307400988509684,182,-19,198.0,143.0,2018,5,1,1
2018-05-02,30926,31020,31350,30860,500,0.17,30874.0,30947.0,860.0,31119.285714285714,30912.266666666666,156.43285491026901,326.23145298868985,-0.0023588716192199932,-0.005846638183044761,490,94,182.0,-19.0,2018,5,2,2
2018-05-03,31003,30925,31146,30861,210,0.25,30926.0,30874.0,500.0,31085.285714285714,30933.666666666668,170.34055524755072,303.8893098535156,0.0016842650774113732,-0.0023588716192199932,285,-78,490.0,94.0,2018,5,3,3
2018-05-04,31068,30907,31154,30907,130,0.21,31003.0,30926.0,210.0,31048.285714285714,30951.633333333335,152.78275893801134,290.8162689713477,0.0024898143956542107,0.0016842650774113732,247,-161,285.0,-78.0,2018,5,4,4
2018-05-07,31247,31125,31300,31125,6160,0.58,31068.0,31003.0,130.0,31015.0,30970.366666666665,107.10119825102636,278.9804693852456,0.002096571299551764,0.0024898143956542107,175,-122,247.0,-161.0,2018,5,0,7
2018-05-08,31200,31220,31238,31075,8690,-0.15,31247.0,31068.0,6160.0,31027.714285714286,30981.9,129.78663809772746,283.13495624495965,0.005761555298055887,0.002096571299551764,163,20,175.0,-122.0,2018,5,1,8
2018-05-09,31303,31219,31364,31156,9930,0.33,31200.0,31247.0,8690.0,31037.85714285714,30992.266666666666,141.28626799497795,285.3014054532164,-0.0015041443978621727,0.005761555298055887,208,-84,163.0,20.0,2018,5,2,9
2018-05-10,31352,31338,31470,31231,10730,0.16,31303.0,31200.0,9930.0,31088.714285714286,31011.8,165.18243882258804,285.8650996046351,0.003301282051282106,-0.0015041443978621727,239,-14,208.0,-84.0,2018,5,3,10
2018-05-11,31500,31340,31545,31340,8840,0.47,31352.0,31303.0,10730.0,31157.0,31039.6,160.35793297123678,276.59002400458974,0.0015653451745838431,0.003301282051282106,205,-160,239.0,-14.0,2018,5,4,11
2018-05-14,31496,31450,31544,31380,7900,-0.01,31500.0,31352.0,8840.0,31239.0,31075.4,169.0700052250811,263.6333137854051,0.0047205919877519875,0.0015653451745838431,164,-46,205.0,-160.0,2018,5,0,14
2018-05-15,31186,31425,31499,31172,14510,-0.98,31496.0,31500.0,7900.0,31309.428571428572,31093.233333333334,156.59912424540937,273.53682010574505,-0.00012698412698408656,0.0047205919877519875,327,239,164.0,-46.0,2018,5,1,15
2018-05-16,31007,31171,31171,30941,10730,-0.57,31186.0,31496.0,14510.0,31326.285714285714,31111.933333333334,130.44630349451003,259.22443123028154,-0.009842519685039353,-0.00012698412698408656,230,164,327.0,239.0,2018,5,2,16
2018-05-17,30986,31001,31001,30852,8540,-0.07,31007.0,31186.0,10730.0,31292.0,31115.966666666667,177.7291947509191,256.5150373123414,-0.005739755018277393,-0.009842519685039353,149,15,230.0,164.0,2018,5,3,17
2018-05-18,31093,30971,31115,30950,7380,0.35,30986.0,31007.0,8540.0,31261.428571428572,31132.0,211.40628904496262,230.74825810875058,-0.0006772664237107984,-0.005739755018277393,165,-122,149.0,15.0,2018,5,4,18
2018-05-21,31114,31035,31139,30925,8029,0.07,31093.0,30986.0,7380.0,31231.428571428572,31148.266666666666,219.2774932540093,208.43851873270455,0.003453172400438964,-0.0006772664237107984,214,-79,165.0,-122.0,2018,5,0,21
2018-05-22,31111,31025,31173,31005,7330,-0.01,31114.0,31093.0,8029.0,31197.428571428572,31162.9,215.89183799863414,188.5261072185379,0.0006753931753127329,0.003453172400438964,168,-86,214.0,-79.0,2018,5,1,22
2018-05-23,31186,31121,31369,31103,11980,0.24,31111.0,31114.0,7330.0,31141.85714285714,31173.333333333332,170.27372920472868,175.8718838807253,-9.641961817830058e-05,0.0006753931753127329,266,-65,168.0,-86.0,2018,5,2,23
2018-05-24,31461,31241,31486,31235,11060,0.88,31186.0,31111.0,11980.0,31097.571428571428,31171.4,78.27485152393872,175.38639116653937,0.002410722895438866,-9.641961817830058e-05,251,-220,266.0,-65.0,2018,5,3,24
2018-05-25,31194,31370,31427,31172,10050,-0.85,31461.0,31186.0,11060.0,31136.85714285714,31190.2,158.22918880730757,175.18667875530755,0.008818059385621746,0.002410722895438866,255,176,251.0,-220.0,2018,5,4,25
2018-05-28,30971,31150,31150,30885,6810,-0.71,31194.0,31461.0,10050.0,31163.571428571428,31196.5,148.11353431662312,171.65979787480117,-0.008486697816344035,0.008818059385621746,265,179,255.0,176.0,2018,5,0,28
2018-05-29,31184,31020,31320,31020,12380,0.69,30971.0,31194.0,6810.0,31161.428571428572,31189.966666666667,151.18736404793037,176.48336510969477,-0.007148810668718308,-0.008486697816344035,300,-164,265.0,179.0,2018,5,1,29
2018-05-30,31030,31120,31123,30937,9140,-0.49,31184.0,30971.0,12380.0,31174.428571428572,31187.533333333333,148.20577715154988,176.0299216975798,0.006877401440056774,-0.007148810668718308,186,90,300.0,-164.0,2018,5,2,30
2018-05-31,30882,31050,31120,30837,6070,-0.48,31030.0,31184.0,9140.0,31162.428571428572,31174.866666666665,157.05079554429128,173.11760669166935,-0.004938429964084112,0.006877401440056774,283,168,186.0,90.0,2018,5,3,31
2018-06-01,30568,30796,30839,30458,2070,-1.02,30882.0,31030.0,6070.0,31129.714285714286,31154.966666666667,189.9532523948465,171.2544957026804,-0.004769577827908433,-0.004938429964084112,381,228,283.0,168.0,2018,6,4,1
2018-06-04,30708,30650,30812,30580,340,0.46,30568.0,30882.0,2070.0,31041.428571428572,31130.1,281.15467696820167,199.24016870882147,-0.010167735250307675,-0.004769577827908433,232,-58,381.0,228.0,2018,6,0,4
2018-06-05,30699,30673,30935,30656,80,-0.03,30708.0,30568.0,340.0,30933.85714285714,31114.9,233.9589911158584,213.45198119342515,0.004579952891913042,-0.010167735250307675,279,-26,232.0,-58.0,2018,6,1,5
2018-06-06,30755,30876,30913,30720,6330,0.18,30699.0,30708.0,80.0,30863.14285714286,31096.133333333335,216.37192406583225,224.5347271085269,-0.0002930832356389246,0.004579952891913042,193,121,279.0,-26.0,2018,6,2,6
2018-06-07,31055,30820,31075,30789,8210,0.98,30755.0,30699.0,6330.0,30832.285714285714,31077.933333333334,213.813559194404,229.43137105141395,0.0018241636535392125,-0.0002930832356389246,286,-235,193.0,121.0,2018,6,3,7
2018-06-08,31076,31011,31196,30950,8180,0.07,31055.0,30755.0,8210.0,30813.85714285714,31074.5,181.5759056812063,228.96208841329647,0.00975451146155093,0.0018241636535392125,246,-65,286.0,-235.0,2018,6,4,8
2018-06-11,31035,31070,31083,30920,7520,-0.13,31076.0,31055.0,8180.0,30820.428571428572,31072.733333333334,191.2754184792876,228.73142409244983,0.000676219610368678,0.00975451146155093,163,35,246.0,-65.0,2018,6,0,11
2018-06-12,30952,31001,31001,30873,6950,-0.27,31035.0,31076.0,7520.0,30842.285714285714,31075.666666666668,207.5345065976074,227.62496883322157,-0.001319346119191711,0.000676219610368678,128,49,163.0,35.0,2018,6,1,12
2018-06-13,30952,30936,30994,30920,3910,0.0,30952.0,31035.0,6950.0,30897.14285714286,31078.266666666666,170.37353919339643,225.67919454419743,-0.0026743998711132866,-0.001319346119191711,74,-16,128.0,49.0,2018,6,2,13
2018-06-14,31145,30973,31178,30973,8590,0.62,30952.0,30952.0,3910.0,30932.0,31079.133333333335,148.82428117349497,225.1235267545207,0.0,-0.0026743998711132866,205,-172,74.0,-16.0,2018,6,3,14
2018-06-15,30804,31180,31195,30755,11170,-1.09,31145.0,30952.0,8590.0,30995.714285714286,31083.866666666665,126.19787938806915,224.96033877670618,0.006235461359524352,0.0,440,376,205.0,-172.0,2018,6,4,15
2018-06-18,30773,30799,30836,30721,4810,-0.1,30804.0,31145.0,11170.0,31002.714285714286,31075.066666666666,111.07312048996805,230.69294913619012,-0.010948787927436143,0.006235461359524352,115,26,440.0,376.0,2018,6,0,18
2018-06-19,30702,30848,30899,30673,7270,-0.23,30773.0,30804.0,4810.0,30962.428571428572,31059.266666666666,137.05091163904487,234.70831983942438,-0.0010063628100246413,-0.010948787927436143,226,146,115.0,26.0,2018,6,1,19
2018-06-20,30605,30680,30702,30580,4930,-0.32,30702.0,30773.0,7270.0,30909.0,31042.666666666668,156.86512253145247,241.91182966709854,-0.0023072173658726935,-0.0010063628100246413,122,75,226.0,146.0,2018,6,2,20
2018-06-21,30451,30575,30575,30367,6940,-0.5,30605.0,30702.0,4930.0,30847.571428571428,31019.4,181.55151440044025,249.45853086283537,-0.0031594032962022345,-0.0023072173658726935,208,124,122.0,75.0,2018,6,3,21
2018-06-22,30498,30410,30554,30387,6810,0.15,30451.0,30605.0,6940.0,30776.0,30989.366666666665,226.6686274428094,261.95899696615606,-0.005031857539617657,-0.0031594032962022345,167,-88,208.0,124.0,2018,6,4,22
2018-06-25,30540,30500,30648,30500,4980,0.14,30498.0,30451.0,6810.0,30711.14285714286,30955.966666666667,232.78561565801903,258.4623608063467,0.0015434632688582361,-0.005031857539617657,148,-40,167.0,-88.0,2018,6,0,25
2018-06-26,30480,30512,30574,30335,6410,-0.2,30540.0,30498.0,4980.0,30624.714285714286,30924.1,137.78209158684078,248.3190869931078,0.0013771394845563112,0.0015434632688582361,239,32,148.0,-40.0,2018,6,1,26
2018-06-27,30606,30466,30631,30435,6000,0.41,30480.0,30540.0,6410.0,30578.428571428572,30900.566666666666,120.90334589149721,255.97867412886825,-0.0019646365422396617,0.0013771394845563112,196,-140,239.0,32.0,2018,6,2,27
2018-06-28,30431,30588,30604,30408,4320,-0.57,30606.0,30480.0,6000.0,30554.571428571428,30887.2,88.15111484127166,260.6562540170506,0.004133858267716617,-0.0019646365422396617,196,157,196.0,-140.0,2018,6,3,28
2018-06-29,30363,30404,30449,30288,5610,-0.22,30431.0,30606.0,4320.0,30515.85714285714,30868.7,70.31696943566433,272.8140897860502,-0.00571783310462004,0.004133858267716617,161,41,196.0,157.0,2018,6,4,29
2018-07-02,30153,30380,30412,30000,2260,-0.69,30363.0,30431.0,5610.0,30481.285714285714,30844.366666666665,78.22982015858585,284.4266444824448,-0.0022345634385988467,-0.00571783310462004,412,227,161.0,41.0,2018,7,0,2
2018-07-03,30469,30185,30600,30100,190,1.05,30153.0,30363.0,2260.0,30438.714285714286,30812.333333333332,147.6975674434462,306.288047131597,-0.006916312617330278,-0.0022345634385988467,500,-284,412.0,227.0,2018,7,1,3
2018-07-04,30510,30463,30550,30463,40,0.13,30469.0,30153.0,190.0,30434.571428571428,30790.933333333334,146.156146116949,307.12773186047633,0.01047988591516602,-0.006916312617330278,87,-47,500.0,-284.0,2018,7,2,4
2018-07-05,30541,30600,30640,30495,20,0.1,30510.0,30469.0,40.0,30430.285714285714,30768.4,142.95420512193647,301.8968309726492,0.0013456299845744368,0.01047988591516602,145,59,87.0,-47.0,2018,7,3,5
2018-07-06,30582,30650,30740,30570,4840,0.13,30541.0,30510.0,20.0,30439.0,30737.733333333334,148.25091343217142,274.6101855769351,0.0010160603080957564,0.0013456299845744368,170,68,145.0,59.0,2018,7,4,6
2018-07-09,30638,30613,30788,30613,7260,0.18,30582.0,30541.0,4840.0,30435.571428571428,30717.333333333332,143.96047738097758,261.98846162112324,0.0013424576798402033,0.0010160603080957564,175,-25,170.0,68.0,2018,7,0,9
2018-07-10,30551,30663,30679,30436,7520,-0.28,30638.0,30582.0,7260.0,30465.14285714286,30706.233333333334,162.88178593880892,257.89274479075283,0.0018311425021253491,0.0013424576798402033,243,112,175.0,-25.0,2018,7,1,10
2018-07-11,30344,30502,30545,30325,6020,-0.68,30551.0,30638.0,7520.0,30492.0,30685.133333333335,158.67787075331705,242.91558535593384,-0.002839610940661874,0.0018311425021253491,220,158,243.0,112.0,2018,7,2,11
2018-07-12,30175,30315,30315,30161,7750,-0.56,30344.0,30551.0,6020.0,30519.285714285714,30662.266666666666,93.8468864447713,241.61695723316626,-0.0067755556282936835,-0.002839610940661874,154,140,220.0,158.0,2018,7,3,12
2018-07-13,30131,30169,30210,30035,7170,-0.15,30175.0,30344.0,7750.0,30477.285714285714,30638.7,161.5030590898441,253.62668058206782,-0.005569470076456584,-0.0067755556282936835,175,38,154.0,140.0,2018,7,4,13
2018-07-16,30103,30151,30248,30074,5560,-0.09,30131.0,30175.0,7170.0,30423.14285714286,30624.133333333335,206.08366308520328,269.85714398650344,-0.0014581607290803378,-0.005569470076456584,174,48,175.0,38.0,2018,7,0,16
2018-07-17,29757,30102,30120,29740,9280,-1.15,30103.0,30131.0,5560.0,30360.571428571428,30603.966666666667,229.49862537226215,285.524862535776,-0.0009292754969963957,-0.0014581607290803378,380,345,174.0,48.0,2018,7,1,17
2018-07-18,29799,29999,29999,29671,7920,0.14,29757.0,30103.0,9280.0,30242.714285714286,30572.566666666666,298.34360184532545,323.92801279128,-0.011493871042753234,-0.0009292754969963957,328,200,380.0,345.0,2018,7,2,18
2018-07-19,29913,29671,29968,29624,8400,0.38,29799.0,29757.0,7920.0,30122.85714285714,30540.7,281.10640249546924,351.23478246529453,0.0014114326040930436,-0.011493871042753234,344,-242,328.0,200.0,2018,7,3,19
2018-07-20,29957,29788,29977,29767,7070,0.15,29913.0,29799.0,8400.0,30031.714285714286,30502.633333333335,214.75157297531342,355.4327603444764,0.0038256317326084144,0.0014114326040930436,210,-169,344.0,-242.0,2018,7,4,20
2018-07-23,29914,29922,30043,29862,7100,-0.14,29957.0,29913.0,7070.0,29976.428571428572,30465.333333333332,165.0119764777219,351.88500603312013,0.0014709323705413002,0.0038256317326084144,181,8,210.0,-169.0,2018,7,0,23
2018-07-24,29912,29860,29978,29780,7690,-0.01,29914.0,29957.0,7100.0,29939.14285714286,30427.966666666667,140.3025642101402,348.8122193494492,-0.0014353907267082855,0.0014709323705413002,198,-52,181.0,8.0,2018,7,1,24
2018-07-25,29959,29867,30035,29835,7580,0.16,29912.0,29914.0,7690.0,29907.85714285714,30393.3,111.94109845780443,346.6085091574771,-6.685832720465523e-05,-0.0014353907267082855,200,-92,198.0,-52.0,2018,7,2,25
2018-07-26,29836,29912,29952,29816,5770,-0.41,29959.0,29912.0,7580.0,29887.285714285714,30360.2,78.27028871396867,338.7394889572166,0.0015712757421770807,-6.685832720465523e-05,136,76,200.0,-92.0,2018,7,3,26
2018-07-27,29805,29960,29960,29682,7530,-0.1,29836.0,29959.0,5770.0,29898.571428571428,30316.566666666666,59.89117114469048,317.8238162262456,-0.0041056110017023695,0.0015712757421770807,278,155,136.0,76.0,2018,7,4,27
2018-07-30,29755,29726,29782,29700,4900,-0.17,29805.0,29836.0,7530.0,29899.428571428572,30283.266666666666,58.249054765572524,317.326649209536,-0.0010390132725566215,-0.0041056110017023695,82,-29,278.0,155.0,2018,7,0,30
2018-07-31,29638,29730,29740,29561,6630,-0.39,29755.0,29805.0,4900.0,29876.85714285714,30249.333333333332,79.02199814359305,317.58097890243283,-0.0016775708773695275,-0.0010390132725566215,179,92,82.0,-29.0,2018,7,1,31
2018-08-01,29462,29591,29670,29441,2140,-0.59,29638.0,29755.0,6630.0,29831.285714285714,30213.866666666665,110.7244542187211,324.6195368086704,-0.003932112250041975,-0.0016775708773695275,229,129,179.0,92.0,2018,8,2,1
2018-08-02,29520,29532,29638,29477,920,0.2,29462.0,29638.0,2140.0,29766.714285714286,30175.766666666666,170.24659985454238,343.64814436594725,-0.005938322423915232,-0.003932112250041975,161,12,229.0,129.0,2018,8,3,2
2018-08-03,29800,29520,29900,29425,110,0.95,29520.0,29462.0,920.0,29710.714285714286,30144.733333333334,178.75095737374897,359.6028396697929,0.0019686375670355805,-0.005938322423915232,475,-280,161.0,12.0,2018,8,4,3
2018-08-06,29563,29656,29656,29538,4019,-0.8,29800.0,29520.0,110.0,29688.0,30121.466666666667,149.68077142191655,358.5370401996634,0.009485094850948617,0.0019686375670355805,118,93,475.0,-280.0,2018,8,0,6
2018-08-07,29534,29604,29668,29520,5980,-0.1,29563.0,29800.0,4019.0,29649.0,30088.9,139.94046353167252,363.5463590412547,-0.007953020134228161,0.009485094850948617,148,70,118.0,93.0,2018,8,1,7
2018-08-08,29544,29560,29630,29500,6450,0.03,29534.0,29563.0,5980.0,29610.285714285714,30057.366666666665,126.4235134855466,369.4327882811925,-0.0009809559246355404,-0.007953020134228161,130,16,148.0,70.0,2018,8,2,8
2018-08-09,29605,29565,29665,29529,5580,0.21,29544.0,29534.0,6450.0,29580.14285714286,30021.966666666667,110.2941953320045,365.9135457840521,0.0003385928082888512,-0.0009809559246355404,136,-40,130.0,16.0,2018,8,3,9
2018-08-10,29706,29625,29744,29540,7310,0.34,29605.0,29544.0,5580.0,29575.428571428572,29994.433333333334,108.09233266553701,365.14991567751633,0.002064717032223218,0.0003385928082888512,204,-81,136.0,-40.0,2018,8,4,10
2018-08-13,29665,29750,29836,29644,7720,-0.14,29706.0,29605.0,7310.0,29610.285714285714,29972.533333333333,104.70707439660906,361.97082501312286,0.0034115858807632904,0.002064717032223218,192,85,204.0,-81.0,2018,8,0,13
2018-08-14,29664,29665,29740,29575,4990,0.0,29665.0,29706.0,7720.0,29631.0,29956.266666666666,97.99659858107042,364.53720621139365,-0.0013801925536928161,0.0034115858807632904,165,1,192.0,85.0,2018,8,1,14
2018-08-16,29275,29615,29615,29222,10270,-1.31,29664.0,29665.0,4990.0,29611.571428571428,29929.433333333334,67.70735347369117,354.99671521841105,-3.370975897520889e-05,-0.0013801925536928161,393,340,165.0,1.0,2018,8,3,16
2018-08-17,29275,29291,29375,29184,6000,0.0,29275.0,29664.0,10270.0,29570.428571428572,29888.266666666666,145.24560480238415,356.95270944676554,-0.013113538295577154,-3.370975897520889e-05,191,16,393.0,340.0,2018,8,4,17
2018-08-20,29435,29388,29459,29350,5660,0.55,29275.0,29275.0,6000.0,29533.428571428572,29846.066666666666,183.913799684552,351.9233785465272,0.0,-0.013113538295577154,109,-47,191.0,16.0,2018,8,0,20
2018-08-21,29542,29460,29565,29436,6270,0.36,29435.0,29275.0,5660.0,29517.85714285714,29807.833333333332,187.44992982287215,330.8909689506911,0.00546541417591806,0.0,129,-82,109.0,-47.0,2018,8,1,21
2018-08-22,29627,29450,29733,29450,4610,0.29,29542.0,29435.0,6270.0,29508.85714285714,29771.3,184.05020019168543,294.58482181059577,0.0036351282486835057,0.00546541417591806,283,-177,129.0,-82.0,2018,8,2,22
2018-08-23,29576,29666,29666,29490,5980,-0.17,29627.0,29542.0,4610.0,29497.571428571428,29740.5,171.97272762779014,256.0345814462546,0.00287725949495643,0.0036351282486835057,176,90,283.0,-177.0,2018,8,3,23
2018-08-24,29882,29550,29900,29550,9030,1.03,29576.0,29627.0,5980.0,29484.85714285714,29714.9,160.4342321864809,230.75921919002758,-0.0017214027744962834,0.00287725949495643,350,-332,176.0,90.0,2018,8,4,24
2018-08-27,29973,29930,30045,29863,6670,0.3,29882.0,29576.0,9030.0,29516.0,29705.133333333335,213.4150885015481,216.36602661018233,0.010346226670273184,-0.0017214027744962834,182,-43,350.0,-332.0,2018,8,0,27
2018-08-28,29981,30015,30170,29951,6780,0.03,29973.0,29882.0,6670.0,29615.714285714286,29699.866666666665,243.05123896419647,207.37866969264925,0.0030453115587978363,0.010346226670273184,219,34,182.0,-43.0,2018,8,1,28
2018-08-29,30144,29977,30168,29977,6080,0.54,29981.0,29973.0,6780.0,29716.571428571428,29695.8,223.824974137712,200.2752244214369,0.0002669068828613508,0.0030453115587978363,191,-167,219.0,34.0,2018,8,2,29
2018-08-30,30131,30110,30269,30082,6310,-0.04,30144.0,29981.0,6080.0,29817.85714285714,29708.7,235.29657071578134,216.18481078375072,0.005436776625195927,0.0002669068828613508,187,-21,191.0,-167.0,2018,8,3,30
2018-08-31,30116,30224,30298,30055,5780,-0.05,30131.0,30144.0,6310.0,29902.0,29719.766666666666,225.31015659929568,229.07982095249452,-0.0004312632696390484,0.005436776625195927,243,108,187.0,-21.0,2018,8,4,31
2018-09-03,30327,30075,30448,30062,1440,0.7,30116.0,30131.0,5780.0,29971.85714285714,29726.533333333333,200.24936834842623,237.8160305101942,-0.000497826159105208,-0.0004312632696390484,386,-252,243.0,108.0,2018,9,0,3
2018-09-04,30221,30238,30300,30154,170,-0.35,30327.0,30116.0,1440.0,30079.14285714286,29738.866666666665,146.8847945067135,258.84487876752553,0.007006242528888373,-0.000497826159105208,146,17,386.0,-252.0,2018,9,1,4
2018-09-05,30310,30257,30494,30250,50,0.29,30221.0,30327.0,170.0,30127.571428571428,29749.1,125.36062266287347,271.75411680378494,-0.0034952352689022748,0.007006242528888373,244,-53,146.0,17.0,2018,9,2,5
2018-09-06,30565,30366,30693,30366,14800,0.84,30310.0,30221.0,50.0,30175.714285714286,29762.366666666665,120.73071175986344,289.1396850504389,0.002944972039310434,-0.0034952352689022748,327,-199,244.0,-53.0,2018,9,3,6
2018-09-07,30509,30643,30643,30405,9440,-0.18,30565.0,30310.0,14800.0,30259.14285714286,29782.566666666666,159.35435207094162,322.5846783597175,0.008413064995051123,0.002944972039310434,238,134,327.0,-199.0,2018,9,4,7
2018-09-10,30725,30549,30748,30526,11420,0.71,30509.0,30565.0,9440.0,30311.285714285714,29805.0,174.40442873403796,348.7671884279429,-0.001832160968427976,0.008413064995051123,222,-176,238.0,134.0,2018,9,0,10
2018-09-11,30732,30660,30744,30559,11400,0.02,30725.0,30509.0,11420.0,30396.14285714286,29835.666666666668,212.42757869593953,387.1070718254312,0.007079878068766643,-0.001832160968427976,185,-72,222.0,-176.0,2018,9,1,11
2018-09-12,30664,30682,30779,30443,15880,-0.22,30732.0,30725.0,11400.0,30484.14285714286,29868.233333333334,204.47691684871168,419.8026369888241,0.00022782750203420576,0.007079878068766643,336,18,185.0,-72.0,2018,9,2,12
2018-09-13,30470,30576,30690,30450,6630,-0.63,30664.0,30732.0,15880.0,30532.285714285714,29902.433333333334,200.95415255405402,441.6247965403611,-0.0022126773395808597,0.00022782750203420576,240,106,336.0,18.0,2018,9,3,13
2018-09-14,30453,30501,30648,30401,11820,-0.06,30470.0,30664.0,6630.0,30567.85714285714,29936.033333333333,152.98085781329107,445.2904115007205,-0.006326637098878152,-0.0022126773395808597,247,48,240.0,106.0,2018,9,4,14
2018-09-17,30778,30509,30800,30509,13770,1.07,30453.0,30470.0,11820.0,30588.285714285714,29967.133333333335,118.46196898324021,447.80604894421253,-0.0005579258286839694,-0.006326637098878152,291,-269,247.0,48.0,2018,9,0,17
2018-09-18,30811,30710,30925,30652,11960,0.11,30778.0,30453.0,13770.0,30618.714285714286,29999.733333333334,137.33622280879575,470.2554649322071,0.010672183364528909,-0.0005579258286839694,273,-101,291.0,-269.0,2018,9,1,18
2018-09-19,30649,30821,30936,30634,13100,-0.53,30811.0,30778.0,11960.0,30661.85714285714,30041.333333333332,144.38077962097276,485.2502612999828,0.001072194424589057,0.010672183364528909,302,172,273.0,-101.0,2018,9,2,19
2018-09-20,30623,30700,30700,30585,3970,-0.08,30649.0,30811.0,13100.0,30651.0,30078.5,141.67333317700755,487.7463126636446,-0.005257862451721773,0.001072194424589057,115,77,302.0,172.0,2018,9,3,20
2018-09-21,30609,30731,30910,30455,15510,-0.05,30623.0,30649.0,3970.0,30635.428571428572,30114.466666666667,137.2064832570551,486.75489359277634,-0.000848314790042104,-0.005257862451721773,455,122,115.0,77.0,2018,9,4,21
2018-09-24,30862,30620,30899,30620,10490,0.83,30609.0,30623.0,15510.0,30627.571428571428,30147.933333333334,136.87202921379352,485.0306021862931,-0.00045717271332001985,-0.000848314790042104,279,-242,455.0,122.0,2018,9,0,24
2018-09-25,30838,30821,30864,30755,7690,-0.08,30862.0,30609.0,10490.0,30683.571428571428,30186.466666666667,141.76254458696332,494.5366158006253,0.008265542814204885,-0.00045717271332001985,109,-17,279.0,-242.0,2018,9,1,25
2018-09-26,30608,30824,30830,30587,9120,-0.75,30838.0,30862.0,7690.0,30738.571428571428,30225.566666666666,108.08153888510839,498.24282151889946,-0.000777655369062269,0.008265542814204885,243,216,109.0,-17.0,2018,9,2,26
2018-09-27,30356,30738,30738,30321,10280,-0.82,30608.0,30838.0,9120.0,30714.285714285714,30257.033333333333,116.51568461824291,491.31508840219783,-0.0074583306310396225,-0.000777655369062269,417,382,243.0,216.0,2018,9,3,27
2018-09-28,30479,30398,30520,30264,8850,0.41,30356.0,30608.0,10280.0,30649.285714285714,30293.066666666666,168.76780329411696,455.1156680054712,-0.008233141662310484,-0.0074583306310396225,256,-81,417.0,382.0,2018,9,4,28
2018-10-01,30614,30399,30660,30376,2220,0.44,30479.0,30356.0,8850.0,30625.0,30333.2,180.63037765969096,413.42008359165635,0.004051917248649284,-0.008233141662310484,284,-215,256.0,-81.0,2018,10,0,1
2018-10-03,31025,30890,31168,30889,190,1.34,30614.0,30479.0,2220.0,30623.714285714286,30372.5,180.67901029741657,379.7603373086592,0.004429279175826029,0.004051917248649284,279,-135,284.0,-215.0,2018,10,2,3
2018-10-04,31136,31072,31164,31015,40,0.36,31025.0,30614.0,190.0,30683.14285714286,30421.933333333334,235.21651626525102,364.1255877823398,0.013425230286796985,0.004429279175826029,149,-64,279.0,-135.0,2018,10,3,4
2018-10-05,31233,31101,31288,30985,70,0.31,31136.0,31025.0,40.0,30722.285714285714,30472.233333333334,287.03235258194223,354.6297421574397,0.003577759871071784,0.013425230286796985,303,-132,149.0,-64.0,2018,10,4,5
2018-10-08,31096,31369,31389,31083,9960,-0.44,31233.0,31136.0,70.0,30778.714285714286,30527.466666666667,346.2839462474781,338.91894395912055,0.0031153648509762988,0.003577759871071784,306,273,303.0,-132.0,2018,10,0,8
2018-10-09,31161,31200,31275,31115,7310,0.21,31096.0,31233.0,9960.0,30848.428571428572,30567.933333333334,355.19518443776263,331.5892695456319,-0.004386386194089598,0.0031153648509762988,160,39,306.0,273.0,2018,10,1,9
2018-10-10,31247,31235,31265,31151,6580,0.28,31161.0,31096.0,7310.0,30963.428571428572,30607.533333333333,294.2849283394916,329.017841810322,0.002090301003344397,-0.004386386194089598,114,-12,160.0,39.0,2018,10,2,10
2018-10-11,31793,31300,31815,31250,17380,1.75,31247.0,31161.0,6580.0,31073.14285714286,30649.733333333334,216.44970822489094,327.07047994309045,0.0027598600815121888,0.002090301003344397,565,-493,114.0,-12.0,2018,10,3,11
2018-10-12,31670,31699,31720,31574,10610,-0.39,31793.0,31247.0,17380.0,31241.571428571428,30704.7,254.92080936594598,374.3007411523575,0.01747367747303752,0.0027598600815121888,146,29,565.0,-493.0,2018,10,4,12
2018-10-15,31877,31723,32075,31723,14310,0.65,31670.0,31793.0,10610.0,31333.714285714286,30756.0,279.0231258553273,397.693869443208,-0.0038687761456924763,0.01747367747303752,352,-154,146.0,29.0,2018,10,0,15
2018-10-16,31701,31877,31957,31680,10710,-0.55,31877.0,31670.0,14310.0,31439.571428571428,30814.7,327.8088147804994,428.72394059694824,0.006536154089043178,-0.0038687761456924763,277,176,352.0,-154.0,2018,10,1,16
2018-10-17,31702,31670,31839,31635,8630,0.0,31701.0,31877.0,10710.0,31506.428571428572,30860.5,326.378030890252,447.79419148825696,-0.005521222197822917,0.006536154089043178,204,-32,277.0,176.0,2018,10,2,17
2018-10-18,31885,31670,31909,31638,5540,0.58,31702.0,31701.0,8630.0,31593.0,30909.866666666665,275.82301088472656,456.4147942030294,3.154474622246717e-05,-0.005521222197822917,271,-215,204.0,-32.0,2018,10,3,18
2018-10-19,31737,31805,31867,31703,7590,-0.46,31885.0,31702.0,5540.0,31696.428571428572,30962.366666666665,216.11251478756645,475.2305054738179,0.005772506466469096,3.154474622246717e-05,164,68,271.0,-215.0,2018,10,4,19
2018-10-22,31729,31738,31749,31641,6730,-0.03,31737.0,31885.0,7590.0,31766.428571428572,31001.433333333334,87.16623418011255,489.39960988999457,-0.004641681041241963,0.005772506466469096,108,9,164.0,68.0,2018,10,0,22
2018-10-23,31871,31721,32053,31721,13470,0.45,31729.0,31737.0,6730.0,31757.285714285714,31042.1,87.27106104217793,497.68764265824774,-0.00025207171440277953,-0.004641681041241963,332,-150,108.0,9.0,2018,10,1,23
2018-10-24,31723,31820,31844,31585,9820,-0.46,31871.0,31729.0,13470.0,31786.0,31080.3,86.83125397492194,516.1476098675237,0.004475401052664862,-0.00025207171440277953,259,97,332.0,-150.0,2018,10,2,24
2018-10-25,31683,31800,31912,31663,9540,-0.13,31723.0,31871.0,9820.0,31764.0,31113.333333333332,79.09698688017875,524.7283917008951,-0.0046437199962348075,0.004475401052664862,249,117,259.0,97.0,2018,10,3,25
2018-10-26,31764,31779,31993,31725,13310,0.26,31683.0,31723.0,9540.0,31761.428571428572,31147.3,81.73505397201856,527.6121975788776,-0.0012609147936828435,-0.0046437199962348075,268,15,249.0,117.0,2018,10,4,26
2018-10-29,31730,31847,31847,31692,6670,-0.11,31764.0,31683.0,13310.0,31770.285714285714,31190.433333333334,77.46980978911411,523.2073949787409,0.00255657608181048,-0.0012609147936828435,155,117,268.0,15.0,2018,10,0,29
2018-10-30,31725,31755,31789,31651,5960,-0.02,31730.0,31764.0,6670.0,31748.14285714286,31233.0,59.21832084751186,512.9898836128904,-0.0010703941569072395,0.00255657608181048,138,30,155.0,117.0,2018,10,1,30
2018-10-31,31631,31650,31780,31590,5670,-0.3,31725.0,31730.0,5960.0,31746.428571428572,31264.566666666666,59.76581281252403,513.1627881344689,-0.00015757957768669506,-0.0010703941569072395,190,19,138.0,30.0,2018,10,2,31
2018-11-01,31783,31671,31818,31619,1580,0.48,31631.0,31725.0,5670.0,31732.428571428572,31291.9,74.25150311256031,509.9994151445422,-0.002962962962962945,-0.00015757957768669506,199,-112,190.0,19.0,2018,11,3,1
2018-11-02,31737,31737,31999,31530,540,-0.14,31783.0,31631.0,1580.0,31719.85714285714,31329.7,50.54512364212748,502.6782168093855,0.004805412411874377,-0.002962962962962945,469,0,199.0,-112.0,2018,11,4,2
2018-11-05,31783,31785,31898,31630,180,0.14,31737.0,31783.0,540.0,31721.85714285714,31366.833333333332,50.965441140685535,489.6507610691269,-0.001447314602145755,0.004805412411874377,268,2,469.0,0.0,2018,11,0,5
2018-11-06,31657,31718,31869,31641,9160,-0.4,31783.0,31737.0,180.0,31736.14285714286,31405.966666666667,52.2571480660632,473.64758347616237,0.0014494123578157048,-0.001447314602145755,228,61,268.0,2.0,2018,11,1,6
2018-11-07,31602,31660,31678,31530,1800,-0.17,31657.0,31783.0,9160.0,31720.85714285714,31432.466666666667,58.07589451741579,464.3114838365057,-0.003964383475442812,0.0014494123578157048,148,58,228.0,61.0,2018,11,2,7
2018-11-08,31408,31551,31551,31234,6110,-0.61,31602.0,31657.0,1800.0,31702.571428571428,31457.933333333334,72.96085056023985,451.35290369911735,-0.0017373724610670882,-0.003964383475442812,317,143,148.0,58.0,2018,11,3,8
2018-11-09,31023,31302,31383,30965,10710,-1.23,31408.0,31602.0,6110.0,31657.285714285714,31484.6,131.56331085105583,422.0899234141157,-0.006138851971394188,-0.0017373724610670882,418,279,317.0,143.0,2018,11,4,9
2018-11-12,31014,31106,31178,30975,7770,-0.03,31023.0,31408.0,10710.0,31570.428571428572,31506.833333333332,274.6730523995216,375.59810540132224,-0.012258023433520115,-0.006138851971394188,203,92,418.0,279.0,2018,11,0,12
2018-11-13,30778,31110,31110,30756,8280,-0.76,31014.0,31023.0,7770.0,31460.571428571428,31524.666666666668,324.7095405350265,335.69519562732194,-0.0002901073397156839,-0.012258023433520115,354,332,203.0,92.0,2018,11,1,13
2018-11-14,30838,30700,30867,30620,7550,0.19,30778.0,31014.0,8280.0,31323.571428571428,31530.133333333335,385.2976585893888,321.38426171424396,-0.007609466692461431,-0.0002901073397156839,247,-138,354.0,332.0,2018,11,2,14
2018-11-15,30831,30830,30939,30753,8710,-0.02,30838.0,30778.0,7550.0,31188.571428571428,31523.9,362.3662314764752,333.1185302138922,0.001949444408343659,-0.007609466692461431,186,-1,247.0,-138.0,2018,11,3,15
2018-11-16,31017,30856,31158,30830,10100,0.6,30831.0,30838.0,8710.0,31070.571428571428,31513.733333333334,315.9165803095177,349.61130469032054,-0.00022699267137948897,0.001949444408343659,328,-161,186.0,-1.0,2018,11,4,16
2018-11-19,30888,31068,31068,30785,8150,-0.42,31017.0,30831.0,10100.0,30987.0,31506.533333333333,212.28283020577183,357.722270746398,0.006032888975382011,-0.00022699267137948897,283,180,328.0,-161.0,2018,11,0,19
2018-11-20,30830,30811,30994,30800,8350,-0.19,30888.0,31017.0,8150.0,30912.714285714286,31499.6,103.53375341118856,367.8265708270019,-0.004159009575394168,0.006032888975382011,194,-19,283.0,180.0,2018,11,1,20
2018-11-21,30839,30800,30910,30750,7740,0.03,30830.0,30888.0,8350.0,30885.14285714286,31488.566666666666,94.58052754476597,382.9854308316991,-0.0018777518777518543,-0.004159009575394168,160,-39,194.0,-19.0,2018,11,2,21
2018-11-22,30613,30852,30899,30555,9810,-0.73,30839.0,30830.0,7740.0,30860.14285714286,31474.966666666667,76.18273770336067,398.77791618423595,0.0002919234511840063,-0.0018777518777518543,344,239,160.0,-39.0,2018,11,3,22
2018-11-23,30513,30551,30566,30427,4660,-0.33,30613.0,30839.0,9810.0,30836.571428571428,31435.633333333335,119.2096991906332,423.74028181924075,-0.007328382891792828,0.0002919234511840063,139,38,344.0,239.0,2018,11,4,23
2018-11-26,30574,30472,30672,30470,7680,0.2,30513.0,30613.0,4660.0,30790.14285714286,31397.066666666666,170.72046213223533,453.2952857591063,-0.0032665860908763777,-0.007328382891792828,202,-102,139.0,38.0,2018,11,0,26
2018-11-27,30423,30585,30648,30389,7860,-0.49,30574.0,30513.0,7680.0,30753.428571428572,31353.633333333335,187.29909871945281,467.9128627489538,0.001999147904171883,-0.0032665860908763777,259,162,202.0,-102.0,2018,11,1,27
2018-11-28,30457,30400,30593,30270,8400,0.11,30423.0,30574.0,7860.0,30668.571428571428,31311.033333333333,182.48000542831397,492.7160113245609,-0.004938836920259093,0.001999147904171883,323,-57,259.0,162.0,2018,11,2,28
2018-11-29,30253,30399,30399,30210,6690,-0.67,30457.0,30423.0,8400.0,30607.0,31269.533333333333,168.26071040748175,510.7517605638195,0.001117575518522207,-0.004938836920259093,189,146,323.0,-57.0,2018,11,3,29
2018-11-30,30186,30233,30320,30155,7630,-0.22,30253.0,30457.0,6690.0,30524.571428571428,31215.133333333335,181.61117544848588,529.5057378690937,-0.006697967626489776,0.001117575518522207,165,47,189.0,146.0,2018,11,4,30
2018-12-03,30787,30322,30850,30257,1600,1.99,30186.0,30253.0,7630.0,30431.285714285714,31163.433333333334,159.55428991014492,552.0337747867147,-0.0022146563977126776,-0.006697967626489776,593,-465,165.0,47.0,2018,12,0,3
2018-12-04,30964,30874,31085,30874,80,0.57,30787.0,30186.0,1600.0,30456.14285714286,31132.033333333333,200.8037421396892,545.5068812313857,0.019909892002915264,-0.0022146563977126776,211,-90,593.0,-465.0,2018,12,1,4
2018-12-05,30926,30830,30970,30825,40,-0.12,30964.0,30787.0,80.0,30520.571428571428,31101.8,279.15399402679986,527.9921890744911,0.00574917984863732,0.019909892002915264,145,-96,211.0,-90.0,2018,12,2,5
2018-12-06,31005,31039,31196,30974,10550,0.26,30926.0,30964.0,40.0,30570.85714285714,31075.233333333334,319.2122744987107,515.5626108889852,-0.0012272316238212122,0.00574917984863732,222,34,145.0,-96.0,2018,12,3,6
2018-12-07,31440,31011,31480,30941,11240,1.4,31005.0,30926.0,10550.0,30654.0,31052.633333333335,348.7138272760349,502.70197404843077,0.002554484899437437,-0.0012272316238212122,539,-429,222.0,34.0,2018,12,4,7
2018-12-10,31895,31459,31966,31420,14090,1.45,31440.0,31005.0,11240.0,30794.428571428572,31041.833333333332,441.6925239512858,490.21741013039326,0.014029995162070596,0.002554484899437437,546,-436,539.0,-429.0,2018,12,0,10
2018-12-11,31812,31850,31850,31618,10530,-0.26,31895.0,31440.0,14090.0,31029.0,31047.333333333332,532.8383119360375,499.0505698462978,0.014472010178117056,0.014029995162070596,232,38,546.0,-436.0,2018,12,1,11
2018-12-12,31626,31749,31749,31582,7570,-0.58,31812.0,31895.0,10530.0,31261.285714285714,31050.233333333334,452.4458399581387,503.35849179676507,-0.0026022887599936873,0.014472010178117056,167,123,232.0,38.0,2018,12,2,12
2018-12-13,31414,31550,31600,31337,8430,-0.67,31626.0,31812.0,7570.0,31381.14285714286,31050.066666666666,415.4822212690554,503.1603524021257,-0.005846850245190494,-0.0026022887599936873,263,136,167.0,123.0,2018,12,3,13
2018-12-14,31437,31440,31514,31384,6750,0.07,31414.0,31626.0,8430.0,31445.428571428572,31037.766666666666,372.8037272450662,488.9347099299265,-0.006703345348763712,-0.005846850245190494,130,3,263.0,136.0,2018,12,4,14
2018-12-17,31501,31369,31530,31291,5970,0.2,31437.0,31414.0,6750.0,31518.428571428572,31027.766666666666,296.3268787130468,477.0642032499811,0.0007321576367225191,-0.006703345348763712,239,-132,130.0,3.0,2018,12,0,17
2018-12-18,31075,31589,31650,31041,10180,-1.35,31501.0,31437.0,5970.0,31589.285714285714,31018.366666666665,195.10998119549245,464.2769300919922,0.0020358176670802752,0.0007321576367225191,609,514,239.0,-132.0,2018,12,1,18
2018-12-19,31139,31167,31500,30967,8760,0.21,31075.0,31501.0,10180.0,31537.14285714286,30998.966666666667,274.3412890130494,448.5648750470698,-0.013523380210152092,0.0020358176670802752,533,28,609.0,514.0,2018,12,2,19
2018-12-20,31219,31027,31250,30914,12970,0.26,31139.0,31075.0,8760.0,31429.14285714286,30983.533333333333,258.32371717931244,434.85699062842525,0.0020595333869670718,-0.013523380210152092,336,-192,533.0,28.0,2018,12,3,20
2018-12-21,31126,31115,31292,31075,9910,-0.3,31219.0,31139.0,12970.0,31344.428571428572,30977.233333333334,203.19601139739507,429.8355486114844,0.0025691255338964325,0.0020595333869670718,217,-11,336.0,-192.0,2018,12,4,21
2018-12-24,31375,31300,31395,31177,8570,0.8,31126.0,31219.0,9910.0,31273.0,30980.666666666668,173.41952985036485,430.62435292595063,-0.002978955123482452,0.0025691255338964325,218,-75,217.0,-11.0,2018,12,0,24
2018-12-26,31463,31430,31643,31400,10030,0.28,31375.0,31126.0,8570.0,31267.428571428572,30992.7,168.69682583797194,436.59048515021,0.007999742980145275,-0.002978955123482452,243,-33,218.0,-75.0,2018,12,2,26
2018-12-27,31611,31499,31647,31426,8010,0.47,31463.0,31375.0,10030.0,31271.14285714286,31015.533333333333,173.27668488287063,442.8423657681062,0.0028047808764939397,0.007999742980145275,221,-112,243.0,-33.0,2018,12,3,27
2018-12-28,31506,31576,31629,31462,6640,-0.33,31611.0,31463.0,8010.0,31286.85714285714,31041.3,200.45317705305865,454.4916182219759,0.004703937958872251,0.0028047808764939397,167,70,221.0,-112.0,2018,12,4,28
2018-12-31,31489,31452,31583,31284,6600,-0.05,31506.0,31611.0,6640.0,31348.428571428572,31063.8,190.47822022778143,460.39146760970567,-0.0033216285470247797,0.004703937958872251,299,-37,167.0,70.0,2018,12,0,31
2019-01-01,31560,31550,31651,31410,680,0.23,31489.0,31506.0,6600.0,31398.428571428572,31079.533333333333,171.31438657570894,466.7579844967771,-0.0005395797625848964,-0.0033216285470247797,241,-10,299.0,-37.0,2019,1,1,1
2019-01-02,31934,31530,32500,31510,400,1.19,31560.0,31489.0,680.0,31447.14285714286,31101.933333333334,159.89103432443227,473.3278322485846,0.002254755628949834,-0.0005395797625848964,990,-404,241.0,-10.0,2019,1,2,2
2019-01-03,31939,32000,32045,31836,170,0.02,31934.0,31560.0,400.0,31562.571428571428,31138.733333333334,179.82478244432886,493.9250908810225,0.011850443599493055,0.002254755628949834,209,61,990.0,-404.0,2019,1,3,3
2019-01-04,31679,32686,32686,31460,60,-0.81,31939.0,31934.0,170.0,31643.14285714286,31175.4,206.19362144356074,511.4263758651429,0.00015657293167148367,0.011850443599493055,1226,1007,209.0,61.0,2019,1,4,4
2019-01-07,31652,31536,31748,31456,12800,-0.09,31679.0,31939.0,60.0,31674.0,31210.933333333334,190.29100521797875,508.0249744964871,-0.008140517862174734,0.00015657293167148367,292,-116,1226.0,1007.0,2019,1,0,7
2019-01-08,31736,31616,31758,31572,10840,0.27,31652.0,31679.0,12800.0,31679.85714285714,31248.9,188.65261600097654,496.49727227731603,-0.000852299630670128,-0.008140517862174734,186,-120,292.0,-116.0,2019,1,1,8
2019-01-09,31993,31685,32016,31639,14630,0.81,31736.0,31652.0,10840.0,31712.714285714286,31287.633333333335,172.67861697995113,487.27054605934086,0.002653860735498448,-0.000852299630670128,377,-308,186.0,-120.0,2019,1,2,9
2019-01-10,31878,32090,32119,31855,13330,-0.36,31993.0,31736.0,14630.0,31784.714285714286,31339.966666666667,168.88429400661357,475.37038070336365,0.008098058986639733,0.002653860735498448,264,212,377.0,-308.0,2019,1,3,10
2019-01-11,31924,31907,32065,31888,10560,0.14,31878.0,31993.0,13330.0,31830.14285714286,31387.333333333332,138.37801917459993,454.7024289027398,-0.0035945363048166534,0.008098058986639733,177,-17,264.0,212.0,2019,1,4,11
2019-01-14,32130,32050,32194,31963,13650,0.65,31924.0,31878.0,10560.0,31828.714285714286,31443.033333333333,137.1735084802497,411.22604601241517,0.0014430014430013571,-0.0035945363048166534,231,-80,177.0,-17.0,2019,1,0,14
2019-01-15,32169,32066,32273,32064,12590,0.12,32130.0,31924.0,13650.0,31856.0,31507.833333333332,176.20915602453184,355.7371252741297,0.0064528254604685475,0.0014430014430013571,209,-103,231.0,-80.0,2019,1,1,15
2019-01-16,32272,32148,32299,32103,11360,0.32,32169.0,32130.0,12590.0,31926.0,31553.9,190.89176689129727,348.58307771377423,0.00121381886087768,0.0064528254604685475,196,-124,209.0,-103.0,2019,1,2,16
2019-01-17,32253,32300,32363,32190,12920,-0.06,32272.0,32169.0,11360.0,32014.571428571428,31597.5,186.35258440522014,354.01400225490517,0.0032018402810158886,0.00121381886087768,173,47,196.0,-124.0,2019,1,3,17
2019-01-18,32089,32295,32305,32052,12630,-0.51,32253.0,32272.0,12920.0,32088.428571428572,31641.733333333334,157.81091760238866,350.0995851749229,-0.0005887456618740572,0.0032018402810158886,253,206,173.0,47.0,2019,1,4,18
2019-01-21,32039,32052,32184,31985,8900,-0.16,32089.0,32253.0,12630.0,32102.14285714286,31677.866666666665,152.20756504643776,337.8416006442256,-0.005084798313335193,-0.0005887456618740572,199,13,253.0,206.0,2019,1,0,21
2019-01-22,32154,32030,32189,31949,12040,0.36,32039.0,32089.0,8900.0,32125.14285714286,31697.833333333332,121.82422935264744,340.9847891566325,-0.0015581663498395182,-0.005084798313335193,240,-124,199.0,13.0,2019,1,1,22
2019-01-23,32135,32105,32199,32060,10910,-0.06,32154.0,32039.0,12040.0,32158.0,31706.466666666667,83.5304335769798,349.32572817819437,0.003589375448671994,-0.0015581663498395182,139,-30,240.0,-124.0,2019,1,2,23
2019-01-24,32016,32100,32147,31986,9550,-0.37,32135.0,32154.0,10910.0,32158.714285714286,31717.233333333334,83.27207272227004,357.5708932191884,-0.0005909062636063611,0.003589375448671994,161,84,139.0,-30.0,2019,1,3,24
2019-01-25,32339,32057,32367,32019,13030,1.01,32016.0,32135.0,9550.0,32136.85714285714,31730.233333333334,98.76137668154227,361.2105779301042,-0.0037031274311498663,-0.0005909062636063611,348,-282,161.0,84.0,2019,1,4,25
2019-01-28,32536,32383,32570,32383,10900,0.61,32339.0,32016.0,13030.0,32146.428571428572,31761.066666666666,115.81574035730269,372.5861097716877,0.010088705647176344,-0.0037031274311498663,187,-153,348.0,-282.0,2019,1,0,28
2019-01-29,32891,32570,32967,32530,13050,1.09,32536.0,32339.0,10900.0,32186.85714285714,31797.7,186.836317465411,393.0883159511624,0.006091715884845028,0.010088705647176344,437,-321,187.0,-153.0,2019,1,1,29
2019-01-30,32903,32900,32975,32807,9820,0.04,32891.0,32536.0,13050.0,32301.428571428572,31844.033333333333,317.2280237429394,436.4395509215164,0.01091099090238501,0.006091715884845028,168,-3,437.0,-321.0,2019,1,2,30
2019-01-31,33100,32937,33245,32903,10390,0.6,32903.0,32891.0,9820.0,32424.85714285714,31904.966666666667,362.9000911968939,452.67469352757644,0.00036484144598825097,0.01091099090238501,342,-163,168.0,-3.0,2019,1,3,31
2019-02-01,33405,33119,33500,32997,3120,0.92,33100.0,32903.0,10390.0,32560.0,31970.333333333332,417.2904663823234,479.0699562567627,0.0059872959912470325,0.00036484144598825097,503,-286,342.0,-163.0,2019,2,4,1
2019-02-04,33455,34247,34400,33285,420,0.15,33405.0,33100.0,3120.0,32741.428571428572,32043.2,473.95036911179136,524.9043525345152,0.009214501510574014,0.0059872959912470325,1115,792,503.0,-286.0,2019,2,0,4
2019-02-05,33381,33549,33549,33250,130,-0.22,33455.0,33405.0,420.0,32947.0,32120.833333333332,415.3099244342616,555.8878628745814,0.001496781918874479,0.009214501510574014,299,168,1115.0,792.0,2019,2,1,5
2019-02-06,33222,33199,33378,33175,7270,-0.48,33381.0,33455.0,130.0,33095.857142857145,32187.7,341.19321435819023,583.0640320895645,-0.0022119264683904127,0.001496781918874479,203,-23,299.0,168.0,2019,2,2,6
2019-02-07,33056,33169,33200,32951,10600,-0.5,33222.0,33381.0,7270.0,33193.857142857145,32246.333333333332,235.83923095492813,595.9749088286419,-0.004763188640244498,-0.0022119264683904127,249,113,203.0,-23.0,2019,2,3,7
2019-02-08,33125,33000,33142,32910,9430,0.21,33056.0,33222.0,10600.0,33217.42857142857,32294.5,207.00793635644985,601.2259744996603,-0.004996688941063199,-0.004763188640244498,232,-125,249.0,113.0,2019,2,4,8
2019-02-11,32931,33060,33082,32811,11150,-0.59,33125.0,33056.0,9430.0,33249.142857142855,32348.466666666667,163.1721264720607,600.6701276891588,0.002087366892546072,-0.004996688941063199,271,129,232.0,-125.0,2019,2,0,11
2019-02-12,32747,32915,32945,32721,9360,-0.56,32931.0,33125.0,11150.0,33225.0,32396.533333333333,197.7548988022042,587.0640999673819,-0.005856603773584879,0.002087366892546072,224,168,271.0,129.0,2019,2,1,12
2019-02-13,32909,32727,33028,32680,10850,0.49,32747.0,32931.0,9360.0,33131.0,32436.1,247.94959165174058,568.444844623072,-0.0055874404056968086,-0.005856603773584879,348,-182,224.0,168.0,2019,2,2,13
2019-02-14,32970,32862,33000,32765,11450,0.19,32909.0,32747.0,10850.0,33053.0,32468.6,212.36525139546873,566.6172824992337,0.0049470180474546765,-0.0055874404056968086,235,-108,348.0,-182.0,2019,2,3,14
2019-02-15,33263,32992,33280,32992,11790,0.89,32970.0,32909.0,11450.0,32994.28571428572,32502.966666666667,155.867159558481,564.6510355549211,0.0018535962806527362,0.0049470180474546765,288,-271,235.0,-108.0,2019,2,4,15
2019-02-18,33463,33333,33484,33333,8880,0.6,33263.0,32970.0,11790.0,33000.142857142855,32555.766666666666,166.27329768807652,558.9765082548802,0.008886866848650365,0.0018535962806527362,151,-130,288.0,-271.0,2019,2,0,18
2019-02-19,33753,33499,33797,33434,11910,0.87,33463.0,33263.0,8880.0,33058.28571428572,32616.133333333335,242.67036234811746,555.7890156203625,0.006012686769082842,0.008886866848650365,363,-254,151.0,-130.0,2019,2,1,19
2019-02-20,33719,33800,33877,33680,9090,-0.1,33753.0,33463.0,11910.0,33148.0,32683.366666666665,359.437059859258,567.5222300565619,0.008666288139138834,0.006012686769082842,197,81,363.0,-254.0,2019,2,2,20
2019-02-21,33302,33630,33658,33265,14500,-1.24,33719.0,33753.0,9090.0,33260.57142857143,32740.9,401.1266870302876,582.4144365151267,-0.001007317868041313,0.008666288139138834,393,328,197.0,81.0,2019,2,3,21
2019-02-22,33369,33302,33413,33190,9550,0.2,33302.0,33719.0,14500.0,33339.857142857145,32788.36666666667,331.50486601369414,567.5001129163514,-0.012366914795812423,-0.001007317868041313,223,-67,393.0,328.0,2019,2,4,22
2019-02-25,33159,33385,33398,33130,8440,-0.63,33369.0,33302.0,9550.0,33405.57142857143,32836.53333333333,272.13835766861683,552.7373719027789,0.002011891177706948,-0.012366914795812423,268,226,223.0,-67.0,2019,2,0,25
2019-02-26,33228,33225,33450,33205,9010,0.21,33159.0,33369.0,8440.0,33432.57142857143,32870.833333333336,227.42314243404087,539.1417242708143,-0.006293266205160464,0.002011891177706948,245,-3,268.0,226.0,2019,2,1,26
2019-02-27,33171,33300,33466,33138,9400,-0.17,33228.0,33159.0,9010.0,33427.57142857143,32906.13333333333,232.10906713850497,526.1163981163668,0.002080883018185098,-0.006293266205160464,328,129,245.0,-3.0,2019,2,2,27
2019-02-28,32902,33189,33260,32877,8130,-0.81,33171.0,33228.0,9400.0,33385.857142857145,32936.1,250.21352785989455,514.2200220076991,-0.001715420729505257,0.002080883018185098,383,287,328.0,129.0,2019,2,3,28
2019-03-01,32533,32857,32953,31915,1560,-1.12,32902.0,33171.0,8130.0,33264.28571428572,32957.73333333333,248.83308614848622,497.88316960289274,-0.008109493232040021,-0.001715420729505257,1038,324,383.0,287.0,2019,3,4,1
2019-03-04,32505,32394,32601,32315,150,-0.09,32533.0,32902.0,1560.0,33094.857142857145,32972.53333333333,288.26459406374994,477.3443586979066,-0.011215123700686891,-0.008109493232040021,286,-111,1038.0,324.0,2019,3,0,4
2019-03-05,32015,33435,33440,32000,240,-1.51,32505.0,32533.0,150.0,32981.0,32988.066666666666,344.6877814296868,452.87342627823494,-0.0008606645559893211,-0.011215123700686891,1440,1420,286.0,-111.0,2019,3,1,5
2019-03-06,31954,32136,32300,31885,16710,-0.19,32015.0,32505.0,240.0,32787.57142857143,32983.433333333334,453.42542832075003,462.31364807293573,-0.015074603907091255,-0.0008606645559893211,415,182,1440.0,1420.0,2019,3,2,6
2019-03-07,31946,31959,31980,31800,14750,-0.03,31954.0,32015.0,16710.0,32615.428571428572,32977.4,513.6499641920632,474.7807188940893,-0.0019053568639699758,-0.015074603907091255,180,13,415.0,182.0,2019,3,3,7
2019-03-08,32174,31980,32235,31955,16620,0.71,31946.0,31954.0,14750.0,32432.285714285714,32975.066666666666,486.6757011557541,479.8138240466112,-0.00025035989234523104,-0.0019053568639699758,280,-194,180.0,13.0,2019,3,4,8
2019-03-11,31915,32214,32214,31897,12410,-0.8,32174.0,31946.0,16620.0,32289.85714285714,32969.566666666666,365.1782343696533,488.2282312056869,0.007137043761347384,-0.00025035989234523104,317,299,280.0,-194.0,2019,3,0,11
2019-03-12,32015,31906,32056,31885,12060,0.31,31915.0,32174.0,12410.0,32148.85714285714,32948.86666666667,266.6967244968053,519.4132454407973,-0.008049978243302003,0.007137043761347384,171,-109,317.0,299.0,2019,3,1,12
2019-03-13,32225,32088,32330,32088,13820,0.66,32015.0,31915.0,12060.0,32074.85714285714,32919.666666666664,207.6787812720683,546.6857089470462,0.003133322888923651,-0.008049978243302003,242,-137,171.0,-109.0,2019,3,2,13
2019-03-14,31832,32274,32274,31813,17210,-1.22,32225.0,32015.0,13820.0,32034.85714285714,32897.066666666666,119.09579977472468,561.2195423466358,0.006559425269405006,0.003133322888923651,461,442,242.0,-137.0,2019,3,3,14
2019-03-15,31853,31895,31960,31768,13200,0.07,31832.0,32225.0,17210.0,32008.714285714286,32854.8,142.05364513241986,592.2966637844314,-0.012195500387897629,0.006559425269405006,192,42,461.0,442.0,2019,3,4,15
2019-03-18,31685,31800,31815,31590,12270,-0.53,31853.0,31832.0,13200.0,31994.285714285714,32803.066666666666,153.22718893440407,610.0943360249464,0.0006597134958532536,-0.012195500387897629,225,115,192.0,42.0,2019,3,0,18
2019-03-19,31985,31750,32017,31691,14670,0.95,31685.0,31853.0,12270.0,31957.0,32744.066666666666,193.41923379065747,630.1303605314758,-0.0052742284871126754,0.0006597134958532536,326,-235,225.0,115.0,2019,3,1,19
2019-03-20,31740,31961,31961,31704,14380,-0.77,31985.0,31685.0,14670.0,31930.0,32697.533333333333,169.83227019669366,633.0114523843515,0.00946820261953607,-0.0052742284871126754,257,221,326.0,-235.0,2019,3,2,20
2019-03-21,31842,31899,32064,31806,9410,0.32,31740.0,31985.0,14380.0,31905.0,32648.133333333335,184.64289859120117,648.3133412979643,-0.007659840550257924,0.00946820261953607,258,57,257.0,221.0,2019,3,3,21
2019-03-22,32155,31869,32184,31748,19210,0.98,31842.0,31740.0,9410.0,31880.285714285714,32607.666666666668,178.95596691755378,659.7639250374353,0.0032136105860114395,-0.007659840550257924,436,-286,258.0,57.0,2019,3,4,22
2019-03-25,32223,32199,32245,32083,14020,0.21,32155.0,31842.0,19210.0,31870.285714285714,32575.333333333332,157.10475728653932,657.3005051132927,0.00982978456127137,0.0032136105860114395,162,-24,436.0,-286.0,2019,3,0,25
2019-03-26,32113,32200,32200,32031,13040,-0.34,32223.0,32155.0,14020.0,31926.14285714286,32551.733333333334,203.7943641450989,656.8001288022174,0.0021147566474888357,0.00982978456127137,169,87,162.0,-24.0,2019,3,1,26
2019-03-27,32019,32101,32182,32000,17720,-0.29,32113.0,32223.0,13040.0,31963.285714285714,32530.6,211.77874797864754,660.4900270717803,-0.003413710703534689,0.0021147566474888357,182,82,169.0,87.0,2019,3,2,27
2019-03-28,31624,31993,32030,31591,15060,-1.23,32019.0,32113.0,17720.0,32011.0,32500.933333333334,172.639315723571,662.8910002105465,-0.0029271634540528613,-0.003413710703534689,439,369,182.0,82.0,2019,3,3,28
2019-03-29,31703,31600,31788,31510,11360,0.25,31624.0,32019.0,15060.0,31959.428571428572,32456.066666666666,227.04687999276925,675.4795963289353,-0.01233642524750933,-0.0029271634540528613,278,-103,439.0,369.0,2019,3,4,29
2019-04-01,31570,31588,31730,31542,4520,-0.42,31703.0,31624.0,11360.0,31954.14285714286,32404.066666666666,233.34982934921487,671.250913224697,0.00249810270680495,-0.01233642524750933,188,18,278.0,-103.0,2019,4,0,1
2019-04-02,31535,31550,31590,31359,390,-0.11,31570.0,31703.0,4520.0,31915.285714285714,32340.966666666667,274.20595318494867,657.1000807268339,-0.004195186575402965,0.00249810270680495,231,15,188.0,18.0,2019,4,1,2
2019-04-03,31450,31499,31607,31318,170,-0.27,31535.0,31570.0,390.0,31826.714285714286,32267.033333333333,283.8348782221667,616.2566350386508,-0.0011086474501108556,-0.004195186575402965,289,49,231.0,15.0,2019,4,2,3
2019-04-04,31503,31499,31549,31350,70,0.17,31450.0,31535.0,170.0,31716.285714285714,32191.4,252.61414204681716,569.365018364516,-0.0026954177897574594,-0.0011086474501108556,199,-4,289.0,49.0,2019,4,3,4
2019-04-05,31566,31535,31620,31400,60,0.2,31503.0,31450.0,70.0,31629.14285714286,32131.433333333334,190.54083426905342,542.4625004247995,0.0016852146263910406,-0.0026954177897574594,220,-31,199.0,-4.0,2019,4,4,5
2019-04-08,32076,31795,32155,31795,12900,1.62,31566.0,31503.0,60.0,31564.428571428572,32071.333333333332,82.17634928058436,498.7392611114921,0.0019998095419484496,0.0016852146263910406,360,-281,220.0,-31.0,2019,4,0,8
2019-04-09,32098,32131,32171,32020,11010,0.07,32076.0,31566.0,12900.0,31629.0,32035.233333333334,211.9308063184862,454.53239961325517,0.01615662421592856,0.0019998095419484496,151,33,360.0,-281.0,2019,4,1,9
2019-04-10,32174,32070,32197,31968,11740,0.24,32098.0,32076.0,11010.0,31685.428571428572,31997.566666666666,277.3937376986492,395.2334694856209,0.000685871056241405,0.01615662421592856,229,-104,151.0,33.0,2019,4,2,10
2019-04-11,31663,32148,32148,31638,17110,-1.59,32174.0,32098.0,11740.0,31771.714285714286,31964.333333333332,325.30637573737465,329.6353610638855,0.0023677487693938293,0.000685871056241405,510,485,229.0,-104.0,2019,4,3,11
2019-04-12,31760,31721,31871,31705,11010,0.31,31663.0,32174.0,17110.0,31790.0,31923.033333333333,313.1533170831011,282.32635594950756,-0.01588238950705534,0.0023677487693938293,166,-39,510.0,485.0,2019,4,4,12
2019-04-15,31760,31710,31791,31570,8540,0.0,31760.0,31663.0,11010.0,31834.285714285714,31897.266666666666,276.87585321835263,259.0526418775424,0.0030635126172504634,-0.01588238950705534,221,-50,166.0,-39.0,2019,4,0,15
2019-04-16,31474,31700,31768,31453,14480,-0.9,31760.0,31760.0,8540.0,31871.0,31872.433333333334,240.24085136966661,233.20417032472565,0.0,0.0030635126172504634,315,226,221.0,-50.0,2019,4,1,16
2019-04-17,31410,31500,31525,31393,5650,-0.2,31474.0,31760.0,14480.0,31857.85714285714,31854.4,261.30086654524814,242.53042468096348,-0.009005037783375358,0.0,132,90,315.0,226.0,2019,4,2,17
2019-04-18,31403,31474,31544,31355,9870,-0.02,31410.0,31474.0,5650.0,31762.714285714286,31836.266666666666,288.47109288231843,254.8505895380407,-0.002033424413801832,-0.009005037783375358,189,71,132.0,90.0,2019,4,3,18
2019-04-22,31531,31497,31697,31497,9890,0.41,31403.0,31410.0,9870.0,31663.428571428572,31818.166666666668,273.0286048159778,265.83415666531675,-0.00022285896211393652,-0.002033424413801832,200,-34,189.0,71.0,2019,4,0,22
2019-04-23,31525,31490,31566,31401,9920,-0.02,31531.0,31403.0,9890.0,31571.571428571428,31796.733333333334,155.48725257852868,262.04973643796427,0.0040760436900932895,-0.00022285896211393652,165,-35,200.0,-34.0,2019,4,1,23
2019-04-24,31759,31480,31799,31450,12640,0.74,31525.0,31531.0,9920.0,31551.85714285714,31783.733333333334,150.635795404926,265.62962720669583,-0.00019028892201322645,0.0040760436900932895,349,-279,165.0,-35.0,2019,4,2,24
2019-04-25,31843,31750,31926,31641,11640,0.26,31759.0,31525.0,12640.0,31551.714285714286,31775.2,150.40580029386015,262.0316379938505,0.007422680412371152,-0.00019028892201322645,285,-93,349.0,-279.0,2019,4,3,25
2019-04-26,31868,31851,31934,31705,9670,0.08,31843.0,31759.0,11640.0,31563.571428571428,31762.466666666667,171.3727488480931,248.34413460921675,0.0026449195503637224,0.007422680412371152,229,-17,285.0,-93.0,2019,4,4,26
2019-04-30,31625,31800,31824,31597,6440,-0.76,31868.0,31843.0,9670.0,31619.85714285714,31763.666666666668,199.45294229620376,248.7783022644039,0.0007851019062274922,0.0026449195503637224,227,175,229.0,-17.0,2019,4,1,30
2019-05-01,31563,31604,31657,31503,1550,-0.2,31625.0,31868.0,6440.0,31650.571428571428,31756.066666666666,177.04599886590054,249.43687382259364,-0.007625203966361238,0.0007851019062274922,154,41,227.0,175.0,2019,5,2,1
2019-05-02,31203,31420,31425,31160,480,-1.14,31563.0,31625.0,1550.0,31673.428571428572,31752.0,147.6435540338941,251.6204037545601,-0.001960474308300375,-0.007625203966361238,265,217,154.0,41.0,2019,5,3,2
2019-05-03,31341,31250,31500,31163,80,0.44,31203.0,31563.0,480.0,31626.571428571428,31725.933333333334,229.65180683175532,266.70401175172555,-0.01140575990875392,-0.001960474308300375,337,-91,265.0,217.0,2019,5,4,3
2019-05-06,31578,31495,31659,31495,12070,0.76,31341.0,31203.0,80.0,31600.285714285714,31712.633333333335,252.59896693251542,275.7728304644942,0.004422651668108735,-0.01140575990875392,164,-83,337.0,-91.0,2019,5,0,6
2019-05-07,31739,31600,31758,31542,12370,0.51,31578.0,31341.0,12070.0,31574.428571428572,31703.833333333332,242.71509851625095,275.7145054311784,0.007561979515650519,0.004422651668108735,216,-139,164.0,-83.0,2019,5,1,7
2019-05-08,31697,31740,31930,31676,16670,-0.13,31739.0,31578.0,12370.0,31559.571428571428,31689.966666666667,226.15323502974522,262.37988822800764,0.005098486287921977,0.007561979515650519,254,43,216.0,-139.0,2019,5,2,8
2019-05-09,31926,31749,32049,31719,18690,0.72,31697.0,31739.0,16670.0,31535.14285714286,31672.433333333334,194.2733714570142,242.34169142291253,-0.0013232931094236955,0.005098486287921977,330,-177,254.0,43.0,2019,5,3,9
2019-05-10,31917,31895,32004,31790,15880,-0.03,31926.0,31697.0,18690.0,31578.14285714286,31666.2,244.3374910322689,232.83757843281046,0.007224658485030178,-0.0013232931094236955,214,-22,330.0,-177.0,2019,5,4,10
2019-05-13,32499,31900,32538,31885,25010,1.82,31917.0,31926.0,15880.0,31628.714285714286,31662.8,275.3474860887158,228.2068632035735,-0.0002819018981394805,0.007224658485030178,653,-599,214.0,-22.0,2019,5,0,13
2019-05-14,32248,32451,32451,32235,17750,-0.77,32499.0,31917.0,25010.0,31813.85714285714,31691.966666666667,363.115421765528,274.3315994124564,0.01823479650343085,-0.0002819018981394805,216,203,653.0,-599.0,2019,5,1,14
2019-05-15,32261,32300,32410,32165,17660,0.04,32248.0,32499.0,17750.0,31943.428571428572,31710.133333333335,326.21100387291364,292.52924797180714,-0.007723314563525041,0.01823479650343085,245,39,216.0,203.0,2019,5,2,15
2019-05-16,31985,32261,32320,31931,18620,-0.86,32261.0,32248.0,17660.0,32041.0,31733.166666666668,299.7649078864307,307.91446229652763,0.0004031257752419304,-0.007723314563525041,389,276,245.0,39.0,2019,5,3,16
2019-05-17,31809,31991,32039,31785,17350,-0.55,31985.0,32261.0,18620.0,32076.14285714286,31748.166666666668,271.55136320281093,308.8872222856692,-0.008555221474845776,0.0004031257752419304,254,182,389.0,276.0,2019,5,4,17
2019-05-20,31566,31777,31777,31101,14610,-0.76,31809.0,31985.0,17350.0,32092.14285714286,31760.133333333335,247.74478034993822,303.8505455357753,-0.00550257933406284,-0.008555221474845776,676,211,254.0,182.0,2019,5,0,20
2019-05-21,31442,31549,31549,31410,11490,-0.39,31566.0,31809.0,14610.0,32040.714285714286,31762.233333333334,315.9571248794133,302.22550193917755,-0.007639347354522319,-0.00550257933406284,139,107,676.0,211.0,2019,5,1,21
2019-05-22,31452,31460,31568,31416,9610,0.03,31442.0,31566.0,11490.0,31972.85714285714,31758.1,389.42154904075295,305.82825358206424,-0.0039282772603433935,-0.007639347354522319,152,8,139.0,107.0,2019,5,2,22
2019-05-23,31696,31401,31757,31265,16970,0.78,31452.0,31442.0,9610.0,31823.285714285714,31737.3,353.024887831892,304.67927172699876,0.0003180459258316226,-0.0039282772603433935,492,-295,152.0,8.0,2019,5,3,23
2019-05-24,31554,31681,31710,31518,10690,-0.45,31696.0,31452.0,16970.0,31744.428571428572,31723.9,300.01380920622665,297.01205710942634,0.007757853236678214,0.0003180459258316226,192,127,492.0,-295.0,2019,5,4,24
2019-05-27,31630,31588,31716,31580,8360,0.24,31554.0,31696.0,10690.0,31643.428571428572,31703.233333333334,199.18990699269563,285.9787408694871,-0.004480060575466904,0.007757853236678214,136,-42,192.0,127.0,2019,5,0,27
2019-05-28,31569,31629,31718,31510,11670,-0.19,31630.0,31554.0,8360.0,31592.714285714286,31702.133333333335,131.38076252648986,286.20221128869514,0.002408569436521457,-0.004480060575466904,208,60,136.0,-42.0,2019,5,1,28
2019-05-29,31760,31651,31850,31638,12930,0.61,31569.0,31630.0,11670.0,31558.428571428572,31695.766666666666,90.47993726652625,286.9938943631253,-0.0019285488460322187,0.002408569436521457,212,-109,208.0,60.0,2019,5,2,29
2019-05-30,31831,31721,31896,31560,10730,0.22,31760.0,31569.0,12930.0,31586.14285714286,31695.766666666666,118.54454658037345,286.9938943631253,0.0060502391586683135,-0.0019285488460322187,336,-110,212.0,-109.0,2019,5,3,30
2019-05-31,32131,31810,32165,31810,8390,0.94,31831.0,31760.0,10730.0,31641.714285714286,31707.666666666668,130.30568456023295,284.8749675311047,0.0022355163727960647,0.0060502391586683135,355,-321,336.0,-110.0,2019,5,4,31
2019-06-03,32405,32147,32499,32113,1290,0.85,32131.0,31831.0,8390.0,31738.714285714286,31731.7,199.75961744569213,289.27592721892916,0.009424774590807594,0.0022355163727960647,386,-258,355.0,-321.0,2019,6,0,3
2019-06-04,32465,32500,32800,32300,120,0.19,32405.0,32131.0,1290.0,31840.0,31765.1,318.7799659119382,307.29962352740955,0.008527590177709987,0.009424774590807594,500,35,386.0,-258.0,2019,6,1,4
2019-06-05,32607,32540,32866,32540,11500,0.44,32465.0,32405.0,120.0,31970.14285714286,31796.233333333334,365.1467415400266,329.29063604648195,0.0018515661163400754,0.008527590177709987,326,-67,500.0,35.0,2019,6,2,5
2019-06-06,32734,32631,32760,32631,10040,0.39,32607.0,32465.0,11500.0,32109.714285714286,31832.3,398.6480127824555,356.6746948276781,0.004373941167411077,0.0018515661163400754,129,-103,326.0,-67.0,2019,6,3,6
2019-06-07,32867,32641,32944,32610,18520,0.41,32734.0,32607.0,10040.0,32276.14285714286,31864.8,377.93139967104395,392.3971773942337,0.0038948691998650364,0.004373941167411077,334,-226,129.0,-103.0,2019,6,4,7
2019-06-10,32611,32800,32800,32585,9620,-0.78,32867.0,32734.0,18520.0,32434.285714285714,31898.933333333334,356.98679447390157,432.88398806817116,0.0040630537056272065,0.0038948691998650364,215,189,334.0,-226.0,2019,6,0,10
2019-06-11,32576,32640,32662,32431,10980,-0.11,32611.0,32867.0,9620.0,32545.714285714286,31923.7,239.79068253115568,451.8905993627945,-0.007788967657528789,0.0040630537056272065,231,64,215.0,189.0,2019,6,1,11
2019-06-12,32685,32617,32776,32617,11390,0.33,32576.0,32611.0,10980.0,32609.285714285714,31955.4,155.7976404253097,463.4233634512382,-0.0010732574898040248,-0.007788967657528789,159,-68,231.0,64.0,2019,6,2,12
2019-06-13,32884,32739,32918,32662,12030,0.61,32685.0,32576.0,11390.0,32649.285714285714,31992.8,128.08683810380182,475.7734465196008,0.003346021611001948,-0.0010732574898040248,256,-145,159.0,-68.0,2019,6,3,13
2019-06-14,32984,32950,33241,32950,21100,0.3,32884.0,32685.0,12030.0,32709.14285714286,32048.833333333332,125.4902766113932,478.5290740508638,0.006088419764417985,0.003346021611001948,291,-34,256.0,-145.0,2019,6,4,14
2019-06-17,32961,33015,33080,32826,15540,-0.07,32984.0,32884.0,21100.0,32763.0,32103.6,152.36797563857408,488.637768663903,0.003040992579978141,0.006088419764417985,254,54,291.0,-34.0,2019,6,0,17
2019-06-18,32939,32974,33149,32846,21560,-0.07,32961.0,32984.0,15540.0,32795.42857142857,32149.7,168.4724083675162,502.38610992700234,-0.0006973077855929599,0.003040992579978141,303,35,254.0,54.0,2019,6,1,18
2019-06-19,32976,32907,32999,32875,10560,0.11,32939.0,32961.0,21560.0,32805.71428571428,32189.7,175.6167363762271,516.1422652044062,-0.0006674554776857633,-0.0006973077855929599,124,-69,303.0,35.0,2019,6,2,19
2019-06-20,33838,33000,33876,33000,26730,2.61,32976.0,32939.0,10560.0,32857.857142857145,32232.333333333332,161.8120602963339,526.75547774335,0.0011232885029903716,-0.0006674554776857633,876,-838,124.0,-69.0,2019,6,3,20
2019-06-21,33960,33890,34297,33709,27580,0.36,33838.0,32976.0,26730.0,33038.142857142855,32296.066666666666,367.60822831380995,599.1124431519571,0.02614022319262488,0.0011232885029903716,588,-70,876.0,-838.0,2019,6,4,21
2019-06-24,34214,34100,34259,34031,15550,0.75,33960.0,33838.0,27580.0,33220.28571428572,32364.166666666668,466.13542892109655,666.8244396635409,0.0036054140315622263,0.02614022319262488,228,-114,588.0,-70.0,2019,6,0,24
2019-06-25,34300,34345,34599,34160,30860,0.25,34214.0,33960.0,15550.0,33410.28571428572,32421.333333333332,566.4764526693019,747.4243743694395,0.0074793875147232125,0.0036054140315622263,439,45,228.0,-114.0,2019,6,1,25
2019-06-26,34135,34160,34173,33964,20450,-0.48,34300.0,34214.0,30860.0,33598.28571428572,32489.733333333334,617.4999903607046,821.2614323278059,0.0025135909276903234,0.0074793875147232125,209,25,439.0,45.0,2019,6,2,26
2019-06-27,33931,34270,34270,33777,13580,-0.6,34135.0,34300.0,20450.0,33766.0,32552.2,573.4210204264458,872.9095383074846,-0.00481049562682212,0.0025135909276903234,493,339,209.0,25.0,2019,6,3,27
2019-06-28,33947,34000,34200,33900,11220,0.05,33931.0,34135.0,13580.0,33907.71428571428,32617.066666666666,442.6408304281835,901.1545059962621,-0.005976270689907692,-0.00481049562682212,300,53,493.0,339.0,2019,6,4,28
2019-07-01,33348,33777,33777,33210,3840,-1.76,33947.0,33931.0,11220.0,34046.42857142857,32688.333333333332,170.46295506025402,919.4017295116842,0.0004715451946597504,-0.005976270689907692,567,429,300.0,53.0,2019,7,0,1
2019-07-02,33779,33530,33804,33507,350,1.29,33348.0,33947.0,3840.0,33976.42857142857,32747.733333333334,312.0912564959214,901.7868061118098,-0.01764515273809175,0.0004715451946597504,297,-249,567.0,429.0,2019,7,1,2
2019-07-03,34077,33801,34750,33801,190,0.88,33779.0,33348.0,350.0,33950.57142857143,32825.63333333333,321.0487279441154,885.902675565366,0.01292431330214705,-0.01764515273809175,949,-276,297.0,-249.0,2019,7,2,3
2019-07-04,34023,34199,34300,33911,180,-0.16,34077.0,33779.0,190.0,33931.0,32913.13333333333,306.14321267490857,875.120592017955,0.008822049202167115,0.01292431330214705,389,176,949.0,-276.0,2019,7,3,4
2019-07-05,34370,34395,35037,33900,40,1.02,34023.0,34077.0,180.0,33891.42857142857,32990.7,265.73285905434534,866.6053132566433,-0.0015846465357866046,0.008822049202167115,1137,25,389.0,176.0,2019,7,4,5
2019-07-08,34535,34550,34759,34475,23910,0.48,34370.0,34023.0,40.0,33925.0,33084.566666666666,312.3827780148052,858.0887215329756,0.01019898304088418,-0.0015846465357866046,284,15,1137.0,25.0,2019,7,0,8
2019-07-09,34533,34499,34581,34300,25570,-0.01,34535.0,34370.0,23910.0,34011.28571428572,33181.4,388.4682373487263,852.1749698914142,0.004800698283386584,0.01019898304088418,281,-34,284.0,15.0,2019,7,1,9
2019-07-10,34765,34469,34806,34332,31360,0.67,34533.0,34535.0,25570.0,34095.0,33280.2,432.9053014231429,830.3304037004855,-5.7912262921622215e-05,0.004800698283386584,474,-296,281.0,-34.0,2019,7,2,10
2019-07-11,34612,34800,34995,34591,34610,-0.44,34765.0,34533.0,31360.0,34297.42857142857,33380.36666666667,348.44696255609006,821.8278821110514,0.0067182115657487,-5.7912262921622215e-05,404,188,474.0,-296.0,2019,7,3,11
2019-07-12,34812,34698,34862,34611,23110,0.58,34612.0,34765.0,34610.0,34416.42857142857,33473.066666666666,276.7525110658288,797.5223673576847,-0.004400977995110078,0.0067182115657487,251,-114,404.0,188.0,2019,7,4,12
2019-07-15,34792,34740,34850,34687,19680,-0.06,34812.0,34612.0,23110.0,34521.42857142857,33562.433333333334,265.719687605662,792.1429548500348,0.005778342771293188,-0.004400977995110078,163,-52,251.0,-114.0,2019,7,0,15
2019-07-16,34738,34809,34839,34639,25480,-0.16,34792.0,34812.0,19680.0,34631.28571428572,33642.0,165.29742313643547,791.7566675997375,-0.0005745145352177294,0.005778342771293188,200,71,163.0,-52.0,2019,7,1,16
2019-07-17,35039,34700,35080,34611,27570,0.87,34738.0,34792.0,25480.0,34683.857142857145,33717.76666666667,120.90689058440356,783.9587728128521,-0.0015520809381467382,-0.0005745145352177294,469,-339,200.0,71.0,2019,7,2,17
2019-07-18,35117,35100,35150,34851,31100,0.22,35039.0,34738.0,27570.0,34755.857142857145,33798.833333333336,160.93003507983133,790.8496122489738,0.008664862686395214,-0.0015520809381467382,299,-17,469.0,-339.0,2019,7,3,18
2019-07-19,35033,35180,35380,35003,29520,-0.24,35117.0,35039.0,31100.0,34839.28571428572,33878.26666666667,176.7424814871415,799.8330400483306,0.0022260909272524554,0.008664862686395214,377,147,299.0,-17.0,2019,7,4,19
2019-07-22,35143,35100,35189,35035,16100,0.31,35033.0,35117.0,29520.0,34877.57142857143,33950.46666666667,186.71444966744536,803.1536432785188,-0.002392003872768167,0.0022260909272524554,154,-43,377.0,147.0,2019,7,0,22
2019-07-23,35030,35065,35135,34907,20410,-0.32,35143.0,35033.0,16100.0,34953.42857142857,34034.86666666667,167.73874243782606,790.4795896214458,0.003139896668855169,-0.002392003872768167,228,35,154.0,-43.0,2019,7,1,23
2019-07-24,35036,35012,35090,34921,15420,0.02,35030.0,35143.0,20410.0,34984.57142857143,34116.666666666664,156.99772518933517,760.7197741031304,-0.003215434083601254,0.003139896668855169,169,-24,228.0,35.0,2019,7,2,24
2019-07-25,34850,34981,35121,34802,21460,-0.53,35036.0,35030.0,15420.0,35019.42857142857,34195.03333333333,132.25336434773908,728.5651218528536,0.00017128175849268068,-0.003215434083601254,319,131,169.0,-24.0,2019,7,3,25
2019-07-26,34815,34870,34905,34760,14310,-0.1,34850.0,35036.0,21460.0,35035.42857142857,34260.566666666666,93.68183236162028,694.1812683529936,-0.005308825208357071,0.00017128175849268068,145,55,319.0,131.0,2019,7,4,26
2019-07-29,34788,34839,34881,34735,10730,-0.08,34815.0,34850.0,14310.0,35003.42857142857,34321.6,125.21029928868039,657.601787059349,-0.0010043041606886405,-0.005308825208357071,146,51,145.0,55.0,2019,7,0,29
2019-07-30,34737,34823,34898,34520,18210,-0.15,34788.0,34815.0,10730.0,34956.42857142857,34382.5,136.6953512302309,610.1383534442283,-0.0007755277897457669,-0.0010043041606886405,378,86,146.0,51.0,2019,7,1,30
2019-07-31,34714,34830,34830,34625,8500,-0.07,34737.0,34788.0,18210.0,34914.142857142855,34442.433333333334,153.77627534010418,548.6665140838759,-0.001466022766471231,-0.0007755277897457669,205,116,378.0,86.0,2019,7,2,31
2019-08-01,35134,34520,35500,34430,2710,1.21,34714.0,34737.0,8500.0,34852.857142857145,34500.36666666667,131.19505652832066,475.3454992707272,-0.0006621182024930672,-0.001466022766471231,1070,-614,205.0,116.0,2019,8,3,1
2019-08-02,35705,35200,35840,35100,820,1.63,35134.0,34714.0,2710.0,34867.71428571428,34543.566666666666,157.7917554739975,471.95197617433126,0.012098865011234583,-0.0006621182024930672,740,-505,1070.0,-614.0,2019,8,4,2
2019-08-05,36711,36412,36775,36240,290,2.82,35705.0,35134.0,820.0,34963.28571428572,34601.73333333333,355.4760724656088,503.99431669723856,0.016252063528206406,0.012098865011234583,535,-299,740.0,-505.0,2019,8,0,5
2019-08-06,37182,37003,37207,36621,27320,1.28,36711.0,35705.0,290.0,35229.142857142855,34684.96666666667,742.1916707905291,628.5487654696637,0.028175325584651967,0.016252063528206406,586,-179,535.0,-299.0,2019,8,1,6
2019-08-07,37899,37250,38125,37250,44110,1.93,37182.0,36711.0,27320.0,35567.28571428572,34781.03333333333,1012.1629832997733,771.6360801754832,0.012829941979243253,0.028175325584651967,875,-649,586.0,-179.0,2019,8,2,7
2019-08-08,37311,37899,37899,37175,33790,-1.55,37899.0,37182.0,44110.0,36011.71428571428,34906.5,1264.5046084385529,948.6714030859943,0.01928352428594482,0.012829941979243253,724,588,875.0,-649.0,2019,8,3,8
2019-08-09,37558,37419,37684,37355,22870,0.66,37311.0,37899.0,33790.0,36379.42857142857,35019.166666666664,1204.8915382921764,1026.3519623274215,-0.015514921238027335,0.01928352428594482,329,-139,724.0,588.0,2019,8,4,9
2019-08-12,37812,37620,37909,37620,9180,0.68,37558.0,37311.0,22870.0,36785.71428571428,35139.53333333333,1014.1074424154544,1105.0049378361537,0.006620031626062062,-0.015514921238027335,289,-192,329.0,-139.0,2019,8,0,12
2019-08-13,37268,37860,38147,36860,41660,-1.44,37812.0,37558.0,9180.0,37168.28571428572,35288.333333333336,760.5983859846518,1154.8739991971215,0.0067628734224398634,0.006620031626062062,1287,592,289.0,-192.0,2019,8,1,13
2019-08-14,37688,37274,37844,37188,33320,1.13,37268.0,37812.0,41660.0,37391.57142857143,35404.63333333333,406.36636062572416,1173.1699904256482,-0.014386967100391446,0.0067628734224398634,656,-414,1287.0,592.0,2019,8,2,14
2019-08-16,37487,37880,37941,37281,24290,-0.53,37688.0,37268.0,33320.0,37531.142857142855,35525.0,282.5871125707393,1216.6944478006171,0.011269722013523609,-0.014386967100391446,660,393,656.0,-414.0,2019,8,4,16
2019-08-19,37484,37340,37525,37270,22990,-0.01,37487.0,37688.0,24290.0,37574.71428571428,35640.46666666667,240.10116915410399,1233.4906939059154,-0.005333262576947551,0.011269722013523609,255,-144,660.0,393.0,2019,8,0,19
2019-08-20,37640,37400,37680,37350,19810,0.42,37484.0,37487.0,22990.0,37515.42857142857,35744.26666666667,193.37171211997088,1253.7499044813333,-8.002774295090553e-05,-0.005333262576947551,330,-240,255.0,-144.0,2019,8,1,20
2019-08-21,37598,37555,37636,37441,15780,-0.11,37640.0,37484.0,19810.0,37562.42857142857,35847.76666666667,174.46093845962662,1278.399961247637,0.004161775690961544,-8.002774295090553e-05,195,-43,330.0,-240.0,2019,8,2,21
2019-08-22,37779,37560,37800,37501,20060,0.48,37598.0,37640.0,15780.0,37568.142857142855,35949.933333333334,174.9461141544391,1292.104029475529,-0.0011158342189160342,0.004161775690961544,299,-219,195.0,-43.0,2019,8,3,22
2019-08-23,38357,37700,38426,37595,28960,1.53,37779.0,37598.0,20060.0,37563.42857142857,36050.4,167.5687492191795,1313.7871448858573,0.004814085855630701,-0.0011158342189160342,831,-657,299.0,-219.0,2019,8,4,23
2019-08-26,38415,38550,38869,38360,28460,0.15,38357.0,37779.0,28960.0,37719.0,36175.23333333333,300.4263636910228,1349.827209460764,0.015299505016014292,0.004814085855630701,509,135,831.0,-657.0,2019,8,0,26
2019-08-27,38644,38367,38679,38331,20050,0.6,38415.0,38357.0,28460.0,37822.857142857145,36295.333333333336,397.8037324164162,1384.2015084843163,0.0015121099147483719,0.015299505016014292,348,-277,509.0,135.0,2019,8,1,27
2019-08-28,38772,38547,38879,38465,19150,0.33,38644.0,38415.0,20050.0,37988.142857142855,36423.73333333333,468.99304492829805,1418.182759812061,0.0059612130678119435,0.0015121099147483719,414,-225,348.0,-277.0,2019,8,2,28
2019-08-29,38426,38740,38998,38289,24910,-0.89,38772.0,38644.0,19150.0,38172.142857142855,36558.2,490.40915861941534,1443.8484111848416,0.003312286512783258,0.0059612130678119435,709,314,414.0,-225.0,2019,8,3,29
2019-08-30,38300,38424,38588,38224,16910,-0.33,38426.0,38772.0,24910.0,38284.42857142857,36671.1,435.1278958133552,1453.3500503883163,-0.008923965748478313,0.003312286512783258,364,124,709.0,314.0,2019,8,4,30
2019-09-02,38708,38520,38800,38400,2320,1.07,38300.0,38426.0,16910.0,38384.71428571428,36777.2,314.82149137130915,1452.1676639204265,-0.0032790298235569892,-0.008923965748478313,400,-188,364.0,124.0,2019,9,0,2
2019-09-03,39314,38852,39431,38634,1200,1.57,38708.0,38300.0,2320.0,38517.42857142857,36899.7,186.6403467857823,1454.9618350243616,0.010652741514360242,-0.0032790298235569892,797,-462,400.0,-188.0,2019,9,1,3
2019-09-04,39337,39337,39490,38981,1850,0.06,39314.0,38708.0,1200.0,38654.142857142855,37038.73333333333,338.36884636619357,1480.370944503926,0.0156556784127313,0.010652741514360242,509,0,797.0,-462.0,2019,9,2,4
2019-09-05,38504,39198,39370,38353,630,-2.12,39337.0,39314.0,1850.0,38785.857142857145,37182.3,403.0353287135037,1487.6749308898357,0.000585033321463202,0.0156556784127313,1017,694,509.0,0.0,2019,9,3,5
2019-09-06,38551,38821,38962,38385,40450,0.12,38504.0,39337.0,630.0,38765.857142857145,37297.9,414.55696374708265,1449.393579492441,-0.02117599206853593,0.000585033321463202,577,270,1017.0,694.0,2019,9,4,6
2019-09-09,38459,38578,39699,38265,31730,-0.24,38551.0,38504.0,40450.0,38734.28571428572,37421.26666666667,422.3532148521648,1390.1497794099096,0.0012206523997506658,-0.02117599206853593,1434,119,577.0,270.0,2019,9,0,9
2019-09-10,38248,38382,38487,38200,18610,-0.55,38459.0,38551.0,31730.0,38739.0,37542.73333333333,418.5052767497539,1311.548385616817,-0.0023864491193483772,0.0012206523997506658,287,134,1434.0,119.0,2019,9,1,10
2019-09-11,37965,38200,38260,37931,27740,-0.74,38248.0,38459.0,18610.0,38731.57142857143,37658.066666666666,427.9512655840699,1209.0806976092588,-0.005486362099898612,-0.0023864491193483772,329,235,287.0,134.0,2019,9,2,11
2019-09-12,37747,37900,38215,37662,41660,-0.57,37965.0,38248.0,27740.0,38625.42857142857,37765.666666666664,517.5367481783297,1076.5310294966862,-0.00739907969044129,-0.005486362099898612,553,153,329.0,235.0,2019,9,3,12
2019-09-13,37517,37700,37891,37451,28040,-0.61,37747.0,37965.0,41660.0,38401.57142857143,37866.76666666667,508.8856640231856,909.5223332665051,-0.005742130910048715,-0.00739907969044129,440,183,553.0,153.0,2019,9,4,13
2019-09-16,38161,37749,38188,37749,25820,1.72,37517.0,37747.0,28040.0,38141.57142857143,37946.2,405.79709919486356,753.2625315102256,-0.006093199459559662,-0.005742130910048715,439,-412,440.0,183.0,2019,9,0,16
2019-09-17,37995,38068,38165,37853,24420,-0.43,38161.0,37517.0,25820.0,38092.57142857143,38028.066666666666,374.2200142273201,623.5832457384322,0.017165551616600494,-0.006093199459559662,312,73,439.0,-412.0,2019,9,1,17
2019-09-18,37837,38067,38067,37728,19420,-0.42,37995.0,38161.0,24420.0,38013.142857142855,38070.86666666667,315.0250934838053,571.9988987994084,-0.0043499908283325395,0.017165551616600494,339,230,312.0,73.0,2019,9,2,18
2019-09-19,37672,37700,37767,37525,23030,-0.44,37837.0,37995.0,19420.0,37924.28571428572,38092.7,249.13631763066851,548.9365361200694,-0.004158441900250054,-0.0043499908283325395,242,28,339.0,230.0,2019,9,3,19
2019-09-20,37669,37700,37749,37437,20700,-0.01,37672.0,37837.0,23030.0,37842.0,38085.13333333333,217.51398422628492,553.2462028043095,-0.004360810846525842,-0.004158441900250054,312,31,242.0,28.0,2019,9,4,20
2019-09-23,37905,37750,37960,37725,19980,0.63,37669.0,37672.0,20700.0,37799.71428571428,38097.066666666666,218.38705264406337,539.6669428390499,-7.963474198346976e-05,-0.004360810846525842,235,-155,312.0,31.0,2019,9,0,23
2019-09-24,38091,37899,38140,37758,25610,0.49,37905.0,37669.0,19980.0,37822.28571428572,38108.63333333333,220.18833929743553,531.3695696387505,0.006265098622209253,-7.963474198346976e-05,382,-192,235.0,-155.0,2019,9,1,24
2019-09-25,37571,38010,38170,37455,27540,-1.37,38091.0,37905.0,25610.0,37904.28571428572,38117.933333333334,192.71629777793996,528.4322899438583,0.004907004352987743,0.006265098622209253,715,439,382.0,-192.0,2019,9,2,25
2019-09-26,37773,37572,37825,37427,25210,0.54,37571.0,38091.0,27540.0,37820.0,38128.03333333333,190.73804025589143,514.3348220694749,-0.013651518731458867,0.004907004352987743,398,-201,715.0,439.0,2019,9,3,26
2019-09-27,37706,37824,37824,37301,27420,-0.18,37773.0,37571.0,25210.0,37788.28571428572,38130.86666666667,174.5610822297666,512.0562828239142,0.005376487184264533,-0.013651518731458867,523,118,398.0,-201.0,2019,9,4,27
2019-09-30,36873,37600,37620,36811,17000,-2.21,37706.0,37773.0,27420.0,37769.57142857143,38138.166666666664,175.48775564582013,504.0592523532237,-0.001773753739443551,0.005376487184264533,809,727,523.0,118.0,2019,9,0,30
2019-10-01,37377,36979,37507,36750,3670,1.37,36873.0,37706.0,17000.0,37655.42857142857,38117.8,384.6850907538089,542.296038249669,-0.022091974752028842,-0.001773753739443551,757,-398,809.0,727.0,2019,10,1,1
2019-10-03,38012,37583,38215,37583,380,1.7,37377.0,36873.0,3670.0,37613.71428571428,38109.03333333333,398.55017011147123,552.3195903486474,0.013668537954600879,-0.022091974752028842,632,-429,757.0,-398.0,2019,10,3,3
2019-10-04,38002,37948,38215,37879,150,-0.03,38012.0,37377.0,380.0,37629.0,38122.833333333336,413.36061737984403,544.2235268015099,0.016989057441742172,0.013668537954600879,336,-54,632.0,-429.0,2019,10,4,4
2019-10-07,37978,38225,38302,37765,15800,-0.06,38002.0,38012.0,150.0,37616.28571428572,38130.26666666667,397.8599897315847,540.8779538097069,-0.00026307481847842595,0.016989057441742172,537,247,336.0,-54.0,2019,10,0,7
2019-10-08,38242,38179,38400,38179,10520,0.7,37978.0,38002.0,15800.0,37674.42857142857,38117.63333333333,419.30055137288144,539.8246511792757,-0.0006315457081206288,-0.00026307481847842595,221,-63,537.0,247.0,2019,10,1,8
2019-10-09,38384,38279,38418,38154,20030,0.37,38242.0,37978.0,10520.0,37741.42857142857,38111.86666666667,471.8537404552475,537.4573428655882,0.006951392911685783,-0.0006315457081206288,264,-105,221.0,-63.0,2019,10,2,9
2019-10-10,38120,38400,38434,38030,20640,-0.69,38384.0,38242.0,20030.0,37838.28571428572,38103.2,529.4414397229418,530.6336095499873,0.0037131949165838396,0.006951392911685783,404,280,264.0,-105.0,2019,10,3,10
2019-10-11,37839,38050,38263,37736,27080,-0.74,38120.0,38384.0,20640.0,38016.42857142857,38081.46666666667,318.1434986212401,515.4311040152237,-0.006877865777407233,0.0037131949165838396,527,211,404.0,280.0,2019,10,4,11
2019-10-14,38250,37795,38286,37757,21990,1.09,37839.0,38120.0,27080.0,38082.42857142857,38061.9,182.305473628656,513.0372272550751,-0.007371458551941212,-0.006877865777407233,529,-455,527.0,211.0,2019,10,0,14
2019-10-15,38067,38259,38406,38021,23550,-0.48,38250.0,37839.0,21990.0,38116.42857142857,38060.23333333333,189.05013192705783,512.3177679918496,0.010861809244430365,-0.007371458551941212,385,192,529.0,-455.0,2019,10,1,15
2019-10-16,38248,38175,38271,37980,26510,0.48,38067.0,38250.0,23550.0,38125.71428571428,38038.86666666667,184.0223847686048,497.52364236335626,-0.0047843137254901524,0.010861809244430365,291,-73,385.0,192.0,2019,10,2,16
2019-10-17,38216,38190,38250,38001,20290,-0.08,38248.0,38067.0,26510.0,38164.28571428572,38003.333333333336,176.02340212576308,437.794498579381,0.004754774476580792,-0.0047843137254901524,249,-26,291.0,-73.0,2019,10,3,17
2019-10-18,38121,38179,38212,38025,16230,-0.25,38216.0,38248.0,20290.0,38160.57142857143,37965.96666666667,174.37684971054904,361.1728484183945,-0.000836645053336138,0.004754774476580792,187,58,249.0,-26.0,2019,10,4,18
2019-10-21,37969,38098,38144,37940,10410,-0.4,38121.0,38216.0,16230.0,38123.0,37953.2,143.87957928079732,348.02867499470165,-0.0024858697927570006,-0.000836645053336138,204,129,187.0,58.0,2019,10,0,21
2019-10-22,38025,37901,38060,37900,13840,0.15,37969.0,38121.0,10410.0,38101.42857142857,37933.8,155.27272474038313,329.27238488242284,-0.003987303585950008,-0.0024858697927570006,160,-124,204.0,129.0,2019,10,1,22
2019-10-23,38124,38090,38249,38090,12600,0.26,38025.0,37969.0,13840.0,38128.0,37919.333333333336,113.05455910320376,314.6093728246987,0.0014748874081487173,-0.003987303585950008,159,-34,160.0,-124.0,2019,10,2,23
2019-10-24,38452,38175,38475,38109,14660,0.86,38124.0,38025.0,12600.0,38110.0,37915.2,99.62596716728984,310.9355626746768,0.0026035502958579038,0.0014748874081487173,366,-277,159.0,-34.0,2019,10,3,24
2019-10-25,38362,38450,38690,38325,19570,-0.23,38452.0,38124.0,14660.0,38165.0,37931.433333333334,159.943740110985,325.9741562955502,0.008603504354212532,0.0026035502958579038,365,88,366.0,-277.0,2019,10,4,25
2019-10-27,38280,38277,38345,38250,670,-0.21,38362.0,38452.0,19570.0,38181.28571428572,37951.933333333334,174.90732240036033,333.23285151859164,-0.002340580463955022,0.008603504354212532,95,-3,365.0,88.0,2019,10,6,27
2019-10-28,38103,38388,38388,38070,7520,-0.46,38280.0,38362.0,670.0,38190.42857142857,37977.36666666667,178.6568938355835,327.9684050492003,-0.0021375319326416564,-0.002340580463955022,318,285,95.0,-3.0,2019,10,0,28
2019-10-29,38110,38063,38194,37988,11170,0.02,38103.0,38280.0,7520.0,38187.857142857145,37975.433333333334,179.94761142575862,327.01815654565235,-0.00462382445141063,-0.0021375319326416564,206,-47,318.0,285.0,2019,10,1,29
2019-10-30,38369,38194,38384,38078,6370,0.68,38110.0,38103.0,11170.0,38208.0,37979.26666666667,157.90820118250727,327.9281810883218,0.00018371256856419826,-0.00462382445141063,306,-175,206.0,-47.0,2019,10,2,30
2019-10-31,38842,38300,38898,38300,2300,1.23,38369.0,38110.0,6370.0,38257.142857142855,37997.0,144.41656019253426,334.29225289063424,0.006796116504854455,0.00018371256856419826,598,-542,306.0,-175.0,2019,10,3,31
2019-11-01,38652,38759,38800,38518,720,-0.49,38842.0,38369.0,2300.0,38359.71428571428,38036.0,250.27365974592428,362.15628175092115,0.012327660350804015,0.006796116504854455,282,107,598.0,-542.0,2019,11,4,1
2019-11-04,38734,39500,39500,38645,180,0.21,38652.0,38842.0,720.0,38388.28571428572,38068.76666666667,272.9534235529736,372.1380614495932,-0.004891612172390758,0.012327660350804015,855,766,282.0,107.0,2019,11,0,4
2019-11-05,38458,38839,39049,38300,170,-0.71,38734.0,38652.0,180.0,38441.42857142857,38096.4,301.6840826344844,389.91259851485205,0.0021214943599296987,-0.004891612172390758,749,381,855.0,766.0,2019,11,1,5
2019-11-06,38239,37980,38273,37957,20310,-0.57,38458.0,38734.0,170.0,38466.857142857145,38108.63333333333,293.1918760661765,395.4551705969536,-0.007125522796509576,0.0021214943599296987,316,-259,749.0,381.0,2019,11,2,6
2019-11-07,37595,38188,38245,37536,27880,-1.68,38239.0,38458.0,20310.0,38486.28571428572,38130.9,268.5310126645252,382.741053182097,-0.0056945238961984,-0.007125522796509576,709,593,316.0,-259.0,2019,11,3,7
2019-11-08,37705,37655,37880,37488,27500,0.29,37595.0,38239.0,27880.0,38412.71428571428,38124.96666666667,417.844354709533,389.79530289468386,-0.01684144459844661,-0.0056945238961984,392,-50,709.0,593.0,2019,11,4,8
2019-11-11,37688,37710,37850,37532,17280,-0.05,37705.0,37595.0,27500.0,38317.857142857145,38124.933333333334,497.24689661292507,389.83240725338004,0.0029259210001328917,-0.01684144459844661,318,22,392.0,-50.0,2019,11,0,11
2019-11-12,37740,37650,37800,37542,12900,0.14,37688.0,37705.0,17280.0,38153.0,38152.1,485.67410197993917,322.09137169748965,-0.00045086858506826477,0.0029259210001328917,258,-90,318.0,22.0,2019,11,1,12
2019-11-13,38107,37820,38150,37800,23100,0.97,37740.0,37688.0,12900.0,38022.71428571428,38164.2,450.55954630056794,297.87736425542755,0.0013797495223943912,-0.00045086858506826477,350,-287,258.0,-90.0,2019,11,2,13
2019-11-14,38269,38106,38295,38060,20590,0.43,38107.0,37740.0,23100.0,37933.142857142855,38167.36666666667,332.42514374086164,296.7062268562966,0.009724430312665566,0.0013797495223943912,235,-163,350.0,-287.0,2019,11,3,14
2019-11-15,38002,38236,38236,37922,17270,-0.7,38269.0,38107.0,20590.0,37906.142857142855,38176.26666666667,287.30380469309625,295.5771599245975,0.004251187445876159,0.009724430312665566,314,234,235.0,-163.0,2019,11,4,15
2019-11-18,38228,37943,38249,37810,23230,0.59,38002.0,38269.0,17270.0,37872.28571428572,38177.066666666666,253.5190422089681,295.0540492042933,-0.006976926494029145,0.004251187445876159,439,-285,314.0,234.0,2019,11,0,18
2019-11-19,38206,38223,38230,37920,24870,-0.06,38228.0,38002.0,23230.0,37962.71428571428,38176.6,251.00977025319995,294.9588632882718,0.005947055418135783,-0.006976926494029145,310,17,439.0,-285.0,2019,11,1,19
2019-11-20,38155,38218,38325,38020,23560,-0.13,38206.0,38228.0,24870.0,38034.28571428572,38170.666666666664,236.27294547318175,292.4223838432017,-0.0005754944020089914,0.005947055418135783,305,63,310.0,17.0,2019,11,2,20
2019-11-21,37971,38156,38200,37945,20030,-0.48,38155.0,38206.0,23560.0,38101.0,38171.833333333336,181.86625122328326,292.28305639448064,-0.0013348688687641053,-0.0005754944020089914,255,185,305.0,63.0,2019,11,3,21
2019-11-22,37927,37975,38150,37905,20370,-0.12,37971.0,38155.0,20030.0,38134.0,38176.23333333333,113.5840364400511,288.062934132136,-0.004822434805399012,-0.0013348688687641053,245,48,255.0,185.0,2019,11,4,22
2019-11-25,37782,37891,37905,37736,14900,-0.38,37927.0,37971.0,20370.0,38108.28571428572,38165.46666666667,138.3831809237776,291.2295851423705,-0.0011587790682362487,-0.004822434805399012,169,109,245.0,48.0,2019,11,0,25
2019-11-26,37775,37747,37830,37615,15750,-0.02,37782.0,37927.0,14900.0,38038.71428571428,38155.96666666667,164.1398938788922,299.0945512251007,-0.0038231339151527655,-0.0011587790682362487,215,-28,169.0,109.0,2019,11,1,26
2019-11-27,37578,37753,37753,37530,11790,-0.52,37775.0,37782.0,15750.0,38006.28571428572,38140.2,192.56489320720738,306.4522688793214,-0.00018527341061880254,-0.0038231339151527655,223,175,215.0,-28.0,2019,11,2,27
2019-11-28,37780,37511,37837,37511,9500,0.54,37578.0,37775.0,11790.0,37913.42857142857,38118.933333333334,222.261750454141,322.7164799551186,-0.005215089344804746,-0.00018527341061880254,326,-269,223.0,175.0,2019,11,3,28
2019-11-29,37961,37770,38070,37711,4270,0.48,37780.0,37578.0,9500.0,37852.57142857143,38107.566666666666,183.7941395010478,328.5929966829907,0.005375485656501144,-0.005215089344804746,359,-191,326.0,-269.0,2019,11,4,29
2019-12-02,37915,38240,38240,37715,890,-0.12,37961.0,37780.0,4270.0,37824.857142857145,38107.3,139.9993197285278,328.71255129239285,0.004790894653255773,0.005375485656501144,525,325,359.0,-191.0,2019,12,0,2
2019-12-03,38267,37874,38400,37840,150,0.93,37915.0,37961.0,890.0,37816.857142857145,38103.63333333333,131.6047473476907,330.2720386864054,-0.0012117699744474963,0.004790894653255773,560,-393,525.0,325.0,2019,12,1,3
2019-12-04,38188,38563,38563,38081,50,-0.21,38267.0,37915.0,150.0,37865.42857142857,38108.4,215.2137365076839,331.60535330822233,0.009283924568112889,-0.0012117699744474963,482,375,560.0,-393.0,2019,12,2,4
2019-12-05,38095,38245,38245,37800,30,-0.24,38188.0,38267.0,50.0,37923.42857142857,38099.6,242.0212505441199,325.62159124895385,-0.002064441947369766,0.009283924568112889,445,150,482.0,375.0,2019,12,3,5
2019-12-06,37748,38087,38170,37711,16890,-0.91,38095.0,38188.0,30.0,37969.142857142855,38090.7,239.5213480905958,321.82905614185654,-0.002435319995810148,-0.002064441947369766,459,339,445.0,150.0,2019,12,4,6
2019-12-09,37638,37774,37774,37610,9220,-0.29,37748.0,38095.0,16890.0,37993.42857142857,38072.96666666667,198.32873144088188,325.67272373712535,-0.009108806930043345,-0.002435319995810148,164,136,459.0,339.0,2019,12,0,9
2019-12-10,37604,37604,37728,37550,12400,-0.09,37638.0,37748.0,9220.0,37973.142857142855,38057.46666666667,228.72940969146092,335.122492613264,-0.002914061672141588,-0.009108806930043345,178,0,164.0,136.0,2019,12,1,10
2019-12-11,37693,37602,37741,37554,10900,0.24,37604.0,37638.0,12400.0,37922.142857142855,38040.6,268.27065224842977,344.9759211956054,-0.0009033423667570428,-0.002914061672141588,187,-91,178.0,0.0,2019,12,2,11
2019-12-12,37559,37749,38044,37500,22610,-0.36,37693.0,37604.0,10900.0,37890.42857142857,38018.066666666666,282.02532814436483,344.8632845858438,0.002366769492607279,-0.0009033423667570428,544,190,187.0,-91.0,2019,12,3,12
2019-12-13,37776,37512,37810,37400,21940,0.58,37559.0,37693.0,22610.0,37789.28571428572,37975.3,249.55274278037672,317.6419747700338,-0.0035550367442230835,0.002366769492607279,410,-264,544.0,190.0,2019,12,4,13
2019-12-16,37873,37740,37948,37735,13050,0.26,37776.0,37559.0,21940.0,37730.42857142857,37946.1,178.23847054320888,292.56385686326746,0.005777576612795876,-0.0035550367442230835,213,-133,410.0,-264.0,2019,12,0,16
2019-12-17,37961,37863,37987,37850,11990,0.23,37873.0,37776.0,13050.0,37698.71428571428,37917.4,108.77149486820491,252.03045792528255,0.002567767894959827,0.005777576612795876,137,-98,213.0,-133.0,2019,12,1,17
2019-12-18,37932,37937,37994,37817,12090,-0.08,37961.0,37873.0,11990.0,37729.142857142855,37900.833333333336,147.68821728370784,230.7020893292521,0.0023235550392100013,0.002567767894959827,177,5,137.0,-98.0,2019,12,2,18
2019-12-19,38110,37998,38140,37880,13070,0.47,37932.0,37961.0,12090.0,37771.142857142855,37890.6,158.83264628043443,221.82263806139557,-0.0007639419404125158,0.0023235550392100013,260,-112,177.0,5.0,2019,12,3,19
2019-12-20,38002,38076,38120,37965,12050,-0.28,38110.0,37932.0,13070.0,37843.42857142857,37907.76666666667,183.33835491134698,218.0532493179638,0.004692607824528183,-0.0007639419404125158,155,74,260.0,-112.0,2019,12,4,20
2019-12-23,38231,37999,38270,37999,10200,0.6,38002.0,38110.0,12050.0,37887.57142857143,37917.666666666664,178.21041603005546,215.2540332919796,-0.002833901863028121,0.004692607824528183,271,-232,155.0,74.0,2019,12,0,23
2019-12-24,38624,38240,38644,38240,13880,1.03,38231.0,38002.0,10200.0,37983.57142857143,37935.76666666667,150.56876296768473,218.08708847340216,0.006025998631650875,-0.002833901863028121,404,-384,271.0,-232.0,2019,12,1,24
2019-12-26,38767,38650,38816,38619,16480,0.37,38624.0,38231.0,13880.0,38104.71428571428,37965.23333333333,258.31486877308225,248.34551616684845,0.010279616018414428,0.006025998631650875,197,-117,404.0,-384.0,2019,12,3,26
2019-12-27,38978,38805,38995,38685,11520,0.54,38767.0,38624.0,16480.0,38232.42857142857,37987.23333333333,334.44324737537556,287.4862135588077,0.003702361226180617,0.010279616018414428,310,-173,197.0,-117.0,2019,12,4,27
2019-12-30,38823,38993,38994,38701,5570,-0.4,38978.0,38767.0,11520.0,38377.71428571428,38010.86666666667,409.3819383281246,336.4249912097988,0.005442773492919217,0.003702361226180617,293,170,310.0,-173.0,2019,12,0,30
2019-12-31,38999,39019,39099,38869,630,0.45,38823.0,38978.0,5570.0,38505.0,38038.23333333333,385.52302136284885,367.62449763614967,-0.003976602185848388,0.005442773492919217,230,20,293.0,170.0,2019,12,1,31
2020-01-01,38938,38980,39067,38900,120,-0.16,38999.0,38823.0,630.0,38632.0,38063.933333333334,380.1043716324406,406.26693563021325,0.004533395152358066,-0.003976602185848388,167,42,230.0,20.0,2020,1,2,1
2020-01-02,39220,38953,39685,38905,250,0.72,38938.0,38999.0,120.0,38765.71428571428,38088.333333333336,270.3255532921069,435.9880046833146,-0.0015641426703248973,0.004533395152358066,780,-267,167.0,42.0,2020,1,3,2
2020-01-03,39925,39520,40002,39486,210,1.8,39220.0,38938.0,250.0,38907.0,38123.833333333336,191.12822920960377,482.48273746515366,0.00724228260311266,-0.0015641426703248973,516,-405,780.0,-267.0,2020,1,4,3
2020-01-06,40448,40250,41049,40250,33170,1.31,39925.0,39220.0,210.0,39092.857142857145,38188.96666666667,394.4647971508991,582.6358348829784,0.017975522692503798,0.00724228260311266,799,-198,516.0,-405.0,2020,1,0,6
2020-01-07,40635,40280,40666,40181,27470,0.46,40448.0,39925.0,33170.0,39333.0,38273.0,613.7540223907752,711.172611084281,0.013099561678146632,0.017975522692503798,485,-355,799.0,-198.0,2020,1,1,7
2020-01-08,40078,40792,41270,39893,47710,-1.37,40635.0,40448.0,27470.0,39569.71428571428,38368.1,756.8693665991028,824.9110861164331,0.004623219936708889,0.013099561678146632,1377,714,485.0,-355.0,2020,1,2,8
2020-01-09,39806,40165,40165,39594,27520,-0.68,40078.0,40635.0,47710.0,39749.0,38444.86666666667,696.7634701491224,873.5395193989796,-0.013707395102743991,0.004623219936708889,571,359,1377.0,714.0,2020,1,3,9
2020-01-10,39849,39721,39888,39550,26620,0.11,39806.0,40078.0,27520.0,39864.28571428572,38519.13333333333,613.8117828478319,891.8177381946836,-0.006786765806677031,-0.013707395102743991,338,-128,571.0,359.0,2020,1,4,10
2020-01-13,39541,39801,39801,39510,20340,-0.77,39849.0,39806.0,26620.0,39994.42857142857,38588.1,462.64776275466704,912.4495772546721,0.0010802391599256111,-0.006786765806677031,291,260,338.0,-128.0,2020,1,0,13
2020-01-14,39443,39500,39525,39280,19100,-0.25,39541.0,39849.0,20340.0,40040.28571428572,38640.76666666667,381.9675877560695,920.5679162905275,-0.007729177645612206,0.0010802391599256111,245,57,291.0,260.0,2020,1,1,14
2020-01-15,39598,39600,39699,39464,18190,0.39,39443.0,39541.0,19100.0,39971.42857142857,38691.7,444.5345345211054,921.2983398618543,-0.002478440100149193,-0.007729177645612206,235,2,245.0,57.0,2020,1,2,15
2020-01-16,39676,39562,39762,39562,15820,0.2,39598.0,39443.0,18190.0,39850.0,38736.066666666666,407.1813682716757,932.1255995471051,0.0039297213700784095,-0.002478440100149193,200,-114,235.0,2.0,2020,1,3,16
2020-01-17,39920,39749,39959,39684,15500,0.61,39676.0,39598.0,15820.0,39713.0,38785.666666666664,215.03798114342976,941.4987806793457,0.001969796454366346,0.0039297213700784095,275,-171,200.0,-114.0,2020,1,4,17
2020-01-20,39927,39990,39990,39870,10010,0.02,39920.0,39676.0,15500.0,39690.42857142857,38846.5,174.88363478379364,954.2075517002739,0.006149813489263023,0.001969796454366346,120,63,275.0,-171.0,2020,1,0,20
2020-01-21,39892,40000,40150,39660,24670,-0.09,39927.0,39920.0,10010.0,39707.71428571428,38919.13333333333,193.22846088541462,950.6324476749097,0.00017535070140284326,0.006149813489263023,490,108,120.0,63.0,2020,1,1,21
2020-01-22,39893,39813,39939,39736,15260,0.0,39892.0,39927.0,24670.0,39713.857142857145,38994.26666666667,199.0640002395837,934.8275862904426,-0.0008765997946251769,0.00017535070140284326,203,-80,490.0,108.0,2020,1,2,22
2020-01-23,40255,39917,40274,39806,21340,0.91,39893.0,39892.0,15260.0,39764.142857142855,39070.566666666666,192.4711481185127,910.5399187711678,2.5067682743351583e-05,-0.0008765997946251769,468,-338,203.0,-80.0,2020,1,3,23
2020-01-24,40322,40139,40399,39929,23430,0.17,40255.0,39893.0,21340.0,39880.142857142855,39155.96666666667,210.51003822005217,896.9258410623705,0.009074273682099676,2.5067682743351583e-05,470,-183,468.0,-338.0,2020,1,4,24
2020-01-27,40557,40400,40721,40400,20090,0.58,40322.0,40255.0,23430.0,39983.57142857143,39248.066666666666,226.06699386516286,868.7022002051577,0.0016643895168302336,0.009074273682099676,321,-157,470.0,-183.0,2020,1,0,27
2020-01-28,40200,40523,40561,40130,19400,-0.88,40557.0,40322.0,20090.0,40109.42857142857,39340.76666666667,267.69936940888675,854.4647319570906,0.005828083924408478,0.0016643895168302336,431,323,321.0,-157.0,2020,1,1,28
2020-01-29,40321,40100,40380,40023,13240,0.3,40200.0,40557.0,19400.0,40149.42857142857,39418.333333333336,255.30952270121244,821.6181399005615,-0.008802426214956749,0.005828083924408478,357,-221,431.0,323.0,2020,1,2,29
2020-01-30,40897,40400,40990,40400,4950,1.43,40321.0,40200.0,13240.0,40205.71428571428,39497.0,241.13738427753998,789.6303805759909,0.003009950248756166,-0.008802426214956749,590,-497,357.0,-221.0,2020,1,3,30
2020-01-31,41012,40490,41161,40490,1150,0.28,40897.0,40321.0,4950.0,40349.28571428572,39595.833333333336,311.99717642349356,772.3609609635363,0.014285359986111468,0.003009950248756166,671,-522,590.0,-497.0,2020,1,4,31
2020-02-01,41099,41249,41315,40901,7330,0.21,41012.0,40897.0,1150.0,40509.142857142855,39692.566666666666,325.61911725945106,761.5050742827835,0.0028119421962491398,0.014285359986111468,414,150,671.0,-522.0,2020,2,5,1
2020-02-03,40633,41178,41178,40590,190,-1.13,41099.0,41012.0,7330.0,40629.71428571428,39795.8,369.17643220588525,733.8405069581936,0.0021213303423388563,0.0028119421962491398,588,545,414.0,150.0,2020,2,0,3
2020-02-04,40056,40618,40839,39750,100,-1.42,40633.0,41099.0,190.0,40674.142857142855,39875.86666666667,343.815080420919,686.7494515417332,-0.01133847538869559,0.0021213303423388563,1089,562,588.0,545.0,2020,2,1,4
2020-02-05,40213,40690,40700,40100,40,0.39,40056.0,40633.0,100.0,40602.57142857143,39923.6,416.68807564169293,645.249035054558,-0.014200280560135892,-0.01133847538869559,600,477,1089.0,562.0,2020,2,2,5
2020-02-06,40287,40043,40345,39972,15610,0.18,40213.0,40056.0,40.0,40604.42857142857,39971.8,414.6186429101376,608.8534957670803,0.003919512682244886,-0.014200280560135892,373,-244,600.0,477.0,2020,2,3,6
2020-02-07,40563,40345,40633,40232,19970,0.69,40287.0,40213.0,15610.0,40599.57142857143,40015.433333333334,418.67165223116893,581.4657865403437,0.001840200930047553,0.003919512682244886,401,-218,373.0,-244.0,2020,2,4,7
2020-02-10,40607,40533,40635,40451,13040,0.11,40563.0,40287.0,19970.0,40551.857142857145,40073.433333333334,397.6289847644766,543.9949089072151,0.006850845185792043,0.001840200930047553,184,-74,401.0,-218.0,2020,2,0,10
2020-02-11,40353,40510,40510,40243,17790,-0.63,40607.0,40563.0,13040.0,40494.0,40127.03333333333,345.57440105956783,512.8043576187907,0.00108473239158835,0.006850845185792043,267,157,184.0,-74.0,2020,2,1,11
2020-02-12,40427,40352,40464,40251,14130,0.18,40353.0,40607.0,17790.0,40387.42857142857,40174.2,220.1831488752495,462.2508947017643,-0.006255079173541511,0.00108473239158835,213,-75,267.0,157.0,2020,2,2,12
2020-02-13,40580,40474,40625,40460,14930,0.38,40427.0,40353.0,14130.0,40358.0,40214.433333333334,194.1142275422686,427.5612223389491,0.0018338165687805663,-0.006255079173541511,165,-106,213.0,-75.0,2020,2,3,13
2020-02-14,40879,40489,40912,40489,15050,0.74,40580.0,40427.0,14930.0,40432.857142857145,40236.26666666667,155.42246574465526,428.9930417646132,0.0037845994013900874,0.0018338165687805663,423,-390,165.0,-106.0,2020,2,4,14
2020-02-17,40686,40826,40843,40660,11090,-0.47,40879.0,40580.0,15050.0,40528.0,40250.63333333333,196.75619431422047,443.3065012160138,0.007368161655988192,0.0037845994013900874,183,140,423.0,-390.0,2020,2,0,17
2020-02-18,41311,40820,41343,40800,22270,1.54,40686.0,40879.0,11090.0,40585.0,40252.333333333336,171.47302995229666,444.9261336055807,-0.004721250519826858,0.007368161655988192,543,-491,183.0,140.0,2020,2,1,18
2020-02-19,41463,41400,41486,41230,19080,0.37,41311.0,40686.0,22270.0,40691.857142857145,40293.433333333334,322.252710655539,483.5402977391005,0.015361549427321375,-0.004721250519826858,256,-63,543.0,-491.0,2020,2,2,19
2020-02-20,41886,41488,41987,41390,27950,1.02,41463.0,41311.0,19080.0,40814.142857142855,40348.666666666664,429.3143481469692,519.2600393859767,0.003679407421752101,0.015361549427321375,597,-398,256.0,-63.0,2020,2,3,20
2020-02-21,42511,42000,42571,42000,19670,1.49,41886.0,41463.0,27950.0,41033.142857142855,40416.566666666666,533.2858609834724,581.1615410356893,0.010201866724549591,0.003679407421752101,571,-511,597.0,-398.0,2020,2,4,21
2020-02-24,43456,42750,43585,42750,39100,2.22,42511.0,41886.0,19670.0,41330.857142857145,40515.566666666666,695.5308353036925,672.6355104232969,0.014921453468939472,0.010201866724549591,835,-706,571.0,-511.0,2020,2,0,24
2020-02-25,42675,43160,43200,42257,33280,-1.8,43456.0,42511.0,39100.0,41741.71428571428,40649.333333333336,972.4024739940389,832.1070195301515,0.022229540589494556,0.014921453468939472,943,485,835.0,-706.0,2020,2,1,25
2020-02-26,42349,42470,42735,42006,26970,-0.76,42675.0,43456.0,33280.0,41998.28571428572,40751.9,943.3401143965821,885.945563438647,-0.017972201767304852,0.022229540589494556,729,121,943.0,485.0,2020,2,2,26
2020-02-27,42193,42460,42735,42154,18400,-0.37,42349.0,42675.0,26970.0,42235.857142857145,40841.0,746.6780717674485,908.1449451362961,-0.0076391329818394915,-0.017972201767304852,581,267,729.0,121.0,2020,2,3,27
2020-02-28,41763,42350,43000,41248,4470,-1.02,42193.0,42349.0,18400.0,42361.857142857145,40916.76666666667,629.8826421313494,923.3472721867721,-0.003683676119861201,-0.0076391329818394915,1752,587,581.0,267.0,2020,2,4,28
2020-03-02,42017,43014,43014,41689,310,0.61,41763.0,42193.0,4470.0,42404.71428571428,40977.96666666667,565.4410415152079,916.3015044862184,-0.010191263953736374,-0.003683676119861201,1325,997,1752.0,587.0,2020,3,0,2
2020-03-03,43100,42050,43277,41960,70,2.58,42017.0,41763.0,310.0,42423.42857142857,41048.8,547.2884240040648,911.5804918386012,0.006081938558053723,-0.010191263953736374,1317,-1050,1325.0,997.0,2020,3,1,3
2020-03-04,43235,43100,43649,43006,90,0.31,43100.0,42017.0,70.0,42507.57142857143,41155.7,605.2090154501955,958.2151205437216,0.025775281433705333,0.006081938558053723,643,-135,1317.0,-1050.0,2020,3,2,4
2020-03-05,43874,43050,44255,43050,370,1.48,43235.0,43100.0,90.0,42476.0,41255.03333333333,550.8063785650143,1014.4358881967804,0.003132250580046403,0.025775281433705333,1205,-824,643.0,-135.0,2020,3,3,5
2020-03-06,44098,44200,44881,43407,76250,0.51,43874.0,43235.0,370.0,42647.28571428572,41373.433333333334,767.0025454737163,1105.0230667991157,0.014779692378859677,0.003132250580046403,1474,102,1205.0,-824.0,2020,3,4,6
2020-03-09,44308,44200,44740,43829,61170,0.48,44098.0,43874.0,76250.0,42897.142857142855,41491.46666666667,922.7093129430058,1199.8555583555562,0.005105529470757153,0.014779692378859677,911,-108,1474.0,102.0,2020,3,0,9
2020-03-10,43694,44280,44280,43511,23910,-1.39,44308.0,44098.0,61170.0,43199.28571428572,41628.4,996.9974447124775,1279.1753701441287,0.004762120731098829,0.005105529470757153,769,586,911.0,-108.0,2020,3,1,10
2020-03-11,43334,43690,43838,43270,35130,-0.82,43694.0,44308.0,23910.0,43475.142857142855,41740.833333333336,776.0121194447546,1308.2044837339124,-0.013857542655953736,0.004762120731098829,568,356,769.0,586.0,2020,3,2,11
2020-03-12,42217,43311,43615,41601,75050,-2.58,43334.0,43694.0,35130.0,43663.28571428572,41822.066666666666,458.0985026133415,1329.4895295535555,-0.008239117498970105,-0.013857542655953736,2014,1094,568.0,356.0,2020,3,3,12
2020-03-13,40382,42000,42085,40155,66620,-4.35,42217.0,43334.0,75050.0,43537.142857142855,41862.23333333333,697.8768823069577,1322.3554398090282,-0.02577652651497664,-0.008239117498970105,1930,1618,2014.0,1094.0,2020,3,4,13
2020-03-16,39548,40802,41291,38419,106920,-2.07,40382.0,42217.0,66620.0,43129.57142857143,41838.333333333336,1391.8230080421815,1342.9448170369194,-0.043465902361607855,-0.02577652651497664,2872,1254,1930.0,1618.0,2020,3,0,16
2020-03-17,40279,39750,40950,38700,82570,1.85,39548.0,40382.0,106920.0,42511.57142857143,41802.166666666664,1880.7374313591818,1390.2998952915552,-0.020652766083898766,-0.043465902361607855,2250,-529,2872.0,1254.0,2020,3,1,17
2020-03-18,39764,40239,40480,39368,72460,-1.28,40279.0,39548.0,82570.0,41966.0,41809.6,1897.679372286372,1381.208381490853,0.01848386770506716,-0.020652766083898766,1112,475,2250.0,-529.0,2020,3,2,18
2020-03-19,39889,39700,40170,39121,49450,0.31,39764.0,40279.0,72460.0,41316.857142857145,41794.63333333333,1733.073226821347,1401.3907989071083,-0.012785818913081282,0.01848386770506716,1049,-189,1112.0,475.0,2020,3,3,19
2020-03-20,40419,40049,40987,39885,46770,1.33,39889.0,39764.0,49450.0,40773.28571428572,41781.36666666667,1434.1626725827425,1417.941550356369,0.003143546926868579,-0.012785818913081282,1102,-370,1049.0,-189.0,2020,3,4,20
2020-03-23,41317,40668,41500,39820,43820,2.22,40419.0,39889.0,46770.0,40356.857142857145,41776.566666666666,884.6192078279869,1422.4447552036368,0.013286871067211603,0.003143546926868579,1680,-649,1102.0,-370.0,2020,3,0,23
2020-03-24,41873,41451,42176,40115,40080,1.35,41317.0,40419.0,43820.0,40228.28571428572,41800.23333333333,583.2860116869192,1408.1491320730395,0.022217274054281422,0.013286871067211603,2061,-422,1680.0,-649.0,2020,3,1,24
2020-03-25,42713,42100,42889,41400,32140,2.01,41873.0,41317.0,40080.0,40441.28571428572,41850.9,856.8556304475389,1381.3715410706438,0.013456930561270175,0.022217274054281422,1489,-613,2061.0,-422.0,2020,3,2,25
2020-03-26,43631,42400,43900,42000,34450,2.15,42713.0,41873.0,32140.0,40893.42857142857,41927.1,1105.8106916264644,1363.0463434820815,0.02006065961359349,0.013456930561270175,1900,-1231,1489.0,-613.0,2020,3,3,26
2020-03-27,43590,43520,43759,43035,20610,-0.09,43631.0,42713.0,34450.0,41372.28571428572,42028.8,1463.3608252112865,1372.8560062112117,0.021492285720974946,0.02006065961359349,724,-70,1900.0,-1231.0,2020,3,4,27
2020-03-30,43883,43200,44180,43200,920,0.67,43590.0,43631.0,20610.0,41918.857142857145,42119.166666666664,1476.9924879717587,1383.7430019332987,-0.0009396988379821725,0.021492285720974946,980,-683,724.0,-70.0,2020,3,0,30
2020-03-31,43225,44373,44399,43060,290,-1.5,43883.0,43590.0,920.0,42489.42857142857,42225.73333333333,1325.8780558742424,1392.6412992952662,0.006721725166322523,-0.0009396988379821725,1339,1148,980.0,-683.0,2020,3,1,31
2020-04-01,43578,42854,43645,42800,50,0.82,43225.0,43883.0,290.0,42890.28571428572,42289.53333333333,972.7368116624255,1393.132509312304,-0.01499441697240389,0.006721725166322523,845,-724,1339.0,1148.0,2020,4,2,1
2020-04-03,44298,44190,44400,43860,80,1.65,43578.0,43225.0,50.0,43213.28571428572,42360.03333333333,700.5618493489424,1403.3409515986552,0.008166570271833429,-0.01499441697240389,540,-108,845.0,-724.0,2020,4,4,3
2020-04-07,45043,44000,46299,44000,20590,1.68,44298.0,43578.0,80.0,43559.71428571428,42440.433333333334,497.47218156386305,1443.7581630350553,0.016522098306484878,0.008166570271833429,2299,-1043,540.0,-108.0,2020,4,1,7
2020-04-08,44944,44762,45000,44650,12640,-0.22,45043.0,44298.0,20590.0,43892.57142857143,42524.833333333336,604.5005809611126,1520.020010832207,0.016817915030023833,0.016522098306484878,350,-182,2299.0,-1043.0,2020,4,2,8
2020-04-09,45279,44970,45330,44802,13160,0.75,44944.0,45043.0,12640.0,44080.142857142855,42574.433333333334,705.1390946887948,1574.745248872838,-0.002197899784650237,0.016817915030023833,528,-309,350.0,-182.0,2020,4,3,9
2020-04-13,46270,45499,46360,45499,19510,2.19,45279.0,44944.0,13160.0,44321.42857142857,42661.23333333333,792.9705453014652,1650.4272734823724,0.00745372018511925,-0.002197899784650237,861,-771,528.0,-309.0,2020,4,0,13
2020-04-15,46696,46499,46782,46030,26090,0.92,46270.0,45279.0,19510.0,44662.42857142857,42791.933333333334,1045.9093104642213,1775.3739563974782,0.021886525762494724,0.00745372018511925,752,-197,861.0,-771.0,2020,4,2,15
2020-04-16,47203,46783,47290,46478,21660,1.09,46696.0,46270.0,26090.0,45158.28571428572,42942.03333333333,1073.2854100518116,1908.3640129032153,0.009206829479144085,0.021886525762494724,812,-420,752.0,-197.0,2020,4,3,16
2020-04-17,45855,47005,47005,45400,32290,-2.86,47203.0,46696.0,21660.0,45676.142857142855,43123.36666666667,1058.1407323817468,2045.9632835093034,0.010857461024498916,0.009206829479144085,1605,1150,812.0,-420.0,2020,4,4,17
2020-04-20,45724,45400,45949,45265,24610,-0.29,45855.0,47203.0,32290.0,45898.57142857143,43251.3,866.4450082853191,2093.8314352657976,-0.028557506938118316,0.010857461024498916,684,-324,1605.0,1150.0,2020,4,0,20
2020-04-21,45383,45735,46275,45100,31180,-0.75,45724.0,45855.0,24610.0,45995.857142857145,43338.76666666667,789.1538566879173,2141.5561001014958,-0.002856831316105146,-0.028557506938118316,1175,352,684.0,-324.0,2020,4,1,21
2020-04-22,46189,45656,46290,45475,32759,1.78,45383.0,45724.0,31180.0,46058.57142857143,43410.36666666667,704.53787623465,2173.6346405437075,-0.007457790219578375,-0.002856831316105146,815,-533,1175.0,352.0,2020,4,2,22
2020-04-23,46475,46499,46680,46171,42680,0.62,46189.0,45383.0,32759.0,46188.57142857143,43487.53333333333,614.9826168675374,2230.997499701649,0.017759954167860137,-0.007457790219578375,509,24,815.0,-533.0,2020,4,3,23
2020-04-24,46550,46491,46850,46160,43750,0.16,46475.0,46189.0,42680.0,46217.857142857145,43566.76666666667,624.3168075521469,2294.7248003175105,0.006191950464396356,0.017759954167860137,690,-59,509.0,24.0,2020,4,4,24
2020-04-27,46353,46352,46673,46250,36810,-0.42,46550.0,46475.0,43750.0,46197.0,43641.5,607.9037752816032,2355.4031611851424,0.0016137708445400634,0.006191950464396356,423,-1,690.0,-59.0,2020,4,0,27
2020-04-28,46188,46290,46333,45750,25390,-0.36,46353.0,46550.0,36810.0,46075.57142857143,43730.13333333333,433.27583867851223,2406.9124410429613,-0.004232008592910841,0.0016137708445400634,583,102,423.0,-1.0,2020,4,1,28
2020-04-29,45439,46290,46308,45401,4780,-1.62,46188.0,46353.0,25390.0,46123.142857142855,43825.26666666667,423.185313456681,2446.7872944668916,-0.003559640152740906,-0.004232008592910841,907,851,583.0,102.0,2020,4,2,29
2020-04-30,44647,45642,45761,44200,2130,-1.74,45439.0,46188.0,4780.0,46082.42857142857,43932.666666666664,478.12963972396443,2444.4719101550354,-0.016216333246730774,-0.003559640152740906,1561,995,907.0,851.0,2020,4,3,30
2020-05-01,45251,44703,45380,44441,310,1.35,44647.0,45439.0,2130.0,45977.28571428572,44074.833333333336,691.0761449340034,2353.1676535563465,-0.017429961046677933,-0.016216333246730774,939,-548,1561.0,995.0,2020,5,4,1
2020-05-04,45762,45403,46090,45349,490,1.13,45251.0,44647.0,310.0,45843.28571428572,44264.933333333334,732.8589482955308,2200.247242114737,0.013528344569623929,-0.017429961046677933,741,-359,939.0,-548.0,2020,5,0,4
2020-05-05,45539,45400,45590,44768,230,-0.49,45762.0,45251.0,490.0,45741.42857142857,44447.7,677.9151513150717,2082.2980036149406,0.011292568120041535,0.013528344569623929,822,-139,741.0,-359.0,2020,5,1,5
2020-05-06,45387,45700,45850,45330,37990,-0.33,45539.0,45762.0,230.0,45597.0,44640.2,577.1461397845776,1892.6827047041777,-0.004873038765788262,0.011292568120041535,520,313,822.0,-139.0,2020,5,2,6
2020-05-07,46147,45450,46222,45355,40800,1.67,45387.0,45539.0,37990.0,45459.0,44823.46666666667,472.20087533615106,1669.8275304970366,-0.0033377983706274206,-0.004873038765788262,867,-697,520.0,313.0,2020,5,3,7
2020-05-08,45820,46050,46343,45751,53030,-0.71,46147.0,45387.0,40800.0,45453.142857142855,45014.4,461.79087206804974,1463.5825577824028,0.016744882895983526,-0.0033377983706274206,592,230,867.0,-697.0,2020,5,4,8
2020-05-11,45785,45842,45980,45609,39590,-0.08,45820.0,46147.0,53030.0,45507.57142857143,45164.5,481.86300167424923,1292.1842974658332,-0.007086051097579427,0.016744882895983526,371,57,592.0,230.0,2020,5,0,11
2020-05-12,45635,45821,45970,45551,37850,-0.33,45785.0,45820.0,39590.0,45670.142857142855,45294.9,301.25538920555243,1136.591861055342,-0.0007638585770406436,-0.007086051097579427,419,186,371.0,57.0,2020,5,1,12
2020-05-13,45983,45634,46087,45527,41420,0.76,45635.0,45785.0,37850.0,45725.0,45392.3,241.18388558991853,1027.689881773674,-0.0032761821557278914,-0.0007638585770406436,560,-349,419.0,186.0,2020,5,2,13
2020-05-14,46631,46020,46735,46020,47990,1.41,45983.0,45635.0,41420.0,45756.57142857143,45470.7,260.52373989563023,977.1633876703645,0.007625725868302791,-0.0032761821557278914,715,-611,560.0,-349.0,2020,5,3,14
2020-05-15,47352,46490,47420,46480,51030,1.55,46631.0,45983.0,47990.0,45912.57142857143,45572.066666666666,398.78392526432054,932.0279681049515,0.014092164495574488,0.007625725868302791,940,-862,715.0,-611.0,2020,5,4,15
2020-05-18,46652,47500,47965,46550,65730,-1.48,47352.0,46631.0,51030.0,46193.28571428572,45687.7,605.2957167893481,930.4372776188092,0.015461817246038123,0.014092164495574488,1415,848,940.0,-862.0,2020,5,0,18
2020-05-19,47036,46656,47180,46463,47800,0.82,46652.0,47352.0,65730.0,46265.42857142857,45801.933333333334,628.5090445246204,821.6719260261151,-0.014782902517317065,0.015461817246038123,717,-380,1415.0,848.0,2020,5,1,19
2020-05-20,47129,47165,47380,46850,40320,0.2,47036.0,46652.0,47800.0,46439.142857142855,45917.2,652.4669668717248,737.1344049974488,0.0082311583640573,-0.014782902517317065,530,36,717.0,-380.0,2020,5,2,20
2020-05-21,46417,46944,46980,46265,40760,-1.51,47129.0,47036.0,40320.0,46631.142857142855,46011.566666666666,625.0641109988661,703.124685233673,0.0019772089463390152,0.0082311583640573,715,527,530.0,36.0,2020,5,3,21
2020-05-22,47057,46420,47118,46420,42900,1.38,46417.0,47129.0,40760.0,46742.857142857145,46057.36666666667,467.3376468808654,682.3001404115598,-0.01510747098389531,0.0019772089463390152,698,-637,715.0,527.0,2020,5,4,22
2020-05-25,46953,46800,47029,46666,17270,-0.22,47057.0,46417.0,42900.0,46896.28571428572,46127.8,333.40351642354653,672.3947629464461,0.013788051791369549,-0.01510747098389531,363,-153,698.0,-637.0,2020,5,0,25
2020-05-26,46393,47047,47150,46302,41020,-1.19,46953.0,47057.0,17270.0,46942.28571428572,46183.6,312.2433422246025,668.9778925241659,-0.002210085640818593,0.013788051791369549,848,654,363.0,-153.0,2020,5,1,26
2020-05-27,46647,46390,46698,45855,47490,0.55,46393.0,46953.0,41020.0,46805.28571428572,46187.7,312.9007906087452,669.9019562823365,-0.01192682043745874,-0.002210085640818593,843,-257,848.0,654.0,2020,5,2,27
2020-05-28,46474,46740,46930,46400,35540,-0.37,46647.0,46393.0,47490.0,46804.57142857143,46186.066666666666,313.31446245365885,668.6785183598762,0.005474963895415241,-0.01192682043745874,530,266,843.0,-257.0,2020,5,3,28
2020-05-29,46858,46579,46924,46468,24160,0.83,46474.0,46647.0,35540.0,46724.28571428572,46161.76666666667,316.1206068843074,643.209500019988,-0.0037087058117349914,0.005474963895415241,456,-279,530.0,266.0,2020,5,4,29
2020-06-01,47018,46900,47299,46702,2009,0.34,46858.0,46474.0,24160.0,46685.57142857143,46195.2,271.78046112493115,652.7115009287747,0.008262684511769924,-0.0037087058117349914,597,-118,456.0,-279.0,2020,6,0,1
2020-06-02,46796,47090,47375,46753,220,-0.47,47018.0,46858.0,2009.0,46771.42857142857,46238.333333333336,267.6956338505021,663.1713947743725,0.0034145716846643026,0.008262684511769924,622,294,597.0,-118.0,2020,6,1,2
2020-06-03,46203,46750,46851,46150,180,-1.27,46796.0,47018.0,220.0,46734.142857142855,46285.433333333334,237.79783330694062,650.3828412760369,-0.004721595984516602,0.0034145716846643026,701,547,622.0,294.0,2020,6,2,3
2020-06-04,46781,46399,47125,46235,80,1.25,46203.0,46796.0,180.0,46627.0,46285.9,286.68914640830593,650.3162811383756,-0.012672023249850395,-0.004721595984516602,890,-382,701.0,547.0,2020,6,3,4
2020-06-05,46346,46750,46805,46100,60,-0.93,46781.0,46203.0,80.0,46682.42857142857,46296.1,270.985151590661,655.7614868095037,0.01251001017249953,-0.012672023249850395,705,404,890.0,-382.0,2020,6,4,5
2020-06-08,46110,45800,46175,45772,39330,-0.51,46346.0,46781.0,60.0,46639.42857142857,46289.3,299.8843427878099,654.0934315812874,-0.009298646886556461,0.01251001017249953,403,-310,705.0,404.0,2020,6,0,8
2020-06-09,46595,46070,46666,45962,41710,1.05,46110.0,46346.0,39330.0,46587.42857142857,46281.2,359.0691006606838,654.7816377234891,-0.005092133085918937,-0.009298646886556461,704,-525,403.0,-310.0,2020,6,1,9
2020-06-10,46629,46614,46923,46502,34600,0.07,46595.0,46110.0,41710.0,46549.857142857145,46294.76666666667,339.25183791021624,656.9966505599392,0.010518325742788992,-0.005092133085918937,421,-15,704.0,-525.0,2020,6,2,10
2020-06-11,47405,46767,47630,46767,53470,1.66,46629.0,46595.0,34600.0,46494.28571428572,46334.433333333334,275.69289332555707,639.230824603159,0.0007296920270414287,0.010518325742788992,863,-638,421.0,-15.0,2020,6,3,11
2020-06-12,47325,47400,47493,47073,40800,-0.17,47405.0,46629.0,53470.0,46581.28571428572,46426.36666666667,436.1623223413773,584.129029397521,0.016642003903150293,0.0007296920270414287,420,75,863.0,-638.0,2020,6,4,12
2020-06-15,46999,47200,47242,46569,42280,-0.69,47325.0,47405.0,40800.0,46741.57142857143,46495.5,478.12057654523835,562.5578131177464,-0.0016875856977112136,0.016642003903150293,673,201,420.0,75.0,2020,6,0,15
2020-06-16,47534,47200,47610,46974,46860,1.14,46999.0,47325.0,42280.0,46772.71428571428,46536.73333333333,488.11225289910476,552.179127188011,-0.006888536714210303,-0.0016875856977112136,636,-334,673.0,201.0,2020,6,1,16
2020-06-17,47320,47363,47453,47020,35350,-0.45,47534.0,46999.0,46860.0,46942.42857142857,46603.23333333333,520.4760183869861,547.9917368670048,0.011383220919594095,-0.006888536714210303,433,43,636.0,-334.0,2020,6,2,17
2020-06-18,47328,47290,47550,47130,39880,0.02,47320.0,47534.0,35350.0,47115.28571428572,46667.666666666664,379.8766090415949,512.5505750171084,-0.004502040644591254,0.011383220919594095,420,-38,433.0,43.0,2020,6,3,18
2020-06-19,47907,47300,47938,47300,37640,1.22,47328.0,47320.0,39880.0,47220.0,46707.03333333333,306.4941543788092,516.5198185789629,0.00016906170752317706,-0.004502040644591254,638,-607,420.0,-38.0,2020,6,4,19
2020-06-22,47912,47999,48259,47792,42280,0.01,47907.0,47328.0,37640.0,47402.57142857143,46776.6,274.7707269391858,533.204211377602,0.012233772819472577,0.00016906170752317706,467,87,638.0,-607.0,2020,6,0,22
2020-06-23,48186,47899,48227,47726,35720,0.57,47912.0,47907.0,42280.0,47475.0,46847.5,335.6049264662418,538.1947314512039,0.00010436888137443923,0.012233772819472577,501,-287,467.0,87.0,2020,6,1,23
2020-06-24,48105,48019,48421,47969,42480,-0.17,48186.0,47912.0,35720.0,47598.0,46932.53333333333,418.9077066233397,541.5322917285803,0.005718817832693235,0.00010436888137443923,452,-86,501.0,-287.0,2020,6,2,24
2020-06-25,47952,48048,48147,47830,28160,-0.32,48105.0,48186.0,42480.0,47756.0,47003.26666666667,359.72257829487444,551.7191897733,-0.0016809861785580527,0.005718817832693235,317,96,452.0,-86.0,2020,6,3,25
2020-06-26,48363,48030,48431,47825,26210,0.86,47952.0,48105.0,28160.0,47815.71428571428,47047.3,351.32450065956175,573.2776994493488,-0.0031805425631431516,-0.0016809861785580527,606,-333,317.0,96.0,2020,6,4,26
2020-06-29,48194,48420,48513,48080,3740,-0.35,48363.0,47952.0,26210.0,47964.71428571428,47081.0,326.3319957196559,619.6474525998781,0.008571071071071135,-0.0031805425631431516,433,226,606.0,-333.0,2020,6,0,29
2020-06-30,48861,48237,48999,48237,630,1.38,48194.0,48363.0,3740.0,48088.42857142857,47132.4,172.7163929184725,646.2196487874896,-0.0034944068812935436,0.008571071071071135,762,-624,433.0,226.0,2020,6,1,30
2020-07-01,48400,48986,49020,48251,330,-0.94,48861.0,48194.0,630.0,48224.71428571428,47193.23333333333,319.61420196397813,718.6706925735,0.013839897082624342,-0.0034944068812935436,769,586,762.0,-624.0,2020,7,2,1
2020-07-02,48437,48340,48529,47970,90,0.08,48400.0,48861.0,330.0,48294.42857142857,47235.6,292.0712568012478,751.4687044643676,-0.009434927651910563,0.013839897082624342,559,-97,769.0,586.0,2020,7,3,2
2020-07-03,48336,49304,49304,48100,70,-0.21,48437.0,48400.0,90.0,48330.28571428572,47302.933333333334,291.9484625130792,765.9498017799967,0.0007644628099172657,-0.009434927651910563,1204,968,559.0,-97.0,2020,7,4,3
2020-07-06,48247,47976,48300,47830,36250,-0.18,48336.0,48437.0,70.0,48363.28571428572,47345.566666666666,274.79065625263723,787.0921903361697,-0.0020851828147903095,0.0007644628099172657,470,-271,1204.0,968.0,2020,7,0,6
2020-07-07,48796,48200,48829,48110,44010,1.14,48247.0,48336.0,36250.0,48405.42857142857,47388.7,217.94254376511248,800.1846403280424,-0.0018412777226084476,-0.0020851828147903095,719,-596,470.0,-271.0,2020,7,1,7
2020-07-08,49160,48701,49317,48635,42550,0.75,48796.0,48247.0,44010.0,48467.28571428572,47468.8,261.0732427827519,817.1684247931851,0.011378945841192145,-0.0018412777226084476,682,-459,719.0,-596.0,2020,7,2,8
2020-07-09,48896,49095,49298,48780,46250,-0.54,49160.0,48796.0,42550.0,48605.28571428572,47552.566666666666,336.851952788045,857.8131652247976,0.007459627838347416,0.011378945841192145,518,199,682.0,-459.0,2020,7,3,9
2020-07-10,48883,48900,49217,48731,38450,-0.03,48896.0,49160.0,46250.0,48610.28571428572,47633.3,341.50779117093845,866.7304854907035,-0.005370219690805533,0.007459627838347416,486,17,518.0,199.0,2020,7,4,10
2020-07-13,49180,48920,49258,48920,34250,0.61,48883.0,48896.0,38450.0,48679.28571428572,47700.8,340.7324044326604,882.9691836675424,-0.00026587041884817975,-0.005370219690805533,338,-260,486.0,17.0,2020,7,0,13
2020-07-14,49277,49150,49299,48811,41500,0.2,49180.0,48883.0,34250.0,48785.42857142857,47772.86666666667,367.3644226779777,913.0360771388445,0.006075731849518151,-0.00026587041884817975,488,-127,338.0,-260.0,2020,7,1,14
2020-07-15,49182,49240,49273,48951,37680,-0.19,49277.0,49180.0,41500.0,48919.857142857145,47855.566666666666,347.1068176499347,933.6317919740434,0.001972346482309817,0.006075731849518151,322,58,488.0,-127.0,2020,7,2,15
2020-07-16,48811,49121,49246,48755,30040,-0.75,49182.0,49277.0,37680.0,49053.42857142857,47954.86666666667,188.85255019783406,909.9263984360797,-0.0019278771029080932,0.001972346482309817,491,310,322.0,58.0,2020,7,3,16
2020-07-17,49001,48812,49086,48760,28010,0.39,48811.0,49182.0,30040.0,49055.57142857143,48022.53333333333,185.50009627012582,894.9793576227582,-0.0075434101907201345,-0.0019278771029080932,326,-189,491.0,310.0,2020,7,4,17
2020-07-20,49067,49000,49190,48891,27740,0.13,49001.0,48811.0,28010.0,49032.857142857145,48111.03333333333,180.24190095280386,853.8012157921029,0.003892565200467102,-0.0075434101907201345,299,-67,326.0,-189.0,2020,7,0,20
2020-07-21,49559,49128,49599,49066,31550,1.0,49067.0,49001.0,27740.0,49057.28571428572,48209.6,169.8928233637655,782.5377637662237,0.0013469112875248435,0.003892565200467102,533,-431,299.0,-67.0,2020,7,1,21
2020-07-22,50115,49734,50238,49640,46550,1.12,49559.0,49067.0,31550.0,49153.857142857145,48308.4,234.25088301312172,758.3943837973752,0.01002710579411814,0.0013469112875248435,598,-381,533.0,-431.0,2020,7,2,22
2020-07-23,50762,50000,50970,50000,45430,1.29,50115.0,49559.0,46550.0,49287.42857142857,48424.6,433.48658462469825,759.265643393308,0.011218951149135403,0.01002710579411814,970,-762,598.0,-381.0,2020,7,3,23
2020-07-24,51120,50800,51230,50669,39020,0.71,50762.0,50115.0,45430.0,49499.57142857143,48536.5,705.5356965098302,846.2137070073338,0.012910306295520257,0.011218951149135403,561,-320,970.0,-762.0,2020,7,4,24
2020-07-27,52227,51700,52375,51700,39480,2.17,51120.0,50762.0,39020.0,49776.42857142857,48663.0,910.5924549707426,937.5853800180696,0.007052519601276508,0.012910306295520257,675,-527,561.0,-320.0,2020,7,0,27
2020-07-28,52731,52390,52844,51351,54990,0.97,52227.0,51120.0,39480.0,50264.42857142857,48837.26666666667,1181.8990167168963,1090.951148856547,0.021654929577464843,0.007052519601276508,1493,-341,675.0,-527.0,2020,7,1,28
2020-07-29,53207,52878,53323,52475,28840,0.9,52731.0,52227.0,54990.0,50797.28571428572,49010.5,1346.6920848622794,1274.1111776840512,0.00965018094089265,0.021654929577464843,848,-329,1493.0,-341.0,2020,7,2,29
2020-07-30,52986,53301,53388,52715,3700,-0.42,53207.0,52731.0,28840.0,51388.71428571428,49206.73333333333,1369.0506095213489,1446.4584081240444,0.009026948095048448,0.00965018094089265,673,315,848.0,-329.0,2020,7,3,30
2020-07-31,53582,53999,54000,53210,670,1.12,52986.0,53207.0,3700.0,51878.28571428572,49395.333333333336,1209.0976958449207,1557.6411727302414,-0.004153588813502029,0.009026948095048448,790,417,673.0,315.0,2020,7,4,31
2020-08-03,53927,53988,53988,53600,150,0.64,53582.0,52986.0,670.0,52373.57142857143,49584.5,1068.3175022981686,1707.9999949515602,0.011248254255841195,-0.004153588813502029,388,61,790.0,417.0,2020,8,0,3
2020-08-04,54784,54094,54950,53641,110,1.59,53927.0,53582.0,150.0,52825.71428571428,49785.0,933.8771714904115,1851.8834587585332,0.006438729424060208,0.011248254255841195,1309,-690,388.0,61.0,2020,8,1,4
2020-08-05,55597,54900,55949,54701,40,1.48,54784.0,53927.0,110.0,53349.142857142855,50004.933333333334,840.6682715908598,2037.889187425493,0.015891853802362466,0.006438729424060208,1248,-697,1309.0,-690.0,2020,8,2,5
2020-08-06,56117,55405,56199,55400,45660,0.94,55597.0,54784.0,40.0,53830.57142857143,50254.666666666664,1033.7296321492538,2245.5107603190104,0.014840099299065379,0.015891853802362466,799,-712,1248.0,-697.0,2020,8,3,6
2020-08-07,55018,56351,56499,54925,53590,-1.96,56117.0,55597.0,45660.0,54314.28571428572,50526.833333333336,1210.5386837125218,2442.932636773244,0.009353022645106845,0.014840099299065379,1574,1333,799.0,-712.0,2020,8,4,7
2020-08-10,55243,54900,55660,54900,35600,0.41,55018.0,56117.0,53590.0,54573.0,50748.666666666664,1124.946220937949,2539.900749259252,-0.01958408325462868,0.009353022645106845,760,-343,1574.0,1333.0,2020,8,0,10
2020-08-11,52144,55150,55150,51929,80850,-5.61,55243.0,55018.0,35600.0,54895.42857142857,50983.63333333333,894.0202937947752,2620.201420044825,0.004089570685957389,-0.01958408325462868,3221,3006,760.0,-343.0,2020,8,1,11
2020-08-12,52505,50680,52840,50026,92180,0.69,52144.0,55243.0,80850.0,54690.0,51093.066666666666,1313.1064947936452,2596.946601409128,-0.05609760512644135,0.004089570685957389,2814,-1825,3221.0,3006.0,2020,8,2,12
2020-08-13,53148,52353,53250,52020,54500,1.22,52505.0,52144.0,92180.0,54486.857142857145,51229.9,1541.0320598632504,2558.010168887845,0.006923135931267366,-0.05609760512644135,1230,-795,2814.0,-1825.0,2020,8,3,13
2020-08-14,52451,52801,53000,52000,47420,-1.31,53148.0,52505.0,54500.0,54253.142857142855,51386.933333333334,1610.9296931253746,2525.0339558422947,0.012246452718788658,0.006923135931267366,1000,350,1230.0,-795.0,2020,8,4,14
2020-08-17,53435,52468,53640,52270,43930,1.88,52451.0,53148.0,47420.0,53803.71428571428,51524.1,1612.370482063927,2464.630494092257,-0.013114322269887846,0.012246452718788658,1370,-967,1000.0,350.0,2020,8,0,17
2020-08-18,53738,53387,54180,51888,70760,0.57,53435.0,52451.0,43930.0,53420.57142857143,51697.03333333333,1248.6994377017768,2408.12329967392,0.01876036681855453,-0.013114322269887846,2292,-351,1370.0,-967.0,2020,8,1,18
2020-08-19,52824,53576,53786,52505,56450,-1.7,53738.0,53435.0,70760.0,53237.71428571428,51861.76666666667,1054.3898258065342,2371.585497354032,0.0056704407223728825,0.01876036681855453,1281,752,2292.0,-351.0,2020,8,2,19
2020-08-20,52302,52500,52659,51860,55710,-0.99,52824.0,53738.0,56450.0,52892.142857142855,51983.9,575.105621771231,2321.46630758169,-0.017008448397781817,0.0056704407223728825,799,198,1281.0,752.0,2020,8,3,20
2020-08-21,52045,52400,52598,51355,59160,-0.49,52302.0,52824.0,55710.0,52914.71428571428,52097.433333333334,543.056692649093,2247.345831976316,-0.009881871876419757,-0.017008448397781817,1243,355,799.0,198.0,2020,8,4,21
2020-08-24,51385,51959,52250,51266,47380,-1.27,52045.0,52302.0,59160.0,52849.0,52202.833333333336,622.8659566892338,2163.993977990042,-0.004913770027914821,-0.009881871876419757,984,574,1243.0,355.0,2020,8,0,24
2020-08-25,50936,51508,51563,50860,39540,-0.87,51385.0,52045.0,47380.0,52597.142857142855,52276.333333333336,810.1072827262973,2094.100833017866,-0.012681333461427635,-0.004913770027914821,703,572,984.0,574.0,2020,8,1,25
2020-08-26,51619,51070,51749,50513,48630,1.34,50936.0,51385.0,39540.0,52380.71428571428,52331.63333333333,1028.574371690058,2033.1836846182484,-0.008737958548214464,-0.012681333461427635,1236,-549,703.0,572.0,2020,8,2,26
2020-08-27,50507,51700,51721,50213,53540,-2.15,51619.0,50936.0,48630.0,52121.28571428572,52412.86666666667,943.8714097256989,1949.9861313966323,0.013408983822836396,-0.008737958548214464,1508,1193,1236.0,-549.0,2020,8,3,27
2020-08-28,51050,51000,51395,50551,31610,1.08,50507.0,51619.0,53540.0,51659.71428571428,52469.4,800.6430153929662,1864.680199999823,-0.02154245529746801,0.013408983822836396,844,-50,1508.0,1193.0,2020,8,4,28
2020-08-31,51099,51267,51295,50901,4570,0.1,51050.0,50507.0,31610.0,51406.28571428572,52537.7,634.1376596850682,1768.2924385608192,0.010750985011978464,-0.02154245529746801,394,168,844.0,-50.0,2020,8,0,31
2020-09-01,51017,51533,51708,50966,1490,-0.16,51099.0,51050.0,4570.0,51234.42857142857,52605.433333333334,499.69319158515344,1666.7679995618203,0.0009598432908912713,0.010750985011978464,742,516,394.0,168.0,2020,9,1,1
2020-09-02,50577,51035,51160,50500,100,-0.86,51017.0,51099.0,1490.0,51087.57142857143,52654.03333333333,350.5804031172883,1594.568982586007,-0.0016047280768703986,0.0009598432908912713,660,458,742.0,516.0,2020,9,2,2
2020-09-03,50768,50755,51022,50502,350,0.38,50577.0,51017.0,100.0,50972.142857142855,52669.433333333334,368.8705412373414,1571.2626085581483,-0.00862457612168488,-0.0016047280768703986,520,-13,660.0,458.0,2020,9,3,3
2020-09-04,50728,50980,50980,50501,140,-0.08,50768.0,50577.0,350.0,50948.142857142855,52669.63333333333,376.99002134370534,1571.0118084515902,0.003776420111908596,-0.00862457612168488,479,252,520.0,-13.0,2020,9,4,4
2020-09-07,51149,50855,51284,50789,21050,0.83,50728.0,50768.0,140.0,50820.857142857145,52656.566666666666,237.25192558274108,1585.904716954917,-0.0007878978884336973,0.003776420111908596,495,-294,479.0,252.0,2020,9,0,7
2020-09-08,51433,51000,51498,50714,44490,0.56,51149.0,50728.0,21050.0,50912.57142857143,52620.63333333333,219.09728215992843,1608.0317050242847,0.008299164169689233,-0.0007878978884336973,784,-433,495.0,-294.0,2020,9,1,8
2020-09-09,51486,51250,51536,50968,33440,0.1,51433.0,51149.0,44490.0,50967.28571428572,52577.36666666667,294.1160282906912,1622.3582767552975,0.0055524057166318475,0.008299164169689233,568,-236,784.0,-433.0,2020,9,2,9
2020-09-10,51832,51426,51889,51315,33930,0.67,51486.0,51433.0,33440.0,51022.57142857143,52520.0,353.3991403260763,1629.737232891048,0.0010304668209126788,0.0055524057166318475,574,-406,568.0,-236.0,2020,9,3,10
2020-09-11,51393,51557,51739,51305,29230,-0.85,51832.0,51486.0,33930.0,51139.0,52481.53333333333,467.19018254767946,1631.976350683709,0.00672027347240034,0.0010304668209126788,434,164,574.0,-406.0,2020,9,4,11
2020-09-14,51759,51540,51885,51403,28810,0.71,51393.0,51832.0,29230.0,51255.57142857143,52408.566666666666,400.6556531277564,1630.011755474184,-0.008469671245562638,0.00672027347240034,482,-219,434.0,164.0,2020,9,0,14
2020-09-15,51818,51880,52199,51620,35290,0.11,51759.0,51393.0,28810.0,51397.142857142855,52336.3,373.84641613827114,1608.2849539490767,0.007121592434767399,-0.008469671245562638,579,62,482.0,-219.0,2020,9,1,15
2020-09-16,51876,51849,52135,51812,33870,0.11,51818.0,51759.0,35290.0,51552.857142857145,52237.433333333334,257.6195053292898,1542.4453867997781,0.0011398983751618186,0.007121592434767399,323,-27,579.0,62.0,2020,9,2,16
2020-09-17,51498,51750,51750,51257,34620,-0.73,51876.0,51818.0,33870.0,51656.71428571428,52113.4,209.77107704402744,1406.6028187269999,0.0011193021729900554,0.0011398983751618186,493,252,323.0,-27.0,2020,9,3,17
2020-09-18,51764,51598,51889,51515,26220,0.52,51498.0,51876.0,34620.0,51666.0,51959.433333333334,199.39993313850596,1189.2644114012146,-0.007286606523247752,0.0011193021729900554,374,-166,493.0,252.0,2020,9,4,18
2020-09-21,50512,51734,51734,49872,53200,-2.42,51764.0,51498.0,26220.0,51705.71428571428,51850.96666666667,184.7184472764291,1039.6710183670555,0.005165249135888672,-0.007286606523247752,1862,1222,374.0,-166.0,2020,9,0,21
2020-09-22,50454,50637,50750,50190,36990,-0.11,50512.0,51764.0,53200.0,51517.142857142855,51693.26666666667,476.9376019908392,848.6789301216413,-0.024186693454910757,0.005165249135888672,560,183,1862.0,1222.0,2020,9,1,22
2020-09-23,49576,50350,50470,49510,42440,-1.74,50454.0,50512.0,36990.0,51383.0,51636.933333333334,626.3276565310047,873.4560736747549,-0.0011482420019005568,-0.024186693454910757,960,774,560.0,183.0,2020,9,2,23
2020-09-24,49959,49500,50038,49292,41420,0.77,49576.0,50454.0,42440.0,51071.142857142855,51539.3,894.1296379866147,934.635800355411,-0.017401989931422723,-0.0011482420019005568,746,-459,960.0,774.0,2020,9,3,24
2020-09-25,49539,49890,49922,49330,31360,-0.84,49959.0,49576.0,41420.0,50805.57142857143,51433.0,911.2423492407847,926.6777887343585,0.007725512344682883,-0.017401989931422723,592,351,746.0,-459.0,2020,9,4,25
2020-09-28,49928,49499,50005,49212,8940,0.79,49539.0,49959.0,31360.0,50471.71428571428,51335.933333333334,881.318843985606,967.9604200112348,-0.008406893652795344,0.007725512344682883,793,-429,592.0,351.0,2020,9,0,28
2020-09-29,50607,50096,50650,49925,470,1.36,49928.0,49539.0,8940.0,50247.42857142857,51219.03333333333,769.2606530839565,916.0955560484891,0.007852399119885334,-0.008406893652795344,725,-511,793.0,-429.0,2020,9,1,29
2020-09-30,50232,50455,50500,50070,310,-0.74,50607.0,49928.0,470.0,50082.142857142855,51114.666666666664,445.09153686928886,788.720497378012,0.013599583400096149,0.007852399119885334,430,223,725.0,-511.0,2020,9,2,30
2020-10-01,50345,50299,50465,50169,110,0.22,50232.0,50607.0,310.0,50042.142857142855,51028.26666666667,411.3228369452183,735.1671605959518,-0.0074100420890390595,0.013599583400096149,296,-46,430.0,223.0,2020,10,3,1
2020-10-05,50809,50001,50871,50001,140,0.92,50345.0,50232.0,110.0,50026.57142857143,50963.03333333333,394.86658386068103,704.4304857053937,0.002249562032170749,-0.0074100420890390595,870,-808,296.0,-46.0,2020,10,0,5
2020-10-06,50617,50637,51058,50527,29170,-0.38,50809.0,50345.0,140.0,50202.71428571428,50921.833333333336,433.496141579257,674.4754837328483,0.009216406793127518,0.002249562032170749,531,20,870.0,-808.0,2020,10,1,6
2020-10-07,50133,50346,50437,49910,34580,-0.96,50617.0,50809.0,29170.0,50296.71428571428,50896.23333333333,443.0758830013695,670.8547652716628,-0.0037788580763250534,0.009216406793127518,527,213,531.0,20.0,2020,10,2,7
2020-10-08,50239,50115,50470,50000,29790,0.21,50133.0,50617.0,34580.0,50381.57142857143,50869.46666666667,310.95651204495454,685.0821110248918,-0.009562004860027229,-0.0037788580763250534,470,-124,527.0,213.0,2020,10,3,8
2020-10-09,50872,50400,50988,50400,30470,1.26,50239.0,50133.0,29790.0,50426.0,50823.46666666667,251.97420503340143,679.3251079524473,0.0021143757604771274,-0.009562004860027229,588,-472,470.0,-124.0,2020,10,4,9
2020-10-12,51166,51000,51238,50984,21900,0.58,50872.0,50239.0,30470.0,50463.857142857145,50835.63333333333,299.1846857589703,676.7253547362316,0.01259977308465543,0.0021143757604771274,254,-166,588.0,-472.0,2020,10,0,12
2020-10-13,50306,50980,51131,50231,33720,-1.68,51166.0,50872.0,21900.0,50597.28571428572,50839.5,376.7610711898646,678.3219533595714,0.0057792105676992556,0.01259977308465543,900,674,254.0,-166.0,2020,10,1,13
2020-10-14,50614,50333,50771,50326,25030,0.61,50306.0,51166.0,33720.0,50591.71428571428,50813.066666666666,381.3737074892995,683.2937437337183,-0.01680803658679597,0.0057792105676992556,445,-281,900.0,674.0,2020,10,2,14
2020-10-15,50775,50480,50849,50356,28690,0.32,50614.0,50306.0,25030.0,50563.857142857145,50799.63333333333,369.8032939181351,683.1076293887302,0.006122530115691971,-0.01680803658679597,493,-295,445.0,-281.0,2020,10,3,15
2020-10-16,50605,50666,50860,50521,20350,-0.33,50775.0,50614.0,28690.0,50586.42857142857,50806.23333333333,378.31153702979697,681.8377642646127,0.003180938080373119,0.006122530115691971,339,61,493.0,-295.0,2020,10,4,16
2020-10-19,50751,50609,50970,50271,21200,0.29,50605.0,50775.0,20350.0,50653.857142857145,50800.8,321.87959890727825,682.8017029218648,-0.0033481043820777767,0.003180938080373119,699,-142,339.0,61.0,2020,10,0,19
2020-10-20,50937,50688,50980,50551,23660,0.37,50751.0,50605.0,21200.0,50727.0,50801.566666666666,265.0534537325888,682.7300513264835,0.0028850904060864213,-0.0033481043820777767,429,-249,699.0,-142.0,2020,10,1,20
2020-10-21,51313,51000,51398,50967,26660,0.74,50937.0,50751.0,23660.0,50736.28571428572,50794.5,272.02678439964757,680.1020080657522,0.003664952414730749,0.0028850904060864213,431,-313,429.0,-249.0,2020,10,2,21
2020-10-22,50741,51170,51186,50563,22820,-1.11,51313.0,50937.0,26660.0,50757.28571428572,50790.5,313.27555192005326,676.5608645525061,0.007381667550110826,0.003664952414730749,623,429,431.0,-313.0,2020,10,3,22
2020-10-23,50820,50801,51040,50659,22780,0.16,50741.0,51313.0,22820.0,50819.42857142857,50765.666666666664,244.41212268734338,663.7025888397181,-0.011147272620973259,0.007381667550110826,381,-19,623.0,429.0,2020,10,4,23
2020-10-26,50953,50686,51100,50531,24720,0.26,50820.0,50741.0,22780.0,50848.857142857145,50731.933333333334,227.36199372965874,632.626704401738,0.0015569263514711995,-0.011147272620973259,569,-267,381.0,-19.0,2020,10,0,26
2020-10-27,50984,50999,51111,50766,20580,0.06,50953.0,50820.0,24720.0,50874.28571428572,50717.26666666667,227.67865826823163,621.7796445948927,0.0026170798898070835,0.0015569263514711995,345,15,569.0,-267.0,2020,10,1,27
2020-10-28,50483,50915,51049,50306,27040,-0.98,50984.0,50953.0,20580.0,50928.42857142857,50691.433333333334,195.80079770829977,592.4119421409192,0.0006084038231310984,0.0026170798898070835,743,432,345.0,15.0,2020,10,2,28
2020-10-29,50276,50444,50610,50122,21880,-0.41,50483.0,50984.0,27040.0,50890.142857142855,50646.933333333334,253.8677008326613,553.7486628471221,-0.009826612270516288,0.0006084038231310984,488,168,743.0,432.0,2020,10,3,29
2020-10-30,50641,50370,50790,50197,4860,0.73,50276.0,50483.0,21880.0,50795.71428571428,50593.6,341.3823439549146,506.30995004347864,-0.004100390230374562,-0.009826612270516288,593,-271,488.0,168.0,2020,10,4,30
2020-11-02,51032,50715,51068,50582,700,0.77,50641.0,50276.0,4860.0,50699.71428571428,50565.03333333333,255.30747103080634,476.84194470041933,0.007259925212825147,-0.004100390230374562,486,-317,593.0,-271.0,2020,11,0,2
2020-11-03,51509,51029,51572,50737,320,0.93,51032.0,50641.0,700.0,50741.28571428572,50540.63333333333,285.103322962305,429.7812180611144,0.007721016567603378,0.007259925212825147,835,-480,486.0,-317.0,2020,11,1,3
2020-11-04,50829,51375,51455,50790,930,-1.32,51509.0,51032.0,320.0,50839.71428571428,50573.86666666667,408.87557777090046,464.62537621795514,0.00934707634425469,0.007721016567603378,665,546,835.0,-480.0,2020,11,2,4
2020-11-05,51901,51115,52079,51035,380,2.11,50829.0,51509.0,930.0,50822.0,50586.36666666667,405.8242641040354,466.330612576179,-0.013201576423537587,0.00934707634425469,1044,-786,665.0,546.0,2020,11,3,5
2020-11-06,52190,51900,52490,51762,36600,0.56,51901.0,50829.0,380.0,50953.0,50663.86666666667,578.2199696790046,485.43245797962965,0.021090322453717336,-0.013201576423537587,728,-290,1044.0,-786.0,2020,11,4,6
2020-11-09,49795,52300,52530,49526,68550,-4.59,52190.0,51901.0,36600.0,51196.857142857145,50738.23333333333,695.1060898832237,541.3912272241818,0.005568293481821085,0.021090322453717336,3004,2505,728.0,-290.0,2020,11,0,9
2020-11-10,50561,50150,50665,50150,36310,1.54,49795.0,52190.0,68550.0,51128.142857142855,50746.76666666667,814.7810398256754,523.5611931610953,-0.04589001724468289,0.005568293481821085,515,-411,3004.0,2505.0,2020,11,1,10
2020-11-11,50230,50542,50580,50010,31070,-0.65,50561.0,49795.0,36310.0,51116.71428571428,50767.86666666667,823.269642804938,501.7262430691327,0.01538307058941668,-0.04589001724468289,570,312,515.0,-411.0,2020,11,2,11
2020-11-12,50652,50352,50847,50272,27720,0.84,50230.0,50561.0,31070.0,51002.142857142855,50755.3,890.1158030612668,510.5383331846247,-0.006546547734419761,0.01538307058941668,575,-300,570.0,312.0,2020,11,3,12
2020-11-13,50956,50636,51161,50636,23840,0.6,50652.0,50230.0,27720.0,50879.71428571428,50769.3,867.430249701666,501.3698579676676,0.008401353772645725,-0.006546547734419761,525,-320,575.0,-300.0,2020,11,4,13
2020-11-14,50945,50961,51125,50901,2260,-0.02,50956.0,50652.0,23840.0,50897.857142857145,50789.666666666664,867.5208793987229,495.9199972514908,0.006001737345020963,0.008401353772645725,224,16,525.0,-320.0,2020,11,5,14
2020-11-16,50870,50948,51080,50111,22590,-0.15,50945.0,50956.0,2260.0,50761.28571428572,50794.2,750.6574261477882,496.72377670148296,-0.00021587251746602032,0.006001737345020963,969,78,224.0,16.0,2020,11,0,16
2020-11-17,50806,50880,51038,50727,21980,-0.13,50870.0,50945.0,22590.0,50572.71428571428,50802.63333333333,428.6800338607029,495.7583173191937,-0.0014721758759446146,-0.00021587251746602032,311,74,969.0,78.0,2020,11,1,17
2020-11-18,50377,50680,50690,50108,30920,-0.84,50806.0,50870.0,21980.0,50717.142857142855,50825.066666666666,260.18098097168934,479.368041838401,-0.0012581089050520688,-0.0014721758759446146,582,303,311.0,74.0,2020,11,2,18
2020-11-19,50063,50242,50265,49830,31010,-0.62,50377.0,50806.0,30920.0,50690.857142857145,50829.666666666664,286.5440213871565,474.18433293915126,-0.008443884580561334,-0.0012581089050520688,435,179,582.0,303.0,2020,11,3,19
2020-11-20,50279,50100,50491,50001,25040,0.43,50063.0,50377.0,31010.0,50667.0,50802.7,334.2843101347205,494.27209803134514,-0.0062330031562022326,-0.008443884580561334,490,-179,435.0,179.0,2020,11,4,20
2020-11-23,49555,50323,50400,49385,34510,-1.44,50279.0,50063.0,25040.0,50613.71428571428,50773.13333333333,365.358141322752,498.30372494554996,0.004314563649801206,-0.0062330031562022326,1015,768,490.0,-179.0,2020,11,0,23
2020-11-24,48683,49429,49429,48621,35190,-1.76,49555.0,50279.0,34510.0,50413.57142857143,50748.1,504.02310037985984,539.7230036652304,-0.014399649953260818,0.004314563649801206,808,746,1015.0,768.0,2020,11,1,24
2020-11-25,48568,48614,48981,48486,27980,-0.24,48683.0,49555.0,35190.0,50090.42857142857,50683.73333333333,764.3894856135329,658.3702413599929,-0.01759660982746447,-0.014399649953260818,495,46,808.0,746.0,2020,11,2,25
2020-11-26,48597,48600,48840,48495,19380,0.06,48568.0,48683.0,27980.0,49761.57142857143,50610.166666666664,862.0494682537169,762.837854297887,-0.0023622208984656057,-0.01759660982746447,345,3,495.0,46.0,2020,11,3,26
2020-11-27,48189,48587,48668,47879,23050,-0.84,48597.0,48568.0,19380.0,49446.0,50543.23333333333,819.2551495121804,846.7816835147183,0.0005971009718332976,-0.0023622208984656057,789,398,345.0,3.0,2020,11,4,27
2020-11-30,47898,47889,48075,47526,2040,-0.6,48189.0,48597.0,23050.0,49133.42857142857,50457.833333333336,822.2383792934829,948.2213870433304,-0.008395579974072476,0.0005971009718332976,549,-9,789.0,398.0,2020,11,0,30
2020-12-01,48641,48200,48937,47809,360,1.55,47898.0,48189.0,2040.0,48824.142857142855,50356.53333333333,821.485733002117,1051.9257458150082,-0.00603872253003801,-0.008395579974072476,1128,-441,549.0,-9.0,2020,12,1,1
2020-12-02,48959,48630,49080,48377,380,0.65,48641.0,47898.0,360.0,48590.142857142855,50267.46666666667,513.5940123541363,1080.8701071366431,0.015512129942795161,-0.00603872253003801,703,-329,1128.0,-441.0,2020,12,2,2
2020-12-03,49061,49210,49334,48881,650,0.21,48959.0,48641.0,380.0,48505.0,50208.066666666666,350.48395113358475,1102.6945972065355,0.00653769453753017,0.015512129942795161,453,149,703.0,-329.0,2020,12,3,3
2020-12-04,49322,49054,49606,47651,110,0.53,49061.0,48959.0,650.0,48559.0,50149.433333333334,407.03685337105503,1115.7228886975768,0.0020833758859453155,0.00653769453753017,1955,-268,453.0,149.0,2020,12,4,4
2020-12-07,49923,49376,49991,48867,31170,1.22,49322.0,49061.0,110.0,48666.71428571428,50095.066666666666,499.1568605466445,1114.953901421358,0.005319907869794749,0.0020833758859453155,1124,-547,1955.0,-268.0,2020,12,0,7
2020-12-08,50049,50100,50122,49710,26650,0.25,49923.0,49322.0,31170.0,48856.142857142855,50059.7,685.2197770491998,1102.5428961844962,0.01218523174242736,0.005319907869794749,412,51,1124.0,-547.0,2020,12,1,8
2020-12-09,49256,49961,49961,49124,32650,-1.58,50049.0,49923.0,26650.0,49121.857142857145,50045.23333333333,741.7048893322448,1099.6406523786216,0.0025238867856498537,0.01218523174242736,837,705,412.0,51.0,2020,12,2,9
2020-12-10,49081,49256,49470,48968,27640,-0.36,49256.0,50049.0,32650.0,49315.857142857145,50011.23333333333,509.4887727183263,1107.9965356373525,-0.015844472417031352,0.0025238867856498537,502,175,837.0,705.0,2020,12,3,10
2020-12-11,49306,49102,49395,48903,26230,0.46,49081.0,49256.0,27640.0,49378.71428571428,49959.23333333333,433.88581996202913,1114.0117217012714,-0.003552866655838871,-0.015844472417031352,492,-204,502.0,175.0,2020,12,4,11
2020-12-14,48916,49255,49255,48659,29840,-0.79,49306.0,49081.0,26230.0,49428.28571428572,49901.7,396.1202318709005,1101.1940901284459,0.004584258674436237,-0.003552866655838871,596,339,492.0,-204.0,2020,12,0,14
2020-12-15,49416,48989,49522,48984,28740,1.02,48916.0,49306.0,29840.0,49407.57142857143,49815.26666666667,421.5055781163158,1072.0636539668792,-0.007909787855433392,0.004584258674436237,538,-427,596.0,339.0,2020,12,1,15
2020-12-16,49544,49500,49784,49422,30230,0.26,49416.0,48916.0,28740.0,49421.0,49768.166666666664,419.81900862421355,1056.9229927670142,0.010221604383023886,-0.007909787855433392,362,-44,538.0,-427.0,2020,12,2,16
2020-12-17,50263,49649,50425,49649,35230,1.45,49544.0,49416.0,30230.0,49366.857142857145,49689.6,365.1695627048156,977.5336875733456,0.002590254168690409,0.010221604383023886,776,-614,362.0,-44.0,2020,12,3,17
2020-12-18,50100,50110,50283,49885,25050,-0.32,50263.0,49544.0,35230.0,49397.42857142857,49625.36666666667,434.22415760737726,864.3235538518265,0.014512352656224747,0.002590254168690409,398,10,776.0,-614.0,2020,12,4,18
2020-12-21,50146,50199,50716,49465,39390,0.09,50100.0,50263.0,25050.0,49518.0,49635.53333333333,500.5240586980335,868.1729024230547,-0.003242942124425552,0.014512352656224747,1251,53,398.0,10.0,2020,12,0,21
2020-12-22,49768,50224,50287,49667,24490,-0.75,50146.0,50100.0,39390.0,49670.142857142855,49621.7,507.3672005487711,856.1410675713041,0.0009181636726547371,-0.003242942124425552,620,456,1251.0,53.0,2020,12,1,22
2020-12-23,49909,49771,50020,49466,26910,0.28,49768.0,50146.0,24490.0,49736.142857142855,49606.3,481.49296588080847,848.9467775016349,-0.007537989071910056,0.0009181636726547371,554,-138,620.0,456.0,2020,12,2,23
2020-12-24,49787,50021,50049,49630,18140,-0.24,49909.0,49768.0,26910.0,49878.0,49581.53333333333,318.170289837935,827.9668797837988,0.0028331457964958506,-0.007537989071910056,419,234,554.0,-138.0,2020,12,3,24
2020-12-28,49761,49900,50318,49711,25620,-0.05,49787.0,49909.0,18140.0,49931.0,49542.566666666666,252.51006581036808,787.5726866629807,-0.0024444488969925793,0.0028331457964958506,607,139,419.0,234.0,2020,12,0,28
2020-12-29,49722,49820,49899,49600,13260,-0.08,49761.0,49787.0,25620.0,49962.0,49503.1,206.14396264639163,743.2922268386104,-0.0005222246771245942,-0.0024444488969925793,299,98,607.0,139.0,2020,12,1,29
2020-12-30,49881,49840,49950,49599,3650,0.32,49722.0,49761.0,13260.0,49884.71428571428,49464.833333333336,173.28176889330888,698.7078755805214,-0.0007837463073491202,-0.0005222246771245942,351,-41,299.0,98.0,2020,12,2,30
2020-12-31,50081,49940,50139,49778,390,0.4,49881.0,49722.0,3650.0,49853.42857142857,49434.0,145.47262875368736,656.6249651235754,0.0031977796548812165,-0.0007837463073491202,361,-141,351.0,-41.0,2020,12,3,31
2021-01-01,50081,50123,50202,50003,50,0.0,50081.0,49881.0,390.0,49844.142857142855,49424.13333333333,124.20470814760581,644.0703930940465,0.0040095427116537685,0.0031977796548812165,199,42,361.0,-141.0,2021,1,4,1
2021-01-04,51349,50715,51493,50654,150,2.53,50081.0,50081.0,50.0,49888.857142857145,49424.73333333333,146.55423180299647,644.6941500606226,0.0,0.0040095427116537685,839,-634,199.0,42.0,2021,1,0,4
2021-01-05,51456,51334,51549,51202,150,0.21,51349.0,50081.0,150.0,50094.57142857143,49460.4,572.1671833620974,718.9108908352026,0.02531898324713966,0.0,347,-122,839.0,-634.0,2021,1,1,5
2021-01-06,50545,51564,51857,50468,47140,-1.77,51456.0,51349.0,150.0,50333.0,49523.76666666667,744.4463266989585,806.0367786284237,0.002083779625698723,0.02531898324713966,1389,1019,347.0,-122.0,2021,1,2,6
2021-01-07,50918,50632,51045,50632,28490,0.74,50545.0,51456.0,47140.0,50445.0,49585.833333333336,701.8017288870908,810.738789656325,-0.017704446517412986,0.002083779625698723,413,-286,1389.0,1019.0,2021,1,3,7
2021-01-08,49035,50818,50824,48855,58390,-3.7,50918.0,50545.0,28490.0,50615.857142857145,49664.166666666664,639.2455002000859,822.4484926026845,0.007379562765852166,-0.017704446517412986,1969,1783,413.0,-286.0,2021,1,4,8
2021-01-11,49386,48835,49435,48578,34630,0.72,49035.0,50918.0,58390.0,50495.0,49678.76666666667,847.4135157459511,806.5857238266607,-0.03698102832004402,0.007379562765852166,857,-551,1969.0,1783.0,2021,1,0,11
2021-01-12,49098,49333,49620,49000,28650,-0.58,49386.0,49035.0,34630.0,50395.71428571428,49718.666666666664,939.6931616743223,758.523581033854,0.007158152340165147,-0.03698102832004402,620,235,857.0,-551.0,2021,1,1,12
2021-01-13,49354,49248,49497,49210,21700,0.52,49098.0,49386.0,28650.0,50255.28571428572,49758.666666666664,1060.2763341526347,687.5188440438942,-0.005831612197788827,0.007158152340165147,287,-106,620.0,235.0,2021,1,2,13
2021-01-14,49238,49321,49321,48807,29610,-0.24,49354.0,49098.0,21700.0,49970.28571428572,49782.433333333334,982.5685242079281,659.2946431093548,0.005214061672573322,-0.005831612197788827,514,83,287.0,-106.0,2021,1,3,14
2021-01-15,48745,49277,49328,48600,30090,-1.0,49238.0,49354.0,29610.0,49653.42857142857,49791.73333333333,754.8456480520979,649.168801876093,-0.0023503667382582805,0.005214061672573322,728,532,514.0,83.0,2021,1,4,15
2021-01-18,48918,48701,49000,48588,17920,0.35,48745.0,49238.0,30090.0,49396.28571428572,49781.2,705.4829821459045,663.8325193819695,-0.010012591900564582,-0.0023503667382582805,412,-217,728.0,532.0,2021,1,0,18
2021-01-19,49011,48918,49082,48775,23140,0.19,48918.0,48745.0,17920.0,49110.57142857143,49767.73333333333,233.79182844971757,677.4277889128205,0.0035490819571237786,-0.010012591900564582,307,-93,412.0,-217.0,2021,1,1,19
2021-01-20,49528,49097,49614,48836,36370,1.05,49011.0,48918.0,23140.0,49107.142857142855,49737.333333333336,235.2561926766633,690.5559146515805,0.0019011406844107182,0.0035490819571237786,778,-431,307.0,-93.0,2021,1,2,20
2021-01-21,49418,49600,49743,49315,23310,-0.22,49528.0,49011.0,36370.0,49127.42857142857,49719.96666666667,267.255094837365,688.9970963991716,0.010548652343351561,0.0019011406844107182,428,182,778.0,-431.0,2021,1,3,21
2021-01-22,49131,49397,49397,48711,30380,-0.58,49418.0,49528.0,23310.0,49173.142857142855,49725.36666666667,287.94931763428855,685.8630849231369,-0.0022209659182684804,0.010548652343351561,686,266,428.0,182.0,2021,1,4,22
2021-01-25,49144,49137,49321,48936,24630,0.03,49131.0,49418.0,30380.0,49141.28571428572,49727.03333333333,276.7223122508942,684.3022362747522,-0.005807600469464602,-0.0022209659182684804,385,-7,686.0,266.0,2021,1,0,25
2021-01-27,48879,48919,48985,48554,25140,-0.54,49144.0,49131.0,24630.0,49127.857142857145,49721.63333333333,273.50894475206155,688.366406204804,0.0002645987258553806,-0.005807600469464602,431,40,385.0,-7.0,2021,1,2,27
2021-01-28,48672,48699,49248,48568,28330,-0.42,48879.0,49144.0,25140.0,49147.0,49720.4,245.50220637618895,689.8910758573699,-0.0053923164577568405,0.0002645987258553806,680,27,431.0,40.0,2021,1,3,28
2021-01-29,49111,48672,49490,48672,27930,0.9,48672.0,48879.0,28330.0,49111.857142857145,49695.6,296.1325314664361,714.1566813474196,-0.004234947523476307,-0.0053923164577568405,818,-439,680.0,27.0,2021,1,4,29
2021-02-01,48424,49298,49438,47425,3140,-1.4,49111.0,48672.0,27930.0,49126.142857142855,49681.166666666664,292.85003476077367,721.662309187384,0.009019559500328622,-0.004234947523476307,2013,874,818.0,-439.0,2021,2,0,1
2021-02-02,47752,48344,48344,47531,380,-1.39,48424.0,49111.0,3140.0,48968.42857142857,49619.86666666667,334.655473160877,748.1541761296907,-0.013988719431491936,0.009019559500328622,813,592,2013.0,874.0,2021,2,1,2
2021-02-03,47703,47890,47925,47639,190,-0.1,47752.0,48424.0,380.0,48730.42857142857,49541.6,508.7634870119226,815.9389175896176,-0.013877416157277334,-0.013988719431491936,286,187,813.0,592.0,2021,2,2,3
2021-02-04,46695,47050,47575,46501,140,-2.11,47703.0,47752.0,190.0,48526.42857142857,49460.166666666664,599.5667483412768,873.4225616849582,-0.0010261350309934691,-0.013877416157277334,1074,355,286.0,187.0,2021,2,3,4
2021-02-05,46978,46602,47100,46601,30,0.61,46695.0,47703.0,140.0,48176.57142857143,49357.73333333333,843.8816775570683,1006.183466278417,-0.021130746493931207,-0.0010261350309934691,499,-376,1074.0,355.0,2021,2,4,5
2021-02-08,47726,47147,47828,47064,29170,1.59,46978.0,46695.0,30.0,47905.0,49260.03333333333,885.0355925058867,1089.6476331198935,0.0060606060606061,-0.021130746493931207,764,-579,499.0,-376.0,2021,2,0,8
2021-02-09,47818,47850,48061,47651,27330,0.19,47726.0,46978.0,29170.0,47769.857142857145,49191.333333333336,818.0907505849958,1119.830662484135,0.015922346630337536,0.0060606060606061,410,32,764.0,-579.0,2021,2,1,9
2021-02-10,47863,47930,48136,47711,27630,0.09,47818.0,47726.0,27330.0,47585.142857142855,49126.566666666666,574.5219544914883,1141.7210747987729,0.001927670452164465,0.015922346630337536,425,67,410.0,32.0,2021,2,2,10
2021-02-11,47377,47742,47950,47333,24860,-1.02,47863.0,47818.0,27630.0,47505.0,49064.6,467.08600207625216,1158.6131305154847,0.0009410682169894713,0.001927670452164465,617,365,425.0,67.0,2021,2,3,11
2021-02-12,47169,47670,47670,47012,30720,-0.44,47377.0,47863.0,24860.0,47451.42857142857,48981.13333333333,455.3939163513953,1187.603083969336,-0.010153981154545244,0.0009410682169894713,658,501,617.0,365.0,2021,2,4,12
2021-02-15,47118,47200,47297,47064,15390,-0.11,47169.0,47377.0,30720.0,47375.142857142855,48884.066666666666,450.93289544312194,1213.3324567367067,-0.004390315976106507,-0.010153981154545244,233,82,658.0,501.0,2021,2,0,15
2021-02-16,46777,47118,47325,46600,37740,-0.72,47118.0,47169.0,15390.0,47435.57142857143,48785.3,364.69387032120727,1232.9777566006187,-0.0010812185969598653,-0.004390315976106507,725,341,233.0,82.0,2021,2,1,16
2021-02-17,46134,46700,46709,46088,34790,-1.37,46777.0,47118.0,37740.0,47406.857142857145,48632.9,411.6193340851679,1186.8638579202886,-0.007237149284774369,-0.0010812185969598653,621,566,725.0,341.0,2021,2,2,17
2021-02-18,46046,46244,46379,45955,28540,-0.19,46134.0,46777.0,34790.0,47179.42857142857,48455.5,601.7792666057179,1147.4291128264051,-0.013746071787416936,-0.007237149284774369,424,198,621.0,566.0,2021,2,3,18
2021-02-19,46095,45970,46359,45805,30680,0.11,46046.0,46134.0,28540.0,46926.28571428572,48305.53333333333,658.4258283442335,1158.866769090321,-0.0019074868860277094,-0.013746071787416936,554,-125,424.0,198.0,2021,2,4,19
2021-02-22,46782,46297,46840,46125,30050,1.49,46095.0,46046.0,30680.0,46673.71428571428,48144.76666666667,572.7424419091988,1117.7608677473802,0.00106415323806619,-0.0019074868860277094,715,-485,554.0,-125.0,2021,2,0,22
2021-02-23,46632,46890,46890,46430,22890,-0.32,46782.0,46095.0,30050.0,46588.71428571428,48069.666666666664,489.00297009743025,1131.4883190241408,0.014904002603319144,0.00106415323806619,460,258,715.0,-485.0,2021,2,1,23
2021-02-24,46369,46580,46715,46160,21710,-0.56,46632.0,46782.0,22890.0,46512.0,47977.86666666667,420.0575357442522,1132.7270034584456,-0.003206361421059345,0.014904002603319144,555,211,460.0,258.0,2021,2,2,24
2021-02-25,46085,46321,46496,45976,24510,-0.61,46369.0,46632.0,21710.0,46405.0,47886.9,324.4893424066927,1149.1308364614054,-0.005639903928632672,-0.003206361421059345,520,236,555.0,211.0,2021,2,3,25
2021-02-26,45569,45911,46516,45475,32960,-1.12,46085.0,46369.0,24510.0,46306.142857142855,47777.933333333334,296.4700257912513,1160.1545358798517,-0.006124781642907973,-0.005639903928632672,1041,342,520.0,236.0,2021,2,4,26
2021-03-01,45021,46187,46188,44910,5190,-1.2,45569.0,46085.0,32960.0,46225.42857142857,47655.63333333333,407.3306834949594,1193.8299851023621,-0.01119670174677223,-0.006124781642907973,1278,1166,1041.0,342.0,2021,3,0,1
2021-03-02,45224,44945,45431,44873,320,0.45,45021.0,45569.0,5190.0,46079.0,47531.5,614.2575464212961,1267.9602340643821,-0.012025719238956345,-0.01119670174677223,558,-279,1278.0,1166.0,2021,3,1,2
2021-03-03,44721,45267,45267,44472,30,-1.11,45224.0,45021.0,320.0,45954.57142857143,47408.36666666667,693.573561863813,1307.422984697662,0.0045090069078874695,-0.012025719238956345,795,546,558.0,-279.0,2021,3,2,3
2021-03-04,44581,44686,44686,44370,10,-0.31,44721.0,45224.0,30.0,45660.142857142855,47265.36666666667,720.7066968325593,1359.6567387111552,-0.011122412878117771,0.0045090069078874695,316,105,795.0,546.0,2021,3,3,4
2021-03-05,44442,44279,44499,44188,50,-0.31,44581.0,44721.0,10.0,45367.142857142855,47100.46666666667,675.2294495398952,1375.6738971357288,-0.0031305203372017365,-0.011122412878117771,311,-163,316.0,105.0,2021,3,4,5
2021-03-08,44233,44720,44775,44163,29840,-0.47,44442.0,44581.0,50.0,45091.857142857145,46934.6,585.5630989562691,1386.548843909935,-0.0031179201902156173,-0.0031305203372017365,612,487,311.0,-163.0,2021,3,0,8
2021-03-09,44844,44299,44918,44280,29790,1.38,44233.0,44442.0,29840.0,44827.28571428572,46771.333333333336,468.79658498900505,1407.2203301073835,-0.004702758651725869,-0.0031179201902156173,638,-545,612.0,487.0,2021,3,1,9
2021-03-10,44774,44750,44920,44636,22090,-0.16,44844.0,44233.0,29790.0,44723.71428571428,46628.0,340.01750655519976,1375.8575507647156,0.013813216376913129,-0.004702758651725869,284,-24,638.0,-545.0,2021,3,2,10
2021-03-11,44876,44950,45135,44785,15840,0.23,44774.0,44844.0,22090.0,44688.42857142857,46491.166666666664,315.99201316340486,1348.116824040358,-0.0015609669075015153,0.013813216376913129,350,74,284.0,-24.0,2021,3,3,11
2021-03-12,44737,44740,44779,44310,32180,-0.31,44876.0,44774.0,15840.0,44638.71428571428,46364.63333333333,234.57458962416322,1314.082333096836,0.002278107830437248,-0.0015609669075015153,469,3,350.0,74.0,2021,3,4,12
2021-03-15,44906,44860,45038,44763,21500,0.38,44737.0,44876.0,32180.0,44641.0,46218.833333333336,235.585794709217,1239.3893124488407,-0.0030974240128354147,0.002278107830437248,275,-46,469.0,3.0,2021,3,0,15
2021-03-16,44820,44962,45071,44775,18920,-0.19,44906.0,44737.0,21500.0,44687.42857142857,46101.566666666666,253.15993439535777,1188.953718054025,0.003777633725998708,-0.0030974240128354147,296,142,275.0,-46.0,2021,3,1,16
2021-03-17,44848,44902,45018,44750,18240,0.06,44820.0,44906.0,18920.0,44741.42857142857,46003.833333333336,231.46911755797024,1168.9465662334544,-0.001915111566383132,0.003777633725998708,268,54,296.0,142.0,2021,3,2,17
2021-03-18,44942,45000,45300,44625,33560,0.21,44848.0,44820.0,18240.0,44829.28571428572,45908.666666666664,58.15701245212646,1141.7429003812824,0.0006247211066487957,-0.001915111566383132,675,58,268.0,54.0,2021,3,3,18
2021-03-19,45008,44946,45125,44818,18820,0.15,44942.0,44848.0,33560.0,44843.28571428572,45850.23333333333,72.35264172111727,1144.9652813071036,0.00209596860506589,0.0006247211066487957,307,-62,675.0,58.0,2021,3,4,19
2021-03-22,44885,44922,45019,44632,20260,-0.27,45008.0,44942.0,18820.0,44876.71428571428,45784.566666666666,87.4808822773677,1134.4990595361091,0.001468559476658804,0.00209596860506589,387,37,307.0,-62.0,2021,3,0,22
2021-03-23,44636,44910,44984,44584,19810,-0.55,44885.0,45008.0,20260.0,44878.0,45689.86666666667,87.5347550145388,1084.3171928494976,-0.0027328474937788894,0.001468559476658804,400,274,387.0,37.0,2021,3,1,23
2021-03-24,44841,44786,44880,44679,16570,0.46,44636.0,44885.0,19810.0,44863.57142857143,45583.8,117.75660936754242,1022.8551790149769,-0.005547510304110492,-0.0027328474937788894,201,-55,400.0,274.0,2021,3,2,24
2021-03-25,44726,44870,45025,44610,22460,-0.26,44841.0,44636.0,16570.0,44854.28571428572,45483.066666666666,116.40835349761211,935.7521751669747,0.004592705439555589,-0.005547510304110492,415,144,201.0,-55.0,2021,3,3,25
2021-03-26,44629,44652,44759,44437,22630,-0.22,44726.0,44841.0,22460.0,44840.857142857145,45394.7,126.04553221989036,873.8586309540879,-0.0025646172030061587,0.004592705439555589,322,23,415.0,144.0,2021,3,4,26
2021-03-29,43754,44474,44560,43621,11180,-1.96,44629.0,44726.0,22630.0,44809.57142857143,45310.03333333333,149.05575819047033,817.2354779579705,-0.002168760899700417,-0.0025646172030061587,939,720,322.0,23.0,2021,3,0,29
2021-03-30,43941,43950,44200,43819,1900,0.43,43754.0,44629.0,11180.0,44639.857142857145,45197.9,414.00057511141245,790.9754061283271,-0.019606085729010236,-0.002168760899700417,381,9,939.0,720.0,2021,3,1,30
2021-03-31,44418,43899,44529,43735,330,1.09,43941.0,43754.0,1900.0,44487.42857142857,45103.36666666667,450.66796985109806,764.7799991650348,0.004273894958175317,-0.019606085729010236,794,-519,381.0,9.0,2021,3,2,31
2021-04-01,44957,44500,45002,44500,150,1.21,44418.0,43941.0,330.0,44420.71428571428,45046.166666666664,415.17294159260587,749.0484116430298,0.010855465282993082,0.004273894958175317,502,-457,794.0,-519.0,2021,4,3,1
2021-04-05,44985,44918,45050,44805,310,0.06,44957.0,44418.0,150.0,44466.57142857143,45009.86666666667,458.3931562713111,724.9229558721855,0.012134720158494261,0.010855465282993082,245,-67,502.0,-457.0,2021,4,0,5
2021-04-06,45685,45257,45730,45250,17870,1.56,44985.0,44957.0,310.0,44487.142857142855,44972.86666666667,480.6861167739645,695.352043474572,0.0006228173588094243,0.012134720158494261,480,-428,245.0,-67.0,2021,4,1,6
2021-04-07,46128,45600,46180,45518,21450,0.97,45685.0,44985.0,17870.0,44624.142857142855,44936.3,662.4173982663119,621.8985475499412,0.015560742469712174,0.0006228173588094243,662,-528,480.0,-428.0,2021,4,2,7
2021-04-08,46576,46041,46620,46015,21420,0.97,46128.0,45685.0,21450.0,44838.28571428572,44919.5,873.0543538428857,579.9006900679459,0.009696837036226258,0.015560742469712174,605,-535,662.0,-528.0,2021,4,3,8
2021-04-09,46344,46458,46674,46085,21980,-0.5,46576.0,46128.0,21420.0,45241.42857142857,44926.4,938.0520342975423,598.6701699686103,0.009712105445716324,0.009696837036226258,589,114,605.0,-535.0,2021,4,4,9
2021-04-12,46188,46333,46514,46162,18010,-0.34,46344.0,46576.0,21980.0,45584.71428571428,44935.03333333333,814.379459935026,617.5248973499171,-0.0049811061490896424,0.009712105445716324,352,145,589.0,114.0,2021,4,0,12
2021-04-13,46674,46202,46750,46125,20250,1.05,46188.0,46344.0,18010.0,45837.57142857143,44955.666666666664,649.9304724736289,648.9783128665871,-0.0033661315380631995,-0.0049811061490896424,625,-472,352.0,145.0,2021,4,1,13
2021-04-14,46317,46650,46659,46180,12630,-0.76,46674.0,46188.0,20250.0,46082.857142857145,45010.76666666667,582.7390578346381,720.9030105160867,0.010522213561964255,-0.0033661315380631995,479,333,625.0,-472.0,2021,4,2,14
2021-04-15,46881,46370,46973,46370,21620,1.22,46317.0,46674.0,12630.0,46273.142857142855,45047.2,324.95662714586103,758.6805424641406,-0.007648798046021366,0.010522213561964255,603,-511,479.0,333.0,2021,4,3,15
2021-04-16,47022,46808,47097,46511,23540,0.3,46881.0,46317.0,21620.0,46444.0,45119.2,274.71621721736403,826.1498736848773,0.012176954465962897,-0.007648798046021366,586,-214,603.0,-511.0,2021,4,4,16
2021-04-19,47084,47025,47500,47000,24590,0.13,47022.0,46881.0,23540.0,46571.71428571428,45200.566666666666,308.99445210359255,889.1211733593846,0.0030076150252766887,0.012176954465962897,500,-59,586.0,-214.0,2021,4,0,19
2021-04-20,47498,47111,47538,46712,27160,0.88,47084.0,47022.0,24590.0,46644.28571428572,45288.63333333333,364.787022015319,940.7404084487786,0.0013185317510953087,0.0030076150252766887,826,-387,500.0,-59.0,2021,4,1,20
2021-04-21,47892,47531,48035,47531,15990,0.83,47498.0,47084.0,27160.0,46809.142857142855,45397.46666666667,455.8561280997074,1001.3160558358044,0.008792795854217994,0.0013185317510953087,504,-361,826.0,-387.0,2021,4,2,21
2021-04-22,47426,47893,47936,47355,22210,-0.97,47892.0,47498.0,15990.0,47052.57142857143,45499.066666666666,519.4207854747648,1093.6032796813179,0.00829508610888885,0.008792795854217994,581,467,504.0,-361.0,2021,4,3,22
2021-04-23,47169,47534,47667,47046,24780,-0.54,47426.0,47892.0,22210.0,47160.0,45587.46666666667,505.65699837170143,1139.207066439758,-0.009730226342604231,0.00829508610888885,621,365,581.0,467.0,2021,4,4,23
2021-04-26,47117,47280,47280,46939,18480,-0.11,47169.0,47426.0,24780.0,47281.71428571428,45663.9,346.37778714989895,1166.4238110107922,-0.005418968498292043,-0.009730226342604231,341,163,621.0,365.0,2021,4,0,26
2021-04-27,46960,47090,47187,46920,13460,-0.33,47117.0,47169.0,18480.0,47315.42857142857,45743.23333333333,310.50166781609755,1182.0399282386381,-0.001102418961606122,-0.005418968498292043,267,130,341.0,163.0,2021,4,1,27
2021-04-28,46697,46890,46890,46471,17680,-0.56,46960.0,47117.0,13460.0,47306.57142857143,45811.7,320.9744834872558,1191.323001162919,-0.0033321306534795925,-0.001102418961606122,419,193,267.0,130.0,2021,4,2,28
2021-04-29,46400,46867,46904,46138,6950,-0.64,46697.0,46960.0,17680.0,47251.28571428572,45874.26666666667,391.3207185470647,1186.7241765721042,-0.005600511073253878,-0.0033321306534795925,766,467,419.0,193.0,2021,4,3,29
2021-04-30,46431,46306,46590,46306,310,0.07,46400.0,46697.0,6950.0,47094.42857142857,45926.0,484.83359934093926,1174.205468712775,-0.006360151615735443,-0.005600511073253878,284,-125,766.0,467.0,2021,4,4,30
2021-05-03,46963,46849,47000,46618,120,1.15,46431.0,46400.0,310.0,46885.71428571428,45975.63333333333,389.3300717439571,1162.5901665671622,0.0006681034482758363,-0.006360151615735443,382,-114,284.0,-125.0,2021,5,0,3
2021-05-04,46782,46890,46943,46500,30,-0.39,46963.0,46431.0,120.0,46819.57142857143,46040.8,314.3532286826321,1161.272173982191,0.011457862204130809,0.0006681034482758363,443,108,382.0,-114.0,2021,5,1,4
2021-05-05,46591,46680,46692,46500,50,-0.41,46782.0,46963.0,30.0,46764.28571428572,46104.03333333333,274.1117255745827,1147.7352356971194,-0.0038540979068628634,0.011457862204130809,192,89,443.0,108.0,2021,5,2,5
2021-05-06,47536,47019,47573,46980,29120,2.03,46591.0,46782.0,50.0,46689.142857142855,46169.2,229.82560676747914,1116.5865903679185,-0.004082766876148947,-0.0038540979068628634,593,-517,192.0,89.0,2021,5,3,6
2021-05-07,47719,47540,47990,47512,31360,0.38,47536.0,46591.0,29120.0,46771.42857142857,46259.03333333333,390.15503634220795,1114.452532467301,0.020282887252902837,-0.004082766876148947,478,-179,593.0,-517.0,2021,5,4,7
2021-05-10,47925,47849,48083,47726,21580,0.43,47719.0,47536.0,31360.0,46917.42857142857,46358.8,525.4308889377064,1106.4207405723873,0.0038497139010433834,0.020282887252902837,357,-76,478.0,-179.0,2021,5,0,10
2021-05-11,47625,47906,47986,47351,29710,-0.63,47925.0,47719.0,21580.0,47135.28571428572,46468.666666666664,587.6083486735342,1092.2847403581713,0.00431693874557304,0.0038497139010433834,635,281,357.0,-76.0,2021,5,1,11
2021-05-12,47491,47555,47838,47400,25670,-0.28,47625.0,47925.0,29710.0,47305.857142857145,46597.7,518.3050673680729,983.7944889803177,-0.006259780907668211,0.00431693874557304,438,64,635.0,281.0,2021,5,2,12
2021-05-13,47452,47400,47535,47251,12520,-0.08,47491.0,47625.0,25670.0,47381.28571428572,46716.03333333333,498.1200371706177,858.7790644895271,-0.0028136482939632446,-0.006259780907668211,284,-52,438.0,64.0,2021,5,3,13
2021-05-14,47682,47399,47706,47356,17130,0.48,47452.0,47491.0,12520.0,47477.0,46817.166666666664,422.3880522327327,750.663939836607,-0.0008212082289276168,-0.0028136482939632446,350,-283,284.0,-52.0,2021,5,4,14
2021-05-17,48437,47855,48467,47855,23470,1.58,47682.0,47452.0,17130.0,47632.857142857145,46908.0,161.997354482876,679.289436048679,0.004847003287532736,-0.0008212082289276168,612,-582,350.0,-283.0,2021,5,0,17
2021-05-18,48288,48245,48496,48153,18850,-0.31,48437.0,47682.0,23470.0,47761.57142857143,47023.066666666666,336.34102591953393,633.117406624555,0.015834067362946236,0.004847003287532736,343,-43,612.0,-582.0,2021,5,1,18
2021-05-19,48660,48275,48830,47960,35570,0.77,48288.0,48437.0,18850.0,47842.857142857145,47109.833333333336,388.9761897504817,621.6793764656502,-0.0030761607861758966,0.015834067362946236,870,-385,343.0,-43.0,2021,5,2,19
2021-05-20,48519,48760,48760,48271,21060,-0.29,48660.0,48288.0,35570.0,47947.857142857145,47194.23333333333,498.60051764194213,654.7805993839532,0.007703777335984041,-0.0030761607861758966,489,241,870.0,-385.0,2021,5,3,20
2021-05-21,48368,48351,48620,48230,20650,-0.31,48519.0,48660.0,21060.0,48075.57142857143,47259.0,516.3018681449519,686.8304011881468,-0.0028976572133169176,0.007703777335984041,390,-17,489.0,241.0,2021,5,4,21
2021-05-24,48514,48544,48605,48351,16510,0.3,48368.0,48519.0,20650.0,48200.857142857145,47326.46666666667,453.3800571185671,693.2295103493892,-0.0031121828562006293,-0.0028976572133169176,254,30,390.0,-17.0,2021,5,0,24
2021-05-25,48780,48447,48806,48300,21060,0.55,48514.0,48368.0,16510.0,48352.57142857143,47404.0,318.71400824248354,691.580748019161,0.003018524644393006,-0.0031121828562006293,506,-333,254.0,30.0,2021,5,1,25
2021-05-26,48728,48850,49100,48600,16510,-0.11,48780.0,48514.0,21060.0,48509.42857142857,47474.2,168.45954722128573,721.1788433767214,0.005482953374283728,0.003018524644393006,500,122,506.0,-333.0,2021,5,2,26
2021-05-27,48561,48730,48788,48435,17840,-0.34,48728.0,48780.0,16510.0,48551.0,47554.566666666666,182.89432286355213,722.113931371848,-0.0010660106601065866,0.005482953374283728,353,169,500.0,122.0,2021,5,3,27
2021-05-28,48543,48470,48588,48237,17740,-0.04,48561.0,48728.0,17840.0,48590.0,47610.566666666666,142.0011737124707,733.1355279176527,-0.0034271876539155866,-0.0010660106601065866,351,-73,353.0,169.0,2021,5,4,28
2021-05-31,48807,48664,48874,48582,2830,0.54,48543.0,48561.0,17740.0,48573.28571428572,47661.26666666667,139.24763827185654,743.5481077253767,-0.000370667819855397,-0.0034271876539155866,292,-143,351.0,-73.0,2021,5,0,31
2021-06-01,48935,48975,49210,48800,890,0.26,48807.0,48543.0,2830.0,48614.42857142857,47718.7,161.33077527244086,763.6924886612519,0.005438477226376692,-0.000370667819855397,410,40,292.0,-143.0,2021,6,1,1
2021-06-02,49108,48963,49145,48948,80,0.35,48935.0,48807.0,890.0,48695.42857142857,47766.6,159.30982094651864,793.8427969082608,0.002622574630688268,0.005438477226376692,197,-145,410.0,40.0,2021,6,2,2
2021-06-03,48293,49309,49309,48213,150,-1.66,49108.0,48935.0,80.0,48780.28571428572,47807.13333333333,199.65446342194022,830.6571031326563,0.0035353019311330502,0.002622574630688268,1096,1016,197.0,-145.0,2021,6,3,3
2021-06-04,48650,48321,48765,48200,220,0.74,48293.0,49108.0,150.0,48710.71428571428,47836.03333333333,271.642359419448,832.0206596937052,-0.016596073959436297,0.0035353019311330502,565,-329,1096.0,1016.0,2021,6,4,4
2021-06-07,48911,48767,48936,48590,10910,0.54,48650.0,48293.0,220.0,48699.57142857143,47885.4,272.4138133734742,835.0095849107222,0.007392375706624099,-0.016596073959436297,346,-144,565.0,-329.0,2021,6,0,7
2021-06-08,48908,48882,49120,48732,15280,-0.01,48911.0,48650.0,10910.0,48749.57142857143,47945.2,274.8501756412302,842.290080261287,0.005364850976361746,0.007392375706624099,388,-26,346.0,-144.0,2021,6,1,8
2021-06-09,48904,48911,49036,48827,10270,-0.01,48908.0,48911.0,15280.0,48801.71428571428,48010.13333333333,263.5183195990453,838.8004461741559,-6.133589581081011e-05,0.005364850976361746,209,7,388.0,-26.0,2021,6,2,9
2021-06-10,48975,48829,49015,48502,20510,0.15,48904.0,48908.0,10270.0,48815.57142857143,48083.7,266.3774622286074,816.1371651934519,-8.17862108448697e-05,-6.133589581081011e-05,513,-146,209.0,7.0,2021,6,3,10
2021-06-11,48717,49016,49145,48681,17040,-0.53,48975.0,48904.0,20510.0,48821.28571428572,48169.53333333333,269.77380296149227,766.8760063997354,0.001451823981678313,-8.17862108448697e-05,464,299,513.0,-146.0,2021,6,4,11
2021-06-14,48318,48680,48680,47962,23420,-0.82,48717.0,48975.0,17040.0,48765.42857142857,48245.73333333333,239.2689262106891,698.7154190210837,-0.00526799387442578,0.001451823981678313,718,362,464.0,299.0,2021,6,0,14
2021-06-15,48230,48310,48495,48180,13380,-0.18,48318.0,48717.0,23420.0,48769.0,48290.9,231.08872755371968,655.3890842242753,-0.008190159492579618,-0.00526799387442578,315,80,718.0,362.0,2021,6,1,15
2021-06-16,48279,48240,48355,48181,10100,0.1,48230.0,48318.0,13380.0,48709.0,48339.166666666664,308.6454276388899,590.5447562984499,-0.0018212674365660764,-0.008190159492579618,174,-39,315.0,80.0,2021,6,2,16
2021-06-17,46781,48205,48205,46628,32070,-3.1,48279.0,48230.0,10100.0,48618.71428571428,48395.433333333334,331.31239754088836,490.11277261590203,0.0010159651669086056,-0.0018212674365660764,1577,1424,174.0,-39.0,2021,6,3,17
2021-06-18,46592,46860,47187,46526,17880,-0.4,46781.0,48279.0,32070.0,48314.857142857145,48370.26666666667,742.2725080405713,551.3267341715648,-0.031027983181093233,0.0010159651669086056,661,268,1577.0,1424.0,2021,6,4,18
2021-06-21,46904,46800,46960,46482,17130,0.67,46592.0,46781.0,17880.0,47984.57142857143,48332.7,927.6617302210028,630.014239025995,-0.0040401017507107895,-0.031027983181093233,478,-104,661.0,268.0,2021,6,0,21
2021-06-22,46838,46981,47068,46721,14670,-0.14,46904.0,46592.0,17130.0,47688.71428571428,48298.666666666664,888.5665824410058,678.5084215815708,0.006696428571428603,-0.0040401017507107895,347,143,478.0,-104.0,2021,6,1,22
2021-06-23,46921,46915,47123,46799,12030,0.18,46838.0,46904.0,14670.0,47420.28571428572,48272.433333333334,806.1502577668365,719.4325198174665,-0.0014071294559099279,0.006696428571428603,324,-6,347.0,143.0,2021,6,2,23
2021-06-24,46701,46850,46997,46638,14040,-0.47,46921.0,46838.0,12030.0,47220.71428571428,48253.433333333334,714.5935241549502,747.751004254768,0.0017720654169690597,-0.0014071294559099279,359,149,324.0,-6.0,2021,6,3,24
2021-06-25,46757,46839,47050,46637,16690,0.12,46701.0,46921.0,14040.0,47002.28571428572,48228.4,574.6493755014257,787.045308249518,-0.004688732124208728,0.0017720654169690597,413,82,359.0,149.0,2021,6,4,25
2021-06-28,46821,46400,46959,46400,15550,0.14,46757.0,46701.0,16690.0,46784.857142857145,48197.566666666666,115.88130217052725,826.3278418975437,0.0011991177919101759,-0.004688732124208728,559,-421,413.0,82.0,2021,6,0,28
2021-06-29,46438,46719,46809,46202,5170,-0.82,46821.0,46757.0,15550.0,46790.57142857143,48143.7,116.64312688658609,862.0799286867084,0.0013687790063519056,0.0011991177919101759,607,281,559.0,-421.0,2021,6,1,29
2021-06-30,46817,46448,46858,46372,830,0.82,46438.0,46821.0,5170.0,46768.57142857143,48082.03333333333,164.8846638811883,915.8899754460926,-0.00818009013049703,0.0013687790063519056,486,-369,607.0,281.0,2021,6,2,30
2021-07-01,46985,46882,47999,46837,120,0.36,46817.0,46438.0,830.0,46756.142857142855,48020.6,156.0154143861077,937.3443999588096,0.008161419527111358,-0.00818009013049703,1162,-103,486.0,-369.0,2021,7,3,1
2021-07-02,47286,47200,47553,47200,200,0.64,46985.0,46817.0,120.0,46777.142857142855,47969.46666666667,177.30992506363003,950.9604485512823,0.0035884400965460195,0.008161419527111358,353,-86,1162.0,-103.0,2021,7,4,2
2021-07-05,47567,47800,48704,47075,30,0.59,47286.0,46985.0,200.0,46829.28571428572,47933.4,260.71741681528346,955.8300454883614,0.00640629988294128,0.0035884400965460195,1629,233,353.0,-86.0,2021,7,0,5
2021-07-06,47694,47418,47971,47418,22960,0.27,47567.0,47286.0,30.0,46953.0,47901.833333333336,371.58893058809247,951.6225738099752,0.005942562280590424,0.00640629988294128,553,-276,1629.0,233.0,2021,7,1,6
2021-07-07,47887,47779,47963,47669,13920,0.4,47694.0,47567.0,22960.0,47086.857142857145,47865.63333333333,449.76120648563966,937.6177621036782,0.0026699182206151306,0.005942562280590424,294,-108,553.0,-276.0,2021,7,2,7
2021-07-08,47735,47814,48244,47650,25700,-0.32,47887.0,47694.0,13920.0,47239.142857142855,47837.6,519.7632244840843,923.4098951597703,0.004046630603430135,0.0026699182206151306,594,79,294.0,-108.0,2021,7,3,8
2021-07-09,47898,47798,47922,47621,15170,0.34,47735.0,47887.0,25700.0,47424.42857142857,47810.066666666666,405.10322024134985,913.3561805998243,-0.0031741391191764112,0.004046630603430135,301,-100,594.0,79.0,2021,7,4,9
2021-07-12,47768,47750,47849,47503,17040,-0.27,47898.0,47735.0,15170.0,47578.857142857145,47788.566666666666,334.9166207572309,903.0415915605304,0.0034146852414371764,-0.0031741391191764112,346,-18,301.0,-100.0,2021,7,0,12
2021-07-13,47887,47865,48035,47710,18880,0.25,47768.0,47898.0,17040.0,47690.71428571428,47753.933333333334,211.55748965913762,882.3220122662458,-0.002714100797528096,0.0034146852414371764,325,-22,346.0,-18.0,2021,7,1,13
2021-07-14,48265,47954,48320,47902,18330,0.79,47887.0,47768.0,18880.0,47776.57142857143,47719.0,123.60805954006814,854.2480056568115,0.002491207502930859,-0.002714100797528096,418,-311,325.0,-22.0,2021,7,2,14
2021-07-15,48358,48290,48460,48150,16070,0.19,48265.0,47887.0,18330.0,47876.28571428572,47690.9,190.05061982943528,820.1672810846242,0.007893582809530786,0.002491207502930859,310,-68,418.0,-311.0,2021,7,3,15
2021-07-16,48040,48330,48375,47980,17430,-0.66,48358.0,48265.0,16070.0,47971.142857142855,47693.066666666666,242.4014772908704,821.8967521900762,0.001926862115404493,0.007893582809530786,395,290,310.0,-68.0,2021,7,4,16
2021-07-19,48069,48132,48200,47786,17250,0.06,48040.0,48358.0,17430.0,47993.0,47672.73333333333,240.43987467900288,804.7735142210081,-0.006575954340543477,0.001926862115404493,414,63,395.0,290.0,2021,7,0,19
2021-07-20,47861,48170,48247,47788,19090,-0.43,48069.0,48040.0,17250.0,48040.71428571428,47644.666666666664,212.1883709448486,774.2013162977378,0.0006036636136552698,-0.006575954340543477,459,309,414.0,63.0,2021,7,1,20
2021-07-21,47584,47790,47790,47518,8420,-0.58,47861.0,48069.0,19090.0,48035.42857142857,47609.76666666667,216.74782363369312,738.0424099242583,-0.004327113108240188,0.0006036636136552698,272,206,459.0,309.0,2021,7,2,21
2021-07-22,47624,47518,47670,47320,15980,0.08,47584.0,47861.0,8420.0,48009.142857142855,47565.76666666667,261.18666924787414,696.3955318479892,-0.005787593238753885,-0.004327113108240188,350,-106,272.0,206.0,2021,7,3,22
2021-07-23,47521,47560,47700,47333,14170,-0.22,47624.0,47584.0,15980.0,47971.57142857143,47520.73333333333,298.0060721695771,643.8207039594266,0.000840618695359785,-0.005787593238753885,367,39,350.0,-106.0,2021,7,4,23
2021-07-26,47455,47615,47770,47430,13070,-0.14,47521.0,47624.0,14170.0,47865.28571428572,47480.86666666667,308.40542272181233,602.921435568104,-0.0021627750713926197,0.000840618695359785,340,160,367.0,39.0,2021,7,0,26
2021-07-27,47551,47449,47609,47364,12870,0.2,47455.0,47521.0,13070.0,47736.28571428572,47452.1,251.58279902293364,581.8212991410434,-0.0013888596620441618,-0.0021627750713926197,245,-102,340.0,160.0,2021,7,1,27
2021-07-28,47535,47640,47650,47411,8780,-0.03,47551.0,47455.0,12870.0,47666.42857142857,47429.46666666667,218.9717311662052,563.4331177319636,0.002022969128648189,-0.0013888596620441618,239,105,245.0,-102.0,2021,7,2,28
2021-07-29,48210,47720,48250,47713,13670,1.42,47535.0,47551.0,8780.0,47590.142857142855,47404.666666666664,130.48937195334364,540.6646186697442,-0.0003364808311075995,0.002022969128648189,537,-490,239.0,105.0,2021,7,3,29
2021-07-30,47901,48239,48254,47830,2650,-0.64,48210.0,47535.0,13670.0,47640.0,47452.3,256.7826577782032,546.7383633213193,0.014200063111391659,-0.0003364808311075995,424,338,537.0,-490.0,2021,7,4,30
2021-08-02,47937,48094,48172,47720,170,0.08,47901.0,48210.0,2650.0,47685.28571428572,47495.933333333334,272.7188505235354,527.612118058973,-0.006409458618543917,0.014200063111391659,452,157,424.0,338.0,2021,8,0,2
2021-08-03,47854,47820,48168,47760,70,-0.17,47937.0,47901.0,170.0,47730.0,47530.36666666667,286.316258711079,521.3195117483816,0.0007515500720236545,-0.006409458618543917,408,-34,452.0,157.0,2021,8,1,3
2021-08-04,47872,47950,48300,47739,40,0.04,47854.0,47937.0,70.0,47777.57142857143,47564.23333333333,273.16530840609636,507.6112199025443,-0.0017314391805911544,0.0007515500720236545,561,78,408.0,-34.0,2021,8,2,4
2021-08-05,47959,47870,48199,47790,30,0.18,47872.0,47854.0,40.0,47837.142857142855,47595.933333333334,233.7159448121973,495.609338176945,0.00037614410498609807,-0.0017314391805911544,409,-89,561.0,78.0,2021,8,3,5
2021-08-06,46682,47550,47571,46621,23200,-2.66,47959.0,47872.0,30.0,47895.42857142857,47637.86666666667,198.71659648002242,469.8271680228019,0.0018173462566843934,0.00037614410498609807,950,868,409.0,-89.0,2021,8,4,6
2021-08-09,45949,46600,46600,45860,21360,-1.57,46682.0,47959.0,23200.0,47773.57142857143,47635.36666666667,495.8974548398081,474.84868611893404,-0.026626910486040156,0.0018173462566843934,740,651,950.0,868.0,2021,8,0,9
2021-08-10,45936,46089,46148,45708,16300,-0.03,45949.0,46682.0,21360.0,47450.57142857143,47606.3,804.5468408053821,547.5415367613621,-0.015701983633948813,-0.026626910486040156,440,153,740.0,651.0,2021,8,1,10
2021-08-11,46351,46029,46396,45915,15300,0.9,45936.0,45949.0,16300.0,47169.857142857145,47589.566666666666,950.7199778024913,590.4652568411337,-0.0002829223704542416,-0.015701983633948813,481,-322,440.0,153.0,2021,8,2,11
2021-08-12,46335,46288,46518,46160,12510,-0.03,46351.0,45936.0,15300.0,46943.28571428572,47574.03333333333,926.0928164952969,617.0222419999734,0.009034308603274033,-0.0002829223704542416,358,-47,481.0,-322.0,2021,8,3,12
2021-08-13,46886,46400,46925,46370,13880,1.19,46335.0,46351.0,12510.0,46726.28571428572,47552.36666666667,852.1419510646014,649.0028682407681,-0.00034519212098982344,0.009034308603274033,555,-486,358.0,-47.0,2021,8,4,13
2021-08-16,47138,46900,47190,46761,12470,0.54,46886.0,46335.0,13880.0,46585.42857142857,47539.03333333333,698.9084005670769,658.7003129611289,0.01189165857343255,-0.00034519212098982344,429,-238,555.0,-486.0,2021,8,0,16
2021-08-17,47206,47132,47455,47106,12460,0.14,47138.0,46886.0,12470.0,46468.142857142855,47524.73333333333,457.016202695356,662.7166624651012,0.005374738727978556,0.01189165857343255,349,-74,429.0,-238.0,2021,8,1,17
2021-08-18,47069,47324,47344,46965,11510,-0.29,47206.0,47138.0,12460.0,46543.0,47508.46666666667,534.2683470588,664.4056059303249,0.0014425728711442432,0.005374738727978556,379,255,349.0,-74.0,2021,8,2,18
2021-08-19,47119,47150,47422,47027,9100,0.11,47069.0,47206.0,11510.0,46703.0,47481.2,492.8312760661071,665.1198699298882,-0.0029021734525271903,0.0014425728711442432,395,31,379.0,255.0,2021,8,3,19
2021-08-20,47110,47199,47286,47011,9430,-0.02,47119.0,47069.0,9100.0,46872.0,47460.666666666664,374.6411616497671,666.5214554468254,0.0010622702840510367,-0.0029021734525271903,275,89,395.0,31.0,2021,8,4,20
2021-08-23,47511,47170,47549,47100,12350,0.85,47110.0,47119.0,9430.0,46980.42857142857,47434.4,301.397222476546,664.2154615082276,-0.0001910057513954122,0.0010622702840510367,449,-341,275.0,89.0,2021,8,0,23
2021-08-24,47532,47493,47634,47405,9450,0.04,47511.0,47110.0,12350.0,47148.42857142857,47425.833333333336,188.14963650398496,661.4159358725252,0.008511993207386936,-0.0001910057513954122,229,-39,449.0,-341.0,2021,8,1,24
2021-08-25,47108,47351,47398,47025,10430,-0.89,47532.0,47511.0,9450.0,47240.71428571428,47414.0,196.23261221707597,656.0344818495093,0.0004420029045906215,0.008511993207386936,373,243,229.0,-39.0,2021,8,2,25
2021-08-26,47163,47125,47285,46877,9960,0.12,47108.0,47532.0,10430.0,47236.42857142857,47375.433333333334,199.15559842307104,638.0430578529999,-0.008920306319952886,0.0004420029045906215,408,-38,373.0,243.0,2021,8,3,26
2021-08-27,47416,47312,47480,46777,13590,0.54,47163.0,47108.0,9960.0,47230.28571428572,47335.6,200.9060429592328,611.328660403494,0.0011675299312219334,-0.008920306319952886,703,-104,408.0,-38.0,2021,8,4,27
2021-08-30,47049,47276,47466,47005,3010,-0.77,47416.0,47163.0,13590.0,47279.857142857145,47314.8,197.25400594016546,596.9827814732677,0.0053643746156946115,0.0011675299312219334,461,227,703.0,-104.0,2021,8,0,30
2021-08-31,47060,47220,47260,46800,190,0.02,47049.0,47416.0,3010.0,47269.857142857145,47280.8,208.23658706571237,581.3900346669561,-0.0077400033743884045,0.0053643746156946115,460,160,461.0,227.0,2021,8,1,31
2021-09-01,47093,47060,47599,46964,60,0.07,47060.0,47049.0,190.0,47262.71428571428,47254.1,215.3692289167711,572.1451075856405,0.00023379880550056242,-0.0077400033743884045,635,-33,460.0,160.0,2021,9,2,1
2021-09-02,47048,47142,47243,46929,20,-0.1,47093.0,47060.0,60.0,47203.0,47237.73333333333,191.7028951328049,569.3987714386067,0.0007012324691881844,0.00023379880550056242,314,94,635.0,-33.0,2021,9,3,2
2021-09-03,47342,47299,47500,47295,10,0.62,47048.0,47093.0,20.0,47133.857142857145,47218.53333333333,130.90636421799425,565.6235944256292,-0.0009555560274350228,0.0007012324691881844,205,-43,314.0,94.0,2021,9,4,3
2021-09-06,47450,47534,47534,47402,5740,0.23,47342.0,47048.0,10.0,47167.28571428572,47212.566666666666,151.46585345946283,563.2620926830847,0.006248937255568743,-0.0009555560274350228,132,84,205.0,-43.0,2021,9,0,6
2021-09-07,46989,47469,47469,46910,16580,-0.97,47450.0,47342.0,5740.0,47208.28571428572,47212.4,185.19963489220115,563.1886191019059,0.0022812724430738562,0.006248937255568743,559,480,132.0,84.0,2021,9,1,7
2021-09-08,47072,47047,47170,46800,12500,0.18,46989.0,47450.0,16580.0,47147.28571428572,47193.666666666664,175.44582667460784,560.879563769023,-0.009715489989462589,0.0022812724430738562,370,-25,559.0,480.0,2021,9,2,8
2021-09-09,47021,46984,47128,46770,14580,-0.11,47072.0,46989.0,12500.0,47150.57142857143,47178.23333333333,173.50298474834457,557.5234452023363,0.0017663708527526634,-0.009715489989462589,358,-37,370.0,-25.0,2021,9,3,9
2021-09-10,46858,46987,47030,46810,6110,-0.35,47021.0,47072.0,14580.0,47145.0,47138.6,177.4767590483286,522.8303344460346,-0.0010834466349421978,0.0017663708527526634,220,129,358.0,-37.0,2021,9,4,10
2021-09-13,46946,46930,47060,46800,12220,0.19,46858.0,47021.0,6110.0,47111.42857142857,47103.833333333336,208.4721061675086,504.7504049137887,-0.0034665362284936885,-0.0010834466349421978,260,-16,220.0,129.0,2021,9,0,13
2021-09-14,47267,46924,47325,46672,21080,0.68,46946.0,46858.0,12220.0,47096.857142857145,47070.8,217.0333527197466,480.1732733191866,0.001878014426565322,-0.0034665362284936885,653,-343,260.0,-16.0,2021,9,1,14
2021-09-15,46949,47247,47281,46920,14360,-0.67,47267.0,46946.0,21080.0,47086.142857142855,47051.23333333333,204.39783803351233,458.63483207413867,0.00683764324969105,0.001878014426565322,361,298,653.0,-343.0,2021,9,2,15
2021-09-16,46120,46984,46984,45876,24980,-1.77,46949.0,47267.0,14360.0,47014.57142857143,47020.46666666667,129.89079663284423,431.85356180868615,-0.006727738168278097,0.00683764324969105,1108,864,361.0,298.0,2021,9,3,16
2021-09-17,46025,46090,46263,45903,13910,-0.21,46120.0,46949.0,24980.0,46890.42857142857,46959.166666666664,363.536727695076,424.49532577576724,-0.017657458092824152,-0.006727738168278097,360,65,1108.0,864.0,2021,9,4,17
2021-09-20,46297,46020,46395,45913,14800,0.59,46025.0,46120.0,13910.0,46740.857142857145,46937.26666666667,474.7544728868768,455.1297604495406,-0.002059843885516055,-0.017657458092824152,482,-277,360.0,65.0,2021,9,0,20
2021-09-21,46641,46297,46798,46163,17710,0.74,46297.0,46025.0,14800.0,46637.42857142857,46948.86666666667,482.3549374854259,432.96824230751037,0.005909831613253758,-0.002059843885516055,635,-344,482.0,-277.0,2021,9,1,21
2021-09-22,46682,46663,46765,46575,9690,0.09,46641.0,46297.0,17710.0,46606.42857142857,46972.36666666667,472.69294372763954,393.4243548444653,0.007430287059636775,0.005909831613253758,190,-19,635.0,-344.0,2021,9,2,22
2021-09-23,46083,46521,46550,45964,18760,-1.28,46682.0,46641.0,9690.0,46568.71428571428,46983.4,451.1240458722921,379.80317951366703,0.0008790549087711597,0.007430287059636775,586,438,190.0,-19.0,2021,9,3,23
2021-09-24,45995,46100,46146,45805,12760,-0.19,46083.0,46682.0,18760.0,46399.57142857143,46975.0,358.0334514863477,397.03400357686985,-0.012831498222012794,0.0008790549087711597,341,105,586.0,438.0,2021,9,4,24
2021-09-27,46064,46135,46215,45910,14400,0.15,45995.0,46083.0,12760.0,46263.28571428572,46945.3,288.93985204105775,435.3936110555658,-0.001909597899442339,-0.012831498222012794,305,71,341.0,105.0,2021,9,0,27
2021-09-28,45819,46008,46072,45679,17770,-0.53,46064.0,45995.0,14400.0,46255.28571428572,46909.5,294.29390881255904,462.3242443273301,0.0015001630612023753,-0.001909597899442339,393,189,305.0,71.0,2021,9,1,28
2021-09-29,45550,45842,45960,45488,7360,-0.59,45819.0,46064.0,17770.0,46225.857142857145,46863.26666666667,329.3693107431425,499.5073388905163,-0.005318687044112536,0.0015001630612023753,472,292,393.0,189.0,2021,9,2,29
2021-09-30,46221,45790,46377,45507,310,1.47,45550.0,45819.0,7360.0,46119.142857142855,46812.63333333333,412.89846555710386,552.1478739512979,-0.005870926908051244,-0.005318687044112536,870,-431,472.0,292.0,2021,9,3,30
2021-10-01,46315,46303,46360,46125,190,0.2,46221.0,45550.0,310.0,46059.142857142855,46782.7,350.1787298786287,559.2618380012833,0.01473106476399555,-0.005870926908051244,235,-12,870.0,-431.0,2021,10,4,1
2021-10-04,46618,46299,46640,46209,50,0.65,46315.0,46221.0,190.0,46006.71428571428,46756.2,256.2620496630426,562.0464700352268,0.0020337076220764416,0.01473106476399555,431,-319,235.0,-12.0,2021,10,0,4
2021-10-05,46459,46556,46557,46345,20,-0.34,46618.0,46315.0,50.0,46083.142857142855,46726.433333333334,346.6465195643497,544.0520185119049,0.006542156968584623,0.0020337076220764416,212,97,431.0,-319.0,2021,10,1,5
2021-10-06,46781,46550,46874,46451,14920,0.69,46459.0,46618.0,20.0,46149.42857142857,46690.666666666664,370.52343927191487,524.1739204184823,-0.0034106997297180808,0.006542156968584623,423,-231,212.0,97.0,2021,10,2,6
2021-10-07,46737,46747,46869,46612,11490,-0.09,46781.0,46459.0,14920.0,46251.857142857145,46679.76666666667,436.2470357409306,518.566304960114,0.006930842248003666,-0.0034106997297180808,257,10,423.0,-231.0,2021,10,3,7
2021-10-08,46922,46740,47225,46702,19610,0.4,46737.0,46781.0,11490.0,46383.0,46665.566666666666,422.19229426365644,510.64973374224127,-0.0009405527885252285,0.006930842248003666,523,-182,257.0,10.0,2021,10,4,8
2021-10-11,46941,46910,47090,46750,10000,0.04,46922.0,46737.0,19610.0,46579.0,46649.1,257.29295884059934,493.2861203683265,0.003958319960630785,-0.0009405527885252285,340,-31,523.0,-182.0,2021,10,0,11
2021-10-12,47097,47025,47280,46941,14250,0.33,46941.0,46922.0,10000.0,46681.857142857145,46645.5,233.10257297184987,490.6540849017708,0.00040492732620101,0.003958319960630785,339,-72,340.0,-31.0,2021,10,1,12
2021-10-13,47753,47060,47845,47024,23580,1.39,47097.0,46941.0,14250.0,46793.57142857143,46646.73333333333,214.63912127858444,491.77713856918945,0.003323320764363702,0.00040492732620101,821,-693,339.0,-72.0,2021,10,2,13
2021-10-14,47748,47682,47954,47651,12460,-0.01,47753.0,47097.0,23580.0,46955.71428571428,46668.73333333333,404.5708484689281,526.0015034251371,0.013928700341847566,0.003323320764363702,303,-66,821.0,-693.0,2021,10,3,14
2021-10-15,47106,47706,47706,47015,13810,-1.34,47748.0,47753.0,12460.0,47139.857142857145,46692.066666666666,433.146791353056,557.960876967366,-0.00010470546353114063,0.013928700341847566,691,600,303.0,-66.0,2021,10,4,15
2021-10-18,47186,47200,47295,47077,14020,0.17,47106.0,47748.0,13810.0,47186.28571428572,46684.2,404.75824648491755,550.0896729372128,-0.013445589344056263,-0.00010470546353114063,218,14,691.0,600.0,2021,10,0,18
2021-10-19,47196,47199,47525,47140,14500,0.02,47186.0,47106.0,14020.0,47250.42857142857,46675.4,354.0992596950689,539.4246999284146,0.0016982974567996134,-0.013445589344056263,385,3,218.0,14.0,2021,10,1,19
2021-10-20,47380,47260,47449,47174,14480,0.39,47196.0,47186.0,14500.0,47289.57142857143,46682.3,325.752900805602,544.8708261943256,0.00021192726656216188,0.0016982974567996134,275,-120,385.0,3.0,2021,10,2,20
2021-10-21,47314,47430,47460,47250,11820,-0.14,47380.0,47196.0,14480.0,47352.28571428572,46692.566666666666,287.4698327898423,555.2694085651221,0.003898635477582957,0.00021192726656216188,210,116,275.0,-120.0,2021,10,3,21
2021-10-22,47668,47439,48050,47375,20490,0.75,47314.0,47380.0,11820.0,47383.28571428572,46702.333333333336,266.2709862105793,563.7573660826058,-0.0013929928239763134,0.003898635477582957,675,-229,210.0,116.0,2021,10,4,22
2021-10-25,48030,47770,48140,47730,10400,0.76,47668.0,47314.0,20490.0,47371.142857142855,46729.333333333336,247.90551195860695,590.2442120693428,0.007481929238703167,-0.0013929928239763134,410,-260,675.0,-229.0,2021,10,0,25
2021-10-26,47680,47996,48125,47480,12420,-0.73,48030.0,47668.0,10400.0,47411.42857142857,46765.46666666667,329.0019539707989,635.4167643083659,0.007594193169421892,0.007481929238703167,645,316,410.0,-260.0,2021,10,1,26
2021-10-27,47804,47690,47870,47500,11680,0.26,47680.0,48030.0,12420.0,47493.42857142857,46779.23333333333,311.24205861345473,650.9417413033276,-0.007287112221528225,0.007594193169421892,370,-114,645.0,316.0,2021,10,2,27
2021-10-28,47777,47889,48039,47610,4590,-0.06,47804.0,47680.0,11680.0,47581.71428571428,46807.73333333333,296.8196502326473,676.8330886425023,0.0026006711409396477,-0.007287112221528225,429,112,370.0,-114.0,2021,10,3,28
2021-10-29,47502,47669,47862,47350,630,-0.58,47777.0,47804.0,4590.0,47664.71428571428,46862.96666666667,248.2436399270575,686.3186895855641,-0.0005648062923604424,0.0026006711409396477,512,167,429.0,112.0,2021,10,4,29
2021-11-01,47692,47649,47850,47510,100,0.4,47502.0,47777.0,630.0,47682.142857142855,46912.2,228.41368068953292,677.047973645124,-0.005755907654310666,-0.0005648062923604424,340,-43,512.0,167.0,2021,11,0,1
2021-11-02,47683,47866,47939,47600,20,-0.02,47692.0,47502.0,100.0,47736.142857142855,46958.7,161.86046313458698,681.2304865890411,0.00399983158603856,-0.005755907654310666,339,183,340.0,-43.0,2021,11,1,2
2021-11-03,46961,47550,47550,46839,40,-1.51,47683.0,47692.0,20.0,47738.28571428572,46993.433333333334,160.9044377808507,690.9678211619741,-0.0001887108949090166,0.00399983158603856,711,589,339.0,183.0,2021,11,2,3
2021-11-04,47559,47147,47592,47147,5710,1.27,46961.0,47683.0,40.0,47585.57142857143,47002.73333333333,291.8806018162381,688.5047733928742,-0.015141664744248495,-0.0001887108949090166,445,-412,711.0,589.0,2021,11,3,4
2021-11-05,47959,47520,47990,47315,13760,0.84,47559.0,46961.0,5710.0,47568.28571428572,47051.933333333334,288.92427744577043,673.0791280673761,0.012733970741679368,-0.015141664744248495,675,-439,445.0,-412.0,2021,11,4,5
2021-11-08,48025,48000,48144,47821,14860,0.14,47959.0,47559.0,13760.0,47590.42857142857,47117.4,314.7823889344451,662.1572685337788,0.008410605773880864,0.012733970741679368,323,-25,675.0,-439.0,2021,11,0,8
2021-11-09,48263,48034,48280,47981,15130,0.5,48025.0,47959.0,14860.0,47625.857142857145,47182.76666666667,351.1374035798556,651.2856613191506,0.0013761754832253281,0.008410605773880864,299,-229,323.0,-25.0,2021,11,1,9
2021-11-10,48857,48250,49244,48166,27480,1.23,48263.0,48025.0,15130.0,47734.57142857143,47264.23333333333,417.86435484490823,627.2258947020136,0.004955752212389308,0.0013761754832253281,1078,-607,299.0,-229.0,2021,11,2,10
2021-11-11,49208,48983,49349,48900,15050,0.72,48857.0,48263.0,27480.0,47901.0,47374.46666666667,593.2689103621904,605.7974358888927,0.012307564801193438,0.004955752212389308,449,-225,1078.0,-607.0,2021,11,3,11
2021-11-12,49277,49087,49300,48872,16510,0.14,49208.0,48857.0,15050.0,48118.857142857145,47474.03333333333,757.2208899606692,653.2855679789249,0.007184231532840757,0.012307564801193438,428,-190,449.0,-225.0,2021,11,4,12
2021-11-15,49269,49170,49436,49081,14670,-0.02,49277.0,49208.0,16510.0,48449.71428571428,47572.76666666667,667.6697572634769,694.5989010425632,0.0014022110225979656,0.007184231532840757,355,-99,428.0,-190.0,2021,11,0,15
2021-11-16,49038,49294,49579,49004,21990,-0.47,49269.0,49277.0,14670.0,48694.0,47661.13333333333,596.4933640332557,736.3219279672376,-0.00016234754550803476,0.0014022110225979656,575,256,355.0,-99.0,2021,11,1,16
2021-11-17,49262,49069,49288,48976,13310,0.46,49038.0,49269.0,21990.0,48848.142857142855,47747.1,507.7100316055036,741.6630590097055,-0.0046885465505692725,-0.00016234754550803476,312,-193,575.0,256.0,2021,11,2,17
2021-11-18,49047,49200,49237,48960,13690,-0.44,49262.0,49038.0,13310.0,49024.857142857145,47829.8,370.07541059384675,768.0753554960055,0.004567886129124288,-0.0046885465505692725,277,153,312.0,-193.0,2021,11,3,18
2021-11-19,48829,49101,49275,48705,13290,-0.44,49047.0,49262.0,13690.0,49136.857142857145,47906.8,160.20344209642434,770.5293030720645,-0.0043644188218099345,0.004567886129124288,570,272,277.0,153.0,2021,11,4,19
2021-11-22,47963,48782,48900,47910,22470,-1.77,48829.0,49047.0,13290.0,49132.857142857145,47970.36666666667,168.49077974637723,765.1266959894315,-0.004444716292535733,-0.0043644188218099345,990,819,570.0,272.0,2021,11,0,22
2021-11-23,47460,48001,48050,47400,16920,-1.05,47963.0,48829.0,22470.0,48955.0,48004.433333333334,467.58635566320027,740.0556681427306,-0.017735362182309644,-0.004444716292535733,650,541,990.0,819.0,2021,11,1,23
2021-11-24,47469,47499,47700,47268,11910,0.02,47460.0,47963.0,16920.0,48695.42857142857,48016.53333333333,703.7425801029824,727.5696309029474,-0.010487250588995689,-0.017735362182309644,432,30,650.0,541.0,2021,11,2,24
2021-11-25,47444,47542,47588,47371,6430,-0.05,47469.0,47460.0,11910.0,48438.28571428572,48007.066666666666,783.5610408668098,732.944554203379,0.00018963337547406312,-0.010487250588995689,217,98,432.0,30.0,2021,11,3,25
2021-11-26,47610,47600,48180,47512,16920,0.35,47444.0,47469.0,6430.0,48210.57142857143,47996.933333333334,811.3545992453919,738.7284477643939,-0.0005266595040973598,0.00018963337547406312,668,-10,217.0,98.0,2021,11,4,26
2021-11-29,47613,47800,47969,47593,3060,0.01,47610.0,47444.0,16920.0,47974.57142857143,48013.73333333333,684.9683343410663,723.3389978034406,0.0034988618160356477,-0.0005266595040973598,376,187,668.0,-10.0,2021,11,0,29
2021-11-30,47439,47660,48119,47290,110,-0.37,47613.0,47610.0,3060.0,47769.71428571428,48027.96666666667,500.3257986195122,710.5783697358004,6.301197227465138e-05,0.0034988618160356477,829,221,376.0,187.0,2021,11,1,30
2021-12-01,47525,47488,47625,47429,30,0.18,47439.0,47613.0,110.0,47571.142857142855,48036.066666666666,188.51474617691952,702.1020621984269,-0.0036544641169428127,6.301197227465138e-05,196,-37,829.0,221.0,2021,12,2,1
2021-12-02,47307,47450,47465,47150,280,-0.46,47525.0,47439.0,30.0,47508.57142857143,48040.9,75.71626234361962,697.9165225225362,0.0018128544024957893,-0.0036544641169428127,315,143,196.0,-37.0,2021,12,3,2
2021-12-03,47425,47280,47427,47243,60,0.25,47307.0,47525.0,280.0,47486.71428571428,48040.666666666664,107.49064190697072,698.1690504345366,-0.004587059442398789,0.0018128544024957893,184,-145,315.0,143.0,2021,12,4,3
2021-12-06,47787,47800,47882,47711,8500,0.76,47425.0,47307.0,60.0,47480.42857142857,48032.566666666666,109.95735105009238,704.0267766889325,0.0024943454457058145,-0.004587059442398789,171,13,184.0,-145.0,2021,12,0,6
2021-12-07,47922,47840,48030,47594,12770,0.28,47787.0,47425.0,8500.0,47529.42857142857,48024.46666666667,157.26607723840354,705.453766088262,0.007633104902477594,0.0024943454457058145,436,-82,171.0,13.0,2021,12,1,7
2021-12-08,47900,47995,48125,47830,10880,-0.05,47922.0,47787.0,12770.0,47574.0,48032.53333333333,216.83711245004145,702.7575111917249,0.0028250360976833644,0.007633104902477594,295,95,436.0,-82.0,2021,12,2,8
2021-12-09,47802,47900,48000,47723,9800,-0.2,47900.0,47922.0,10880.0,47615.0,48035.73333333333,250.03266453740432,701.8990463453594,-0.00045907933725641836,0.0028250360976833644,277,98,295.0,95.0,2021,12,3,9
2021-12-10,47993,47831,48088,47723,11580,0.4,47802.0,47900.0,9800.0,47666.857142857145,48036.566666666666,245.03974410862344,701.5960466250044,-0.0020459290187891943,-0.00045907933725641836,365,-162,277.0,98.0,2021,12,4,10
2021-12-13,48106,48002,48150,47970,9500,0.24,47993.0,47802.0,11580.0,47733.71428571428,48052.933333333334,263.06635049783756,694.3857088389952,0.003995648717626921,-0.0020459290187891943,180,-104,365.0,-162.0,2021,12,0,13
2021-12-14,47895,48154,48154,47760,12200,-0.44,48106.0,47993.0,9500.0,47847.857142857145,48066.73333333333,216.23091713758365,691.0712290888076,0.002354510032713142,0.003995648717626921,394,259,180.0,-104.0,2021,12,1,14
2021-12-15,47900,47870,48038,47780,8170,0.01,47895.0,48106.0,12200.0,47915.0,48073.8,109.84231122699146,688.0894789419734,-0.00438614725813824,0.002354510032713142,258,-30,394.0,259.0,2021,12,2,15
2021-12-16,48407,48008,48428,47994,13340,1.06,47900.0,47895.0,8170.0,47931.142857142855,48105.1,95.22679696124065,656.3493261420972,0.00010439503079662238,-0.00438614725813824,434,-399,258.0,-30.0,2021,12,3,16
2021-12-17,48467,48300,48638,48300,15390,0.12,48407.0,47900.0,13340.0,48000.42857142857,48133.36666666667,202.96211235098983,650.2515949828627,0.01058455114822543,0.00010439503079662238,338,-167,434.0,-399.0,2021,12,4,17
2021-12-20,48130,48402,48499,48100,9820,-0.7,48467.0,48407.0,15390.0,48081.42857142857,48150.3,261.0356662411834,652.1659483092296,0.0012394901563823613,0.01058455114822543,399,272,338.0,-167.0,2021,12,0,20
2021-12-21,47933,48130,48173,47830,11300,-0.41,48130.0,48467.0,9820.0,48128.28571428572,48153.8,230.12584549386366,651.7519308038068,-0.006953184641095955,0.0012394901563823613,343,197,399.0,272.0,2021,12,1,21
2021-12-22,48026,47951,48046,47825,7080,0.19,47933.0,48130.0,11300.0,48119.71428571428,48142.8,237.01878567798258,652.6295564308907,-0.004093081238312868,-0.006953184641095955,221,-75,343.0,197.0,2021,12,2,22
2021-12-23,48012,47900,48195,47880,7160,-0.03,48026.0,47933.0,7080.0,48108.28571428572,48115.1,239.70378546085814,638.7589448699111,0.0019402082072892401,-0.004093081238312868,315,-112,221.0,-75.0,2021,12,3,23
2021-12-24,47982,48053,48099,47931,3840,-0.06,48012.0,48026.0,7160.0,48125.0,48075.23333333333,226.0427688197395,604.6057526091763,-0.00029150876608508014,0.0019402082072892401,168,71,315.0,-112.0,2021,12,4,24
2021-12-27,47933,47996,48074,47886,6530,-0.1,47982.0,48012.0,3840.0,48136.71428571428,48032.066666666666,214.2566329527885,560.4629818454988,-0.0006248437890526981,-0.00029150876608508014,188,63,168.0,71.0,2021,12,0,27
2021-12-28,47888,47962,48094,47837,8530,-0.09,47933.0,47982.0,6530.0,48069.0,47987.53333333333,187.87584553554026,509.5555015811006,-0.0010212162894418508,-0.0006248437890526981,257,74,188.0,63.0,2021,12,1,28
2021-12-29,47673,47864,47864,47463,10190,-0.45,47888.0,47933.0,8530.0,47986.28571428572,47949.2,79.84300072182488,469.4861754745144,-0.0009388104228819083,-0.0010212162894418508,401,191,257.0,74.0,2021,12,2,29
2021-12-30,47746,47614,47848,47402,5050,0.15,47673.0,47888.0,10190.0,47921.0,47896.23333333333,119.65784555289211,400.8946618268108,-0.0044896424991647255,-0.0009388104228819083,446,-132,401.0,191.0,2021,12,3,30
2021-12-31,47994,47800,48159,47706,860,0.52,47746.0,47673.0,5050.0,47894.28571428572,47852.86666666667,136.25553724869636,337.46854088660626,0.0015312650766681202,-0.0044896424991647255,453,-194,446.0,-132.0,2021,12,4,31
2022-01-03,47473,47940,48100,47327,210,-1.09,47994.0,47746.0,860.0,47889.71428571428,47825.03333333333,131.55570973646164,284.45392127639536,0.005194152389728979,0.0015312650766681202,773,467,453.0,-194.0,2022,1,0,3
2022-01-04,47763,47730,47842,47402,80,0.61,47473.0,47994.0,210.0,47812.71428571428,47808.7,191.9355050468694,290.26719556948296,-0.010855523607117501,0.005194152389728979,440,-33,773.0,467.0,2022,1,1,4
2022-01-05,47974,47924,48099,47872,90,0.44,47763.0,47473.0,80.0,47781.42857142857,47818.8,177.0111645724953,282.8934733032284,0.006108735491753281,-0.010855523607117501,227,-50,440.0,-33.0,2022,1,2,5
2022-01-06,47499,48030,48030,47450,18240,-0.99,47974.0,47763.0,90.0,47787.28571428572,47835.63333333333,183.4245660508154,276.3093572713802,0.004417645457781116,0.006108735491753281,580,531,227.0,-50.0,2022,1,3,6
2022-01-07,47481,47501,47570,47300,12490,-0.04,47499.0,47974.0,18240.0,47731.71428571428,47837.46666666667,205.43264451135772,273.79223601470125,-0.009901196481427399,0.004417645457781116,270,20,580.0,531.0,2022,1,4,7
2022-01-10,47471,47400,47523,47333,11650,-0.02,47481.0,47499.0,12490.0,47704.28571428572,47833.166666666664,226.3328774856407,278.46105197576134,-0.0003789553464284001,-0.009901196481427399,190,-71,270.0,20.0,2022,1,0,10
2022-01-11,47694,47550,47712,47492,9950,0.47,47471.0,47481.0,11650.0,47665.0,47828.433333333334,241.25988753974846,283.4939254081298,-0.00021061056001348,-0.0003789553464284001,220,-144,190.0,-71.0,2022,1,1,11
2022-01-12,47802,47650,47848,47643,9530,0.23,47694.0,47471.0,9950.0,47622.142857142855,47836.933333333334,195.35474448509012,275.113886546818,0.004697604853489468,-0.00021061056001348,205,-152,220.0,-144.0,2022,1,2,12
2022-01-13,47759,47794,47926,47671,9070,-0.09,47802.0,47694.0,9530.0,47669.142857142855,47846.166666666664,193.05562978798358,268.8610823555113,0.0022644357780852165,0.004697604853489468,255,35,205.0,-152.0,2022,1,3,13
2022-01-14,47803,47800,47989,47780,12530,0.09,47759.0,47802.0,9070.0,47668.57142857143,47861.23333333333,192.73717609734197,249.57822120915685,-0.0008995439521358728,0.0022644357780852165,209,-3,255.0,35.0,2022,1,4,14
2022-01-17,47908,47814,47970,47806,4650,0.22,47803.0,47759.0,12530.0,47644.142857142855,47873.833333333336,154.64629382185302,235.96596529539443,0.0009212923218659963,-0.0008995439521358728,164,-94,209.0,-3.0,2022,1,0,17
2022-01-18,47926,47920,48034,47790,10820,0.04,47908.0,47803.0,4650.0,47702.57142857143,47877.86666666667,167.40654820917692,235.46413934125474,0.0021965148630838094,0.0009212923218659963,244,-6,164.0,-94.0,2022,1,1,18
2022-01-19,48368,47934,48399,47922,13010,0.92,47926.0,47908.0,10820.0,47766.142857142855,47878.0,153.126775993517,235.49112289361318,0.0003757201302496682,0.0021965148630838094,477,-434,244.0,-6.0,2022,1,2,19
2022-01-20,48372,48368,48538,48296,8930,0.01,48368.0,47926.0,13010.0,47894.28571428572,47893.6,223.9290916732313,251.92645340894668,0.009222551433459847,0.0003757201302496682,242,-4,477.0,-434.0,2022,1,3,20
2022-01-21,48243,48394,48501,48125,9810,-0.27,48372.0,48368.0,8930.0,47991.142857142855,47912.6,265.610258699039,265.88740162144035,8.269930532578407e-05,0.009222551433459847,376,151,242.0,-4.0,2022,1,4,21
2022-01-24,48537,48270,48597,48255,11200,0.61,48243.0,48372.0,9810.0,48054.142857142855,47920.933333333334,265.57072415115846,272.333711778188,-0.002666832051600121,8.269930532578407e-05,342,-267,376.0,151.0,2022,1,0,24
2022-01-25,48836,48560,48888,48527,9160,0.62,48537.0,48243.0,11200.0,48165.28571428572,47935.3,283.6486760606042,293.01643474497035,0.006094148373857244,-0.002666832051600121,361,-276,342.0,-267.0,2022,1,1,25
2022-01-27,47974,48701,48701,47880,10780,-1.77,48836.0,48537.0,9160.0,48312.857142857145,47966.666666666664,328.8629038462272,335.79656539264954,0.006160248882296049,0.006094148373857244,821,727,361.0,-276.0,2022,1,3,27
2022-01-28,47652,47833,48039,47517,6980,-0.67,47974.0,48836.0,10780.0,48322.28571428572,47969.13333333333,316.0161991063142,335.561673582928,-0.017650913260709333,0.006160248882296049,522,181,821.0,727.0,2022,1,4,28
2022-01-31,47840,47652,47904,47564,2300,0.39,47652.0,47974.0,6980.0,48283.142857142855,47943.96666666667,383.1259273304791,329.85330943208095,-0.006711968983199257,-0.017650913260709333,340,-188,522.0,181.0,2022,1,0,31
2022-02-01,47966,48509,48509,47501,450,0.26,47840.0,47652.0,2300.0,48207.71428571428,47923.066666666666,414.33911807149934,315.10446360640196,0.003945269873247614,-0.006711968983199257,1008,543,340.0,-188.0,2022,2,1,1
2022-02-02,48049,48151,48151,47915,630,0.17,47966.0,47840.0,450.0,48149.71428571428,47917.6,415.9225546071456,312.80484165321116,0.0026337792642141533,0.003945269873247614,236,102,1008.0,543.0,2022,2,2,2
2022-02-03,47884,47980,48070,47500,70,-0.34,48049.0,47966.0,630.0,48122.0,47921.46666666667,415.13331192404826,313.7173924012237,0.001730392361255939,0.0026337792642141533,570,96,236.0,102.0,2022,2,3,3
2022-02-04,48081,48009,48900,47953,30,0.41,47884.0,48049.0,70.0,48028.71428571428,47916.73333333333,378.04704922923844,313.1565581003069,-0.0034339944639847353,0.001730392361255939,947,-72,570.0,96.0,2022,2,4,4
2022-02-07,48168,47950,48181,47925,7880,0.18,48081.0,47884.0,30.0,47920.857142857145,47919.03333333333,145.5500241366296,314.1322457377865,0.004114109096984286,-0.0034339944639847353,256,-218,947.0,-72.0,2022,2,0,7
2022-02-08,48345,48185,48394,48106,7950,0.37,48168.0,48081.0,7880.0,47948.57142857143,47925.23333333333,173.19916969580535,317.2380465156912,0.001809446558931782,0.004114109096984286,288,-160,256.0,-218.0,2022,2,1,8
2022-02-09,48575,48396,48600,48327,9230,0.48,48345.0,48168.0,7950.0,48047.57142857143,47938.96666666667,173.4847324213762,326.3721678547263,0.0036746387643249445,0.001809446558931782,273,-179,288.0,-160.0,2022,2,2,9
2022-02-10,48867,48550,48936,48400,10510,0.6,48575.0,48345.0,9230.0,48152.57142857143,47961.86666666667,237.52253026464012,346.1738384582946,0.004757472334264046,0.0036746387643249445,536,-317,273.0,-179.0,2022,2,3,10
2022-02-11,49024,48694,49048,48560,9900,0.32,48867.0,48575.0,10510.0,48281.28571428572,48001.666666666664,341.10834754410524,378.9074432772148,0.006011322696860555,0.004757472334264046,488,-330,536.0,-317.0,2022,2,4,11
2022-02-14,49827,49180,49915,49152,11920,1.64,49024.0,48867.0,9900.0,48420.57142857143,48044.26666666667,420.31609420766483,418.90299537767476,0.00321280209548358,0.006011322696860555,763,-647,488.0,-330.0,2022,2,0,14
2022-02-15,49332,49950,50250,49157,16140,-0.99,49827.0,49024.0,11920.0,48698.142857142855,48105.36666666667,607.0152190784418,530.2090338124967,0.016379732375979117,0.00321280209548358,1093,618,763.0,-647.0,2022,2,1,15
2022-02-16,49546,49332,49598,49182,9160,0.43,49332.0,49827.0,16140.0,48876.857142857145,48167.333333333336,578.5243955036411,561.4658360520394,-0.009934372930338942,0.016379732375979117,416,-214,1093.0,618.0,2022,2,2,16
2022-02-17,50277,49482,50381,49482,16180,1.48,49546.0,49332.0,9160.0,49073.71428571428,48226.76666666667,529.488342425296,609.5034543919156,0.004337955079867006,-0.009934372930338942,899,-795,416.0,-214.0,2022,2,3,17
2022-02-18,50034,49922,50178,49760,11360,-0.48,50277.0,49546.0,16180.0,49349.71428571428,48303.53333333333,586.7690386892389,712.8406376664931,0.014753966011383346,0.004337955079867006,418,-112,899.0,-795.0,2022,2,4,18
2022-02-21,49998,50100,50100,49713,9240,-0.07,50034.0,50277.0,11360.0,49558.142857142855,48388.03333333333,521.1773302113238,762.6890939426809,-0.004833223939375908,0.014753966011383346,387,102,418.0,-112.0,2022,2,0,21
2022-02-22,50186,50150,50577,49961,15450,0.38,49998.0,50034.0,9240.0,49719.71428571428,48471.933333333334,440.2297560338642,797.1339148204826,-0.0007195107327017114,-0.004833223939375908,616,-36,387.0,102.0,2022,2,1,22
2022-02-23,50226,50186,50269,49850,8400,0.08,50186.0,49998.0,15450.0,49885.71428571428,48562.433333333334,342.3753857453919,832.8948554445409,0.003760150406016294,-0.0007195107327017114,419,-40,616.0,-36.0,2022,2,2,23
2022-02-24,51403,50360,52635,50360,24780,2.34,50226.0,50186.0,8400.0,49942.71428571428,48646.833333333336,363.5311606510608,869.3493041578656,0.0007970350296895301,0.003760150406016294,2275,-1043,419.0,-40.0,2022,2,3,24
2022-02-25,50039,51180,51180,49888,11190,-2.65,51403.0,50226.0,24780.0,50238.57142857143,48766.86666666667,568.5759571508725,989.0390576045703,0.023434077967586564,0.0007970350296895301,1292,1141,2275.0,-1043.0,2022,2,4,25
2022-02-28,50530,50680,50970,50246,2200,0.98,50039.0,51403.0,11190.0,50309.0,48842.86666666667,494.15314765338434,996.4938096344307,-0.0265354162208431,0.023434077967586564,724,150,1292.0,1141.0,2022,2,0,28
2022-03-01,51565,51168,51696,50843,500,2.05,50530.0,50039.0,2200.0,50345.142857142855,48933.76666666667,500.6324095843426,1022.407729021973,0.009812346369831637,-0.0265354162208431,853,-397,724.0,150.0,2022,3,1,1
2022-03-02,51133,51684,51811,51020,220,-0.84,51565.0,50530.0,500.0,50563.857142857145,49055.666666666664,653.2211030931522,1110.1353236329562,0.02048288145656052,0.009812346369831637,791,551,853.0,-397.0,2022,3,2,2
2022-03-03,51569,51351,51725,51250,40,0.85,51133.0,51565.0,220.0,50726.0,49162.566666666666,629.7994389770178,1151.2504650723758,-0.008377775623000128,0.02048288145656052,475,-218,791.0,551.0,2022,3,3,3
2022-03-04,52274,51752,52448,51366,120,1.37,51569.0,51133.0,40.0,50923.57142857143,49269.26666666667,648.8055325365706,1221.2767466672083,0.008526783095065715,-0.008377775623000128,1082,-522,475.0,-218.0,2022,3,4,4
2022-03-07,53461,52558,53938,52558,32759,2.27,52274.0,51569.0,120.0,51216.142857142855,49399.333333333336,737.5134865611628,1325.737331170987,0.013671003897690381,0.008526783095065715,1380,-903,1082.0,-522.0,2022,3,0,7
2022-03-08,54146,53467,55428,53340,51930,1.28,53461.0,52274.0,32759.0,51510.142857142855,49573.26666666667,1130.115986463168,1499.680999028313,0.022707273214217283,0.013671003897690381,2088,-679,1380.0,-903.0,2022,3,1,8
2022-03-09,52724,54663,55000,52589,48040,-2.63,54146.0,53461.0,51930.0,52096.857142857145,49760.23333333333,1293.3689121281868,1702.023089986307,0.012813078692878843,0.022707273214217283,2411,1939,2088.0,-679.0,2022,3,2,9
2022-03-10,53183,52680,53439,52410,33010,0.87,52724.0,54146.0,48040.0,52410.28571428572,49889.833333333336,1102.075574282949,1775.6535092898669,-0.02626232778044546,0.012813078692878843,1029,-503,2411.0,1939.0,2022,3,3,10
2022-03-11,52828,53001,53148,52227,34030,-0.67,53183.0,52724.0,33010.0,52641.42857142857,50063.46666666667,1064.2692104836465,1835.525758247846,0.008705712768378726,-0.02626232778044546,921,173,1029.0,-503.0,2022,3,4,11
2022-03-14,52238,52613,52750,52061,22340,-1.12,52828.0,53183.0,34030.0,52883.57142857143,50236.0,831.1672228760565,1844.2822171640735,-0.006675065340428388,0.008705712768378726,689,375,921.0,173.0,2022,3,0,14
2022-03-15,51522,51900,52009,51202,25680,-1.37,52238.0,52828.0,22340.0,52979.142857142855,50382.6,679.4312397339102,1821.9198967958819,-0.011168319830393014,-0.006675065340428388,807,378,689.0,375.0,2022,3,1,15
2022-03-16,51105,51400,51476,51000,16210,-0.81,51522.0,52238.0,25680.0,52871.71428571428,50501.13333333333,848.0382684551737,1774.329824590867,-0.013706497185956623,-0.011168319830393014,476,295,807.0,378.0,2022,3,2,16
2022-03-17,51597,51400,51750,51318,14700,0.96,51105.0,51522.0,16210.0,52535.142857142855,50603.0,1024.3756518938776,1715.4423979503126,-0.008093629905671418,-0.013706497185956623,432,-197,476.0,295.0,2022,3,3,17
2022-03-18,51383,51550,51670,51296,7070,-0.41,51597.0,51105.0,14700.0,52171.0,50726.76666666667,780.2909713706275,1645.0035674056933,0.009627238039330743,-0.008093629905671418,374,167,432.0,-197.0,2022,3,4,18
2022-03-21,51546,51390,51722,51283,11700,0.32,51383.0,51597.0,7070.0,51979.42857142857,50836.833333333336,786.4860365682256,1570.6597138710356,-0.004147527957051755,0.009627238039330743,439,-156,374.0,167.0,2022,3,0,21
2022-03-22,51219,51595,51842,50980,16200,-0.63,51546.0,51383.0,11700.0,51745.57142857143,50949.433333333334,587.0567426153297,1491.8406747526342,0.0031722554152151528,-0.004147527957051755,862,376,439.0,-156.0,2022,3,1,22
2022-03-23,51580,51238,51620,51103,11740,0.7,51219.0,51546.0,16200.0,51515.71428571428,51045.23333333333,365.968903184044,1408.7942186744383,-0.006343848213246406,0.0031722554152151528,517,-342,862.0,376.0,2022,3,2,23
2022-03-24,51841,51666,51922,51504,17160,0.51,51580.0,51219.0,11740.0,51421.71428571428,51145.4,193.29745152069407,1331.8286003406934,0.0070481657197525305,-0.006343848213246406,418,-175,517.0,-342.0,2022,3,3,24
2022-03-25,51687,51924,51924,51542,10900,-0.3,51841.0,51580.0,17160.0,51467.28571428572,51244.53333333333,250.12977584525416,1265.417819325714,0.005060100814268997,0.0070481657197525305,382,237,418.0,-175.0,2022,3,4,25
2022-03-28,51442,51602,51747,51257,13950,-0.47,51687.0,51841.0,10900.0,51550.42857142857,51333.3,201.66957889110412,1195.7656369943313,-0.0029706217086862274,0.005060100814268997,490,160,382.0,237.0,2022,3,0,28
2022-03-29,50730,51292,51296,50340,17870,-1.38,51442.0,51687.0,13950.0,51528.28571428572,51387.13333333333,204.1973835069064,1161.4756290070711,-0.004740070036953203,-0.0029706217086862274,956,562,490.0,160.0,2022,3,1,29
2022-03-30,51042,50930,51343,50735,5640,0.62,50730.0,51442.0,17870.0,51435.0,51433.73333333333,366.38231398703005,1102.7371567047908,-0.01384083044982698,-0.004740070036953203,608,-112,956.0,562.0,2022,3,2,30
2022-03-31,51633,51100,51788,50906,430,1.16,51042.0,50730.0,5640.0,51363.0,51483.6,389.71271470467417,1046.8370291086349,0.00615020697811941,-0.01384083044982698,882,-533,608.0,-112.0,2022,3,3,31
2022-04-01,51264,51531,51605,51200,200,-0.71,51633.0,51042.0,430.0,51422.142857142855,51528.8,395.5870863155582,1021.9202816583647,0.01157869989420468,0.00615020697811941,405,267,882.0,-533.0,2022,4,4,1
2022-04-04,51229,51209,51306,50950,190,-0.07,51264.0,51633.0,200.0,51377.0,51569.8,392.5896925151682,983.8448994646657,-0.007146592295624865,0.01157869989420468,356,-20,405.0,267.0,2022,4,0,4
2022-04-05,51619,51300,52200,51127,340,0.76,51229.0,51264.0,190.0,51289.57142857143,51610.833333333336,336.1204432691289,940.7563018848009,-0.0006827403245942554,-0.007146592295624865,1073,-319,356.0,-20.0,2022,4,1,5
2022-04-06,51433,51339,51645,51158,13160,-0.36,51619.0,51229.0,340.0,51279.857142857145,51658.6,323.4642837464833,901.4761304598336,0.007612875519725115,-0.0006827403245942554,487,-94,1073.0,-319.0,2022,4,2,6
2022-04-07,51681,51450,51760,51398,9940,0.48,51433.0,51619.0,13160.0,51278.57142857143,51698.833333333336,322.72943112887634,861.3763678684037,-0.003603324357310256,0.007612875519725115,362,-231,487.0,-94.0,2022,4,3,7
2022-04-08,51854,51622,51969,51515,12000,0.33,51681.0,51433.0,9940.0,51414.42857142857,51708.1,243.83864688923387,859.5775365695849,0.004821807011062829,-0.003603324357310256,454,-232,362.0,-231.0,2022,4,4,8
2022-04-11,51985,51999,52521,51840,15750,0.25,51854.0,51681.0,12000.0,51530.42857142857,51768.6,229.88102513425505,799.8473388797147,0.0033474584470114532,0.004821807011062829,681,14,454.0,-232.0,2022,4,0,11
2022-04-12,52656,52100,52764,52100,15370,1.29,51985.0,51854.0,15750.0,51580.71428571428,51817.1,287.36893493277444,765.5299876978564,0.0025263239094379664,0.0033474584470114532,664,-556,681.0,14.0,2022,4,1,12
2022-04-13,52871,52619,52925,52580,9290,0.41,52656.0,51985.0,15370.0,51779.57142857143,51853.46666666667,460.906301812114,778.9376378593295,0.012907569491199311,0.0025263239094379664,345,-252,664.0,-556.0,2022,4,2,13
2022-04-14,52793,52805,52911,52400,7840,-0.15,52871.0,52656.0,9290.0,52014.142857142855,51911.4,544.2929445862026,788.0833405927591,0.004083105439076196,0.012907569491199311,511,12,345.0,-252.0,2022,4,3,14
2022-04-18,53104,52950,53478,52950,13890,0.59,52793.0,52871.0,7840.0,52181.857142857145,51952.2,581.8236928196774,801.3184566458069,-0.0014752889107449985,0.004083105439076196,528,-154,511.0,12.0,2022,4,0,18
2022-04-19,52603,53000,53259,52507,15290,-0.94,53104.0,52793.0,13890.0,52420.57142857143,51979.86666666667,565.9478353907547,826.7374904748286,0.005890932509991842,-0.0014752889107449985,752,397,528.0,-154.0,2022,4,1,19
2022-04-20,52499,52511,52545,52183,12710,-0.2,52603.0,53104.0,15290.0,52552.28571428572,51951.26666666667,463.079443973825,787.6493151611711,-0.009434317565531813,0.005890932509991842,362,12,752.0,397.0,2022,4,2,20
2022-04-21,52356,52498,52498,52101,12110,-0.27,52499.0,52603.0,12710.0,52644.42857142857,51896.36666666667,351.77163859075796,679.3528605894801,-0.0019770735509381243,-0.009434317565531813,397,142,362.0,12.0,2022,4,3,21
2022-04-22,52250,52349,52630,52102,15490,-0.2,52356.0,52499.0,12110.0,52697.42857142857,51884.1,248.7105795568356,667.1054484158059,-0.002723861406883965,-0.0019770735509381243,528,99,397.0,142.0,2022,4,4,22
2022-04-25,51462,52125,52125,51380,13730,-1.51,52250.0,52356.0,15490.0,52639.42857142857,51853.0,301.6813203533819,624.8747736581565,-0.002024600809840349,-0.002723861406883965,745,663,528.0,99.0,2022,4,0,25
2022-04-26,51655,51528,51800,51473,9140,0.38,51462.0,52250.0,13730.0,52438.142857142855,51807.46666666667,515.617891006835,600.6790257281665,-0.015081339712918695,-0.002024600809840349,327,-127,745.0,663.0,2022,4,1,26
2022-04-27,51357,51693,51693,51223,9730,-0.58,51655.0,51462.0,9140.0,52275.57142857143,51788.03333333333,562.3690535435493,595.6798771888072,0.0037503400567409084,-0.015081339712918695,470,336,327.0,-127.0,2022,4,2,27
2022-04-28,51391,51224,51450,51000,9190,0.07,51357.0,51655.0,9730.0,52026.0,51782.53333333333,519.4599760031219,598.9735319275319,-0.005769044622979336,0.0037503400567409084,450,-167,470.0,336.0,2022,4,3,28
2022-04-29,51809,51600,51987,51553,1990,0.81,51391.0,51357.0,9190.0,51852.857142857145,51792.066666666666,496.5680311158737,590.0271725637168,0.0006620324395896215,-0.005769044622979336,434,-209,450.0,-167.0,2022,4,4,29
2022-05-02,50831,51201,51920,50575,690,-1.89,51809.0,51391.0,1990.0,51754.28571428572,51799.13333333333,407.4079504596316,588.8787553490654,0.00813371991204681,0.0006620324395896215,1345,370,434.0,-209.0,2022,5,0,2
2022-05-03,51022,52300,52300,50660,80,0.38,50831.0,51809.0,690.0,51536.42857142857,51780.73333333333,438.56807041030555,610.5544644163267,-0.018877029087610242,0.00813371991204681,1640,1278,1345.0,370.0,2022,5,1,3
2022-05-04,50836,50882,50970,50804,30,-0.36,51022.0,50831.0,80.0,51361.0,51763.26666666667,340.11713668840997,624.8296282696083,0.0037575495268635795,-0.018877029087610242,166,46,1640.0,1278.0,2022,5,2,4
2022-05-05,51653,51699,51900,51240,10,1.61,50836.0,51022.0,30.0,51271.57142857143,51750.5,388.05491756975636,640.0608133789383,-0.003645486260828612,0.0037575495268635795,660,46,166.0,46.0,2022,5,3,5
2022-05-06,51381,50953,51543,50953,14580,-0.53,51653.0,50836.0,10.0,51271.28571428572,51752.933333333334,387.7261552062518,639.5288100205466,0.01607128806357694,-0.003645486260828612,590,-428,660.0,46.0,2022,5,4,6
2022-05-09,51026,51395,51416,50975,12930,-0.69,51381.0,51653.0,14580.0,51274.71428571428,51737.6,388.71528324857843,642.8503660255402,-0.005265909046909156,0.01607128806357694,441,369,590.0,-428.0,2022,5,0,9
2022-05-10,50662,51052,51150,50584,13110,-0.71,51026.0,51381.0,12930.0,51222.57142857143,51715.566666666666,394.9476155771398,655.8409018210679,-0.006909168758879702,-0.005265909046909156,566,390,441.0,369.0,2022,5,1,10
2022-05-11,50862,50575,50920,50365,14930,0.39,50662.0,51026.0,13110.0,51058.71428571428,51689.566666666666,346.00082576637624,681.9994783733149,-0.0071336181554502165,-0.006909168758879702,555,-287,566.0,390.0,2022,5,2,11
2022-05-12,50249,50877,51057,50200,14270,-1.21,50862.0,50662.0,14930.0,51063.142857142855,51693.96666666667,342.7839108334175,675.9946175704594,0.003947732027949957,-0.0071336181554502165,857,628,555.0,-287.0,2022,5,3,12
2022-05-13,49944,50300,50302,49747,12480,-0.61,50249.0,50862.0,14270.0,50952.71428571428,51667.53333333333,462.0208199829034,716.6492785885399,-0.012052219731823355,0.003947732027949957,555,356,857.0,628.0,2022,5,4,13
2022-05-16,50291,50095,50338,49660,12980,0.69,49944.0,50249.0,12480.0,50825.28571428572,51611.23333333333,601.5252043189877,782.7511906298915,-0.0060697725327867325,-0.012052219731823355,678,-196,555.0,356.0,2022,5,0,16
2022-05-17,50237,50398,50550,50191,11210,-0.11,50291.0,49944.0,12980.0,50630.71428571428,51578.8,501.0554574405781,817.0419902237809,0.00694778151529718,-0.0060697725327867325,359,161,678.0,-196.0,2022,5,1,17
2022-05-18,50235,50159,50395,49910,13460,0.0,50237.0,50291.0,11210.0,50467.28571428572,51545.73333333333,389.75621196371935,851.0528138428065,-0.0010737507705156357,0.00694778151529718,485,-76,359.0,161.0,2022,5,2,18
2022-05-19,50579,50344,50780,50085,15310,0.68,50235.0,50237.0,13460.0,50354.28571428572,51499.6,306.5592462004133,883.824783693918,-3.9811294464286995e-05,-0.0010737507705156357,695,-235,485.0,-76.0,2022,5,3,19
2022-05-20,50842,50551,50886,50514,11760,0.52,50579.0,50235.0,15310.0,50342.42857142857,51471.13333333333,294.02259388808676,899.6550961061488,0.006847815268239188,-3.9811294464286995e-05,372,-291,695.0,-235.0,2022,5,4,20
2022-05-23,50934,50854,51165,50827,10010,0.18,50842.0,50579.0,11760.0,50339.57142857143,51443.166666666664,288.1711627661799,905.9249448728461,0.005199786472646739,0.006847815268239188,338,-80,372.0,-291.0,2022,5,0,23
2022-05-24,51146,50875,51239,50875,9990,0.42,50934.0,50842.0,10010.0,50437.42857142857,51412.5,359.7141722488656,907.1089639120199,0.0018095275559577573,0.005199786472646739,364,-271,338.0,-80.0,2022,5,1,24
2022-05-25,50815,51100,51143,50700,10610,-0.65,51146.0,50934.0,9990.0,50609.142857142855,51384.53333333333,371.61065134477826,901.7675261729682,0.004162249185220013,0.0018095275559577573,443,285,364.0,-271.0,2022,5,2,25
2022-05-26,50858,50800,50918,50615,7050,0.08,50815.0,51146.0,10610.0,50684.0,51323.166666666664,348.9278817593781,874.4874393637378,-0.006471669338755759,0.004162249185220013,303,-58,443.0,285.0,2022,5,3,26
2022-05-27,50961,50950,51108,50863,10050,0.2,50858.0,50815.0,7050.0,50772.71428571428,51256.066666666666,290.36741913938226,827.5981005824691,0.0008462068286922975,-0.006471669338755759,245,-11,303.0,-58.0,2022,5,4,27
2022-05-30,50908,51097,51115,50835,3000,-0.1,50961.0,50858.0,10050.0,50876.42857142857,51195.0,171.70600567070983,776.2790557586583,0.002025246765503974,0.0008462068286922975,280,189,245.0,-11.0,2022,5,0,30
2022-05-31,50924,50880,51280,50755,340,0.03,50908.0,50961.0,3000.0,50923.42857142857,51121.8,111.03131262573888,688.6520266352736,-0.001040010988795359,0.002025246765503974,525,-44,280.0,189.0,2022,5,1,31
2022-06-01,50504,50650,50849,50317,150,-0.82,50924.0,50908.0,340.0,50935.142857142855,51065.833333333336,105.17989126374337,629.8387907191969,0.00031429244912395404,-0.001040010988795359,532,146,525.0,-44.0,2022,6,2,1
2022-06-02,51078,50900,51296,50900,10,1.14,50504.0,50924.0,150.0,50873.71428571428,50999.333333333336,194.01264073338453,576.3509666664776,-0.008247584635928007,0.00031429244912395404,396,-178,532.0,146.0,2022,6,3,2
2022-06-03,51287,52030,52030,51030,40,0.41,51078.0,50504.0,10.0,50864.0,50956.73333333333,179.2475011516265,516.7682688342403,0.011365436401077122,-0.008247584635928007,1000,743,396.0,-178.0,2022,6,4,3
2022-06-06,50871,51087,51120,50820,7550,-0.81,51287.0,51078.0,40.0,50931.42857142857,50924.63333333333,237.16369673721724,460.51167069505806,0.004091781197384403,0.011365436401077122,300,216,1000.0,743.0,2022,6,0,6
2022-06-07,50929,50822,51030,50680,9200,0.11,50871.0,51287.0,7550.0,50933.28571428572,50904.933333333334,236.54295895463744,449.2342091920691,-0.008111217267533721,0.004091781197384403,350,-107,300.0,216.0,2022,6,1,7
2022-06-08,51036,50865,51103,50835,7540,0.21,50929.0,50871.0,9200.0,50928.71428571428,50880.73333333333,236.22709010120187,426.41002877448807,0.0011401387824103715,-0.008111217267533721,268,-171,350.0,-107.0,2022,6,2,8
2022-06-09,50971,51047,51095,50805,8080,-0.13,51036.0,50929.0,7540.0,50947.0,50870.03333333333,239.2906182917453,417.9912128487522,0.0021009640872586832,0.0011401387824103715,290,76,268.0,-171.0,2022,6,3,9
2022-06-10,51645,50893,51725,50460,23680,1.32,50971.0,51036.0,8080.0,50953.71428571428,50856.03333333333,239.1970695842338,406.8250054424563,-0.0012736107845442435,0.0021009640872586832,1265,-752,290.0,76.0,2022,6,4,10
2022-06-13,50682,51457,51633,50600,19290,-1.86,51645.0,50971.0,23680.0,51116.71428571428,50850.566666666666,268.62037295107416,394.4930123302476,0.013223205352062894,-0.0012736107845442435,1033,775,1265.0,-752.0,2022,6,0,13
2022-06-14,50251,50630,50680,50200,10820,-0.85,50682.0,51645.0,19290.0,51060.142857142855,50845.6,315.70472944341174,395.68400836847417,-0.018646529189660144,0.013223205352062894,480,379,1033.0,775.0,2022,6,1,14
2022-06-15,50433,50398,50830,50272,14220,0.36,50251.0,50682.0,10820.0,50912.142857142855,50819.9,417.9188232893843,408.65746131135455,-0.008504005366796852,-0.018646529189660144,558,-35,480.0,379.0,2022,6,2,15
2022-06-16,50945,50775,51040,50317,16960,1.02,50433.0,50251.0,14220.0,50849.57142857143,50806.46666666667,456.1461232069364,414.6891426758824,0.003621818471274185,-0.008504005366796852,723,-170,558.0,-35.0,2022,6,3,16
2022-06-17,50824,50889,51130,50800,10680,-0.24,50945.0,50433.0,16960.0,50851.857142857145,50782.86666666667,456.65027777601154,383.8511505035712,0.0101520829615529,0.003621818471274185,330,65,723.0,-170.0,2022,6,4,17
2022-06-20,50748,50847,50933,50711,5740,-0.15,50824.0,50945.0,10680.0,50821.57142857143,50764.3,449.3743269443789,367.02420759577603,-0.0023751104131907175,0.0101520829615529,222,99,330.0,65.0,2022,6,0,20
2022-06-21,50775,50850,50945,50685,7270,0.05,50748.0,50824.0,5740.0,50789.71428571428,50755.03333333333,444.8976340286917,363.68321600671385,-0.001495356524476632,-0.0023751104131907175,260,75,222.0,99.0,2022,6,1,21
2022-06-22,50898,50738,51098,50541,14350,0.24,50775.0,50748.0,7270.0,50665.42857142857,50758.8,240.89337693266828,363.2713814044736,0.0005320406715536574,-0.001495356524476632,557,-160,260.0,75.0,2022,6,2,22
2022-06-23,50608,50808,51007,50575,12730,-0.57,50898.0,50775.0,14350.0,50696.28571428572,50760.0,256.6863938044134,363.6832649946511,0.0024224519940916345,0.0005320406715536574,432,200,557.0,-160.0,2022,6,3,23
2022-06-24,50614,50580,50715,50442,8270,0.01,50608.0,50898.0,12730.0,50747.28571428572,50771.96666666667,176.36866151422993,352.0083740454029,-0.005697669849502929,0.0024224519940916345,273,-34,432.0,200.0,2022,6,4,24
2022-06-27,50681,50753,50945,50608,7910,0.13,50614.0,50608.0,8270.0,50773.142857142855,50794.3,129.7079136350684,317.19939882742113,0.00011855833069862598,-0.005697669849502929,337,72,273.0,-34.0,2022,6,0,27
2022-06-28,50824,50770,50930,50728,7010,0.28,50681.0,50614.0,7910.0,50735.42857142857,50807.3,107.96891088040009,303.55958909861124,0.001323744418540329,0.00011855833069862598,202,-54,337.0,72.0,2022,6,1,28
2022-06-29,50836,50790,51171,50740,2870,0.02,50824.0,50681.0,7010.0,50735.42857142857,50826.86666666667,107.96891088040009,283.80757605404074,0.0028215702136895615,0.001323744418540329,431,-46,202.0,-54.0,2022,6,2,29
2022-06-30,50719,50850,51038,50590,430,-0.23,50836.0,50824.0,2870.0,50748.0,50846.9,114.59639320567351,260.87338056121905,0.00023610892491743307,0.0028215702136895615,448,131,431.0,-46.0,2022,6,3,30
2022-07-01,52227,51520,53675,51188,150,2.97,50719.0,50836.0,430.0,50740.0,50851.566666666666,114.35179638181528,257.1412711509306,-0.002301518608859854,0.00023610892491743307,2487,-707,448.0,131.0,2022,7,4,1
2022-07-04,51808,52597,52597,51421,130,-0.8,52227.0,50719.0,150.0,50929.857142857145,50897.73333333333,579.1290669556479,359.37262702277576,0.029732447406297435,-0.002301518608859854,1176,789,2487.0,-707.0,2022,7,0,4
2022-07-05,52238,52766,52766,51999,20,0.83,51808.0,52227.0,130.0,51101.28571428572,50926.86666666667,642.1541129389212,395.9762909370757,-0.008022670266337295,0.029732447406297435,767,528,1176.0,789.0,2022,7,1,5
2022-07-06,50581,51448,51595,50515,18620,-3.17,52238.0,51808.0,20.0,51333.28571428572,50963.26666666667,724.8074949698068,461.572345229687,0.008299876466954847,-0.008022670266337295,1080,867,767.0,528.0,2022,7,2,6
2022-07-07,50691,50741,50909,50607,9490,0.22,50581.0,52238.0,18620.0,51319.0,50955.46666666667,740.6195604599116,466.11902677557924,-0.031720203683142545,0.008299876466954847,302,50,1080.0,867.0,2022,7,3,7
2022-07-08,50832,50710,51030,50411,12500,0.28,50691.0,50581.0,9490.0,51300.0,50949.9,756.9605890241775,468.31520110069414,0.002174729641565065,-0.031720203683142545,619,-122,302.0,50.0,2022,7,4,8
2022-07-11,50709,50790,50916,50675,7130,-0.24,50832.0,50691.0,12500.0,51299.42857142857,50945.6,757.3706395925194,468.8017447256846,0.002781558856601807,0.002174729641565065,241,81,619.0,-122.0,2022,7,0,11
2022-07-12,50532,50755,50825,50512,10230,-0.35,50709.0,50832.0,7130.0,51298.0,50938.96666666667,758.6562682373549,470.75592059727364,-0.0024197355996222747,0.002781558856601807,313,223,241.0,81.0,2022,7,1,12
2022-07-13,50849,50550,50980,50200,16590,0.63,50532.0,50709.0,10230.0,51055.857142857145,50925.9,679.0482134524291,476.58985113268477,-0.0034905046441460197,-0.0024197355996222747,780,-299,313.0,223.0,2022,7,2,13
2022-07-14,50323,50750,50786,50166,16020,-1.03,50849.0,50532.0,16590.0,50918.857142857145,50937.4,593.3417869937323,470.1777066789178,0.006273252592416734,-0.0034905046441460197,620,427,780.0,-299.0,2022,7,3,14
2022-07-15,50212,50305,50387,50051,11800,-0.22,50323.0,50849.0,16020.0,50645.28571428572,50912.23333333333,184.0948254685722,482.43861022875956,-0.010344352887962427,0.006273252592416734,336,93,620.0,427.0,2022,7,4,15
2022-07-18,50457,50210,50670,50210,11420,0.49,50212.0,50323.0,11800.0,50592.57142857143,50876.4,247.48660377889328,493.4403922313577,-0.0022057508495121336,-0.010344352887962427,460,-247,336.0,93.0,2022,7,0,18
2022-07-19,50395,50419,50540,50300,7050,-0.12,50457.0,50212.0,11420.0,50559.142857142855,50862.6,247.77908748089186,499.350377987022,0.00487931171831435,-0.0022057508495121336,240,24,460.0,-247.0,2022,7,1,19
2022-07-20,50309,50386,50530,50280,7830,-0.17,50395.0,50457.0,7050.0,50496.71428571428,50844.8,221.20029708603477,506.37007047380365,-0.0012287690508749893,0.00487931171831435,250,77,240.0,24.0,2022,7,2,20
2022-07-21,50427,50255,50527,49770,18510,0.23,50309.0,50395.0,7830.0,50439.57142857143,50820.566666666666,208.52326580821367,514.239155637906,-0.001706518503819865,-0.0012287690508749893,757,-172,250.0,77.0,2022,7,3,21
2022-07-22,50720,50420,50912,50380,11080,0.58,50427.0,50309.0,18510.0,50424.57142857143,50802.433333333334,204.50416226404997,518.3267298204483,0.0023455047804568085,-0.001706518503819865,532,-300,757.0,-172.0,2022,7,4,22
2022-07-25,50567,50735,50826,50475,8690,-0.3,50720.0,50427.0,11080.0,50406.142857142855,50771.6,161.08634183621996,493.3897948386849,0.005810379360263296,0.0023455047804568085,351,168,532.0,-300.0,2022,7,0,25
2022-07-26,50612,50580,50735,50501,6640,0.09,50567.0,50720.0,8690.0,50441.0,50767.76666666667,166.4081328211989,494.5552989039227,-0.0030165615141956037,0.005810379360263296,234,-32,351.0,168.0,2022,7,1,26
2022-07-27,50722,50589,50760,50525,6960,0.22,50612.0,50567.0,6640.0,50498.142857142855,50779.8,141.47606226092103,485.86342624373776,0.0008899084383096056,-0.0030165615141956037,235,-133,234.0,-32.0,2022,7,2,27
2022-07-28,51274,50900,51345,50876,9830,1.09,50722.0,50612.0,6960.0,50536.0,50789.433333333334,162.5217934177416,481.59653189782847,0.002173397613214334,0.0008899084383096056,469,-374,235.0,-133.0,2022,7,3,28
2022-07-29,51365,51443,51467,51166,5680,0.18,51274.0,50722.0,9830.0,50661.57142857143,50800.4,308.99452915872604,488.9509248302302,0.010882851622570078,0.002173397613214334,301,78,469.0,-374.0,2022,7,4,29
2022-08-01,51260,51899,51899,51023,1350,-0.2,51365.0,51274.0,5680.0,50812.42857142857,50818.433333333334,361.4935947565926,499.7094799617083,0.0017747786402464438,0.010882851622570078,876,639,301.0,78.0,2022,8,0,1
2022-08-02,51274,51438,51527,51100,230,0.03,51260.0,51365.0,1350.0,50931.42857142857,50835.5,350.4054114641966,505.9255601465269,-0.002044193516986259,0.0017747786402464438,427,164,876.0,639.0,2022,8,1,2
2022-08-03,51216,51250,51375,51137,70,-0.11,51274.0,51260.0,230.0,51010.57142857143,50852.13333333333,357.19082535353147,512.0338575330255,0.00027311744049951514,-0.002044193516986259,238,34,427.0,164.0,2022,8,2,3
2022-08-04,51802,51713,51903,51713,10,1.14,51216.0,51274.0,70.0,51103.28571428572,50862.73333333333,302.981140388368,516.2900102737085,-0.0011311775948823488,0.00027311744049951514,190,-89,238.0,34.0,2022,8,3,4
2022-08-05,51641,51935,51965,51525,60,-0.31,51802.0,51216.0,10.0,51273.28571428572,50902.53333333333,314.9934995589503,541.3876635966423,0.011441736957200854,-0.0011311775948823488,440,294,190.0,-89.0,2022,8,4,5
2022-08-08,52183,51902,52231,51734,8690,1.05,51641.0,51802.0,60.0,51404.57142857143,50936.76666666667,225.8213579730558,554.8171915935312,-0.0031079881085672723,0.011441736957200854,497,-281,440.0,294.0,2022,8,0,8
2022-08-09,52383,52274,52479,52184,4660,0.38,52183.0,51641.0,8690.0,51534.42857142857,50986.833333333336,359.82257532958505,597.0999502348748,0.010495536492322044,-0.0031079881085672723,295,-109,497.0,-281.0,2022,8,1,9
2022-08-10,52184,52350,52485,52105,10090,-0.38,52383.0,52183.0,4660.0,51679.857142857145,51038.8,469.06908822300414,648.1026100080323,0.0038326658107046274,0.010495536492322044,380,166,295.0,-109.0,2022,8,2,10
2022-08-11,52246,52065,52400,51903,9130,0.12,52184.0,52383.0,10090.0,51811.857142857145,51083.73333333333,461.17004404707427,679.5246276155143,-0.003798942404978689,0.0038326658107046274,497,-181,380.0,166.0,2022,8,3,11
2022-08-12,52456,52280,52480,52195,7620,0.4,52246.0,52184.0,9130.0,51950.71428571428,51134.63333333333,416.3907276799392,707.8614457876293,0.001188103633297466,-0.003798942404978689,285,-176,497.0,-181.0,2022,8,4,12
2022-08-16,51821,52225,52455,51765,11110,-1.21,52456.0,52246.0,7620.0,52127.857142857145,51142.26666666667,298.92553620106077,721.1572086140449,0.004019446464801124,0.001188103633297466,690,404,285.0,-176.0,2022,8,1,16
2022-08-17,51563,51821,51944,51507,9050,-0.5,51821.0,52456.0,11110.0,52130.57142857143,51142.7,295.5406667734601,721.5748174909866,-0.012105383559554705,0.004019446464801124,437,258,690.0,404.0,2022,8,2,17
2022-08-18,51642,51600,51851,51600,7360,0.15,51563.0,51821.0,9050.0,52119.42857142857,51120.2,317.7141572497204,696.3257957227172,-0.004978676598290321,-0.012105383559554705,251,-42,437.0,258.0,2022,8,3,18
2022-08-19,51517,51697,51697,51453,5930,-0.24,51642.0,51563.0,7360.0,52042.142857142855,51155.566666666666,362.33935685544037,694.9381854560636,0.0015321063553324077,-0.004978676598290321,244,180,251.0,-42.0,2022,8,4,19
2022-08-22,51217,51451,51468,51060,8290,-0.58,51517.0,51642.0,5930.0,51918.42857142857,51183.1,374.2088797942596,692.2552524022686,-0.002420510437241008,0.0015321063553324077,408,234,244.0,180.0,2022,8,0,22
2022-08-23,51458,51232,51565,51130,7920,0.47,51217.0,51517.0,8290.0,51780.28571428572,51195.933333333334,433.6057019510644,689.0833458058859,-0.00582332045732481,-0.002420510437241008,435,-226,408.0,234.0,2022,8,1,23
2022-08-24,51480,51363,51581,51319,5220,0.04,51458.0,51217.0,7920.0,51667.71428571428,51220.9,392.9282013690629,684.3853194750822,0.004705468887283626,-0.00582332045732481,262,-117,435.0,-226.0,2022,8,2,24
2022-08-25,51628,51499,51816,51499,10730,0.29,51480.0,51458.0,5220.0,51528.28571428572,51252.5,184.44304838560254,673.2757671388875,0.00042753313381793667,0.004705468887283626,317,-129,262.0,-117.0,2022,8,3,25
2022-08-26,51242,51578,51638,51175,7330,-0.75,51628.0,51480.0,10730.0,51500.71428571428,51278.46666666667,143.21046783587323,672.1983355339535,0.002874902874902885,0.00042753313381793667,463,336,317.0,-129.0,2022,8,4,26
2022-08-29,51181,51092,51317,50855,6300,-0.12,51242.0,51628.0,7330.0,51454.857142857145,51309.1,169.01127041216665,647.646367423724,-0.007476563105291656,0.002874902874902885,462,-89,463.0,336.0,2022,8,0,29
2022-08-30,50701,51073,51141,50610,2380,-0.94,51181.0,51242.0,6300.0,51389.0,51341.4,173.6874587753774,614.351668354175,-0.0011904297256156715,-0.007476563105291656,531,372,462.0,-89.0,2022,8,1,30
2022-08-31,50520,50499,50702,50415,110,-0.36,50701.0,51181.0,2380.0,51272.42857142857,51349.53333333333,300.7883293116882,603.763354718976,-0.009378480295422098,-0.0011904297256156715,287,-21,531.0,372.0,2022,8,2,31
2022-09-01,50169,50280,50351,49990,150,-0.69,50520.0,50701.0,110.0,51172.857142857145,51353.7,415.63542862259976,597.3460355628564,-0.0035699493106644553,-0.009378480295422098,361,111,287.0,-21.0,2022,9,3,1
2022-09-02,50313,50275,50390,50275,0,0.29,50169.0,50520.0,150.0,50988.71428571428,51349.03333333333,536.280310500978,606.2692291026193,-0.006947743467933476,-0.0035699493106644553,115,-38,361.0,111.0,2022,9,4,2
2022-09-05,50604,50900,50900,50300,0,0.58,50313.0,50169.0,0.0,50822.0,51345.23333333333,539.483085928028,612.5721735533349,0.002870298391437043,-0.006947743467933476,600,296,115.0,-38.0,2022,9,0,5
2022-09-06,50354,50610,50774,50323,8520,-0.49,50604.0,50313.0,0.0,50675.71428571428,51341.36666666667,407.0920101946372,617.0049171699179,0.005783793452984298,0.002870298391437043,451,256,600.0,296.0,2022,9,1,6
2022-09-07,50570,50310,50596,50068,10290,0.43,50354.0,50604.0,8520.0,50548.857142857145,51334.26666666667,332.7949461648479,627.3615760645552,-0.0049403209232471434,0.005783793452984298,528,-260,451.0,256.0,2022,9,2,7
2022-09-08,50429,50546,50825,50281,11950,-0.28,50570.0,50354.0,10290.0,50461.57142857143,51332.86666666667,187.98302862225077,629.0734693824111,0.0042896294236802746,-0.0049403209232471434,544,117,528.0,-260.0,2022,9,3,8
2022-09-09,50592,50545,50783,50435,11780,0.32,50429.0,50570.0,11950.0,50422.71428571428,51323.1,155.55890019841684,641.0450707667807,-0.0027882143563378037,0.0042896294236802746,348,-47,544.0,117.0,2022,9,4,9
2022-09-12,50696,50553,50844,50453,12830,0.21,50592.0,50429.0,11780.0,50433.0,51300.36666666667,165.14841810435604,654.7918059896364,0.0032322671478712817,-0.0027882143563378037,391,-143,348.0,-47.0,2022,9,0,12
2022-09-13,50233,50678,50678,50090,19970,-0.91,50696.0,50592.0,12830.0,50508.28571428572,51278.066666666666,143.4349031127143,663.8440787679804,0.002055660974066953,0.0032322671478712817,588,445,391.0,-143.0,2022,9,1,13
2022-09-14,50101,50174,50220,50075,11570,-0.26,50233.0,50696.0,19970.0,50496.857142857145,51243.833333333336,163.3875031722341,690.7432320619926,-0.009132870443427477,0.002055660974066953,145,73,588.0,445.0,2022,9,2,14
2022-09-15,49394,50020,50020,49258,21400,-1.41,50101.0,50233.0,11570.0,50425.0,51204.73333333333,211.83798841497546,721.49160308981,-0.002627754663269144,-0.009132870443427477,762,626,145.0,73.0,2022,9,3,15
2022-09-16,49451,49213,49545,49008,16470,0.12,49394.0,50101.0,21400.0,50287.857142857145,51144.0,446.377056077959,793.5934423367607,-0.014111494780543299,-0.002627754663269144,537,-238,762.0,626.0,2022,9,4,16
2022-09-19,49361,49390,49463,49125,8750,-0.18,49451.0,49394.0,16470.0,50128.0,51065.63333333333,522.3919346005048,841.0373513896719,0.00115398631412722,-0.014111494780543299,338,29,537.0,-238.0,2022,9,0,19
2022-09-20,49218,49470,49569,49157,8850,-0.29,49361.0,49451.0,8750.0,49975.42857142857,50989.63333333333,573.3093571972468,888.9051570087178,-0.0018199834179288832,0.00115398631412722,412,252,338.0,29.0,2022,9,1,20
2022-09-21,49428,49202,49548,49155,15990,0.43,49218.0,49361.0,8850.0,49779.142857142855,50890.8,562.1303017919845,916.0623905848611,-0.002897023966289214,-0.0018199834179288832,393,-226,412.0,252.0,2022,9,2,21
2022-09-22,49955,49338,50140,49257,16900,1.07,49428.0,49218.0,15990.0,49598.0,50792.3,397.68664381508944,908.9211926666327,0.0042667316835303115,-0.002897023966289214,883,-617,393.0,-226.0,2022,9,3,22
2022-09-23,49382,49952,50017,49251,13950,-1.15,49955.0,49428.0,16900.0,49558.28571428572,50718.0,332.1925718075912,881.9379523072547,0.010661972970785749,0.0042667316835303115,766,570,883.0,-617.0,2022,9,4,23
2022-09-26,49110,49200,49621,49050,13780,-0.55,49382.0,49955.0,13950.0,49455.57142857143,50622.53333333333,232.6648928892681,865.6932136881175,-0.01147032329096187,0.010661972970785749,571,90,766.0,570.0,2022,9,0,26
2022-09-27,49160,49215,49365,49035,14680,0.1,49110.0,49382.0,13780.0,49415.0,50511.0,267.3649191689452,836.3773278123541,-0.005508079867158067,-0.01147032329096187,330,55,571.0,90.0,2022,9,1,27
2022-09-28,49726,49008,49773,48888,13390,1.15,49160.0,49110.0,14680.0,49373.42857142857,50422.3,283.00050479901415,833.756648112408,0.0010181225819587691,-0.005508079867158067,885,-718,330.0,55.0,2022,9,2,28
2022-09-29,49902,49709,49923,49542,560,0.35,49726.0,49160.0,13390.0,49425.57142857143,50361.066666666666,312.4248481099156,814.3223513755468,0.011513425549227074,0.0010181225819587691,381,-193,885.0,-718.0,2022,9,3,29
2022-09-30,50029,49920,50200,49910,100,0.25,49902.0,49726.0,560.0,49523.28571428572,50303.066666666666,342.227368033012,781.2354907131397,0.0035393958894742727,0.011513425549227074,290,-109,381.0,-193.0,2022,9,4,30
2022-10-03,50245,50120,50550,50088,10,0.43,50029.0,49902.0,100.0,49609.142857142855,50253.46666666667,386.8214181325182,748.0367745557246,0.00254498817682669,0.0035393958894742727,462,-125,290.0,-109.0,2022,10,0,3
2022-10-04,51127,50801,51698,50800,10,1.76,50245.0,50029.0,10.0,49650.57142857143,50221.066666666666,441.6762981904295,725.5769135433147,0.004317495852405706,0.00254498817682669,898,-326,462.0,-125.0,2022,10,1,4
2022-10-05,51361,51263,51390,51115,6570,0.46,51127.0,50245.0,10.0,49899.857142857145,50210.03333333333,688.3766964335448,708.4332632658675,0.017553985471191247,0.004317495852405706,275,-98,898.0,-326.0,2022,10,2,5
2022-10-06,51711,51500,51799,51500,12580,0.68,51361.0,51127.0,6570.0,50221.42857142857,50206.066666666666,777.8583541043645,701.3752467669416,0.0045768380699042766,0.017553985471191247,299,-211,275.0,-98.0,2022,10,3,6
2022-10-07,51716,51678,51872,51421,14320,0.01,51711.0,51361.0,12580.0,50585.857142857145,50208.833333333336,795.0803792863945,707.3162041403102,0.006814509063296947,0.0045768380699042766,451,-38,299.0,-211.0,2022,10,4,7
2022-10-10,50871,51453,51453,50763,15000,-1.63,51716.0,51711.0,14320.0,50870.142857142855,50224.63333333333,792.1549571850868,735.907110108621,9.669122623812143e-05,0.006814509063296947,690,582,451.0,-38.0,2022,10,0,10
2022-10-11,50874,50800,50980,50548,11160,0.01,50871.0,51716.0,15000.0,51008.57142857143,50214.3,670.0273270920162,724.0967810117933,-0.01633923737334675,9.669122623812143e-05,432,-74,690.0,582.0,2022,10,1,11
2022-10-12,50713,50563,50805,50550,7650,-0.32,50874.0,50871.0,11160.0,51129.28571428572,50220.066666666666,524.4307117542246,728.7802248193435,5.897269564192342e-05,-0.01633923737334675,255,-150,432.0,-74.0,2022,10,2,12
2022-10-13,50615,50696,50920,50200,16460,-0.19,50713.0,50874.0,7650.0,51196.142857142855,50226.5,410.3268731872496,732.362250196595,-0.0031646813696584175,5.897269564192342e-05,720,81,255.0,-150.0,2022,10,3,13
2022-10-14,50067,50551,50731,49982,14440,-1.08,50615.0,50713.0,16460.0,51123.0,50241.36666666667,466.495087508043,735.6740977883468,-0.001932443357718916,-0.0031646813696584175,749,484,720.0,81.0,2022,10,4,14
2022-10-17,50231,50169,50474,50105,8780,0.33,50067.0,50615.0,14440.0,50938.142857142855,50233.166666666664,595.1180355130522,736.2189087526712,-0.010826829991109399,-0.001932443357718916,369,-62,749.0,484.0,2022,10,0,17
2022-10-18,50192,50219,50293,50084,7200,-0.08,50231.0,50067.0,8780.0,50726.71428571428,50220.73333333333,534.6059964412793,732.8823555811774,0.0032756106816864694,-0.010826829991109399,209,27,369.0,-62.0,2022,10,1,18
2022-10-19,49981,50063,50233,49856,9050,-0.42,50192.0,50231.0,7200.0,50509.0,50215.333333333336,339.17989327547434,732.4632665037802,-0.000776412972069096,0.0032756106816864694,377,82,209.0,27.0,2022,10,2,19
2022-10-20,49938,49875,50168,49856,10020,-0.09,49981.0,50192.0,9050.0,50381.857142857145,50195.7,347.5727399065512,730.5201335439154,-0.004203857188396554,-0.000776412972069096,312,-63,377.0,82.0,2022,10,3,20
2022-10-21,50361,49901,50388,49616,17150,0.85,49938.0,49981.0,10020.0,50248.142857142855,50179.333333333336,303.9980419774455,730.6132206281914,-0.0008603269242312139,-0.004203857188396554,772,-460,312.0,-63.0,2022,10,4,21
2022-10-24,50319,50355,50449,50270,1110,-0.08,50361.0,49938.0,17150.0,50197.857142857145,50171.63333333333,235.73744475463468,727.3239795717905,0.008470503424246045,-0.0008603269242312139,179,36,772.0,-460.0,2022,10,0,24
2022-10-25,50353,50292,50525,50087,9110,0.07,50319.0,50361.0,1110.0,50155.57142857143,50159.066666666666,164.10551194250704,721.1825505793565,-0.0008339786739739452,0.008470503424246045,438,-61,179.0,36.0,2022,10,1,25
2022-10-26,50411,50500,50560,50361,4410,0.12,50353.0,50319.0,9110.0,50196.42857142857,50163.066666666666,173.70075527542872,721.9391479405391,0.0006756891035195611,-0.0008339786739739452,199,89,438.0,-61.0,2022,10,2,26
2022-10-27,50450,50411,50550,50330,8990,0.08,50411.0,50353.0,4410.0,50222.142857142855,50173.4,192.0281477443276,723.2375295390233,0.0011518678132385052,0.0006756891035195611,220,-39,199.0,89.0,2022,10,3,27
2022-10-28,49956,50458,50495,49824,10970,-0.98,50450.0,50411.0,8990.0,50259.0,50208.6,209.26458531959642,709.5645872251904,0.000773640673662479,0.0011518678132385052,671,502,220.0,-39.0,2022,10,4,28
2022-10-31,50070,49964,50194,49920,6350,0.23,49956.0,50450.0,10970.0,50255.42857142857,50225.433333333334,214.93631393958145,696.8481595491543,-0.009791873141724472,0.000773640673662479,274,-106,671.0,502.0,2022,10,0,31
2022-11-01,50250,50094,50450,50093,190,0.36,50070.0,49956.0,6350.0,50274.28571428572,50249.066666666666,186.33277962887846,678.2960869745417,0.002282008167187044,-0.009791873141724472,357,-156,274.0,-106.0,2022,11,1,1
2022-11-02,50414,50376,50740,50346,350,0.33,50250.0,50070.0,190.0,50258.42857142857,50283.46666666667,182.40509600867813,649.7714045390879,0.003594967046135489,0.002282008167187044,394,-38,357.0,-156.0,2022,11,2,2
2022-11-03,49876,50185,50217,49815,50,-1.07,50414.0,50250.0,350.0,50272.0,50316.333333333336,190.9947643322167,629.6329709892099,0.0032636815920397133,0.003594967046135489,402,309,394.0,-38.0,2022,11,3,3
2022-11-04,50615,50048,50650,50048,110,1.48,49876.0,50414.0,50.0,50203.857142857145,50313.7,236.8631310682332,631.35913327376,-0.01067163883048361,0.0032636815920397133,602,-567,402.0,309.0,2022,11,4,4
2022-11-07,50901,50717,51029,50717,9680,0.57,50615.0,49876.0,110.0,50233.0,50354.8,275.92571464492136,608.3288811013228,0.014816745528911657,-0.01067163883048361,312,-184,602.0,-567.0,2022,11,0,7
2022-11-08,51581,50752,51648,50615,15490,1.34,50901.0,50615.0,9680.0,50297.42857142857,50414.5,371.2339141968895,568.5353687441296,0.005650498863973175,0.014816745528911657,1033,-829,312.0,-184.0,2022,11,1,8
2022-11-09,51474,51568,51680,51315,11720,-0.21,51581.0,50901.0,15490.0,50529.57142857143,50495.2,574.5487670482456,556.0116223009335,0.013359266026207628,0.005650498863973175,365,94,1033.0,-829.0,2022,11,2,9
2022-11-10,52033,51469,52139,51469,15540,1.09,51474.0,51581.0,11720.0,50730.142857142855,50553.46666666667,629.7849973281026,564.1548291561058,-0.0020744072429770277,0.013359266026207628,670,-564,365.0,94.0,2022,11,3,10
2022-11-11,52275,52033,52451,52002,13180,0.47,52033.0,51474.0,15540.0,50984.857142857145,50624.5,751.9440202078068,611.4732773893782,0.010859851575552693,-0.0020744072429770277,449,-242,670.0,-564.0,2022,11,4,11
2022-11-14,52601,52274,52672,52217,10440,0.62,52275.0,52033.0,13180.0,51250.71428571428,50699.36666666667,840.2727165020676,670.6781685301227,0.004650894624565138,0.010859851575552693,455,-327,449.0,-242.0,2022,11,0,14
2022-11-15,52545,52615,52850,52501,15080,-0.11,52601.0,52275.0,10440.0,51640.0,50777.9,719.8353978532937,749.0039984212159,0.006236250597800197,0.004650894624565138,349,70,455.0,-327.0,2022,11,1,15
2022-11-16,52883,52711,52999,52701,11390,0.64,52545.0,52601.0,15080.0,51915.71428571428,50825.166666666664,625.1998918462589,813.738714452064,-0.0010646185433736965,0.006236250597800197,298,-172,349.0,70.0,2022,11,2,16
2022-11-17,52698,52854,52854,52626,8270,-0.35,52883.0,52545.0,11390.0,52198.857142857145,50875.9,530.7317051579565,891.9814189319972,0.00643258159672655,-0.0010646185433736965,228,156,298.0,-172.0,2022,11,3,17
2022-11-18,52501,52750,52844,52411,8100,-0.37,52698.0,52883.0,8270.0,52358.42857142857,50908.8,479.446158656405,940.7165060863919,-0.0034982886749995723,0.00643258159672655,433,249,228.0,156.0,2022,11,4,18
2022-11-21,52201,52401,52515,52066,8750,-0.57,52501.0,52698.0,8100.0,52505.142857142855,50934.96666666667,278.8813538525026,974.2630630829423,-0.0037382822877528588,-0.0034982886749995723,449,200,433.0,249.0,2022,11,0,21
2022-11-22,52161,52248,52384,52129,8400,-0.08,52201.0,52501.0,8750.0,52529.142857142855,50979.3,235.30152895085456,1001.1416293735718,-0.005714176872821497,-0.0037382822877528588,255,87,449.0,200.0,2022,11,1,22
2022-11-23,52259,52000,52296,52000,9680,0.19,52161.0,52201.0,8400.0,52512.857142857145,51022.2,258.6132431384881,1023.7922539783895,-0.0007662688454244115,-0.005714176872821497,296,-259,255.0,87.0,2022,11,2,23
2022-11-24,52494,52375,52549,52375,5960,0.45,52259.0,52161.0,9680.0,52464.0,51073.73333333333,271.1856682596898,1046.3527107998082,0.0018787983359214167,-0.0007662688454244115,174,-119,296.0,-259.0,2022,11,3,24
2022-11-25,52386,52550,52580,52274,5570,-0.21,52494.0,52259.0,5960.0,52456.71428571428,51136.36666666667,269.3255244087062,1073.823316978992,0.004496833081383045,0.0018787983359214167,306,164,174.0,-119.0,2022,11,4,25
2022-11-28,52148,52280,52669,52111,9450,-0.45,52386.0,52494.0,5570.0,52385.71428571428,51213.666666666664,192.87795302905278,1077.65036020334,-0.002057377986055542,0.004496833081383045,558,132,306.0,164.0,2022,11,0,28
2022-11-29,52357,52237,52525,52210,3160,0.4,52148.0,52386.0,9450.0,52307.142857142855,51277.566666666666,152.1966147014021,1074.2026291634008,-0.004543198564501916,-0.002057377986055542,315,-120,558.0,132.0,2022,11,1,29
2022-11-30,52434,52464,52634,52360,650,0.15,52357.0,52148.0,3160.0,52286.57142857143,51349.73333333333,129.69561435802686,1071.4783191934239,0.004007823885863404,-0.004543198564501916,274,30,315.0,-120.0,2022,11,2,30
2022-12-01,53339,52768,53593,52723,280,1.73,52434.0,52357.0,650.0,52319.857142857145,51431.5,133.90472804660774,1056.923601778208,0.0014706724984243635,0.004007823885863404,870,-571,274.0,30.0,2022,12,3,1
2022-12-02,53346,53246,53544,53130,140,0.01,53339.0,52434.0,280.0,52488.142857142855,51544.86666666667,392.1646884408821,1073.4731171897863,0.017259793263912693,0.0014706724984243635,414,-100,870.0,-571.0,2022,12,4,2
2022-12-05,53300,53646,53735,53000,160,-0.09,53346.0,53339.0,140.0,52643.42857142857,51644.36666666667,489.45134492658116,1098.0158432144087,0.0001312360561689374,0.017259793263912693,735,346,414.0,-100.0,2022,12,0,5
2022-12-06,53446,53500,53598,53256,6840,0.27,53300.0,53346.0,160.0,52758.57142857143,51743.73333333333,540.5749584628641,1108.7712656522347,-0.0008622952048887855,0.0001312360561689374,342,54,735.0,346.0,2022,12,1,6
2022-12-07,53665,53444,53715,53401,6290,0.41,53446.0,53300.0,6840.0,52910.0,51846.833333333336,566.6512743032853,1118.751184419265,0.00273921200750471,-0.0008622952048887855,314,-221,342.0,54.0,2022,12,2,7
2022-12-08,53741,53646,53866,53614,5370,0.14,53665.0,53446.0,6290.0,53126.71428571428,51955.3,514.3260037156876,1132.401846243259,0.004097593833027657,0.00273921200750471,252,-95,314.0,-221.0,2022,12,3,8
2022-12-09,53950,53860,54085,53704,8680,0.39,53741.0,53665.0,5370.0,53324.42857142857,52065.0,427.8702518099399,1140.9230685158814,0.001416193049473602,0.004097593833027657,381,-90,252.0,-95.0,2022,12,4,9
2022-12-12,53791,53802,53957,53721,5810,-0.29,53950.0,53741.0,8680.0,53541.0,52198.13333333333,247.85479620735404,1119.1602064994652,0.003889023278316417,0.001416193049473602,236,11,381.0,-90.0,2022,12,0,12
2022-12-13,54376,53875,54599,53810,11970,1.09,53791.0,53950.0,5810.0,53605.57142857143,52322.166666666664,245.32349877380352,1080.7055831571788,-0.0029471733086190444,0.003889023278316417,789,-501,236.0,11.0,2022,12,1,13
2022-12-14,54340,54449,54529,54252,6180,-0.07,54376.0,53791.0,11970.0,53752.71428571428,52459.7,350.17315445114616,1070.3964186689345,0.01087542525701335,-0.0029471733086190444,277,109,789.0,-501.0,2022,12,2,14
2022-12-15,53795,54073,54131,53580,10790,-1.0,54340.0,54376.0,6180.0,53901.28571428572,52590.566666666666,346.69088743667055,1051.4942301733213,-0.0006620567897601681,0.01087542525701335,551,278,277.0,109.0,2022,12,3,15
2022-12-16,53957,53855,54065,53690,7310,0.3,53795.0,54340.0,10790.0,53951.142857142855,52721.2,290.9120305640062,940.1650405349616,-0.010029444239970542,-0.0006620567897601681,375,-102,551.0,278.0,2022,12,4,16
2022-12-19,53945,54100,54222,53863,5440,-0.02,53957.0,53795.0,7310.0,53992.857142857145,52832.6,262.6007289788317,877.9329799234159,0.003011432289246274,-0.010029444239970542,359,155,375.0,-102.0,2022,12,0,19
2022-12-20,54541,53955,54650,53955,9990,1.1,53945.0,53957.0,5440.0,54022.0,52934.066666666666,240.37054728704973,821.0530216518576,-0.00022239931797540802,0.003011432289246274,695,-586,359.0,155.0,2022,12,1,20
2022-12-21,54684,54527,54849,54501,5820,0.26,54541.0,53945.0,9990.0,54106.42857142857,53032.73333333333,305.7634473205978,830.6438272881593,0.011048289924923571,-0.00022239931797540802,348,-157,695.0,-586.0,2022,12,2,21
2022-12-22,54066,54650,54733,54005,10850,-1.13,54684.0,54541.0,5820.0,54234.0,53139.73333333333,336.9272918644498,829.6793702793223,0.00262188078693093,0.011048289924923571,728,584,348.0,-157.0,2022,12,3,22
2022-12-23,54104,54089,54249,54000,5230,0.07,54066.0,54684.0,10850.0,54189.71428571428,53207.5,335.52233621376485,819.1250483433001,-0.01130129471143293,0.00262188078693093,249,-15,728.0,584.0,2022,12,4,23
2022-12-26,54230,54070,54281,54050,2780,0.23,54104.0,54066.0,5230.0,54156.0,53268.46666666667,329.71098455530995,815.3835033081621,0.0007028446713275294,-0.01130129471143293,231,-160,249.0,-15.0,2022,12,0,26
2022-12-27,54546,54293,54880,54219,6980,0.58,54230.0,54104.0,2780.0,54218.142857142855,53322.76666666667,288.784480527584,823.6009530597236,0.002328848144314666,0.0007028446713275294,661,-253,231.0,-160.0,2022,12,1,27
2022-12-28,54324,54451,54505,54124,5090,-0.41,54546.0,54230.0,6980.0,54302.28571428572,53389.46666666667,285.8068778593302,839.3172403095775,0.005827033007560489,0.002328848144314666,381,127,661.0,-253.0,2022,12,2,28
2022-12-29,54642,54308,54691,54235,8039,0.59,54324.0,54546.0,5090.0,54356.42857142857,53437.5,238.89039129014046,850.4923016513679,-0.004069959300406989,0.005827033007560489,456,-334,381.0,127.0,2022,12,3,29
2022-12-30,54779,54634,54869,54516,2940,0.25,54642.0,54324.0,8039.0,54370.857142857145,53502.3,254.44018850596242,866.1202890870535,0.005853766291141982,-0.004069959300406989,353,-145,456.0,-334.0,2022,12,4,30
2023-01-02,55016,54900,55029,54898,550,0.43,54779.0,54642.0,2940.0,54384.42857142857,53578.23333333333,275.5817223936098,875.1187380824122,0.00250722887156396,0.005853766291141982,131,-116,353.0,-145.0,2023,1,0,2
2023-01-03,55380,55419,55820,55264,1590,0.66,55016.0,54779.0,550.0,54520.142857142855,53672.066666666666,322.5494425050423,873.2699520716542,0.004326475474178082,0.00250722887156396,556,39,131.0,-116.0,2023,1,1,3
2023-01-04,55688,55600,55821,55555,450,0.56,55380.0,55016.0,1590.0,54702.42857142857,53779.36666666667,399.5438470524776,878.943860090751,0.006616257088846833,0.004326475474178082,266,-88,556.0,39.0,2023,1,2,4
2023-01-05,55071,56107,56107,54997,740,-1.11,55688.0,55380.0,450.0,54910.71428571428,53893.666666666664,483.44138365661246,897.1825375824898,0.0055615745756589785,0.006616257088846833,1110,1036,266.0,-88.0,2023,1,3,5
2023-01-06,55628,55303,55700,55205,9170,1.01,55071.0,55688.0,740.0,54985.71428571428,53979.566666666666,457.45554038817187,881.7858322851529,-0.01107958626634109,0.0055615745756589785,495,-325,1110.0,1036.0,2023,1,4,6
2023-01-09,55792,55952,56077,55721,8180,0.29,55628.0,55071.0,9170.0,55172.0,54087.63333333333,405.65625842984144,878.4070018592605,0.010114216193640946,-0.01107958626634109,356,160,495.0,-325.0,2023,1,0,9
2023-01-10,55642,55849,55879,55580,6970,-0.27,55792.0,55628.0,8180.0,55336.28571428572,54209.1,387.7098203105427,852.5101010601766,0.002948155605090985,0.010114216193640946,299,207,356.0,160.0,2023,1,1,10
2023-01-11,55641,55655,55855,55472,7340,0.0,55642.0,55792.0,6970.0,55459.57142857143,54318.6,310.48663801249637,816.6299799381454,-0.002688557499283095,0.002948155605090985,383,14,299.0,207.0,2023,1,2,11
2023-01-12,55801,55700,55920,55550,8850,0.29,55641.0,55642.0,7340.0,55548.857142857145,54425.5,244.5297722715491,769.9943461476181,-1.797203551279214e-05,-0.002688557499283095,370,-101,383.0,14.0,2023,1,3,12
2023-01-13,56224,55845,56253,55800,11810,0.76,55801.0,55641.0,8850.0,55609.0,54507.566666666666,247.82789727963097,781.3188974651025,0.0028755773620172675,-1.797203551279214e-05,453,-379,370.0,-101.0,2023,1,4,13
2023-01-16,56414,56295,56460,56262,5510,0.34,56224.0,55801.0,11810.0,55685.57142857143,54603.5,341.43171945648055,809.9409833732219,0.007580509309869088,0.0028755773620172675,198,-119,453.0,-379.0,2023,1,0,16
2023-01-17,56306,56230,56430,56230,6770,-0.19,56414.0,56224.0,5510.0,55877.42857142857,54707.3,314.8279197451234,836.241433127193,0.0033793397837222905,0.007580509309869088,200,-76,198.0,-119.0,2023,1,1,17
2023-01-18,56220,56289,56492,56073,9600,-0.15,56306.0,56414.0,6770.0,55974.28571428572,54802.63333333333,329.26418688546204,850.3955056841626,-0.0019144184067784176,0.0033793397837222905,419,69,200.0,-76.0,2023,1,2,18
2023-01-19,56443,56299,56470,56187,7670,0.4,56220.0,56306.0,9600.0,56035.42857142857,54887.8,329.51168778118193,860.41531270701,-0.0015273683088835588,-0.0019144184067784176,283,-144,419.0,69.0,2023,1,3,19
2023-01-20,56569,56540,56768,56507,6480,0.22,56443.0,56220.0,7670.0,56149.857142857145,54977.86666666667,308.5284582129849,877.4818490420068,0.003966559943080705,-0.0015273683088835588,261,-29,283.0,-144.0,2023,1,4,20
2023-01-23,56705,56610,56799,56385,8710,0.24,56569.0,56443.0,6480.0,56282.42857142857,55065.166666666664,246.5960645491227,901.6424508591467,0.0022323405913931005,0.003966559943080705,414,-95,261.0,-29.0,2023,1,0,23
2023-01-24,56881,56815,57000,56633,9070,0.31,56705.0,56569.0,8710.0,56411.57142857143,55162.3,180.23397492649644,916.4835401174633,0.00240414361222574,0.0022323405913931005,367,-66,414.0,-95.0,2023,1,1,24
2023-01-25,56865,56895,56929,56650,6580,-0.03,56881.0,56705.0,9070.0,56505.42857142857,55245.8,230.36988891307138,955.6513359264287,0.0031037827352085046,0.00240414361222574,279,30,367.0,-66.0,2023,1,2,25
2023-01-27,56789,56730,56895,56500,10210,-0.13,56865.0,56881.0,6580.0,56569.857142857145,55329.96666666667,261.5010698397911,983.8984557667893,-0.00028128900687396374,0.0031037827352085046,395,-59,279.0,30.0,2023,1,4,27
2023-01-30,56754,56760,57001,56588,4850,-0.06,56789.0,56865.0,10210.0,56638.857142857145,55429.76666666667,243.36969722495618,974.6349160255558,-0.0013364987250505944,-0.00028128900687396374,413,6,395.0,-59.0,2023,1,0,30
2023-01-31,56864,56700,56935,56460,1040,0.19,56754.0,56789.0,4850.0,56715.142857142855,55523.0,159.40141005455192,962.5981723311284,-0.0006163165401750215,-0.0013364987250505944,475,-164,413.0,6.0,2023,1,1,31
2023-02-01,57599,56879,58100,56800,640,1.29,56864.0,56754.0,1040.0,56775.28571428572,55620.3,111.97427427234155,944.9583150791908,0.0019381893787222548,-0.0006163165401750215,1300,-720,475.0,-164.0,2023,2,2,1
2023-02-02,57710,58299,58895,57700,210,0.19,57599.0,56864.0,640.0,56922.42857142857,55722.23333333333,305.4023887451159,988.4521750164648,0.012925576814856399,0.0019381893787222548,1195,589,1300.0,-720.0,2023,2,3,2
2023-02-03,57424,57962,57990,57202,90,-0.5,57710.0,57599.0,210.0,57066.0,55823.1,405.8587603304395,1032.2750017830904,0.00192711679022195,0.012925576814856399,788,538,1195.0,589.0,2023,2,4,3
2023-02-06,56926,56690,57076,56665,10030,-0.87,57424.0,57710.0,90.0,57143.57142857143,55935.03333333333,416.36236507549535,1017.1252078784041,-0.004955813550511223,0.00192711679022195,411,-236,788.0,538.0,2023,2,0,6
2023-02-07,57175,57000,57269,56888,9070,0.44,56926.0,57424.0,10030.0,57152.28571428572,56029.1,410.1522945998805,971.4128122070875,-0.008672332125940319,-0.004955813550511223,381,-175,411.0,-236.0,2023,2,1,7
2023-02-08,57128,57188,57303,56930,7560,-0.08,57175.0,56926.0,9070.0,57207.42857142857,56127.26666666667,377.84558448913776,931.3110496822837,0.00437409970839342,-0.008672332125940319,373,60,381.0,-175.0,2023,2,2,8
2023-02-09,56797,57117,57281,56690,9660,-0.58,57128.0,57175.0,7560.0,57260.857142857145,56213.333333333336,325.917386558013,898.8825757869743,-0.0008220376038478028,0.00437409970839342,591,320,373.0,60.0,2023,2,3,9
2023-02-10,56711,56740,56800,56465,10530,-0.15,56797.0,57128.0,9660.0,57251.28571428572,56295.76666666667,340.18608353698454,830.432694994302,-0.005794006441674826,-0.0008220376038478028,335,29,591.0,320.0,2023,2,4,10
2023-02-13,56486,56759,56839,56466,7870,-0.4,56711.0,56797.0,10530.0,57124.42857142857,56364.73333333333,354.19244164426107,772.2273621457211,-0.0015141644805183319,-0.005794006441674826,373,273,335.0,29.0,2023,2,0,13
2023-02-14,56679,56560,56949,56367,16320,0.34,56486.0,56711.0,7870.0,56949.57142857143,56421.63333333333,317.11872495627074,711.8878487454117,-0.003967484262312415,-0.0015141644805183319,582,-119,373.0,273.0,2023,2,1,14
2023-02-15,56151,56634,56634,56103,10490,-0.93,56679.0,56486.0,16320.0,56843.142857142855,56477.066666666666,249.07256545177322,661.6330858004732,0.0034167758382608326,-0.003967484262312415,531,483,582.0,-119.0,2023,2,2,15
2023-02-16,56229,56235,56280,55929,8920,0.14,56151.0,56679.0,10490.0,56732.42857142857,56502.76666666667,355.5783350887915,631.8539051610247,-0.009315619541629183,0.0034167758382608326,351,6,531.0,483.0,2023,2,3,16
2023-02-17,56232,56348,56348,55737,9200,0.01,56229.0,56151.0,8920.0,56597.28571428572,56520.8,338.7086822508563,615.3016865840814,0.0013891115029118772,-0.009315619541629183,611,116,351.0,6.0,2023,2,4,17
2023-02-20,56202,56194,56339,56181,3510,-0.05,56232.0,56229.0,9200.0,56469.28571428572,56559.5,266.2797490712006,554.4753189334227,5.335325188071671e-05,0.0013891115029118772,158,-8,611.0,116.0,2023,2,0,20
2023-02-21,56157,56181,56285,56000,6390,-0.08,56202.0,56232.0,3510.0,56384.28571428572,56578.63333333333,237.66202494033342,530.6136644636259,-0.0005335040546308178,5.335325188071671e-05,285,24,158.0,-8.0,2023,2,1,21
2023-02-22,56060,56103,56350,55963,6300,-0.17,56157.0,56202.0,6390.0,56305.142857142855,56590.8,199.9878567829304,515.9362697841046,-0.0008006832497063909,-0.0005335040546308178,387,43,285.0,24.0,2023,2,2,22
2023-02-23,55630,56000,56000,55566,6190,-0.77,56060.0,56157.0,6300.0,56244.28571428572,56604.73333333333,200.5955419047163,494.63395962971146,-0.0017273002475203247,-0.0008006832497063909,434,370,387.0,43.0,2023,2,3,23
2023-02-24,55535,55794,55794,55486,6660,-0.17,55630.0,56060.0,6190.0,56094.42857142857,56604.36666666667,213.15163393946713,495.376518820056,-0.007670353193007462,-0.0017273002475203247,308,259,434.0,370.0,2023,2,4,24
2023-02-27,55447,55503,55540,55341,2610,-0.16,55535.0,55630.0,6660.0,56006.42857142857,56595.5,296.6911172432481,512.3417333383215,-0.0017077116663670733,-0.007670353193007462,199,56,308.0,259.0,2023,2,0,27
2023-02-28,55714,55549,55999,55325,380,0.48,55447.0,55535.0,2610.0,55894.71428571428,56569.6,342.59194108829206,550.0232973085623,-0.001584586296929813,-0.0017077116663670733,674,-165,199.0,56.0,2023,2,1,28
2023-03-01,56047,55990,56144,55799,110,0.6,55714.0,55447.0,380.0,55820.71428571428,56546.26666666667,312.19102821610613,571.2886179974585,0.0048154093097914075,-0.001584586296929813,345,-57,674.0,-165.0,2023,3,2,1
2023-03-02,55915,55935,56050,55100,170,-0.24,56047.0,55714.0,110.0,55798.57142857143,56537.63333333333,284.94844981330596,576.97346399717,0.005976953727967915,0.0048154093097914075,950,20,345.0,-57.0,2023,3,3,2
2023-03-03,55879,55999,56029,55710,60,-0.06,55915.0,56047.0,170.0,55764.0,56527.46666666667,246.2695000808003,585.3891563428466,-0.002355166199796588,0.005976953727967915,319,120,950.0,20.0,2023,3,4,3
2023-03-06,55752,55605,55986,55605,6390,-0.23,55879.0,55915.0,60.0,55738.142857142855,56508.666666666664,217.8764394341862,597.1340941804897,-0.0006438343914870748,-0.002355166199796588,381,-147,319.0,120.0,2023,3,0,6
2023-03-07,55077,55655,55677,55050,7900,-1.21,55752.0,55879.0,6390.0,55755.57142857143,56481.433333333334,212.59966851102604,612.7146876823812,-0.002272767945024068,-0.0006438343914870748,627,578,381.0,-147.0,2023,3,1,7
2023-03-08,54955,55010,55140,54888,7210,-0.22,55077.0,55752.0,7900.0,55690.142857142855,56427.166666666664,329.90727413498524,662.3173571673653,-0.012107188979767591,-0.002272767945024068,252,55,627.0,578.0,2023,3,2,8
2023-03-09,55272,54987,55395,54819,9130,0.58,54955.0,55077.0,7210.0,55619.857142857145,56362.96666666667,428.12943081171414,708.542091479584,-0.0022150807051944943,-0.012107188979767591,576,-285,252.0,55.0,2023,3,3,9
2023-03-10,56101,55257,56147,55253,13840,1.5,55272.0,54955.0,9130.0,55556.71428571428,56309.86666666667,444.22243463372257,729.0169920575271,0.0057683559275771845,-0.0022150807051944943,894,-844,576.0,-285.0,2023,3,4,10
2023-03-13,57539,56216,57600,56216,18780,2.56,56101.0,55272.0,13840.0,55564.42857142857,56286.933333333334,454.5055398096125,724.2305278481593,0.014998552612534466,0.0057683559275771845,1384,-1323,894.0,-844.0,2023,3,0,13
2023-03-14,57417,57001,57678,57000,11660,-0.21,57539.0,56101.0,18780.0,55796.42857142857,56313.1,879.2720203200319,755.2064047590329,0.025632341669489023,0.014998552612534466,678,-416,1384.0,-1323.0,2023,3,1,14
2023-03-15,58263,57420,58557,57015,20000,1.47,57417.0,57539.0,11660.0,56016.142857142855,56331.53333333333,1073.9513379077748,775.5904417469927,-0.0021203010132258004,0.025632341669489023,1542,-843,678.0,-416.0,2023,3,2,15
2023-03-16,57942,58186,58430,57800,14100,-0.55,58263.0,57417.0,20000.0,56374.857142857145,56353.666666666664,1353.8890191570224,821.1445054596284,0.0147343121375203,-0.0021203010132258004,630,244,1542.0,-843.0,2023,3,3,16
2023-03-17,59231,58250,59295,58066,16730,2.22,57942.0,58263.0,14100.0,56784.142857142855,56361.4,1328.971585924258,835.328537470859,-0.005509500025745351,0.0147343121375203,1229,-981,630.0,244.0,2023,3,4,17
2023-03-20,59424,59317,60320,59120,24580,0.33,59231.0,57942.0,16730.0,57395.0,56421.63333333333,1330.8089018852409,969.0393922200097,0.022246384315349754,-0.005509500025745351,1200,-107,1229.0,-981.0,2023,3,0,20
2023-03-21,58520,59472,59632,58474,16820,-1.52,59424.0,59231.0,24580.0,57988.142857142855,56504.9,1138.2220680492208,1110.8229738830184,0.0032584288632642178,0.022246384315349754,1158,952,1200.0,-107.0,2023,3,1,21
2023-03-22,58684,58515,58772,58380,10090,0.28,58520.0,59424.0,16820.0,58333.71428571428,56549.73333333333,780.910091772671,1164.6398861295222,-0.015212708669897657,0.0032584288632642178,392,-169,1158.0,952.0,2023,3,2,22
2023-03-23,59436,58769,59490,58769,13200,1.28,58684.0,58520.0,10090.0,58497.28571428572,56601.6,702.7047066625952,1224.3956031852704,0.002802460697197473,-0.015212708669897657,721,-667,392.0,-169.0,2023,3,3,23
2023-03-24,59226,59410,59892,59141,15160,-0.35,59436.0,58684.0,13200.0,58785.71428571428,56689.566666666666,590.8459230339296,1329.2296364559288,0.012814395746711282,0.002802460697197473,751,184,721.0,-667.0,2023,3,4,24
2023-03-27,58496,59257,59257,58401,12460,-1.23,59226.0,59436.0,15160.0,58923.28571428572,56773.4,560.1686395772626,1407.62560167068,-0.0035332121946295425,0.012814395746711282,856,761,751.0,184.0,2023,3,0,27
2023-03-28,58986,58657,59051,58463,8910,0.84,58496.0,59226.0,12460.0,59002.42857142857,56840.4,420.02772017836674,1440.9164612398083,-0.01232566778104216,-0.0035332121946295425,588,-329,856.0,761.0,2023,3,1,28
2023-03-29,58997,58899,59089,58665,8700,0.02,58986.0,58496.0,8910.0,58967.42857142857,56917.3,407.8377361789407,1492.6383526226753,0.008376641137855634,-0.01232566778104216,424,-98,588.0,-329.0,2023,3,2,29
2023-03-30,59389,59044,59456,58891,2690,0.66,58997.0,58986.0,8700.0,58906.42857142857,57012.166666666664,356.92196026333073,1532.1728335765604,0.0001864849286270509,0.008376641137855634,565,-345,424.0,-98.0,2023,3,3,30
2023-03-31,59314,59312,59670,59247,890,-0.13,59389.0,58997.0,2690.0,59030.57142857143,57117.5,351.19503468145496,1584.212928694968,0.006644405647744822,0.0001864849286270509,423,-2,565.0,-345.0,2023,3,4,31
2023-04-03,59600,59750,59760,59031,290,0.48,59314.0,59389.0,890.0,59120.57142857143,57220.23333333333,327.5025990506413,1624.235261608826,-0.0012628601256124972,0.006644405647744822,729,150,423.0,-2.0,2023,4,0,3
2023-04-04,60435,59558,60625,59558,160,1.4,59600.0,59314.0,290.0,59144.0,57333.5,358.2508432239117,1668.6529307930707,0.00482179586606879,-0.0012628601256124972,1067,-877,729.0,150.0,2023,4,1,4
2023-04-05,60366,60599,60949,60100,350,-0.11,60435.0,59600.0,160.0,59316.71428571428,57476.1,608.4416472425653,1745.6624342864227,0.014010067114093916,0.00482179586606879,849,233,1067.0,-877.0,2023,4,2,5
2023-04-06,60276,60500,60580,60075,10850,-0.15,60366.0,60435.0,350.0,59583.857142857145,57619.63333333333,598.4812524447738,1801.3492162394905,-0.0011417225117895669,0.014010067114093916,505,224,849.0,233.0,2023,4,3,6
2023-04-10,59867,60012,60200,59730,10300,-0.68,60276.0,60366.0,10850.0,59768.142857142855,57774.5,582.0908945584852,1823.9691798277681,-0.0014909054765928076,-0.0011417225117895669,470,145,505.0,224.0,2023,4,0,10
2023-04-11,60281,59980,60350,59961,9790,0.69,59867.0,60276.0,10300.0,59892.42857142857,57918.9,472.57481141620565,1811.9973614569942,-0.0067854535801977756,-0.0014909054765928076,389,-301,470.0,145.0,2023,4,1,11
2023-04-12,60404,60390,60822,60151,14070,0.2,60281.0,59867.0,9790.0,60019.857142857145,58080.03333333333,432.7899523571177,1799.4923323034955,0.006915328979237412,-0.0067854535801977756,671,-14,389.0,-301.0,2023,4,2,12
2023-04-13,60987,60498,61142,60461,14930,0.97,60404.0,60281.0,14070.0,60175.57142857143,58236.36666666667,317.1344915307174,1790.5548260395622,0.0020404439209700254,0.006915328979237412,681,-489,671.0,-14.0,2023,4,3,13
2023-04-14,60145,60986,60986,59918,14070,-1.38,60987.0,60404.0,14930.0,60373.71428571428,58401.03333333333,330.59427011484485,1809.3217910792607,0.009651678696775079,0.0020404439209700254,1068,841,681.0,-489.0,2023,4,4,14
2023-04-17,60051,60050,60444,59764,13500,-0.16,60145.0,60987.0,14070.0,60332.28571428572,58542.03333333333,339.6801016143861,1773.3695082074091,-0.013806220997917618,0.009651678696775079,680,-1,1068.0,841.0,2023,4,0,17
2023-04-18,60331,60050,60499,60007,11380,0.47,60051.0,60145.0,13500.0,60287.28571428572,58681.1,354.9895370750406,1720.1181865959634,-0.001562889683265456,-0.013806220997917618,492,-281,680.0,-1.0,2023,4,1,18
2023-04-19,60172,60323,60384,59627,17270,-0.26,60331.0,60051.0,11380.0,60295.142857142855,58833.73333333333,355.3066415478201,1653.0955900616214,0.004662703368803145,-0.001562889683265456,757,151,492.0,-281.0,2023,4,2,19
2023-04-20,60389,59932,60549,59932,10300,0.36,60172.0,60331.0,17270.0,60338.71428571428,59003.566666666666,309.8455068246549,1509.3003330677523,-0.002635461039929732,0.004662703368803145,617,-457,757.0,151.0,2023,4,3,20
2023-04-21,59810,60311,60373,59565,17110,-0.96,60389.0,60172.0,10300.0,60354.142857142855,59184.7,309.18086863194094,1320.996127534692,0.003606328524895286,-0.002635461039929732,808,501,617.0,-457.0,2023,4,4,21
2023-04-24,59928,59652,59978,59575,8500,0.2,59810.0,60389.0,17110.0,60269.28571428572,59335.96666666667,368.95289414695554,1098.6076292219377,-0.009587838844822727,0.003606328524895286,403,-276,808.0,501.0,2023,4,0,24
2023-04-25,60123,59980,60195,59701,11510,0.33,59928.0,59810.0,8500.0,60118.0,59463.53333333333,207.32743829704717,917.2394766185167,0.001972914228389966,-0.009587838844822727,494,-143,403.0,-276.0,2023,4,1,25
2023-04-26,59849,60085,60300,59805,10020,-0.46,60123.0,59928.0,11510.0,60114.857142857145,59549.666666666664,207.0164474817355,849.0769565575724,0.0032539046856228104,0.001972914228389966,495,236,494.0,-143.0,2023,4,2,26
2023-04-27,59913,60100,60248,59605,9710,0.11,59849.0,60123.0,10020.0,60086.0,59630.73333333333,230.18398439250805,748.589429079444,-0.004557324152154707,0.0032539046856228104,643,187,495.0,236.0,2023,4,3,27
2023-04-28,60057,59888,60124,59741,7030,0.24,59913.0,59849.0,9710.0,60026.28571428572,59685.73333333333,209.30497230764786,703.915842015106,0.001069357884008193,-0.004557324152154707,383,-169,643.0,187.0,2023,4,4,28
2023-05-01,59979,60170,60449,59900,1490,-0.13,60057.0,59913.0,7030.0,60009.857142857145,59756.23333333333,200.28016092782136,624.7083006617579,0.0024034850533272145,0.001069357884008193,549,191,383.0,-169.0,2023,5,0,1
2023-05-02,60787,60050,60861,59900,710,1.35,59979.0,60057.0,1490.0,59951.28571428572,59781.166666666664,110.95151237977605,617.9124524127485,-0.001298766172136423,0.0024034850533272145,961,-737,549.0,191.0,2023,5,1,2
2023-05-03,61073,60925,61146,60700,190,0.47,60787.0,59979.0,710.0,60090.857142857145,59826.6,320.4051750434425,640.4434132016706,0.013471381650244307,-0.001298766172136423,446,-148,961.0,-737.0,2023,5,2,3
2023-05-04,61683,61374,61898,61150,180,1.0,61073.0,60787.0,190.0,60254.42857142857,59911.7,477.27520263657743,630.377946289829,0.004704953361738484,0.013471381650244307,748,-309,446.0,-148.0,2023,5,3,4
2023-05-05,60799,61899,61899,60200,110,-1.43,61683.0,61073.0,180.0,60477.28571428572,60011.666666666664,712.1136880906777,665.7733555165107,0.009988047091185948,0.004704953361738484,1699,1100,748.0,-309.0,2023,5,4,5
2023-05-08,60916,60750,61042,60750,9010,0.19,60799.0,61683.0,110.0,60613.0,60057.1,661.1182445958948,671.615312200655,-0.014331339266896892,0.009988047091185948,292,-166,1699.0,1100.0,2023,5,0,8
2023-05-09,61359,60916,61390,60906,11890,0.73,60916.0,60799.0,9010.0,60756.28571428572,60113.433333333334,588.862947919817,670.3762547888199,0.0019243737561474017,-0.014331339266896892,484,-443,292.0,-166.0,2023,5,1,9
2023-05-10,61207,61265,61571,60957,16020,-0.25,61359.0,60916.0,11890.0,60942.28571428572,60208.86666666667,534.2673220709307,635.0358520032679,0.007272309409678934,0.0019243737561474017,614,58,484.0,-443.0,2023,5,2,10
2023-05-11,60886,61228,61450,60801,18620,-0.52,61207.0,61359.0,16020.0,61117.71428571428,60282.9,326.43974140138346,616.756943683971,-0.0024772242050881133,0.007272309409678934,649,342,614.0,58.0,2023,5,3,11
2023-05-12,60843,60849,61031,60532,14970,-0.07,60886.0,61207.0,18620.0,61131.857142857145,60345.86666666667,311.52764916580907,576.0307542842188,-0.005244498178312962,-0.0024772242050881133,499,6,649.0,342.0,2023,5,4,12
2023-05-15,60987,60740,61081,60740,7710,0.24,60843.0,60886.0,14970.0,61099.0,60394.333333333336,330.33165153265924,553.4720709570843,-0.0007062378871990349,-0.005244498178312962,341,-247,499.0,6.0,2023,5,0,15
2023-05-16,60280,60938,60980,60200,14190,-1.16,60987.0,60843.0,7710.0,60999.57142857143,60450.1,206.96203931775713,524.3861665989396,0.002366747201814512,-0.0007062378871990349,780,658,341.0,-247.0,2023,5,1,16
2023-05-17,60189,60389,60420,60010,9460,-0.15,60280.0,60987.0,14190.0,60925.42857142857,60472.76666666667,340.6057628968607,500.52714854738446,-0.01159263449587622,0.002366747201814512,410,200,780.0,658.0,2023,5,2,17
2023-05-18,59758,60148,60170,59621,12490,-0.72,60189.0,60280.0,9460.0,60821.57142857143,60464.566666666666,440.2286743483828,503.1752750955257,-0.0015096217650961696,-0.01159263449587622,549,390,410.0,200.0,2023,5,3,18
2023-05-19,60389,59748,60492,59748,12690,1.06,59758.0,60189.0,12490.0,60592.857142857145,60444.3,522.652028467652,519.2691913638254,-0.0071607768861420285,-0.0015096217650961696,744,-641,549.0,390.0,2023,5,4,19
2023-05-22,60271,60485,60510,60140,7430,-0.2,60389.0,59758.0,12690.0,60476.0,60448.066666666666,448.66245664662836,518.415419449142,0.010559255664513545,-0.0071607768861420285,370,214,744.0,-641.0,2023,5,0,22
2023-05-23,60220,60033,60271,59774,11250,-0.08,60271.0,60389.0,7430.0,60388.142857142855,60461.53333333333,413.8600522656372,507.94228108687093,-0.0019539982447134285,0.010559255664513545,497,-187,370.0,214.0,2023,5,1,23
2023-05-24,59918,60288,60395,59797,10440,-0.5,60220.0,60271.0,11250.0,60299.142857142855,60459.5,363.687333013724,508.811241332715,-0.0008461780956015019,-0.0019539982447134285,598,370,497.0,-187.0,2023,5,2,24
2023-05-25,59493,59752,60000,59411,11030,-0.71,59918.0,60220.0,10440.0,60146.42857142857,60443.3,224.52977319668278,518.2878410720142,-0.005014945200929932,-0.0008461780956015019,589,259,598.0,370.0,2023,5,3,25
2023-05-26,59430,59570,59690,59301,9040,-0.11,59493.0,59918.0,11030.0,60034.0,60393.5,322.2649013944625,535.7272047667783,-0.007093027137087371,-0.005014945200929932,389,140,589.0,259.0,2023,5,4,26
2023-05-29,59358,59450,59599,59250,8790,-0.12,59430.0,59493.0,9040.0,59925.57142857143,60369.666666666664,383.3235609573851,562.4038512939019,-0.0010589481115425015,-0.007093027137087371,349,92,389.0,140.0,2023,5,0,29
2023-05-30,59845,58900,59946,58900,3450,0.82,59358.0,59430.0,8790.0,59868.42857142857,60346.566666666666,438.33429296033916,589.522231061501,-0.001211509338717831,-0.0010589481115425015,1046,-945,349.0,92.0,2023,5,1,30
2023-05-31,60252,59868,60368,59834,320,0.68,59845.0,59358.0,3450.0,59790.71428571428,60330.36666666667,374.18788253048297,596.5998765000436,0.008204454327976007,-0.001211509338717831,534,-384,1046.0,-945.0,2023,5,2,31
2023-06-01,60033,60100,60718,59696,350,-0.36,60252.0,59845.0,320.0,59788.0,60333.03333333333,370.1706813584895,596.0461381862682,0.006800902331021819,0.008204454327976007,1022,67,534.0,-384.0,2023,6,3,1
2023-06-02,59656,60449,60449,59601,60,-0.63,60033.0,60252.0,350.0,59761.28571428572,60321.166666666664,339.25492592735543,598.4324974624768,-0.0036347341167097813,0.006800902331021819,848,793,1022.0,67.0,2023,6,4,2
2023-06-05,59805,59588,60200,59200,40,0.25,59656.0,60033.0,60.0,59723.857142857145,60316.03333333333,333.4873453789116,603.6066019198648,-0.006279879399663568,-0.0036347341167097813,1000,-217,848.0,793.0,2023,6,0,5
2023-06-06,59902,59773,59998,59701,8000,0.16,59805.0,59656.0,40.0,59768.42857142857,60311.933333333334,317.9794842203259,606.7427980493005,0.0024976532117473305,-0.006279879399663568,297,-129,1000.0,-217.0,2023,6,1,6
2023-06-07,59511,59900,60025,59410,14680,-0.65,59902.0,59805.0,8000.0,59835.857142857145,60304.566666666666,282.29619703642373,610.4461163081708,0.0016219379650530552,0.0024976532117473305,615,389,297.0,-129.0,2023,6,2,7
2023-06-08,59809,59550,59950,59410,14350,0.5,59511.0,59902.0,14680.0,59857.71428571428,60293.3,242.2077030828293,622.1511153578492,-0.006527327969016006,0.0016219379650530552,540,-259,615.0,389.0,2023,6,3,8
2023-06-09,59777,59805,60040,59676,7820,-0.05,59809.0,59511.0,14350.0,59852.57142857143,60289.833333333336,242.9038610610653,624.6280594400689,0.005007477609181521,-0.006527327969016006,364,28,540.0,-259.0,2023,6,4,9
2023-06-12,59595,59680,59850,59484,9120,-0.3,59777.0,59809.0,7820.0,59784.71428571428,60280.5,167.30681824912634,630.2932951628333,-0.0005350365329632734,0.005007477609181521,366,85,364.0,28.0,2023,6,0,12
2023-06-13,59222,59680,59800,59151,15370,-0.63,59595.0,59777.0,9120.0,59722.142857142855,60267.7,138.37681475306965,640.4446811796942,-0.003044649279823397,-0.0005350365329632734,649,458,366.0,85.0,2023,6,1,13
2023-06-14,59249,59294,59390,59105,11390,0.05,59222.0,59595.0,15370.0,59660.142857142855,60215.53333333333,235.84912450094035,660.1224407470148,-0.00625891433845116,-0.003044649279823397,285,45,649.0,458.0,2023,6,2,14
2023-06-15,59249,59100,59275,58600,16410,0.0,59249.0,59222.0,11390.0,59580.71428571428,60154.73333333333,270.0745047191116,662.4178769284134,0.0004559116544526898,-0.00625891433845116,675,-149,285.0,45.0,2023,6,3,15
2023-06-16,59249,59250,59427,59156,9350,0.0,59249.0,59249.0,16410.0,59487.42857142857,60073.6,252.8292290294699,616.2288312063766,0.0,0.0004559116544526898,271,1,675.0,-149.0,2023,6,4,16
2023-06-19,59043,59126,59260,59005,6090,-0.35,59249.0,59249.0,9350.0,59450.0,60021.933333333334,267.71315495758296,618.2867838815737,0.0,0.0,255,83,271.0,1.0,2023,6,0,19
2023-06-20,58721,59064,59238,58555,11770,-0.55,59043.0,59249.0,6090.0,59340.57142857143,59959.5,252.64194502287074,619.4573682108114,-0.0034768519299903655,0.0,683,343,255.0,83.0,2023,6,1,20
2023-06-21,58630,58702,58762,58326,9890,-0.15,58721.0,59043.0,11770.0,59189.71428571428,59871.566666666666,263.64794347613093,600.9018901662539,-0.005453652422810484,-0.0034768519299903655,436,72,683.0,343.0,2023,6,2,21
2023-06-22,58144,58553,58644,58111,10480,-0.83,58630.0,58721.0,9890.0,59051.857142857145,59785.666666666664,268.6549388982122,587.4594825810053,-0.0015497011290679374,-0.005453652422810484,533,409,436.0,72.0,2023,6,3,22
2023-06-23,58188,58111,58594,58046,10120,0.08,58144.0,58630.0,10480.0,58897.857142857145,59694.26666666667,420.7724755665093,622.6159458993451,-0.00828927170390581,-0.0015497011290679374,548,-77,533.0,409.0,2023,6,4,23
2023-06-26,58256,58282,58495,58211,7600,0.12,58188.0,58144.0,10120.0,58746.28571428572,59605.76666666667,462.2545165805285,642.0911785762036,0.0007567418822234107,-0.00828927170390581,284,26,548.0,-77.0,2023,6,0,26
2023-06-27,58015,58350,58391,57930,8400,-0.41,58256.0,58188.0,7600.0,58604.42857142857,59514.73333333333,433.75678943940653,633.044201391754,0.001168625833505299,0.0007567418822234107,461,335,284.0,26.0,2023,6,1,27
2023-06-28,57796,58080,58080,57690,10090,-0.38,58015.0,58256.0,8400.0,58428.142857142855,59439.23333333333,374.89706524271435,672.4674935498676,-0.004136912936006598,0.001168625833505299,390,284,461.0,335.0,2023,6,2,28
2023-06-29,57578,57600,57811,57375,6460,-0.38,57796.0,58015.0,10090.0,58250.0,59359.46666666667,327.28631706364393,720.6641445164225,-0.0037748858053952006,-0.004136912936006598,436,22,390.0,284.0,2023,6,3,29
2023-06-30,58020,57743,58059,57673,440,0.77,57578.0,57796.0,6460.0,58086.71428571428,59286.8,338.0841681676622,786.0360788396201,-0.0037718873278427267,-0.0037748858053952006,386,-277,436.0,22.0,2023,6,4,30
2023-07-03,58119,57979,58205,57830,70,0.17,58020.0,57578.0,440.0,57999.57142857143,59207.833333333336,238.72568438408427,790.4733232113732,0.007676543124109925,-0.0037718873278427267,375,-140,386.0,-277.0,2023,7,0,3
2023-07-04,58194,58171,58239,58124,20,0.13,58119.0,58020.0,70.0,57996.0,59136.1,236.38034324021731,788.30806816943,0.0017063081695967153,0.007676543124109925,115,-23,375.0,-140.0,2023,7,1,4
2023-07-05,58308,58186,58450,58148,120,0.2,58194.0,58119.0,20.0,57996.857142857145,59068.566666666666,237.20204368324045,778.976989757019,0.001290455788984568,0.0017063081695967153,302,-122,115.0,-23.0,2023,7,2,5
2023-07-06,58385,58469,58637,58150,13960,0.13,58308.0,58194.0,120.0,58004.28571428572,59014.9,247.2709137072182,773.8811879737384,0.0019589648417361882,0.001290455788984568,487,84,302.0,-122.0,2023,7,3,6
2023-07-07,58747,58396,58898,58313,13140,0.62,58385.0,58308.0,13960.0,58057.142857142855,58977.96666666667,286.39391787219375,776.7115242805532,0.001320573506208511,0.0019589648417361882,585,-351,487.0,84.0,2023,7,4,7
2023-07-10,58635,58690,58720,58390,9830,-0.19,58747.0,58385.0,13140.0,58193.0,58955.2,358.3843374605957,773.0058839025239,0.0062002226599298105,0.001320573506208511,330,55,585.0,-351.0,2023,7,0,10
2023-07-11,58737,58601,58840,58553,8870,0.17,58635.0,58747.0,9830.0,58344.0,58931.1,267.1354213448694,771.2833170558096,-0.001906480330910565,0.0062002226599298105,287,-136,330.0,55.0,2023,7,1,11
2023-07-12,59113,58790,59168,58688,13170,0.64,58737.0,58635.0,8870.0,58446.42857142857,58894.166666666664,259.5508024480129,752.3068011022534,0.0017395753389612967,-0.001906480330910565,480,-323,287.0,-136.0,2023,7,2,12
2023-07-13,59185,59150,59325,59050,9300,0.12,59113.0,58737.0,13170.0,58588.42857142857,58856.2,316.26985163217216,708.9071920165236,0.0064014164836474485,0.0017395753389612967,275,-35,480.0,-323.0,2023,7,3,13
2023-07-14,59229,59207,59320,59083,7720,0.07,59185.0,59113.0,9300.0,58730.0,58827.933333333334,331.7092100075676,676.5330959245516,0.001218006191531451,0.0064014164836474485,237,-22,275.0,-35.0,2023,7,4,14
2023-07-17,59061,59095,59180,58861,8540,-0.28,59229.0,59185.0,7720.0,58861.57142857143,58813.7,318.83269236098545,662.8646374505192,0.0007434316127397089,0.001218006191531451,319,34,237.0,-22.0,2023,7,0,17
2023-07-18,59633,59135,59767,59112,15280,0.97,59061.0,59229.0,8540.0,58958.142857142855,58788.9,244.02693060609153,637.947319733238,-0.002836448361444588,0.0007434316127397089,655,-498,319.0,34.0,2023,7,1,18
2023-07-19,59683,59650,59739,59505,7000,0.08,59633.0,59061.0,15280.0,59084.71428571428,58779.933333333334,330.65677789184247,623.4892877589996,0.009684902050422384,-0.002836448361444588,234,-33,655.0,-498.0,2023,7,2,19
2023-07-20,59459,59750,59842,59338,9930,-0.38,59683.0,59633.0,7000.0,59234.42857142857,58785.666666666664,330.3547876423515,631.18696794369,0.0008384619254440118,0.009684902050422384,504,291,234.0,-33.0,2023,7,3,20
2023-07-21,59221,59460,59500,59110,7400,-0.4,59459.0,59683.0,9930.0,59337.57142857143,58774.0,252.76264040579431,614.6374316700819,-0.0037531625420974546,0.0008384619254440118,390,239,504.0,291.0,2023,7,4,21
2023-07-24,59013,59188,59234,58967,8039,-0.35,59221.0,59459.0,7400.0,59353.0,58755.46666666667,239.73040414312516,591.2899827279022,-0.004002758203131562,-0.0037531625420974546,267,175,390.0,239.0,2023,7,0,24
2023-07-25,59120,59057,59191,58870,8850,0.18,59013.0,59221.0,8039.0,59328.42857142857,58736.066666666666,267.074806720715,572.0292935155335,-0.003512267607774233,-0.004002758203131562,321,-63,267.0,175.0,2023,7,1,25
2023-07-26,59347,59199,59460,59097,9910,0.38,59120.0,59013.0,8850.0,59312.857142857145,58732.666666666664,276.83715344541736,569.3382324986685,0.0018131598122448356,-0.003512267607774233,363,-148,321.0,-63.0,2023,7,2,26
2023-07-27,58878,59455,59538,58711,13670,-0.79,59347.0,59120.0,9910.0,59353.71428571428,58735.933333333334,253.6012055029135,572.6743031317772,0.003839648173207033,0.0018131598122448356,827,577,363.0,-148.0,2023,7,3,27
2023-07-28,59288,58989,59335,58910,10910,0.7,58878.0,59347.0,13670.0,59245.857142857145,58723.566666666666,274.6976693161951,565.1694090409906,-0.007902674103156038,0.003839648173207033,425,-299,827.0,577.0,2023,7,4,28
2023-07-31,59628,59064,59702,59064,4230,0.57,59288.0,58878.0,10910.0,59189.42857142857,58724.86666666667,200.47681258659904,566.4630573995988,0.006963551751078434,-0.007902674103156038,638,-564,425.0,-299.0,2023,7,0,31
2023-08-01,59048,59528,59528,59029,780,-0.97,59628.0,59288.0,4230.0,59213.57142857143,58744.36666666667,243.83796337913967,587.4716417677196,0.005734718661449145,0.006963551751078434,499,480,638.0,-564.0,2023,8,1,1
2023-08-02,59117,59241,59399,59041,130,0.12,59048.0,59628.0,780.0,59188.857142857145,58755.26666666667,251.60314557070424,590.0510751287298,-0.009726973904876868,0.005734718661449145,358,124,499.0,480.0,2023,8,2,2
2023-08-03,59078,59099,59860,58950,160,-0.07,59117.0,59048.0,130.0,59203.71428571428,58771.5,242.38998487115214,593.1767632080636,0.001168540848123456,-0.009726973904876868,910,21,358.0,124.0,2023,8,3,3
2023-08-04,59124,59074,59249,59037,20,0.08,59078.0,59117.0,160.0,59197.71428571428,58802.63333333333,245.3098138392274,583.538816678817,-0.0006597087132297341,0.001168540848123456,212,-50,910.0,21.0,2023,8,4,4
2023-08-07,59201,59325,59380,59135,8380,0.13,59124.0,59078.0,20.0,59165.857142857145,58833.833333333336,237.03194481138928,574.4955258238334,0.0007786316395272941,-0.0006597087132297341,245,124,212.0,-50.0,2023,8,0,7
2023-08-08,58997,59161,59215,58950,9730,-0.34,59201.0,59124.0,8380.0,59212.0,58865.333333333336,200.23902384550394,567.5859548016964,0.0013023476084161878,0.0007786316395272941,265,164,245.0,124.0,2023,8,1,8
2023-08-09,58719,59051,59097,58702,9960,-0.47,58997.0,59201.0,9730.0,59170.42857142857,58898.066666666666,211.70959445636763,544.7108016805454,-0.0034458877383828357,0.0013023476084161878,395,332,265.0,164.0,2023,8,2,9
2023-08-10,58605,58680,58879,58508,7820,-0.19,58719.0,58997.0,9960.0,59040.57142857143,58928.833333333336,155.617969350779,504.93093302216454,-0.004712104005288431,-0.0034458877383828357,371,75,395.0,332.0,2023,8,3,10
2023-08-11,58629,58582,58741,58487,6650,0.04,58605.0,58719.0,7820.0,58977.28571428572,58963.066666666666,226.17597448108626,440.94967523306974,-0.0019414499565728605,-0.004712104005288431,254,-47,371.0,75.0,2023,8,4,11
2023-08-14,58663,58744,58744,58525,4960,0.06,58629.0,58605.0,6650.0,58907.57142857143,58983.36666666667,249.89855085248533,408.88936900847534,0.0004095213718966484,-0.0019414499565728605,219,81,254.0,-47.0,2023,8,0,14
2023-08-16,58413,58598,58619,58401,5670,-0.43,58663.0,58629.0,4960.0,58848.28571428572,59001.5,251.94623387894163,380.2977735247981,0.0005799177881253836,0.0004095213718966484,218,185,219.0,81.0,2023,8,2,16
2023-08-17,58027,58385,58390,58007,8380,-0.66,58413.0,58663.0,5670.0,58746.71428571428,59008.8,265.2355646699135,366.0997979583705,-0.004261629988237869,0.0005799177881253836,383,358,218.0,185.0,2023,8,3,17
2023-08-18,58098,58169,58265,58055,4990,0.12,58027.0,58413.0,8380.0,58579.0,58999.433333333334,299.1142479675146,387.6107791175945,-0.0066081180559122155,-0.004261629988237869,210,71,383.0,358.0,2023,8,4,18
2023-08-21,58164,58110,58320,57992,8850,0.11,58098.0,58027.0,4990.0,58450.57142857143,58989.86666666667,282.2515764079468,406.3856443702436,0.0012235683388768237,-0.0066081180559122155,328,-54,210.0,71.0,2023,8,0,21
2023-08-22,58221,58164,58328,58073,6850,0.1,58164.0,58098.0,8850.0,58371.28571428572,58970.433333333334,272.04822752417317,431.5597759593462,0.0011360115666632087,0.0012235683388768237,255,-57,328.0,-54.0,2023,8,1,22
2023-08-23,58430,58290,58456,58160,7780,0.36,58221.0,58164.0,6850.0,58316.42857142857,58956.63333333333,255.26447536770561,448.92565111171984,0.0009799876212090997,0.0011360115666632087,296,-140,255.0,-57.0,2023,8,2,23
2023-08-24,58436,58448,58533,58261,7110,0.01,58430.0,58221.0,7780.0,58288.0,58946.4,223.79305917996342,457.52162940729636,0.0035897700142559774,0.0009799876212090997,272,12,296.0,-140.0,2023,8,3,24
2023-08-25,58273,58383,58520,58171,9060,-0.28,58436.0,58430.0,7110.0,58255.57142857143,58923.833333333336,170.49814970083185,465.64490564927024,0.0001026869758684601,0.0035897700142559774,349,110,272.0,12.0,2023,8,4,25
2023-08-28,58497,58300,58600,58206,8810,0.38,58273.0,58436.0,9060.0,58235.57142857143,58893.433333333334,156.5980599647959,477.6227542721332,-0.0027893764118009923,0.0001026869758684601,394,-197,349.0,110.0,2023,8,0,28
2023-08-29,58843,58620,58880,58430,11850,0.59,58497.0,58273.0,8810.0,58302.71428571428,58869.03333333333,152.98334800134177,478.58537834331827,0.0038439757692241283,-0.0027893764118009923,450,-223,394.0,-197.0,2023,8,1,29
2023-08-30,59117,58832,59164,58830,5370,0.47,58843.0,58497.0,11850.0,58409.142857142855,58861.76666666667,227.71870702166612,477.2231953259617,0.005914833239311523,0.0038439757692241283,334,-285,450.0,-223.0,2023,8,2,30
2023-08-31,59113,59138,59379,59001,200,-0.01,59117.0,58843.0,5370.0,58545.28571428572,58844.566666666666,322.06558043210345,457.35315587804234,0.004656458712166245,0.005914833239311523,378,25,334.0,-285.0,2023,8,3,31
2023-09-01,59106,59082,59507,59051,400,-0.01,59113.0,59117.0,200.0,58672.71428571428,58825.566666666666,347.80967702526505,432.4844572274596,-6.766243212608103e-05,0.004656458712166245,456,-24,378.0,25.0,2023,9,4,1
2023-09-04,59385,59125,59540,59101,90,0.47,59106.0,59113.0,400.0,58769.28571428572,58813.8,362.7150921854492,419.2560241538673,-0.00011841726862116264,-6.766243212608103e-05,439,-260,456.0,-24.0,2023,9,0,4
2023-09-05,59301,59550,59550,59150,30,-0.14,59385.0,59106.0,90.0,58904.857142857145,58819.26666666667,393.43378459535097,425.767212848094,0.004720332961120732,-0.00011841726862116264,400,249,439.0,-260.0,2023,9,1,5
2023-09-06,59111,59208,59310,59021,6940,-0.32,59301.0,59385.0,30.0,59051.71428571428,58828.86666666667,298.73550971687774,433.4633368164136,-0.001414498610760262,0.004720332961120732,289,97,400.0,249.0,2023,9,2,6
2023-09-07,59016,59124,59125,58981,4270,-0.16,59111.0,59301.0,6940.0,59139.42857142857,58828.566666666666,171.9533436280395,433.2579611683365,-0.0032039931872986926,-0.001414498610760262,144,108,289.0,97.0,2023,9,3,7
2023-09-08,58905,59117,59200,58872,5870,-0.19,59016.0,59111.0,4270.0,59164.142857142855,58817.53333333333,129.4197674020077,423.7097032637824,-0.0016071458780937409,-0.0032039931872986926,328,212,144.0,108.0,2023,9,4,8
2023-09-11,58941,58932,59120,58902,4160,0.06,58905.0,59016.0,5870.0,59133.857142857145,58818.433333333334,162.79273999287045,423.8712136290111,-0.0018808458723058585,-0.0016071458780937409,218,-9,328.0,212.0,2023,9,0,11
2023-09-12,58642,58999,58999,58576,8320,-0.51,58941.0,58905.0,4160.0,59109.28571428572,58806.86666666667,178.67168615222397,415.26283602642667,0.0006111535523301015,-0.0018808458723058585,423,357,218.0,-9.0,2023,9,1,12
2023-09-13,58610,58576,58726,58527,5100,-0.05,58642.0,58941.0,8320.0,59043.0,58774.0,251.3728969822186,386.021618114038,-0.005072869479649134,0.0006111535523301015,199,-34,423.0,357.0,2023,9,2,13
2023-09-14,58608,58500,58635,58385,6590,0.0,58610.0,58642.0,5100.0,58932.28571428572,58759.4,246.25577103043025,383.5763287746116,-0.0005456839807645997,-0.005072869479649134,250,-108,199.0,-34.0,2023,9,3,14
2023-09-15,58992,58690,59111,58677,8140,0.66,58608.0,58610.0,6590.0,58833.28571428572,58742.433333333334,209.94262255621334,378.43604509361336,-3.4123869646851546e-05,-0.0005456839807645997,434,-302,250.0,-108.0,2023,9,4,15
2023-09-18,59212,59079,59225,59056,5050,0.37,58992.0,58608.0,8140.0,58816.28571428572,58739.566666666666,187.30431059048993,376.1251335502116,0.006552006552006606,-3.4123869646851546e-05,169,-133,434.0,-302.0,2023,9,0,18
2023-09-19,59265,59250,59350,59231,2650,0.09,59212.0,58992.0,5050.0,58844.28571428572,58742.5,231.55756253204495,379.5541622287598,0.00372931922972608,0.006552006552006606,119,-15,169.0,-133.0,2023,9,1,19
2023-09-20,59363,59167,59388,59100,6430,0.17,59265.0,59212.0,2650.0,58895.71428571428,58744.63333333333,281.81359932726355,382.38935594030323,0.0008950888333445484,0.00372931922972608,288,-196,119.0,-15.0,2023,9,2,20
2023-09-21,58853,59300,59300,58726,9320,-0.86,59363.0,59265.0,6430.0,58956.0,58756.833333333336,333.5111192607461,396.304052837035,0.001653589808487288,0.0008950888333445484,574,447,288.0,-196.0,2023,9,3,21
2023-09-22,58896,58800,58948,58721,5380,0.07,58853.0,59363.0,9320.0,58986.142857142855,58761.3,309.03906364897455,396.61795653309025,-0.008591210012971029,0.001653589808487288,227,-96,574.0,447.0,2023,9,4,22
2023-09-25,58707,58860,58948,58674,6480,-0.32,58896.0,58853.0,5380.0,59027.0,58771.0,267.07926414686165,396.22181178493753,0.0007306339523898142,-0.008591210012971029,274,153,227.0,-96.0,2023,9,0,25
2023-09-26,58478,58656,58700,58454,9340,-0.39,58707.0,58896.0,6480.0,59041.142857142855,58773.6,242.7024437338316,395.5131629480524,-0.0032090464547677167,0.0007306339523898142,246,178,274.0,153.0,2023,9,1,26
2023-09-27,57759,58466,58478,57662,13130,-1.23,58478.0,58707.0,9340.0,58967.71428571428,58767.433333333334,324.1397405941795,398.7262204154406,-0.00390072734086222,-0.0032090464547677167,816,707,246.0,178.0,2023,9,2,27
2023-09-28,57146,57675,57788,56674,6960,-1.06,57759.0,58478.0,13130.0,58760.142857142855,58745.63333333333,536.9843041104787,435.0011084629858,-0.012295222134819928,-0.00390072734086222,1114,529,816.0,707.0,2023,9,3,28
2023-09-29,57061,57445,57727,56802,340,-0.15,57146.0,57759.0,6960.0,58457.42857142857,58716.26666666667,757.1038804009208,508.6857259765656,-0.010613064630620284,-0.012295222134819928,925,384,1114.0,529.0,2023,9,4,29
2023-10-03,56385,56323,56490,56251,80,-1.18,57061.0,57146.0,340.0,58128.57142857143,58681.7,797.0949038339811,582.0854985158319,-0.00148741819199949,-0.010613064630620284,239,-62,925.0,384.0,2023,10,1,3
2023-10-04,56229,56280,56367,56205,140,-0.28,56385.0,57061.0,80.0,57776.0,58622.4,953.6998130109503,712.6251904509056,-0.011846970785650446,-0.00148741819199949,162,51,239.0,-62.0,2023,10,2,4
2023-10-05,56112,55913,56336,55913,320,-0.21,56229.0,56385.0,140.0,57395.0,58556.0,964.360064155028,833.8150377857252,-0.002766693269486531,-0.011846970785650446,423,-199,162.0,51.0,2023,10,3,5
2023-10-06,56582,56486,56641,56160,11220,0.84,56112.0,56229.0,320.0,57024.28571428572,58478.73333333333,870.1229250891109,945.7770727082611,-0.0020807768233473967,-0.002766693269486531,481,-96,423.0,-199.0,2023,10,4,6
2023-10-09,57268,56720,57300,56720,9880,1.21,56582.0,56112.0,11220.0,56753.42857142857,58416.933333333334,593.2213912624229,1007.2415021604343,0.008376104932991124,-0.0020807768233473967,580,-548,481.0,-96.0,2023,10,0,9
2023-10-10,57364,57320,57450,57230,7420,0.17,57268.0,56582.0,9880.0,56683.28571428572,58383.433333333334,470.92806042848923,1028.6782843240783,0.01212399703085798,0.008376104932991124,220,-44,580.0,-548.0,2023,10,1,10
2023-10-11,57636,57387,57742,57340,8000,0.47,57364.0,57268.0,7420.0,56714.42857142857,58345.666666666664,512.0412929813265,1045.0333877945961,0.0016763288398407017,0.01212399703085798,402,-249,220.0,-44.0,2023,10,2,11
2023-10-12,57613,57721,57900,57575,8260,-0.04,57636.0,57364.0,8000.0,56796.57142857143,58305.433333333334,613.0616763844627,1048.4549119037551,0.0047416498152150766,0.0016763288398407017,325,108,402.0,-249.0,2023,10,3,12
2023-10-13,58993,57665,59019,57634,23770,2.4,57613.0,57636.0,8260.0,56972.0,58255.3,650.2314972405769,1044.2601125940257,-0.00039905614546464907,0.0047416498152150766,1385,-1328,325.0,108.0,2023,10,4,13
2023-10-16,58993,58880,58993,58600,7880,0.0,58993.0,57613.0,23770.0,57366.857142857145,58251.3,910.84327751498,1041.0864401471838,0.023952927290715742,-0.00039905614546464907,393,-113,1385.0,-1328.0,2023,10,0,16
2023-10-17,58922,58850,59100,58700,7160,-0.12,58993.0,58993.0,7880.0,57778.42857142857,58247.53333333333,900.1619960048349,1038.0875895965755,0.0,0.023952927290715742,400,-72,393.0,-113.0,2023,10,1,17
2023-10-18,59680,59127,59846,59127,16040,1.29,58922.0,58993.0,7160.0,58112.71428571428,58232.1,811.9765420045834,1023.9389579713439,-0.0012035326225144916,0.0,719,-553,400.0,-72.0,2023,10,2,18
2023-10-19,59935,59600,59978,59481,12200,0.43,59680.0,58922.0,16040.0,58457.28571428572,58244.73333333333,900.7007853697846,1039.7970270526512,0.01286446488578119,-0.0012035326225144916,497,-335,719.0,-553.0,2023,10,3,19
2023-10-20,60405,59978,60740,59935,17320,0.78,59935.0,59680.0,12200.0,58824.57142857143,58272.2,904.769373404896,1073.7961792067535,0.00427278820375343,0.01286446488578119,805,-427,497.0,-335.0,2023,10,4,20
2023-10-23,60402,60100,60525,60100,10990,0.0,60405.0,59935.0,17320.0,59220.142857142855,58318.5,903.8215953352601,1135.1651178678123,0.007841828647701776,0.00427278820375343,425,-302,805.0,-427.0,2023,10,0,23
2023-10-24,60351,60400,60401,59958,7290,-0.08,60402.0,60405.0,10990.0,59618.57142857143,58368.4,658.7895104292011,1193.2523680216837,-4.966476285073185e-05,0.007841828647701776,443,49,425.0,-302.0,2023,10,1,24
2023-10-25,60652,60282,60680,60180,14340,0.5,60351.0,60402.0,7290.0,59812.57142857143,58415.4,643.6460873168006,1243.30270955325,-0.0008443429025528637,-4.966476285073185e-05,500,-370,443.0,49.0,2023,10,2,25
2023-10-26,60735,60673,60880,60410,10480,0.14,60652.0,60351.0,14340.0,60049.57142857143,58482.4,595.1808848730309,1308.3894969993862,0.0049874898510380294,-0.0008443429025528637,470,-62,500.0,-370.0,2023,10,3,26
2023-10-27,60952,60759,61056,60588,7890,0.36,60735.0,60652.0,10480.0,60308.57142857143,58553.23333333333,377.33047281959955,1371.5334152661508,0.0013684627052694687,0.0049874898510380294,468,-193,470.0,-62.0,2023,10,4,27
2023-10-30,61077,60952,61280,60952,4350,0.21,60952.0,60735.0,7890.0,60490.28571428572,58631.36666666667,327.1155322398502,1439.8269887272863,0.0035728986581049504,0.0013684627052694687,328,-125,468.0,-193.0,2023,10,0,30
2023-10-31,60879,61021,61688,60800,360,-0.32,61077.0,60952.0,4350.0,60653.42857142857,58700.86666666667,286.2428206697106,1506.607395333759,0.002050794067463002,0.0035728986581049504,888,142,328.0,-125.0,2023,10,1,31
2023-11-01,60757,60729,61478,60621,200,-0.2,60879.0,61077.0,360.0,60721.142857142855,58756.433333333334,273.4589722934939,1556.039262054039,-0.0032418095191315555,0.002050794067463002,857,-28,888.0,142.0,2023,11,2,1
2023-11-02,60805,60828,60845,60666,190,0.08,60757.0,60879.0,200.0,60771.857142857145,58806.166666666664,234.5594655117349,1596.1798378343356,-0.0020039750981455384,-0.0032418095191315555,179,23,857.0,-28.0,2023,11,3,2
2023-11-03,60829,60822,61590,60005,240,0.04,60805.0,60757.0,190.0,60836.71428571428,58854.23333333333,144.13039732333803,1634.771642457962,0.0007900324242473555,-0.0020039750981455384,1585,-7,179.0,23.0,2023,11,4,3
2023-11-06,60818,60851,60980,60750,7710,-0.02,60829.0,60805.0,240.0,60862.0,58920.1,119.79565937050201,1674.0557884236746,0.00039470438286315357,0.0007900324242473555,230,33,1585.0,-7.0,2023,11,0,6
2023-11-07,60365,60746,60746,60200,11600,-0.74,60818.0,60829.0,7710.0,60873.857142857145,58984.166666666664,108.72661217241227,1709.504144346077,-0.0001808347991911763,0.00039470438286315357,546,381,230.0,33.0,2023,11,1,7
2023-11-08,60043,60401,60460,59979,11790,-0.53,60365.0,60818.0,11600.0,60790.0,59039.433333333334,213.90574249112035,1726.9464317566708,-0.007448452760695834,-0.0001808347991911763,481,358,546.0,381.0,2023,11,2,8
2023-11-09,60271,59959,60339,59801,11150,0.38,60043.0,60365.0,11790.0,60642.28571428572,59091.6,315.55174657401426,1733.0287738611426,-0.0053342168475110086,-0.007448452760695834,538,-312,481.0,358.0,2023,11,3,9
2023-11-10,59697,60231,60247,59672,11820,-0.95,60271.0,60043.0,11150.0,60555.42857142857,59175.333333333336,323.1221942005164,1727.0973922437074,0.0037972786169910844,-0.0053342168475110086,575,534,538.0,-312.0,2023,11,4,10
2023-11-12,59785,59600,59800,59600,1090,0.15,59697.0,60271.0,11820.0,60404.0,59260.36666666667,440.11400038777646,1686.0494426275466,-0.009523651507358455,0.0037972786169910844,200,-185,575.0,534.0,2023,11,6,12
2023-11-13,59844,59791,59915,59521,8340,0.1,59785.0,59697.0,1090.0,60258.28571428572,59351.166666666664,453.8600056910704,1636.1309087511481,0.0014741109268472385,-0.009523651507358455,394,-53,200.0,-185.0,2023,11,0,13
2023-11-14,60083,59853,60344,59757,7860,0.4,59844.0,59785.0,8340.0,60117.57142857143,59466.46666666667,396.49458052405083,1538.8836467248111,0.000986869616124375,0.0014741109268472385,587,-230,394.0,-53.0,2023,11,1,14
2023-11-15,60120,59814,60400,59500,9310,0.06,60083.0,59844.0,7860.0,60012.57142857143,59594.933333333334,250.5552880801775,1415.1950744850326,0.003993716997526819,0.000986869616124375,900,-306,587.0,-230.0,2023,11,2,15
2023-11-16,60654,60099,60800,60093,13330,0.89,60120.0,60083.0,9310.0,59977.57142857143,59728.53333333333,206.32810210505332,1255.1952378230176,0.0006158147895412025,0.003993716997526819,707,-555,900.0,-306.0,2023,11,3,16
2023-11-17,60678,60697,60957,60610,10030,0.04,60654.0,60120.0,13330.0,60064.857142857145,59864.26666666667,330.4973164708983,1115.610979449092,0.008882235528942184,0.0006158147895412025,347,19,707.0,-555.0,2023,11,4,17
2023-11-20,60657,60678,60745,60375,8930,-0.03,60678.0,60654.0,10030.0,60123.0,59977.933333333334,401.0727282393098,1010.7526363804892,0.0003956870115737754,0.008882235528942184,370,21,347.0,19.0,2023,11,0,20
2023-11-21,61212,60738,61330,60738,14350,0.91,60657.0,60678.0,8930.0,60260.142857142855,60087.7,395.2169988683033,888.5095676019546,-0.00034608919212897327,0.0003956870115737754,592,-474,370.0,21.0,2023,11,1,21
2023-11-22,61065,61058,61360,60977,8380,-0.24,61212.0,60657.0,14350.0,60464.0,60206.9,470.20314759048205,781.7087097459084,0.009149809585043744,-0.00034608919212897327,383,-7,592.0,-474.0,2023,11,2,22
2023-11-23,61093,60950,61223,60950,5060,0.05,61065.0,61212.0,8380.0,60638.42857142857,60321.96666666667,426.29600715733267,625.101232258233,-0.0024014899039404014,0.009149809585043744,273,-143,383.0,-7.0,2023,11,3,23
2023-11-24,61352,61128,61388,61101,6850,0.42,61093.0,61065.0,5060.0,60782.71428571428,60391.96666666667,374.7833660030448,587.6057488554682,0.00045852779824784307,-0.0024014899039404014,287,-224,273.0,-143.0,2023,11,4,24
2023-11-27,61557,61399,61685,61399,4380,0.33,61352.0,61093.0,6850.0,60958.71428571428,60470.6,291.7874307880767,550.617058238863,0.0042394382335129155,0.00045852779824784307,286,-158,287.0,-224.0,2023,11,0,27
2023-11-28,62409,61601,62512,61450,10550,1.38,61557.0,61352.0,4380.0,61087.71428571428,60558.433333333334,331.52361117408685,503.1917906295211,0.0033413743643238014,0.0042394382335129155,1062,-808,286.0,-158.0,2023,11,1,28
2023-11-29,62470,62300,62676,62271,2620,0.1,62409.0,61557.0,10550.0,61335.0,60649.4,549.139630091779,579.7609852309955,0.01384083044982698,0.0033413743643238014,405,-170,1062.0,-808.0,2023,11,2,29
2023-11-30,62639,62609,62750,62365,360,0.27,62470.0,62409.0,2620.0,61594.0,60733.9,601.1516724898433,652.2526139539791,0.0009774231280745838,0.01384083044982698,385,-30,405.0,-170.0,2023,11,3,30
2023-12-01,62876,62634,62993,62409,210,0.38,62639.0,62470.0,360.0,61797.857142857145,60808.36666666667,685.9903858858471,735.6077235758901,0.002705298543300705,0.0009774231280745838,584,-242,385.0,-30.0,2023,12,4,1
2023-12-04,62302,64342,64344,62254,180,-0.91,62876.0,62639.0,210.0,62056.57142857143,60890.833333333336,704.7786548874477,822.0746288496482,0.0037835853062788694,0.002705298543300705,2090,2040,584.0,-242.0,2023,12,0,4
2023-12-05,62600,63303,63303,61941,80,0.48,62302.0,62876.0,180.0,62229.28571428572,60955.86666666667,563.2097638529088,854.430349990265,-0.009129079457980804,0.0037835853062788694,1362,703,2090.0,2040.0,2023,12,1,5
2023-12-06,62269,62169,62419,62055,10640,-0.53,62600.0,62302.0,80.0,62407.57142857143,61020.8,418.0370227443603,903.1713244868241,0.004783153028795173,-0.009129079457980804,364,-100,1362.0,703.0,2023,12,2,6
2023-12-07,62290,62205,62578,62088,9880,0.03,62269.0,62600.0,10640.0,62509.28571428572,61071.933333333334,212.85340361993627,929.4736713555121,-0.0052875399361022035,0.004783153028795173,490,-85,364.0,-100.0,2023,12,3,7
2023-12-08,61597,62385,62386,61525,15530,-1.11,62290.0,62269.0,9880.0,62492.28571428572,61116.53333333333,226.51174678720477,955.263918516214,0.0003372464629269878,-0.0052875399361022035,861,788,490.0,-85.0,2023,12,4,8
2023-12-11,60986,61595,61636,60957,13740,-0.99,61597.0,62290.0,15530.0,62367.57142857143,61133.86666666667,408.2502733842319,959.2313277962969,-0.011125381281104518,0.0003372464629269878,679,609,861.0,788.0,2023,12,0,11
2023-12-12,60984,60711,61400,60711,11020,0.0,60986.0,61597.0,13740.0,62131.42857142857,61137.433333333334,638.3222428509692,958.4495987423098,-0.009919314252317513,-0.011125381281104518,689,-273,679.0,609.0,2023,12,1,12
2023-12-13,60992,60946,61125,60758,9060,0.01,60984.0,60986.0,11020.0,61861.142857142855,61145.0,670.2682121318838,956.2361200233654,-3.2794411832237635e-05,-0.009919314252317513,367,-46,689.0,-273.0,2023,12,2,13
2023-12-14,62229,61350,62625,61350,18880,2.03,60992.0,60984.0,9060.0,61674.0,61151.23333333333,708.4553620405378,954.551372627197,0.000131181949363679,-3.2794411832237635e-05,1275,-879,367.0,-46.0,2023,12,3,14
2023-12-15,61991,62232,62365,61880,8440,-0.38,62229.0,60992.0,18880.0,61621.0,61197.9,638.0099267806531,972.3114071169529,0.020281348373557107,0.000131181949363679,485,241,1275.0,-879.0,2023,12,4,15
2023-12-18,62057,62587,62587,61714,6480,0.11,61991.0,62229.0,8440.0,61581.28571428572,61237.0,598.3721568549328,980.0618207081355,-0.003824583393594594,0.020281348373557107,873,530,485.0,241.0,2023,12,0,18
2023-12-19,62211,61960,62377,61850,7840,0.25,62057.0,61991.0,6480.0,61548.0,61293.4,557.459714542063,976.8298690659472,0.0010646706780017556,-0.003824583393594594,527,-251,873.0,530.0,2023,12,1,19
2023-12-20,62151,62238,62332,62053,7000,-0.1,62211.0,62057.0,7840.0,61635.71428571428,61365.666666666664,612.0837944534695,961.20464408576,0.002481589506421411,0.0010646706780017556,279,87,527.0,-251.0,2023,12,2,20
2023-12-21,62257,62197,62417,62111,7000,0.17,62151.0,62211.0,7000.0,61802.142857142855,61428.333333333336,562.3434385330099,948.5770953080522,-0.0009644596614746259,0.002481589506421411,306,-60,279.0,87.0,2023,12,3,21
2023-12-22,62657,62355,62948,62355,12200,0.64,62257.0,62151.0,7000.0,61984.0,61513.666666666664,447.84930501675063,901.4332776300838,0.0017055236440282062,-0.0009644596614746259,593,-302,306.0,-60.0,2023,12,4,22
2023-12-26,62722,63127,63250,62616,5660,0.1,62657.0,62257.0,12200.0,62221.857142857145,61609.4,214.57199924763862,863.2107905728684,0.006424980323497698,0.0017055236440282062,634,405,593.0,-302.0,2023,12,1,26
2023-12-27,63292,62835,63317,62828,8280,0.91,62722.0,62657.0,5660.0,62292.28571428572,61705.333333333336,286.2450665063475,819.0406218410639,0.0010373940661059233,0.006424980323497698,489,-457,634.0,405.0,2023,12,2,27
2023-12-28,63119,63119,63471,62969,7810,-0.27,63292.0,62722.0,8280.0,62478.142857142855,61812.3,439.40733895531923,809.3481476681304,0.009087720417078504,0.0010373940661059233,502,0,489.0,-457.0,2023,12,3,28
2023-12-29,62954,62993,63107,62783,6770,-0.26,63119.0,63292.0,7810.0,62629.857142857145,61912.26666666667,452.8960250739636,777.7082572078222,-0.002733362826265573,0.009087720417078504,324,39,502.0,0.0,2023,12,4,29
2024-01-01,63001,63035,63188,62893,2410,0.07,62954.0,63119.0,6770.0,62736.0,61988.933333333334,424.54917265728886,762.6115264181192,-0.002614109855986313,-0.002733362826265573,295,34,324.0,39.0,2024,1,0,1
2024-01-02,63039,63072,63338,62894,680,0.06,63001.0,62954.0,2410.0,62857.42857142857,62066.36666666667,343.0834967151234,742.5856264698103,0.00074657686564783,-0.002614109855986313,444,33,295.0,34.0,2024,1,1,2
2024-01-03,62294,63057,63122,62223,1250,-1.18,63039.0,63001.0,680.0,62969.142857142855,62145.76666666667,220.35231530695313,713.4698931991617,0.0006031650291264956,0.00074657686564783,899,763,444.0,33.0,2024,1,2,3
2024-01-04,62444,62518,62555,62218,60,0.24,62294.0,63039.0,1250.0,62917.28571428572,62181.833333333336,324.266204579759,691.6538940765644,-0.011818080870572234,0.0006031650291264956,337,74,899.0,763.0,2024,1,3,4
2024-01-05,62627,62465,62763,62250,80,0.29,62444.0,62294.0,60.0,62877.57142857143,62227.8,366.45002258372017,659.9685154423503,0.0024079365588980384,-0.011818080870572234,513,-162,337.0,74.0,2024,1,4,5
2024-01-08,62140,62530,62536,61977,14950,-0.78,62627.0,62444.0,80.0,62782.57142857143,62278.933333333334,324.9547953971558,627.6487560056227,0.0029306258407533203,0.0024079365588980384,559,390,513.0,-162.0,2024,1,0,8
2024-01-09,62211,62211,62489,62152,9520,0.11,62140.0,62627.0,14950.0,62642.71428571428,62305.2,364.31841123650514,603.5454101099841,-0.007776198764111286,0.0029306258407533203,337,0,559.0,390.0,2024,1,1,9
2024-01-10,62047,62240,62390,62010,8400,-0.26,62211.0,62140.0,9520.0,62536.57142857143,62327.0,366.7382614139655,587.1778794069369,0.0011425812681042924,-0.007776198764111286,380,193,337.0,0.0,2024,1,2,10
2024-01-11,61830,62102,62462,61775,13130,-0.35,62047.0,62211.0,8400.0,62400.28571428572,62314.933333333334,341.79707151937845,589.150933958666,-0.0026361897413640367,0.0011425812681042924,687,272,380.0,193.0,2024,1,3,11
2024-01-12,62372,62098,62669,62098,15330,0.88,61830.0,62047.0,13130.0,62227.57142857143,62293.6,261.21820837172885,594.9015334310565,-0.0034973487839863315,-0.0026361897413640367,571,-274,687.0,272.0,2024,1,4,12
2024-01-15,62567,62521,62644,62448,4990,0.31,62372.0,61830.0,15330.0,62238.71428571428,62284.7,266.1413874225911,591.5437518397874,0.008765971211386114,-0.0034973487839863315,196,-46,571.0,-274.0,2024,1,0,15
2024-01-16,62065,62500,62530,62013,11280,-0.8,62567.0,62372.0,4990.0,62256.28571428572,62274.4,285.3230416549309,583.528836857392,0.0031264028730839666,0.008765971211386114,517,435,196.0,-46.0,2024,1,1,16
2024-01-17,61561,62091,62115,61515,13550,-0.81,62065.0,62567.0,11280.0,62176.0,62266.5,238.9197912912411,584.7453173842113,-0.008023398916361613,0.0031264028730839666,600,530,517.0,435.0,2024,1,2,17
2024-01-18,61791,61600,61830,61512,8140,0.37,61561.0,62065.0,13550.0,62093.28571428572,62231.86666666667,334.54781138011043,594.9908566827708,-0.008120518810924016,-0.008023398916361613,318,-191,600.0,530.0,2024,1,3,18
2024-01-19,62021,61874,62246,61850,10620,0.37,61791.0,61561.0,8140.0,62033.28571428572,62215.933333333334,347.33591536036477,600.3383490409404,0.0037361316417861,-0.008120518810924016,396,-147,318.0,-191.0,2024,1,4,19
2024-01-22,61888,62021,62030,61755,3840,-0.21,62021.0,61791.0,10620.0,62029.57142857143,62206.96666666667,347.3038329545713,601.2022141465549,0.003722224919486594,0.0037361316417861,275,133,396.0,-147.0,2024,1,0,22
2024-01-23,62003,61917,62239,61873,8770,0.19,61888.0,62021.0,3840.0,62037.857142857145,62216.666666666664,342.4064001462694,593.317286360948,-0.0021444349494526005,0.003722224919486594,366,-86,275.0,133.0,2024,1,1,23
2024-01-24,62072,62124,62294,61950,11110,0.11,62003.0,61888.0,8770.0,61985.142857142855,62250.566666666666,309.18302485926733,547.891675882754,0.0018581954498448905,-0.0021444349494526005,344,52,366.0,-86.0,2024,1,2,24
2024-01-25,62036,62047,62195,61933,8610,-0.06,62072.0,62003.0,11110.0,61914.42857142857,62286.833333333336,185.98732676789467,494.57784738330037,0.0011128493782559534,0.0018581954498448905,262,11,344.0,52.0,2024,1,3,25
2024-01-29,62234,62196,62370,62125,10910,0.32,62036.0,62072.0,8610.0,61910.28571428572,62321.63333333333,182.3620156882638,433.25563715005,-0.0005799716458306792,0.0011128493782559534,245,-38,262.0,11.0,2024,1,0,29
2024-01-30,62371,62280,62730,62254,3060,0.22,62234.0,62036.0,10910.0,62006.42857142857,62321.8,140.0129245877041,433.2197339998416,0.0031916951447545916,-0.0005799716458306792,476,-91,245.0,-38.0,2024,1,1,30
2024-01-31,62865,62580,62982,62063,340,0.79,62371.0,62234.0,3060.0,62089.28571428572,62334.46666666667,161.2799990675287,428.74634678433705,0.0022013690265771935,0.0031916951447545916,919,-285,476.0,-91.0,2024,1,2,31
2024-02-01,63079,62900,63400,62430,160,0.34,62865.0,62371.0,340.0,62209.857142857145,62361.4,329.4882034223094,436.0320772714404,0.007920347597441202,0.0022013690265771935,970,-179,919.0,-285.0,2024,2,3,1
2024-02-02,62639,63360,63640,62453,230,-0.7,63079.0,62865.0,160.0,62380.0,62390.333333333336,428.281838673228,454.1308738354652,0.0034041199395529187,0.007920347597441202,1187,721,970.0,-179.0,2024,2,4,2
2024-02-05,62542,63441,63441,62400,80,-0.15,62639.0,63079.0,230.0,62470.857142857145,62406.6,401.6048757105233,454.0024001106088,-0.006975380078948601,0.0034041199395529187,1041,899,1187.0,721.0,2024,2,0,5
2024-02-06,62322,62081,62367,62015,7330,-0.35,62542.0,62639.0,80.0,62538.0,62416.1,361.048473205454,453.74581597309367,-0.0015485560114305574,-0.006975380078948601,352,-241,1041.0,899.0,2024,2,1,6
2024-02-07,62305,62243,62462,62191,5660,-0.03,62322.0,62542.0,7330.0,62578.857142857145,62404.933333333334,306.8938082265587,451.7305371089807,-0.0035176361485081964,-0.0015485560114305574,271,-62,352.0,-241.0,2024,2,2,7
2024-02-08,62219,62255,62329,62005,7530,-0.14,62305.0,62322.0,5660.0,62589.0,62391.03333333333,294.5205142894525,448.03836683566493,-0.0002727768685215626,-0.0035176361485081964,324,36,271.0,-62.0,2024,2,3,8
2024-02-09,62105,62249,62300,61966,6310,-0.18,62219.0,62305.0,7530.0,62567.28571428572,62355.26666666667,317.9437656240931,415.2643473220092,-0.0013803065564561567,-0.0002727768685215626,334,144,324.0,36.0,2024,2,4,9
2024-02-12,61856,62079,62079,61735,9080,-0.4,62105.0,62219.0,6310.0,62458.71428571428,62321.46666666667,328.90967062791094,391.5469525967645,-0.001832237740883036,-0.0013803065564561567,344,223,334.0,144.0,2024,2,0,12
2024-02-13,61267,61965,62150,61153,14350,-0.95,61856.0,62105.0,9080.0,62284.0,62284.86666666667,262.6543990442973,381.5727646314752,-0.004009339022623015,-0.001832237740883036,997,698,344.0,223.0,2024,2,1,13
2024-02-14,61170,61115,61211,60922,8990,-0.16,61267.0,61856.0,14350.0,62088.0,62227.066666666666,418.98209986106207,400.2290665893687,-0.009522115882048654,-0.004009339022623015,289,-55,997.0,698.0,2024,2,2,14
2024-02-15,61306,61163,61420,61042,7050,0.22,61170.0,61267.0,8990.0,61892.0,62164.76666666667,486.65045635512257,414.68855644501883,-0.0015832340411641166,-0.009522115882048654,378,-143,289.0,-55.0,2024,2,3,15
2024-02-16,61498,61331,61525,61135,7190,0.31,61306.0,61170.0,7050.0,61746.857142857145,62131.833333333336,488.53571298434616,442.3788424255484,0.0022233120810855045,-0.0015832340411641166,390,-167,378.0,-143.0,2024,2,4,16
2024-02-19,61641,61588,61770,61512,5100,0.23,61498.0,61306.0,7190.0,61631.57142857143,62100.3,426.10126228194304,452.94965465386935,0.003131830489674803,0.0022233120810855045,258,-53,390.0,-167.0,2024,2,0,19
2024-02-20,61810,61623,61870,61554,6250,0.27,61641.0,61498.0,5100.0,61549.0,62067.433333333334,340.75015285491185,449.17070583954705,0.00232527887085765,0.003131830489674803,316,-187,258.0,-53.0,2024,2,1,20
2024-02-21,61744,61850,61899,61690,4510,-0.11,61810.0,61641.0,6250.0,61506.857142857145,62056.433333333334,271.7893967660536,451.3677056935054,0.002741681672912444,0.00232527887085765,209,106,316.0,-187.0,2024,2,2,21
2024-02-22,61661,61800,61943,61622,6620,-0.13,61744.0,61810.0,4510.0,61490.857142857145,62040.86666666667,250.25349054066908,453.8990266928053,-0.0010677883837566515,0.002741681672912444,321,139,209.0,106.0,2024,2,3,22
2024-02-23,61910,61657,61936,61493,8910,0.4,61661.0,61744.0,6620.0,61547.142857142855,62028.0,235.37943027047825,459.1596521938666,-0.0013442601710287327,-0.0010677883837566515,443,-253,321.0,139.0,2024,2,4,23
2024-02-26,61766,61948,61948,61666,6150,-0.23,61910.0,61661.0,8910.0,61652.857142857145,62030.666666666664,201.50304264316534,458.201381210295,0.004038208916494979,-0.0013442601710287327,282,182,443.0,-253.0,2024,2,0,26
2024-02-27,61839,61888,61963,61744,11120,0.12,61766.0,61910.0,6150.0,61718.57142857143,62010.46666666667,132.84308682901528,455.9871998561797,-0.0023259570344047464,0.004038208916494979,219,49,282.0,182.0,2024,2,1,27
2024-02-28,61792,61726,61948,61516,6650,-0.08,61839.0,61766.0,11120.0,61767.28571428572,61986.2,95.85008137300677,444.5769317809495,0.0011818799987048934,-0.0023259570344047464,432,-66,219.0,49.0,2024,2,2,28
2024-02-29,62293,61835,62335,61810,640,0.81,61792.0,61839.0,6650.0,61788.857142857145,61977.1,78.02655228264165,445.70094736118835,-0.0007600381636184705,0.0011818799987048934,525,-458,432.0,-66.0,2024,2,3,29
2024-03-01,63135,62314,63190,62200,150,1.35,62293.0,61792.0,640.0,61857.857142857145,62001.5,206.92786873959778,442.1586351261146,0.008107845675815684,-0.0007600381636184705,990,-821,525.0,-458.0,2024,3,4,1
2024-03-04,63605,63153,64135,62620,90,0.74,63135.0,62293.0,150.0,62056.57142857143,62046.3,516.1772489997132,486.00852482522276,0.013516767534072827,0.008107845675815684,1515,-452,990.0,-821.0,2024,3,0,4
2024-03-05,64193,64059,64541,64050,10,0.92,63605.0,63135.0,90.0,62334.28571428572,62099.1,741.6098961712861,563.0947338647644,0.00744436524906944,0.013516767534072827,491,-134,1515.0,-452.0,2024,3,1,5
2024-03-06,65042,64659,65127,64559,13400,1.32,64193.0,63605.0,10.0,62660.42857142857,62175.933333333334,985.7423356967513,678.689098151648,0.009244556245578073,0.00744436524906944,568,-383,491.0,-134.0,2024,3,2,6
2024-03-07,65246,65150,65419,65055,13400,0.31,65042.0,64193.0,13400.0,63128.42857142857,62277.23333333333,1236.1795793430952,855.7015546150268,0.013225741124421653,0.009244556245578073,364,-96,568.0,-383.0,2024,3,3,7
2024-03-08,65847,65375,66120,65315,16030,0.92,65246.0,65042.0,13400.0,63615.142857142855,62383.03333333333,1312.2554919657907,1011.4887451697336,0.003136434918975528,0.013225741124421653,805,-472,364.0,-96.0,2024,3,4,8
2024-03-11,65872,66000,66026,65750,8450,0.04,65847.0,65246.0,16030.0,64194.42857142857,62510.066666666666,1267.5711495026637,1189.9678909974948,0.00921129264629239,0.003136434918975528,276,128,805.0,-472.0,2024,3,0,11
2024-03-12,65334,65852,65867,65260,15980,-0.82,65872.0,65847.0,8450.0,64705.71428571428,62631.333333333336,1080.8440705142314,1337.1340771312725,0.0003796680182848178,0.00921129264629239,607,518,276.0,128.0,2024,3,1,12
2024-03-13,65717,65490,65842,65300,8630,0.59,65334.0,65872.0,15980.0,65019.857142857145,62730.1,841.2434107880642,1423.8593341492963,-0.008167354870051047,0.0003796680182848178,542,-227,607.0,518.0,2024,3,2,13
2024-03-14,65435,65620,65675,65280,8360,-0.43,65717.0,65334.0,8630.0,65321.57142857143,62825.166666666664,590.6366218339931,1524.8078473237722,0.005862185079744009,-0.008167354870051047,395,185,542.0,-227.0,2024,3,3,14
2024-03-15,65367,65484,65695,65349,7770,-0.1,65435.0,65717.0,8360.0,65499.0,62903.7,319.35768870841264,1597.2811414473547,-0.004291127105619519,0.005862185079744009,346,117,395.0,185.0,2024,3,4,15
2024-03-18,65429,65252,65548,65041,8910,0.09,65367.0,65435.0,7770.0,65545.42857142857,62994.63333333333,259.94285086943705,1658.183665283149,-0.001039199205318253,-0.004291127105619519,507,-177,346.0,117.0,2024,3,0,18
2024-03-19,65431,65452,65541,65222,8440,0.0,65429.0,65367.0,8910.0,65571.57142857143,63090.86666666667,232.57103370396106,1713.848839213632,0.0009484908287056282,-0.001039199205318253,319,21,507.0,-177.0,2024,3,1,19
2024-03-20,65556,65455,65670,65400,7390,0.19,65431.0,65429.0,8440.0,65512.142857142855,63194.5,201.5410864505196,1759.152710430913,3.0567485365784464e-05,0.0009484908287056282,270,-101,319.0,21.0,2024,3,2,20
2024-03-21,65939,65456,66785,65390,19090,0.58,65556.0,65431.0,7390.0,65467.0,63302.86666666667,130.3034919096503,1802.0783161302918,0.001910409438951044,3.0567485365784464e-05,1395,-483,270.0,-101.0,2024,3,3,21
2024-03-22,65686,65733,66061,65600,11510,-0.38,65939.0,65556.0,19090.0,65553.42857142857,63426.86666666667,206.02577278453194,1852.2144571830784,0.005842333272316758,0.001910409438951044,461,47,1395.0,-483.0,2024,3,4,22
2024-03-25,65862,66250,66350,65800,4180,0.27,65686.0,65939.0,11510.0,65549.0,63546.23333333333,202.22182540594196,1879.2804324192414,-0.003836879540181082,0.005842333272316758,550,388,461.0,47.0,2024,3,0,25
2024-03-26,66027,65800,66280,65711,13050,0.25,65862.0,65686.0,4180.0,65610.0,63679.76666666667,225.199171114166,1897.2766813890894,0.002679414182626516,-0.003836879540181082,569,-227,550.0,388.0,2024,3,1,26
2024-03-27,66295,66028,66380,65960,8910,0.41,66027.0,65862.0,13050.0,65704.28571428571,63838.433333333334,243.8918573857544,1887.5537294617188,0.0025052382253802907,0.002679414182626516,420,-267,569.0,-227.0,2024,3,2,27
2024-03-28,67592,66370,67870,66370,14140,1.96,66295.0,66027.0,8910.0,65828.0,64009.26666666667,295.2185631084653,1869.5525544949553,0.004058945582867679,0.0025052382253802907,1500,-1222,420.0,-267.0,2024,3,3,28
2024-04-01,68263,68211,69387,68000,3020,0.99,67592.0,66295.0,14140.0,66136.71428571429,64218.8,684.3341567531485,1907.9938624916851,0.01956406968851354,0.004058945582867679,1387,-52,1500.0,-1222.0,2024,4,0,1
2024-04-02,68802,68550,69014,68500,610,0.79,68263.0,67592.0,3020.0,66523.42857142857,64444.3,995.5656444377356,1973.9691355924042,0.009927210320747948,0.01956406968851354,514,-252,1387.0,-52.0,2024,4,1,2
2024-04-03,69725,70379,70379,69000,420,1.34,68802.0,68263.0,610.0,66932.42857142857,64683.0,1266.6405511107023,2054.6146379164043,0.007895931910405274,0.009927210320747948,1379,654,514.0,-252.0,2024,4,2,3
2024-04-04,69612,69850,70200,69400,270,-0.16,69725.0,68802.0,420.0,67509.42857142857,64946.833333333336,1502.2559543515338,2177.4802914230295,0.013415307694543799,0.007895931910405274,800,238,1379.0,654.0,2024,4,3,4
2024-04-05,70701,69560,71499,69455,120,1.56,69612.0,69725.0,270.0,68045.14285714286,65209.1,1485.4008918562847,2251.002203616227,-0.0016206525636428548,0.013415307694543799,2044,-1141,800.0,238.0,2024,4,4,5
2024-04-08,70607,70595,70776,70189,15270,-0.13,70701.0,69612.0,120.0,68712.85714285714,65510.433333333334,1477.5133872582637,2361.9922579111453,0.015643854507843447,-0.0016206525636428548,587,-12,2044.0,-1141.0,2024,4,0,8
2024-04-09,71130,70700,71448,70673,21010,0.74,70607.0,70701.0,15270.0,69328.85714285714,65800.33333333333,1167.8917513454214,2437.365923219886,-0.001329542722168009,0.015643854507843447,775,-430,587.0,-12.0,2024,4,1,9
2024-04-10,71127,71181,71479,70702,23200,0.0,71130.0,70607.0,21010.0,69834.28571428571,66112.46666666666,1050.6397597489813,2501.644365877902,0.007407197586641656,-0.001329542722168009,777,54,775.0,-430.0,2024,4,2,10
2024-04-11,71514,71209,71549,70983,8890,0.54,71127.0,71130.0,23200.0,70243.42857142857,66422.06666666667,880.6673335513284,2529.113064287417,-4.2176296921159206e-05,0.007407197586641656,566,-305,777.0,54.0,2024,4,3,11
2024-04-12,71857,71774,73931,71721,41610,0.48,71514.0,71127.0,8890.0,70630.85714285714,66746.13333333333,723.3462583902863,2538.2295313895843,0.005440971782867177,-4.2176296921159206e-05,2210,-83,566.0,-305.0,2024,4,4,12
2024-04-15,72329,71963,72410,71303,24040,0.66,71857.0,71514.0,41610.0,70935.42857142857,67064.93333333333,727.1957226572517,2560.1537121587426,0.0047962636686522675,0.005440971782867177,1107,-366,2210.0,-83.0,2024,4,0,15
2024-04-16,73109,72500,73335,72427,24810,1.08,72329.0,71857.0,24040.0,71323.57142857143,67371.4,620.3326680507458,2623.0121616178353,0.006568601528034845,0.0047962636686522675,908,-609,1107.0,-366.0,2024,4,1,16
2024-04-17,72695,73197,73379,72550,15890,-0.57,73109.0,72329.0,24810.0,71667.57142857143,67688.2,844.6580880555073,2724.4044512127994,0.010784056187697955,0.006568601528034845,829,502,908.0,-609.0,2024,4,2,17
2024-04-18,73016,72666,73130,72639,13830,0.44,72695.0,73109.0,15890.0,71965.85714285714,67971.6,773.3758095909191,2789.7049973803246,-0.0056627774966145905,0.010784056187697955,491,-350,829.0,502.0,2024,4,3,18
2024-04-19,73246,73171,73350,72821,18010,0.31,73016.0,72695.0,13830.0,72235.28571428571,68237.4,762.0872028614211,2879.386256442165,0.004415709471077722,-0.0056627774966145905,529,-75,491.0,-350.0,2024,4,4,19
2024-04-22,71936,73001,73001,71808,20680,-1.79,73246.0,73016.0,18010.0,72538.0,68504.06666666667,662.8795767984905,2962.0551920776943,0.003149994521748578,0.004415709471077722,1193,1065,529.0,-75.0,2024,4,0,22
2024-04-23,71590,71710,71770,71010,18480,-0.48,71936.0,73246.0,20680.0,72598.28571428571,68707.03333333334,566.3984799577449,2982.255897843902,-0.01788493569614724,0.003149994521748578,760,120,1193.0,1065.0,2024,4,1,23
2024-04-24,71692,71750,71909,71394,10600,0.14,71590.0,71936.0,18480.0,72560.14285714286,68897.63333333333,630.052227618486,2977.5359459106826,-0.004809830960854078,-0.01788493569614724,515,58,760.0,120.0,2024,4,2,24
2024-04-25,71725,71559,71987,71300,10770,0.05,71692.0,71590.0,10600.0,72469.14285714286,69109.56666666667,709.9381260788546,2941.190348789224,0.0014247799972062491,-0.004809830960854078,687,-166,515.0,58.0,2024,4,3,25
2024-04-26,72107,71782,72402,71636,10510,0.53,71725.0,71692.0,10770.0,72271.42857142857,69309.83333333333,694.5943317631595,2906.5633229932337,0.00046030240473138306,0.0014247799972062491,766,-325,687.0,-166.0,2024,4,4,26
2024-04-29,72250,71953,72399,71805,4310,0.2,72107.0,71725.0,10510.0,72187.42857142857,69532.23333333334,669.9502113720947,2854.646275366878,0.005325897525270129,0.00046030240473138306,594,-297,766.0,-325.0,2024,4,0,29
2024-04-30,70969,72201,72201,70900,1990,-1.77,72250.0,72107.0,4310.0,72078.0,69761.66666666667,566.6512743036067,2784.062107081421,0.0019831639091905107,0.005325897525270129,1301,1232,594.0,-297.0,2024,4,1,30
2024-05-01,71274,71130,71439,71005,210,0.43,70969.0,72250.0,1990.0,71752.71428571429,69946.33333333333,418.6373586990054,2668.0850207884264,-0.017730103806228414,0.0019831639091905107,434,-144,1301.0,1232.0,2024,5,2,1
2024-05-02,71119,71871,71871,70800,380,-0.22,71274.0,70969.0,210.0,71658.14285714286,70141.1,444.31798995057386,2537.158977932793,0.004297651087094456,-0.017730103806228414,1071,752,434.0,-144.0,2024,5,3,2
2024-05-03,70998,71009,71275,70586,210,-0.17,71119.0,71274.0,380.0,71590.85714285714,70326.53333333334,489.70243637715186,2389.4861333775916,-0.002174706063922338,0.004297651087094456,689,11,1071.0,752.0,2024,5,4,3
2024-05-06,71321,70690,71475,70690,16430,0.45,70998.0,71119.0,210.0,71491.71428571429,70495.16666666667,534.0560876585413,2243.204128999941,-0.0017013737538491558,-0.002174706063922338,785,-631,689.0,11.0,2024,5,0,6
2024-05-07,71136,71339,71365,70967,9590,-0.26,71321.0,70998.0,16430.0,71434.0,70683.0,526.418718008688,2054.6201427585133,0.004549423927434626,-0.0017013737538491558,398,203,785.0,-631.0,2024,5,1,7
2024-05-08,71129,71170,71290,70900,11770,-0.01,71136.0,71321.0,9590.0,71295.28571428571,70858.8,440.43225521278384,1842.5848859858424,-0.0025939064230731113,0.004549423927434626,390,41,398.0,203.0,2024,5,2,8
2024-05-09,71586,71002,71656,70910,18150,0.64,71129.0,71136.0,11770.0,71135.14285714286,71028.86666666667,129.444233270787,1600.8347980254462,-9.840305892938606e-05,-0.0025939064230731113,746,-584,390.0,41.0,2024,5,3,9
2024-05-10,72595,71690,72751,71690,21550,1.41,71586.0,71129.0,18150.0,71223.28571428571,71205.23333333334,192.2755958647773,1329.8332455289124,0.006424946224465433,-9.840305892938606e-05,1061,-905,746.0,-584.0,2024,5,4,10
2024-05-13,71819,72405,72405,71735,16920,-1.07,72595.0,71586.0,21550.0,71412.0,71372.0,555.5111760081088,1164.517067283423,0.014094934763780653,0.006424946224465433,670,586,1061.0,-905.0,2024,5,0,13
2024-05-14,72213,71950,72257,71810,11480,0.55,71819.0,72595.0,16920.0,71512.0,71490.53333333334,556.979353300679,1007.5460709326555,-0.010689441421585455,0.014094934763780653,447,-263,670.0,586.0,2024,5,1,14
2024-05-15,73001,72270,73041,72200,21500,1.09,72213.0,71819.0,11480.0,71685.57142857143,71604.23333333334,559.4151282522859,877.7958164611164,0.005486013450479721,-0.010689441421585455,841,-731,447.0,-263.0,2024,5,2,15
2024-05-16,72896,72860,73194,72701,12280,-0.14,73001.0,72213.0,21500.0,71925.57142857143,71713.43333333333,715.5314708085939,838.8608730666457,0.01091216262999728,0.005486013450479721,493,-36,841.0,-731.0,2024,5,3,16
2024-05-17,73593,72798,73650,72760,16470,0.96,72896.0,73001.0,12280.0,72177.0,71822.9,700.9167806070469,766.3143475784877,-0.0014383364611443294,0.01091216262999728,890,-795,493.0,-36.0,2024,5,4,17
2024-05-20,74283,73929,74345,73542,12790,0.94,73593.0,72896.0,16470.0,72529.0,71919.3,705.5884069365093,801.4146608435412,0.009561567164179108,-0.0014383364611443294,803,-354,890.0,-795.0,2024,5,0,20
2024-05-21,73970,73911,74285,73623,13670,-0.42,74283.0,73593.0,12790.0,72914.28571428571,72041.83333333333,830.1888769622004,871.783984761251,0.009375891728832908,0.009561567164179108,662,-59,803.0,-354.0,2024,5,1,21
2024-05-22,73027,73993,73993,72970,15630,-1.27,73970.0,74283.0,13670.0,73110.71428571429,72136.5,901.6449253623916,922.0992821823064,-0.004213615497489331,0.009375891728832908,1023,966,662.0,-59.0,2024,5,2,22
2024-05-23,71632,72596,72726,71551,18390,-1.91,73027.0,73970.0,15630.0,73283.28571428571,72199.83333333333,708.0251206219624,915.5987708541414,-0.012748411518183067,-0.004213615497489331,1175,964,1023.0,966.0,2024,5,3,23
2024-05-24,71380,71773,71773,71280,11670,-0.35,71632.0,73027.0,18390.0,73200.28571428571,72203.76666666666,869.9432384347938,912.8000756765584,-0.01910252372410204,-0.012748411518183067,493,393,1175.0,964.0,2024,5,4,24
2024-05-27,72001,71847,72150,71552,11000,0.87,71380.0,71632.0,11670.0,72968.71428571429,72187.86666666667,1113.4896668125969,923.1444663438879,-0.0035179807907080862,-0.01910252372410204,598,-154,493.0,393.0,2024,5,0,27
2024-05-28,72145,71993,72390,71720,10070,0.2,72001.0,71380.0,11000.0,72840.85714285714,72176.93333333333,1173.0236469030244,923.3576261348277,0.008699915942841141,-0.0035179807907080862,670,-152,598.0,-154.0,2024,5,1,28
2024-05-29,71993,72149,72380,71850,9520,-0.21,72145.0,72001.0,10070.0,72634.0,72144.8,1145.634904032055,906.4212463619187,0.0019999722226080596,0.008699915942841141,530,156,670.0,-152.0,2024,5,2,29
2024-05-30,71852,71721,72111,71501,3440,-0.2,71993.0,72145.0,9520.0,72306.85714285714,72121.4,896.046767488742,900.7713399585836,-0.0021068681128283417,0.0019999722226080596,610,-131,530.0,156.0,2024,5,3,30
2024-05-31,71703,71846,72341,71612,300,-0.21,71852.0,71993.0,3440.0,72004.28571428571,72082.6,519.1986499389843,885.8540628590541,-0.0019585237453640936,-0.0021068681128283417,729,143,610.0,-131.0,2024,5,4,31
2024-06-03,71818,72880,72880,71240,270,0.16,71703.0,71852.0,300.0,71815.14285714286,72031.16666666667,261.9818241666896,860.4052807373304,-0.0020737070645214795,-0.0019585237453640936,1640,1062,729.0,143.0,2024,6,0,3
2024-06-04,71782,72052,72300,71400,140,-0.05,71818.0,71703.0,270.0,71841.71428571429,72027.23333333334,249.4431894543003,861.1247529969936,0.0016038380541958386,-0.0020737070645214795,900,270,1640.0,1062.0,2024,6,1,4
2024-06-05,72485,71890,72599,71425,140,0.98,71782.0,71818.0,140.0,71899.14285714286,72033.63333333333,153.09629712603396,858.4725201253323,-0.0005012670918154161,0.0016038380541958386,1174,-595,900.0,270.0,2024,6,2,5
2024-06-06,72963,72540,73125,72516,13140,0.66,72485.0,71782.0,140.0,71968.28571428571,72060.06666666667,270.80725882404994,859.7981693096732,0.009793541556379015,-0.0005012670918154161,609,-423,1174.0,-595.0,2024,6,3,6
2024-06-07,71308,73296,73333,71151,29730,-2.27,72963.0,72485.0,13140.0,72085.14285714286,72101.33333333333,465.9504367709415,872.77331785639,0.006594467820928429,0.009793541556379015,2182,1988,609.0,-423.0,2024,6,4,7
2024-06-10,71303,71306,71380,70684,14550,-0.01,71308.0,72963.0,29730.0,71987.28571428571,72074.7,552.432111755338,884.7039306015464,-0.022682729602675367,0.006594467820928429,696,3,2182.0,1988.0,2024,6,0,10
2024-06-11,71346,71199,71550,70871,12030,0.06,71303.0,71308.0,14550.0,71908.85714285714,72043.13333333333,610.7338287069371,895.0674693602092,-7.011835979131575e-05,-0.022682729602675367,679,-147,696.0,3.0,2024,6,1,11
2024-06-12,71796,71400,71990,71290,16900,0.63,71346.0,71303.0,12030.0,71857.85714285714,72055.7,644.747865081409,882.0181071687551,0.0006030601797961666,-7.011835979131575e-05,700,-396,679.0,-147.0,2024,6,2,12
2024-06-13,71030,71622,71622,70875,18030,-1.07,71796.0,71346.0,16900.0,71854.71428571429,72073.1,645.0280909374903,871.1472558491765,0.006307291228660361,0.0006030601797961666,747,592,700.0,-396.0,2024,6,3,13
2024-06-14,71691,71111,71743,71011,15740,0.93,71030.0,71796.0,18030.0,71747.28571428571,72070.13333333333,717.6869592181532,874.6529452913795,-0.01066911805671622,0.006307291228660361,732,-580,747.0,592.0,2024,6,4,14
2024-06-17,71285,71463,71586,71170,7550,-0.57,71691.0,71030.0,15740.0,71633.85714285714,72093.23333333334,640.2253323586208,854.2748359846116,0.009305927073067766,-0.01066911805671622,416,178,732.0,-580.0,2024,6,0,17
2024-06-18,71503,71482,71541,71032,13010,0.31,71285.0,71691.0,7550.0,71394.14285714286,72092.03333333334,262.09758270609115,855.4215126836901,-0.00566319342734789,0.009305927073067766,509,-21,416.0,178.0,2024,6,1,18
2024-06-19,71519,71534,71639,71405,6310,0.02,71503.0,71285.0,13010.0,71422.0,72104.26666666666,261.7785323574731,843.8234793853807,0.0030581468752191032,-0.00566319342734789,234,15,509.0,-21.0,2024,6,2,19
2024-06-20,72258,71570,72500,71570,17690,1.03,71519.0,71503.0,6310.0,71452.85714285714,72117.26666666666,258.118466717077,831.1899626542776,0.00022376683495806127,0.0030581468752191032,930,-688,234.0,15.0,2024,6,3,20
2024-06-21,71429,72348,72542,71383,19530,-1.15,72258.0,71519.0,17690.0,71583.14285714286,72139.66666666667,391.10247104866824,825.4138912983283,0.010332918525147061,0.00022376683495806127,1159,919,930.0,-688.0,2024,6,4,21
2024-06-24,71512,71520,71597,71260,7670,0.12,71429.0,72258.0,19530.0,71530.71428571429,72100.8,382.31257468874276,830.669335428858,-0.011472778100694692,0.010332918525147061,337,8,1159.0,919.0,2024,6,0,24
2024-06-25,71201,71444,71593,71101,9040,-0.43,71512.0,71429.0,7670.0,71599.57142857143,72090.56666666667,314.4899877328126,836.133700051644,0.0011619930280417634,-0.011472778100694692,492,243,337.0,8.0,2024,6,1,25
2024-06-26,70919,71230,71240,70661,13460,-0.4,71201.0,71512.0,9040.0,71529.57142857143,72056.83333333333,343.9049564208842,851.3005905063981,-0.0043489204609016285,0.0011619930280417634,579,311,492.0,243.0,2024,6,2,26
2024-06-27,71303,70821,71395,70665,10720,0.54,70919.0,71201.0,13460.0,71477.28571428571,71987.43333333333,408.95587141540796,856.5244801240237,-0.00396061853063856,-0.0043489204609016285,730,-482,579.0,311.0,2024,6,3,27
2024-06-28,71275,71199,71530,71150,9020,-0.04,71303.0,70919.0,10720.0,71448.71428571429,71934.33333333333,413.8174775974739,847.5880315687789,0.005414627955836915,-0.00396061853063856,380,-76,730.0,-482.0,2024,6,4,28
2024-07-01,71329,71262,71560,71061,3460,0.08,71275.0,71303.0,9020.0,71413.85714285714,71857.06666666667,417.1731968783557,795.2054574350685,-0.0003926903496346279,0.005414627955836915,499,-67,380.0,-76.0,2024,7,0,1
2024-07-02,71357,71358,71575,71267,180,0.04,71329.0,71275.0,3460.0,71281.14285714286,71758.6,189.5313769811612,654.981737040336,0.0007576289021395954,-0.0003926903496346279,308,1,499.0,-67.0,2024,7,1,2
2024-07-03,72160,71524,72250,71496,180,1.13,71357.0,71329.0,180.0,71270.85714285714,71671.5,181.9729179311442,508.0195319295411,0.0003925472108119443,0.0007576289021395954,754,-636,308.0,1.0,2024,7,2,3
2024-07-04,72151,72234,72244,72050,70,-0.01,72160.0,71357.0,180.0,71363.42857142857,71642.6,381.03449413080193,449.54487328605734,0.011253275782333816,0.0003925472108119443,194,83,754.0,-636.0,2024,7,3,4
2024-07-05,73255,72225,76479,72201,70,1.53,72151.0,72160.0,70.0,71499.14285714286,71659.9,471.88996901859383,459.0096798556896,-0.00012472283813746987,0.011253275782333816,4278,-1030,194.0,83.0,2024,7,4,5
2024-07-08,72332,72900,73040,72127,14590,-1.26,73255.0,72151.0,70.0,71832.85714285714,71722.4,741.9560698094133,540.0772358505502,0.015301243226012007,-0.00012472283813746987,913,568,4278.0,-1030.0,2024,7,0,8
2024-07-09,72385,72401,72606,72130,10680,0.07,72332.0,73255.0,14590.0,71979.85714285714,71733.43333333333,721.1246837593551,549.2678941414139,-0.012599822537710748,0.015301243226012007,476,16,913.0,568.0,2024,7,1,9
2024-07-10,72629,72491,72916,72466,11230,0.34,72385.0,72332.0,10680.0,72138.42857142857,71741.43333333333,659.7256644880283,557.1600824409232,0.0007327324005972358,-0.012599822537710748,450,-138,476.0,16.0,2024,7,2,10
2024-07-11,73205,72671,73230,72671,16520,0.79,72629.0,72385.0,11230.0,72324.14285714286,71762.63333333333,570.8889058830598,578.7441506817424,0.0033708641293086483,0.0007327324005972358,559,-534,450.0,-138.0,2024,7,3,11
2024-07-12,73159,73040,73180,72850,10750,-0.06,73205.0,72629.0,16520.0,72588.14285714286,71807.73333333334,466.93269628539684,635.84898083671,0.007930716380509129,0.0033708641293086483,330,-119,559.0,-534.0,2024,7,4,12
2024-07-15,73311,73093,73533,72923,14640,0.21,73159.0,73205.0,10750.0,72730.85714285714,71856.26666666666,466.932696285392,681.5069981299092,-0.0006283723789358708,0.007930716380509129,610,-218,330.0,-119.0,2024,7,0,15
2024-07-16,74025,73519,74074,73367,16900,0.97,73311.0,73159.0,14640.0,72896.57142857143,71906.03333333334,431.3273533147234,731.3092879944355,0.0020776664525212762,-0.0006283723789358708,707,-506,610.0,-218.0,2024,7,1,16
2024-07-17,73924,74236,74498,73860,12490,-0.14,74025.0,73311.0,16900.0,73006.57142857143,71980.8,602.2789655833491,826.6367004174393,0.009739329704955502,0.0020776664525212762,638,312,707.0,-506.0,2024,7,2,17
2024-07-18,73965,74289,74319,73869,11900,0.06,73924.0,74025.0,12490.0,73234.0,72028.76666666666,605.6679508359862,895.7621175617072,-0.0013644039175954026,0.009739329704955502,450,324,638.0,312.0,2024,7,3,18
2024-07-19,72872,73700,73700,72811,17590,-1.48,73965.0,73924.0,11900.0,73459.71428571429,72062.16666666667,525.6636168677014,948.9021636007664,0.0005546236675504357,-0.0013644039175954026,889,828,450.0,324.0,2024,7,4,19
2024-07-22,72641,72999,73199,72470,11130,-0.32,72872.0,73965.0,17590.0,73494.42857142857,72114.3,466.33673711616154,949.0025671240554,-0.014777259514635266,0.0005546236675504357,729,358,889.0,828.0,2024,7,0,22
2024-07-23,68648,72541,72740,68600,48270,-5.5,72641.0,72872.0,11130.0,73413.85714285714,72158.9,563.3159056222408,940.9661340938304,-0.003169941815786559,-0.014777259514635266,4140,3893,729.0,358.0,2024,7,1,23
2024-07-24,69028,69000,69349,68767,12010,0.55,68648.0,72641.0,48270.0,72769.42857142857,72068.96666666666,1899.358387908268,1131.0671336900398,-0.05496895692515247,-0.003169941815786559,582,-28,4140.0,3893.0,2024,7,2,24
2024-07-25,67491,68028,68210,66960,14710,-2.23,69028.0,68648.0,12010.0,72157.57142857143,71976.7,2335.5862117216247,1259.6886082081755,0.005535485374664972,-0.05496895692515247,1250,537,582.0,-28.0,2024,7,3,25
2024-07-26,68173,67976,68340,67670,11300,1.01,67491.0,69028.0,14710.0,71224.14285714286,71858.73333333334,2736.1881897133912,1495.1118729506413,-0.02226632670800255,0.005535485374664972,670,-197,1250.0,537.0,2024,7,4,26
2024-07-29,68206,68391,68633,67980,11300,0.05,68173.0,67491.0,11300.0,70402.57142857143,71741.46666666666,2652.53783241337,1639.6948566677954,0.01010505104384296,-0.02226632670800255,653,185,670.0,-197.0,2024,7,0,29
2024-07-30,68617,68206,68711,68011,5730,0.6,68206.0,68173.0,11300.0,69579.85714285714,71638.83333333333,2221.551967175301,1761.11771098594,0.0004840626054303243,0.01010505104384296,700,-411,653.0,185.0,2024,7,1,30
2024-07-31,69083,68999,69226,68800,570,0.68,68617.0,68206.0,5730.0,68972.0,71542.63333333333,1688.8958917993325,1845.5905041990634,0.006025862827317319,0.0004840626054303243,426,-84,700.0,-411.0,2024,7,2,31
2024-08-01,69412,68145,69849,68145,210,0.48,69083.0,68617.0,570.0,68463.71428571429,71461.43333333333,556.2516559662986,1899.4677963023662,0.0067913199352929166,0.006025862827317319,1704,-1267,426.0,-84.0,2024,8,3,1
2024-08-02,69381,69783,70313,69043,580,-0.04,69412.0,69083.0,210.0,68572.85714285714,71366.56666666667,663.1232737536915,1929.150495251139,0.004762387273280044,0.0067913199352929166,1270,402,1704.0,-1267.0,2024,8,4,2
2024-08-05,68641,69849,70000,67924,110,-1.07,69381.0,69412.0,580.0,68623.28571428571,71298.3,714.904822172322,1962.807580112253,-0.00044660865556389595,0.004762387273280044,2076,1208,1270.0,402.0,2024,8,0,5
2024-08-06,68742,69200,69578,68533,15710,0.15,68641.0,69381.0,110.0,68787.57142857143,71202.6,515.7272719674072,2021.152071603257,-0.010665744223922968,-0.00044660865556389595,1045,458,2076.0,1208.0,2024,8,1,6
2024-08-07,68752,68617,69044,68521,11560,0.01,68742.0,68641.0,15710.0,68868.85714285714,71120.63333333333,442.3375138893344,2070.4789464784517,0.0014714237846185085,-0.010665744223922968,523,-135,1045.0,458.0,2024,8,2,7
2024-08-08,69396,68949,69444,68608,14890,0.94,68752.0,68742.0,11560.0,68946.85714285714,71048.4,342.9438382502173,2115.075992764055,0.00014547147304422303,0.0014714237846185085,836,-447,523.0,-135.0,2024,8,3,8
2024-08-09,69604,69633,69698,69212,11110,0.3,69396.0,68752.0,14890.0,69058.14285714286,70984.83333333333,344.4548487979953,2135.716226197906,0.009367000232720413,0.00014547147304422303,486,29,836.0,-447.0,2024,8,4,9
2024-08-12,70354,69504,70388,69436,15900,1.08,69604.0,69396.0,11110.0,69132.57142857143,70929.13333333333,402.17320362946697,2149.632362044376,0.0029972909101390055,0.009367000232720413,952,-850,486.0,29.0,2024,8,0,12
2024-08-13,70356,70437,70549,70191,12810,0.0,70354.0,69604.0,15900.0,69267.14285714286,70896.63333333333,613.3923237703887,2150.7485221990955,0.010775242802137708,0.0029972909101390055,358,81,952.0,-850.0,2024,8,1,13
2024-08-14,69874,70247,70630,69718,18580,-0.69,70356.0,70354.0,12810.0,69406.42857142857,70863.26666666666,740.9839982871235,2151.124837000932,2.8427665804464652e-05,0.010775242802137708,912,373,358.0,81.0,2024,8,2,14
2024-08-16,70938,69979,71038,69953,27670,1.52,69874.0,70356.0,18580.0,69582.57142857143,70787.06666666667,672.0493179206137,2144.0836147690047,-0.006850872704531219,2.8427665804464652e-05,1085,-959,912.0,373.0,2024,8,4,16
2024-08-19,71138,71037,71272,70803,15290,0.28,70938.0,69874.0,27670.0,69896.28571428571,70746.63333333333,724.7541455085553,2128.858873268339,0.01522740933680633,-0.006850872704531219,469,-101,1085.0,-959.0,2024,8,0,19
2024-08-20,71340,71049,71777,70995,20810,0.28,71138.0,70938.0,15290.0,70237.14285714286,70676.06666666667,654.5724886216943,2077.3079218770995,0.0028193633877471314,0.01522740933680633,782,-291,469.0,-101.0,2024,8,1,20
2024-08-21,71407,71400,71658,71061,15960,0.09,71340.0,71138.0,20810.0,70514.85714285714,70643.0,650.6006016446597,2057.843933627359,0.00283955129466662,0.0028193633877471314,597,-7,782.0,-291.0,2024,8,2,21
2024-08-22,70796,71315,71427,70537,17530,-0.86,71407.0,71340.0,15960.0,70772.42857142857,70610.4,583.3157684458165,2036.9363167794922,0.0009391645640595137,0.00283955129466662,890,519,597.0,-7.0,2024,8,3,22
2024-08-23,71295,70918,71465,70845,15500,0.7,70796.0,71407.0,17530.0,70835.57142857143,70549.3,553.6406346938411,2001.481195479137,-0.008556584088394659,0.0009391645640595137,620,-377,890.0,519.0,2024,8,4,23
2024-08-26,71500,71417,71775,71252,14690,0.29,71295.0,70796.0,15500.0,70969.71428571429,70485.63333333333,531.3870887577943,1943.6333286107476,0.007048420814735223,-0.008556584088394659,523,-83,620.0,-377.0,2024,8,0,26
2024-08-27,71551,71695,71696,71245,11520,0.07,71500.0,71295.0,14690.0,71202.0,70430.33333333333,257.277411892122,1887.7455324796435,0.002875376954905695,0.007048420814735223,451,144,523.0,-83.0,2024,8,1,27
2024-08-28,71328,71490,71543,71062,11790,-0.31,71551.0,71500.0,11520.0,71289.57142857143,70371.66666666667,256.76633810566364,1821.3135906254217,0.0007132867132866316,0.002875376954905695,481,162,451.0,144.0,2024,8,2,28
2024-08-29,71666,71403,71718,71281,14010,0.47,71328.0,71551.0,11790.0,71316.71428571429,70281.76666666666,247.96485926802328,1697.0926596379134,-0.0031166580481055695,0.0007132867132866316,437,-263,481.0,162.0,2024,8,3,29
2024-08-30,71195,71463,71697,71129,7600,-0.66,71666.0,71328.0,14010.0,71363.28571428571,70206.5,281.42359193656137,1575.71951271577,0.004738672050246695,-0.0031166580481055695,568,268,437.0,-263.0,2024,8,4,30
2024-09-02,71233,71126,71379,71026,1090,0.05,71195.0,71666.0,7600.0,71333.0,70114.16666666667,287.2815111870336,1421.4964694427842,-0.006572154159573573,0.004738672050246695,353,-107,568.0,268.0,2024,9,0,2
2024-09-03,70807,71194,71365,70575,420,-0.6,71233.0,71195.0,1090.0,71395.42857142857,70059.53333333334,177.7328117827129,1341.0689697416121,0.0005337453472855636,-0.006572154159573573,790,387,353.0,-107.0,2024,9,1,3
2024-09-04,71053,71076,71105,70600,70,0.35,70807.0,71233.0,420.0,71325.71428571429,69998.4,286.2619513053424,1258.599813145473,-0.005980374264736854,0.0005337453472855636,505,23,790.0,387.0,2024,9,2,4
2024-09-05,71890,71060,72510,71053,50,1.18,71053.0,70807.0,70.0,71261.85714285714,70078.56666666667,290.72577490431456,1246.1517504108801,0.003474232773595931,-0.005980374264736854,1457,-830,505.0,23.0,2024,9,3,5
2024-09-06,71409,71932,72138,71230,27360,-0.67,71890.0,71053.0,50.0,71310.28571428571,70173.96666666666,365.5296222813432,1272.2298773862165,0.011779938918835331,0.003474232773595931,908,523,1457.0,-830.0,2024,9,4,6
2024-09-09,71573,71537,71640,71109,12550,0.23,71409.0,71890.0,27360.0,71321.85714285714,70304.56666666667,367.4608498788854,1185.455003094759,-0.006690777576853546,0.011779938918835331,531,-36,908.0,523.0,2024,9,0,9
2024-09-10,71821,71601,71901,71530,13030,0.35,71573.0,71409.0,12550.0,71308.57142857143,70417.9,354.3933112388769,1136.1431536174462,0.0022966292764217133,-0.006690777576853546,371,-220,531.0,-36.0,2024,9,1,10
2024-09-11,71878,71921,72147,71601,18960,0.08,71821.0,71573.0,13030.0,71398.0,70538.4,397.3390659582438,1083.964581426732,0.0034649937825717014,0.0022966292764217133,546,43,371.0,-220.0,2024,9,2,11
2024-09-12,72681,71850,72723,71837,27820,1.12,71878.0,71821.0,18960.0,71490.14285714286,70647.1,426.4217116818897,1047.5369584433981,0.0007936397432506404,0.0034649937825717014,886,-831,546.0,43.0,2024,9,3,12
2024-09-13,73367,72725,73450,72725,17690,0.94,72681.0,71878.0,27820.0,71757.85714285714,70767.03333333334,506.7499148433205,1068.0549024779173,0.011171707615682092,0.0007936397432506404,725,-642,886.0,-831.0,2024,9,4,13
2024-09-16,73422,73415,73649,73306,12250,0.07,73367.0,72681.0,17690.0,72088.42857142857,70898.86666666667,691.4173503638617,1136.9015283004537,0.009438505248964724,0.011171707615682092,343,-7,725.0,-642.0,2024,9,0,16
2024-09-17,73022,73389,73492,72907,16520,-0.54,73422.0,73367.0,12250.0,72307.28571428571,71033.56666666667,843.8105463304325,1189.055947851421,0.0007496558398190079,0.009438505248964724,585,367,343.0,-7.0,2024,9,1,17
2024-09-18,73029,73162,73255,72910,10650,0.01,73022.0,73422.0,16520.0,72537.71428571429,71179.6,775.0607963885518,1153.5774520704724,-0.005447958377598039,0.0007496558398190079,345,133,585.0,367.0,2024,9,2,18
2024-09-19,73357,72949,73525,72750,19120,0.45,73029.0,73022.0,10650.0,72745.71428571429,71322.5,659.8175794099802,1105.7414660079935,9.586152118545854e-05,-0.005447958377598039,775,-408,345.0,133.0,2024,9,3,19
2024-09-20,73977,73450,74050,73364,20000,0.85,73357.0,73029.0,19120.0,72965.14285714286,71476.0,546.7611997270894,1055.071724965598,0.004491366443467593,9.586152118545854e-05,686,-527,775.0,-408.0,2024,9,4,20
2024-09-23,74183,74171,74299,73929,12790,0.28,73977.0,73357.0,20000.0,73265.0,71628.7,409.52452104423315,1074.969066112,0.008451817822429986,0.004491366443467593,370,-12,686.0,-527.0,2024,9,0,23
2024-09-24,74886,74273,74944,74217,15990,0.95,74183.0,73977.0,12790.0,73479.57142857143,71781.33333333333,444.5304103404451,1102.3067766639524,0.002784649282885132,0.008451817822429986,727,-613,370.0,-12.0,2024,9,1,24
2024-09-25,75167,75000,75240,74838,10710,0.38,74886.0,74183.0,15990.0,73696.57142857143,71932.4,685.7343647876781,1205.6528807910215,0.009476564711591529,0.002784649282885132,402,-167,727.0,-613.0,2024,9,2,25
2024-09-26,75339,75199,75643,75075,15810,0.23,75167.0,74886.0,10710.0,73945.85714285714,72092.76666666666,863.438557663639,1304.6395111359743,0.0037523702694761685,0.009476564711591529,568,-140,402.0,-167.0,2024,9,3,26
2024-09-27,74878,75329,75380,74742,7530,-0.61,75339.0,75167.0,15810.0,74276.85714285714,72274.93333333333,893.8274308800183,1364.3238551030565,0.0022882381896311976,0.0037523702694761685,638,451,568.0,-140.0,2024,9,4,27
2024-09-30,74844,75169,75359,74620,1380,-0.05,74878.0,75339.0,7530.0,74541.0,72406.26666666666,719.8830923627423,1419.7027355983,-0.006119008747129673,0.0022882381896311976,739,325,638.0,451.0,2024,9,0,30
2024-10-01,75660,74867,75736,74850,640,1.09,74844.0,74878.0,1380.0,74753.42857142857,72529.8,497.2359792399192,1466.0214610066005,-0.0004540719570501617,-0.006119008747129673,886,-793,739.0,325.0,2024,10,1,1
2024-10-03,75827,76000,76250,75150,230,0.22,75660.0,74844.0,640.0,74993.85714285714,72673.8,465.0897506863804,1554.6126782270567,0.010902677569344155,-0.0004540719570501617,1100,173,886.0,-793.0,2024,10,3,3
2024-10-04,75759,75889,76109,75377,330,-0.09,75827.0,75660.0,230.0,75228.71428571429,72821.13333333333,397.5725151025082,1637.6441391311785,0.0022072429288924056,0.010902677569344155,732,130,1100.0,173.0,2024,10,4,4
2024-10-07,75657,75671,75930,75452,12880,-0.13,75759.0,75827.0,330.0,75353.42857142857,72986.56666666667,408.91272791470107,1676.2367679694669,-0.0008967781924644758,0.0022072429288924056,478,14,732.0,130.0,2024,10,0,7
2024-10-08,74799,75523,75697,74481,23990,-1.13,75657.0,75759.0,12880.0,75423.42857142857,73131.96666666666,413.5935432893488,1713.2234486637476,-0.0013463746881559047,-0.0008967781924644758,1216,724,478.0,14.0,2024,10,1,8
2024-10-09,74512,74895,74936,74420,12360,-0.38,74799.0,75657.0,23990.0,75346.28571428571,73241.93333333333,477.40329362597475,1710.7349486000503,-0.011340655854712667,-0.0013463746881559047,516,383,1216.0,724.0,2024,10,2,9
2024-10-10,74834,74639,74950,74267,11930,0.43,74512.0,74799.0,12360.0,75294.0,73340.63333333333,551.5263668550747,1695.1591418169933,-0.0038369496918407853,-0.011340655854712667,683,-195,516.0,383.0,2024,10,3,10
2024-10-11,75738,75177,75827,75177,15840,1.21,74834.0,74512.0,11930.0,75292.57142857143,73457.5,552.8974760754868,1672.321198110252,0.004321451578269242,-0.0038369496918407853,650,-561,683.0,-195.0,2024,10,4,11
2024-10-14,75553,75832,75928,75435,12870,-0.24,75738.0,74834.0,15840.0,75303.71428571429,73593.23333333334,562.2436347037902,1687.0867500791255,0.012080070556164335,0.004321451578269242,493,279,650.0,-561.0,2024,10,0,14
2024-10-15,75838,75639,75990,75275,14740,0.38,75553.0,75738.0,12870.0,75264.57142857143,73738.5,528.2514733066473,1660.885508518707,-0.0024426311758958263,0.012080070556164335,715,-199,493.0,279.0,2024,10,1,15
2024-10-16,76163,75900,76350,75867,15640,0.43,75838.0,75553.0,14740.0,75275.85714285714,73892.0,541.2588501448892,1633.9204175932457,0.0037721864121875726,-0.0024426311758958263,483,-263,715.0,-199.0,2024,10,2,16
2024-10-17,76540,76198,76635,76121,17750,0.49,76163.0,75838.0,15640.0,75348.14285714286,74070.53333333334,627.553829983398,1576.8276037498754,0.004285450565679527,0.0037721864121875726,514,-342,483.0,-263.0,2024,10,3,17
2024-10-18,77159,76666,77260,76666,16379,0.81,76540.0,76163.0,17750.0,75596.85714285714,74253.43333333333,712.8460396140875,1532.3450516984622,0.004949910061315954,0.004285450565679527,594,-493,514.0,-342.0,2024,10,4,18
2024-10-21,77508,77300,77947,77300,16329,0.45,77159.0,76540.0,16379.0,75975.0,74429.06666666667,742.8916475523189,1553.9210456408005,0.00808727462764569,0.004949910061315954,647,-208,594.0,-493.0,2024,10,0,21
2024-10-22,78241,77798,78300,77635,11660,0.95,77508.0,77159.0,16329.0,76357.0,74632.36666666667,745.8851564883508,1544.1161847307371,0.004523127567749752,0.00808727462764569,665,-443,647.0,-208.0,2024,10,1,22
2024-10-23,77482,78027,78497,77255,12950,-0.97,78241.0,77508.0,11660.0,76714.57142857143,74854.63333333333,966.8989704465451,1568.2736496616917,0.009457088300562466,0.004523127567749752,1242,545,665.0,-443.0,2024,10,2,23
2024-10-24,77872,76786,78072,76786,10090,0.5,77482.0,78241.0,12950.0,76990.14285714286,75043.33333333333,848.280894629506,1530.7973881841524,-0.009700796257716582,0.009457088300562466,1286,-1086,1242.0,545.0,2024,10,3,24
2024-10-25,78009,77702,78104,77411,4700,0.18,77872.0,77482.0,10090.0,77280.71428571429,75243.13333333333,727.6330838855894,1494.1414033907686,0.005033427118556588,-0.009700796257716582,693,-307,1286.0,-1086.0,2024,10,4,25
2024-10-28,78159,77765,78304,77746,410,0.19,78009.0,77872.0,4700.0,77544.42857142857,75420.73333333334,573.1488629060983,1495.747257214404,0.001759297308403518,0.005033427118556588,558,-394,693.0,-307.0,2024,10,0,28
2024-10-29,78865,78438,78926,78416,190,0.9,78159.0,78009.0,410.0,77775.71428571429,75580.46666666666,401.1166556395963,1524.4600792826395,0.001922855055185968,0.001759297308403518,510,-427,558.0,-394.0,2024,10,1,29
2024-10-30,79257,79119,79375,78888,130,0.5,78865.0,78159.0,190.0,78019.42857142857,75761.9,475.3591123742088,1581.5424236877354,0.009032868895456625,0.001922855055185968,487,-138,510.0,-427.0,2024,10,2,30
2024-10-31,78326,79264,79999,77803,90,-1.17,79257.0,78865.0,130.0,78269.28571428571,75969.73333333334,603.9897113622651,1618.3202004724974,0.004970519241742188,0.009032868895456625,2196,938,487.0,-138.0,2024,10,3,31
2024-11-01,78829,78600,78887,78550,3200,0.64,78326.0,79257.0,90.0,78281.42857142857,76146.3,604.1806730748563,1574.7868416216352,-0.011746596515134322,0.004970519241742188,337,-229,2196.0,938.0,2024,11,4,1
2024-11-04,78401,78450,78642,78226,13380,-0.54,78829.0,78326.0,3200.0,78473.85714285714,76328.7,515.0651831176721,1557.3767322647925,0.0064218777928146675,-0.011746596515134322,416,49,337.0,-229.0,2024,11,0,4
2024-11-05,78490,78246,78670,78157,12200,0.11,78401.0,78829.0,13380.0,78549.42857142857,76476.16666666667,446.2532379533511,1536.327777599139,-0.005429473924570938,0.0064218777928146675,513,-244,416.0,49.0,2024,11,1,5
2024-11-06,76689,78355,78570,76412,47170,-2.29,78490.0,78401.0,12200.0,78618.14285714286,76619.73333333334,381.5033545418779,1515.7490223791535,0.0011351896021734031,-0.005429473924570938,2158,1666,513.0,-244.0,2024,11,2,6
2024-11-07,77386,76459,77427,76311,21890,0.91,76689.0,78490.0,47170.0,78408.14285714286,76679.83333333333,824.1509628258119,1479.95764345793,-0.02294559816537134,0.0011351896021734031,1116,-927,2158.0,1666.0,2024,11,3,7
2024-11-08,77248,77455,77589,77031,16020,-0.18,77386.0,76689.0,21890.0,78196.85714285714,76753.8,875.4917529747037,1457.0144107373114,0.00908865678258941,-0.02294559816537134,558,207,1116.0,-927.0,2024,11,4,8
2024-11-11,75382,77019,77019,75348,27620,-2.42,77248.0,77386.0,16020.0,77909.85714285714,76817.43333333333,795.6924507580786,1434.608409461786,-0.0017832682914221687,0.00908865678258941,1671,1637,558.0,207.0,2024,11,0,11
2024-11-12,74918,75502,75588,74644,26010,-0.62,75382.0,77248.0,27620.0,77489.28571428571,76834.23333333334,1209.5097786974845,1413.915294815168,-0.024155965202982577,-0.0017832682914221687,944,584,1671.0,1637.0,2024,11,1,12
2024-11-13,74514,75097,75333,74363,18170,-0.54,74918.0,75382.0,26010.0,76930.57142857143,76836.7,1378.9505498931298,1410.3836149686483,-0.006155315592581756,-0.024155965202982577,970,583,944.0,584.0,2024,11,2,13
2024-11-14,74151,74000,74878,73334,25710,-0.49,74514.0,74918.0,18170.0,76375.28571428571,76798.5,1467.8947185560862,1458.0668768043918,-0.005392562535038281,-0.006155315592581756,1544,-151,970.0,583.0,2024,11,3,14
2024-11-15,73965,74191,74300,73900,9820,-0.25,74151.0,74514.0,25710.0,75755.42857142857,76742.63333333333,1336.2983520596088,1527.0506051102113,-0.004871567759078821,-0.005392562535038281,400,226,1544.0,-151.0,2024,11,4,15
2024-11-18,75039,74366,75165,74305,18510,1.45,73965.0,74151.0,9820.0,75366.28571428571,76682.83333333333,1413.518861363904,1600.2699574679193,-0.0025083950317594805,-0.004871567759078821,860,-673,400.0,226.0,2024,11,0,18
2024-11-19,75555,75255,75840,75255,21000,0.69,75039.0,73965.0,18510.0,75031.0,76662.23333333334,1097.6617572532373,1617.8122452597252,0.014520381261407422,-0.0025083950317594805,585,-300,860.0,-673.0,2024,11,1,19
2024-11-20,76008,75484,76135,75380,13820,0.6,75555.0,75039.0,21000.0,74789.14285714286,76687.43333333333,602.6595026989953,1593.4938123123738,0.006876424259385061,0.014520381261407422,755,-524,585.0,-300.0,2024,11,2,20
2024-11-21,76689,76250,76749,76051,20720,0.9,76008.0,75555.0,13820.0,74878.57142857143,76737.3,736.8108887070105,1545.761415990568,0.005995632320825894,0.006876424259385061,698,-439,755.0,-524.0,2024,11,3,21
2024-11-22,77579,77000,77637,76959,23290,1.16,76689.0,76008.0,20720.0,75131.57142857143,76799.13333333333,1007.0895122665257,1503.5252078257442,0.008959583201768151,0.005995632320825894,678,-579,698.0,-439.0,2024,11,4,22
2024-11-25,75377,77100,77100,75260,32159,-2.84,77579.0,76689.0,23290.0,75569.42857142857,76860.5,1313.5102914394133,1496.2742868110874,0.011605314973464287,0.008959583201768151,1840,1723,678.0,-579.0,2024,11,0,25
2024-11-26,75293,75556,75693,74857,22000,-0.11,75377.0,77579.0,32159.0,75744.57142857143,76854.63333333333,1166.3489839597437,1501.9119879450159,-0.028383969888758576,0.011605314973464287,836,263,1840.0,1723.0,2024,11,1,26
2024-11-27,75788,75578,76164,75578,15790,0.66,75293.0,75377.0,22000.0,75934.28571428571,76836.46666666666,908.0493221359485,1517.8444728202182,-0.0011143982912559247,-0.028383969888758576,586,-210,836.0,263.0,2024,11,2,27
2024-11-28,75761,75656,76091,75434,12130,-0.04,75788.0,75293.0,15790.0,76041.28571428571,76823.96666666666,825.3324005705587,1525.1087125350114,0.006574316337508046,-0.0011143982912559247,657,-105,586.0,-210.0,2024,11,3,28
2024-11-29,76485,76605,76606,76022,5350,0.96,75761.0,75788.0,12130.0,76070.71428571429,76798.0,808.6063554649007,1536.6979152557462,-0.00035625692721807933,0.006574316337508046,584,120,657.0,-105.0,2024,11,4,29
2024-12-02,75815,76100,76189,75587,1760,-0.88,76485.0,75761.0,5350.0,76138.85714285714,76775.53333333334,822.4213090179525,1536.1649456430869,0.009556368052163977,-0.00035625692721807933,602,285,584.0,120.0,2024,12,0,2
2024-12-03,75934,76095,76164,75828,180,0.16,75815.0,76485.0,1760.0,76014.0,76719.1,790.7129694162035,1539.4228060720768,-0.00875988755965218,0.009556368052163977,336,161,602.0,285.0,2024,12,1,3
2024-12-04,76036,76267,76373,75900,210,0.13,75934.0,75815.0,180.0,75779.0,76642.2,391.99532310515764,1518.2527253141404,0.0015696102354414432,-0.00875988755965218,473,231,336.0,161.0,2024,12,2,4
2024-12-05,76353,76265,76449,76195,50,0.42,76036.0,75934.0,210.0,75873.14285714286,76594.0,356.92362795626576,1513.618250051626,0.0013432717886585621,0.0015696102354414432,254,-88,473.0,231.0,2024,12,3,5
2024-12-06,76185,76141,76380,75894,14610,-0.22,76353.0,76036.0,50.0,76024.57142857143,76543.36666666667,287.96692932339516,1494.68080973207,0.00416907780525011,0.0013432717886585621,486,-44,254.0,-88.0,2024,12,4,6
2024-12-09,76999,76261,77273,76160,21650,1.07,76185.0,76353.0,14610.0,76081.28571428571,76482.56666666667,272.27603291188535,1469.8990977152457,-0.002200306471258462,0.00416907780525011,1113,-738,486.0,-44.0,2024,12,0,9
2024-12-10,77745,77135,77772,76920,20600,0.97,76999.0,76185.0,21650.0,76258.14285714286,76443.9,401.13855818176677,1439.2157670518939,0.01068451794972769,-0.002200306471258462,852,-610,1113.0,-738.0,2024,12,1,10
2024-12-11,78287,77899,78360,77590,30920,0.7,77745.0,76999.0,20600.0,76438.14285714286,76406.56666666667,694.9763613678912,1387.85671235032,0.009688437512175518,0.01068451794972769,770,-388,852.0,-610.0,2024,12,2,11
2024-12-12,77400,78050,78360,77130,25140,-1.13,78287.0,77745.0,30920.0,76791.28571428571,76374.23333333334,917.8733961890359,1329.2198563178486,0.006971509421827671,0.009688437512175518,1230,650,770.0,-388.0,2024,12,3,12
2024-12-13,76592,77517,77520,76520,19860,-1.04,77400.0,78287.0,25140.0,77000.71428571429,76343.36666666667,854.7437655607313,1292.580404575174,-0.01133010589242145,0.006971509421827671,1000,925,1230.0,650.0,2024,12,4,13
2024-12-16,76486,76500,76859,76350,13730,-0.14,76592.0,77400.0,19860.0,77080.14285714286,76268.8,771.9815258110222,1205.8592415110977,-0.01043927648578813,-0.01133010589242145,509,14,1000.0,925.0,2024,12,0,16
2024-12-17,76314,76563,76585,75932,15200,-0.22,76486.0,76592.0,13730.0,77099.14285714286,76204.96666666666,752.4930627765605,1137.866378532739,-0.00138395654898682,-0.01043927648578813,653,249,509.0,14.0,2024,12,1,17
2024-12-18,76115,76265,76465,76011,11000,-0.26,76314.0,76486.0,15200.0,77117.57142857143,76132.43333333333,727.5403441624346,1053.4039302294348,-0.0022487775540621646,-0.00138395654898682,454,150,653.0,249.0,2024,12,2,18
2024-12-19,75191,75500,75931,75008,19350,-1.21,76115.0,76314.0,11000.0,76991.28571428571,76113.3,822.1256421202345,1048.145987130499,-0.002607647351731024,-0.0022487775540621646,923,309,454.0,150.0,2024,12,3,19
2024-12-20,75786,75200,76025,75070,16059,0.79,75191.0,76115.0,19350.0,76626.42857142857,76040.13333333333,982.8904410210926,1032.7392678673843,-0.01213952571766408,-0.002607647351731024,955,-586,923.0,309.0,2024,12,4,20
2024-12-23,75506,75680,75964,75352,14200,-0.37,75786.0,75191.0,16059.0,76269.14285714286,75991.4,689.4070951623177,1007.9743291715514,0.007913181098801791,-0.01213952571766408,612,174,955.0,-586.0,2024,12,0,23
2024-12-24,75562,75625,75688,75424,10820,0.07,75506.0,75786.0,14200.0,75998.57142857143,75995.53333333334,523.2557874028806,1005.6407713057957,-0.003694613780909406,0.007913181098801791,264,63,612.0,174.0,2024,12,1,24
2024-12-26,76114,75868,76200,75760,9730,0.73,75562.0,75506.0,10820.0,75851.42857142857,76017.0,470.7546626258041,988.5750106679349,0.0007416629142054099,-0.003694613780909406,440,-246,264.0,63.0,2024,12,3,26
2024-12-27,75783,76160,76445,75661,15260,-0.43,76114.0,75562.0,9730.0,75798.28571428571,76070.33333333333,403.35125895206727,946.9770901074415,0.007305259257298635,0.0007416629142054099,784,377,440.0,-246.0,2024,12,4,27
2024-12-30,75517,75443,76450,75336,10260,-0.35,75783.0,76114.0,15260.0,75722.42857142857,76124.73333333334,334.20196346510113,877.2241066718781,-0.004348740047823041,0.007305259257298635,1114,-74,784.0,377.0,2024,12,0,30
2024-12-31,76232,75680,76970,75572,1920,0.95,75517.0,75783.0,10260.0,75637.0,76176.46666666666,290.73126194071097,786.5407341197973,-0.0035100220366045543,-0.004348740047823041,1398,-552,1114.0,-74.0,2024,12,1,31
2025-01-01,76214,76232,76302,76053,60,-0.02,76232.0,75517.0,1920.0,75785.71428571429,76216.23333333334,290.8165024516653,756.6385591471799,0.009468066792907459,-0.0035100220366045543,249,18,1398.0,-552.0,2025,1,2,1
2025-01-02,76849,76849,76849,76849,0,0.83,76214.0,76232.0,60.0,75846.85714285714,76238.2,332.8425196096912,746.2747668112058,-0.0002361213138839524,0.009468066792907459,0,0,249.0,18.0,2025,1,3,2
2025-01-03,76813,77246,78600,76613,60,-0.05,76849.0,76214.0,0.0,76038.71428571429,76266.23333333334,464.60510626219445,753.0939256908441,0.008331802555960888,-0.0002361213138839524,1987,433,0.0,0.0,2025,1,4,3
2025-01-06,77149,77309,77542,76545,27160,0.44,76813.0,76849.0,60.0,76217.42857142857,76270.36666666667,490.55032264858824,755.8295959763849,-0.0004684511184270823,0.008331802555960888,997,160,1987.0,433.0,2025,1,0,6
2025-01-07,77514,77189,77799,77100,21208,0.47,77149.0,76813.0,27160.0,76365.28571428571,76256.03333333334,598.3217401740733,733.9168647474486,0.004374259565438132,-0.0004684511184270823,699,-325,997.0,160.0,2025,1,1,7
2025-01-08,77737,77450,78049,77361,21727,0.29,77514.0,77149.0,21208.0,76612.57142857143,76327.26666666666,670.8663198064587,749.2050929199962,0.0047311047453628685,0.004374259565438132,688,-287,699.0,-325.0,2025,1,2,8
2025-01-09,78068,77849,78218,77765,14396,0.43,77737.0,77514.0,21727.0,76929.71428571429,76408.73333333334,585.9999187414312,765.5621298794225,0.0028768996568362404,0.0047311047453628685,453,-219,688.0,-287.0,2025,1,3,9
2025-01-10,78398,78389,78728,78018,25071,0.42,78068.0,77737.0,14396.0,77192.0,76484.73333333334,630.83383972042,813.4865759115263,0.004257946666323731,0.0028768996568362404,710,-9,453.0,-219.0,2025,1,4,10
2025-01-13,78159,78203,78717,78090,17089,-0.3,78398.0,78068.0,25071.0,77504.0,76572.63333333333,606.1149505963601,872.8877750369348,0.004227084080545174,0.004257946666323731,627,44,710.0,-9.0,2025,1,0,13
2025-01-14,78151,78195,78415,77770,13273,-0.01,78159.0,78398.0,17089.0,77691.14285714286,76628.43333333333,571.4156189035422,919.3612731497554,-0.00304854715681524,0.004227084080545174,645,44,627.0,44.0,2025,1,1,14
2025-01-15,78658,78323,78706,78228,16143,0.65,78151.0,78159.0,13273.0,77882.28571428571,76706.3,436.59276001596555,946.6122590365748,-0.00010235545490600018,-0.00304854715681524,478,-335,645.0,44.0,2025,1,2,15
2025-01-16,79160,78688,79190,78687,16603,0.64,78658.0,78151.0,16143.0,78097.85714285714,76797.1,383.4942105520523,999.1636968466369,0.006487440979642045,-0.00010235545490600018,503,-472,478.0,-335.0,2025,1,3,16
2025-01-17,79003,79055,79149,78741,14402,-0.2,79160.0,78658.0,16603.0,78333.0,76901.23333333334,462.35267924296613,1076.8764755861869,0.006382059040402677,0.006487440979642045,408,52,503.0,-472.0,2025,1,4,17
2025-01-20,78530,78890,79135,78430,17304,-0.6,79003.0,79160.0,14402.0,78513.85714285714,76989.56666666667,437.290684625575,1137.3442351320682,-0.0019833249115714935,0.006382059040402677,705,360,408.0,52.0,2025,1,0,20
2025-01-21,79179,78855,79300,78782,14484,0.83,78530.0,79003.0,17304.0,78579.85714285714,77067.73333333334,391.2200696031694,1160.489074462467,-0.005987114413376737,-0.0019833249115714935,518,-324,705.0,360.0,2025,1,1,21
2025-01-22,79535,79267,79587,79257,14648,0.45,79179.0,78530.0,14484.0,78691.42857142857,77140.4,439.14343030965057,1222.6260769878274,0.008264357570355374,-0.005987114413376737,330,-268,518.0,-324.0,2025,1,2,22
2025-01-23,79594,79400,79619,79251,14044,0.07,79535.0,79179.0,14648.0,78888.0,77200.06666666667,468.10468914890123,1294.7025469389373,0.004496141653721253,0.008264357570355374,368,-194,330.0,-268.0,2025,1,3,23
2025-01-24,79944,79950,80221,79687,13556,0.44,79594.0,79535.0,14044.0,79094.14285714286,77243.63333333333,402.6029593288486,1353.2073899526913,0.0007418117809769864,0.004496141653721253,534,6,368.0,-194.0,2025,1,4,24
2025-01-27,79510,79944,80000,79431,18521,-0.54,79944.0,79594.0,13556.0,79277.85714285714,77328.43333333333,459.76712532218477,1440.255429530304,0.004397316380631677,0.0007418117809769864,569,434,534.0,6.0,2025,1,0,27
2025-01-28,80163,79628,80199,79552,9023,0.82,79510.0,79944.0,18521.0,79327.85714285714,77425.7,463.82734883470226,1486.5930767546024,-0.005428800160112046,0.004397316380631677,647,-535,569.0,434.0,2025,1,1,28
2025-01-29,80310,80247,80730,80195,11055,0.18,80163.0,79510.0,9023.0,79493.57142857143,77548.26666666666,530.8040621398643,1556.387371629354,0.00821280342095343,-0.005428800160112046,535,-63,647.0,-535.0,2025,1,2,29
2025-01-30,81539,80509,81800,80380,3833,1.53,80310.0,80163.0,11055.0,79747.85714285714,77681.46666666666,403.31436398139624,1616.929801074178,0.001833763706448055,0.00821280342095343,1420,-1030,535.0,-63.0,2025,1,3,30
2025-01-31,81836,81890,82094,81551,1125,0.36,81539.0,80310.0,3833.0,80085.0,77862.26666666666,714.7157943336169,1734.6915045864785,0.015303200099614056,0.001833763706448055,543,54,1420.0,-1030.0,2025,1,4,31
2025-02-01,81663,81200,82730,81003,13528,-0.21,81836.0,81539.0,1125.0,80413.71428571429,78083.76666666666,919.4238620454285,1804.6731232003478,0.003642428776413631,0.015303200099614056,1727,-463,543.0,54.0,2025,2,5,1
2025-02-03,82625,81243,83060,81202,25861,1.18,81663.0,81836.0,13528.0,80709.28571428571,78279.66666666667,944.2181446918013,1864.6288589426204,-0.002113984065692409,0.003642428776413631,1858,-1382,1727.0,-463.0,2025,2,0,3
2025-02-04,83162,82661,83194,82309,21445,0.65,82625.0,81663.0,25861.0,81092.28571428571,78516.96666666666,1111.0628116501487,1950.4883470419506,0.011780120740114919,-0.002113984065692409,885,-501,1858.0,-1382.0,2025,2,1,4
2025-02-05,83976,83324,84274,83276,29476,0.98,83162.0,82625.0,21445.0,81614.0,78770.3,1101.631517342991,2044.7317697774438,0.0064992435703479234,0.011780120740114919,998,-652,885.0,-501.0,2025,2,2,5
2025-02-06,83856,84043,84245,83371,26411,-0.14,83976.0,83162.0,29476.0,82158.71428571429,79032.36666666667,1202.6498124691348,2191.12572992974,0.009788124383732999,0.0064992435703479234,874,187,998.0,-652.0,2025,2,3,6
2025-02-07,84378,84044,84690,83906,29656,0.62,83856.0,83976.0,26411.0,82665.28571428571,79301.46666666666,1028.3426332852755,2272.5235666350777,-0.0014289797084880984,0.009788124383732999,784,-334,874.0,187.0,2025,2,4,7
2025-02-10,85308,84690,85427,84589,26703,1.1,84378.0,83856.0,29656.0,83070.85714285714,79596.83333333333,1069.1417786527259,2338.5693841235584,0.006224957069261627,-0.0014289797084880984,838,-618,784.0,-334.0,2025,2,0,10
2025-02-11,85113,85498,85875,84436,36373,-0.23,85308.0,84378.0,26703.0,83566.85714285714,79899.36666666667,1198.3466983838389,2471.5472256256635,0.011021830334921434,0.006224957069261627,1439,385,838.0,-618.0,2025,2,1,11
2025-02-12,85024,84631,85181,84180,28792,-0.1,85113.0,85308.0,36373.0,84059.71428571429,80196.0,973.1167648843282,2546.858308067299,-0.0022858348572232234,0.011021830334921434,1001,-393,1439.0,385.0,2025,2,2,12
2025-02-13,85368,85350,85580,85181,18828,0.4,85024.0,85113.0,28792.0,84402.42857142857,80468.5,788.5649111210596,2612.8833162102733,-0.001045668699258595,-0.0022858348572232234,399,-18,1001.0,-393.0,2025,2,3,13
2025-02-14,84331,85500,85856,84285,35299,-1.21,85368.0,85024.0,18828.0,84717.57142857143,80753.66666666667,636.326398727938,2666.4611486881413,0.004045916447120712,-0.001045668699258595,1571,1169,399.0,-18.0,2025,2,4,14
2025-02-17,84759,84791,84895,84346,15711,0.51,84331.0,85368.0,35299.0,84768.28571428571,80993.06666666667,578.9319805460956,2654.0454343903134,-0.012147408865148535,0.004045916447120712,549,32,1571.0,1169.0,2025,2,0,17
2025-02-18,85742,84967,85775,84966,19944,1.16,84759.0,84331.0,15711.0,84897.28571428571,81234.56666666667,420.774569216159,2656.1797779208414,0.0050752392358681675,-0.012147408865148535,809,-775,549.0,32.0,2025,2,1,18
2025-02-19,85719,85730,86350,85610,25200,-0.03,85742.0,84759.0,19944.0,85092.14285714286,81501.4,454.6806309865325,2694.511798911752,0.011597588456683017,0.0050752392358681675,740,11,809.0,-775.0,2025,2,2,19
2025-02-20,85830,86280,86339,85400,20977,0.13,85719.0,85742.0,25200.0,85150.85714285714,81756.43333333333,510.3317315181557,2720.294579423783,-0.00026824660026592007,0.011597588456683017,939,450,740.0,11.0,2025,2,3,20
2025-02-21,85795,85630,85850,85325,17775,-0.04,85830.0,85719.0,20977.0,85253.28571428571,82004.16666666667,569.9402642082431,2742.2228094692464,0.001294928778917237,-0.00026824660026592007,525,-165,939.0,450.0,2025,2,4,21
2025-02-24,86030,85847,86240,85730,22067,0.27,85795.0,85830.0,17775.0,85363.42857142857,82258.7,592.3053427510953,2727.3536896170267,-0.00040778282651754427,0.001294928778917237,510,-183,525.0,-165.0,2025,2,0,24
2025-02-25,85589,86177,86380,85130,23226,-0.51,86030.0,85795.0,22067.0,85458.0,82521.33333333333,643.7706631018168,2697.3518473676068,0.002739087359403314,-0.00040778282651754427,1250,588,510.0,-183.0,2025,2,1,25
2025-02-26,85837,85941,85941,85300,10503,0.29,85589.0,86030.0,23226.0,85637.71428571429,82752.36666666667,409.7957679533566,2651.4761338728654,-0.0051261187957689636,0.002739087359403314,641,104,1250.0,588.0,2025,2,2,26
2025-02-27,85123,85736,85875,84780,5943,-0.83,85837.0,85589.0,10503.0,85791.71428571429,82974.93333333333,134.8823120322605,2619.576379720013,0.0028975686127890032,-0.0051261187957689636,1095,613,641.0,104.0,2025,2,3,27
2025-02-28,84269,84960,85000,84083,30763,-1.0,85123.0,85837.0,5943.0,85703.28571428571,83178.93333333333,288.42371278928863,2536.578525510993,-0.008318091266004135,0.0028975686127890032,917,691,1095.0,613.0,2025,2,4,28
2025-03-03,85355,84470,85399,84470,22181,1.29,84269.0,85123.0,30763.0,85496.14285714286,83370.23333333334,613.1477333082466,2385.8092053555647,-0.010032541146341223,-0.008318091266004135,929,-885,917.0,691.0,2025,3,0,3
2025-03-04,86007,85391,86286,85346,27305,0.76,85355.0,84269.0,22181.0,85428.28571428571,83576.1,596.0885600583706,2275.5970091972254,0.012887301380104299,-0.010032541146341223,940,-616,929.0,-885.0,2025,3,1,4
2025-03-05,85848,86250,86250,85450,26706,-0.18,86007.0,85355.0,27305.0,85458.57142857143,83791.83333333333,622.6207666401058,2184.2261327165807,0.007638685490012342,0.012887301380104299,800,402,940.0,-616.0,2025,3,2,5
2025-03-06,86002,86089,86148,85400,24359,0.18,85848.0,86007.0,26706.0,85432.57142857143,84000.3,598.0986142642727,2064.9516676296785,-0.001848686734800653,0.007638685490012342,748,87,800.0,402.0,2025,3,3,6
2025-03-07,85896,85799,86315,85703,26919,-0.12,86002.0,85848.0,24359.0,85491.57142857143,84202.23333333334,635.3140580727379,1947.47101582094,0.0017938682322244937,-0.001848686734800653,612,-97,748.0,87.0,2025,3,4,7
2025-03-10,85460,85850,86110,85352,23266,-0.51,85896.0,86002.0,26919.0,85500.0,84415.1,641.0262605155617,1756.5550405085996,-0.0012325294760586747,0.0017938682322244937,758,390,612.0,-97.0,2025,3,0,10
2025-03-11,86113,85656,86171,85520,18913,0.76,85460.0,85896.0,23266.0,85548.14285714286,84591.66666666667,620.3137455038747,1570.8033379223791,-0.005075905746484088,-0.0012325294760586747,651,-457,758.0,390.0,2025,3,1,11
2025-03-12,86661,86197,86700,85845,26010,0.64,86113.0,85460.0,18913.0,85811.57142857143,84785.1,290.3531511536971,1369.8044499218681,0.007641001638193368,-0.005075905746484088,855,-464,651.0,-457.0,2025,3,2,12
2025-03-13,87694,86746,87796,86530,26749,1.19,86661.0,86113.0,26010.0,85998.14285714286,84955.83333333333,359.45302362676,1266.57156251818,0.006363731376215043,0.007641001638193368,1266,-948,855.0,-464.0,2025,3,3,13
2025-03-14,87924,87909,88248,87627,12655,0.26,87694.0,86661.0,26749.0,86239.14285714286,85151.1,735.359873028917,1219.6979091752091,0.011920010154510052,0.006363731376215043,621,-15,1266.0,-948.0,2025,3,4,14
2025-03-17,87976,87701,88125,87679,17635,0.06,87924.0,87694.0,12655.0,86535.71428571429,85359.8,941.1511947782634,1134.987297509717,0.0026227564029466244,0.011920010154510052,446,-275,621.0,-15.0,2025,3,0,17
2025-03-18,88660,88299,88775,88241,22231,0.78,87976.0,87924.0,17635.0,86817.71428571429,85538.16666666667,1044.628915659799,1110.5857442779643,0.0005914198626086886,0.0026227564029466244,534,-361,446.0,-275.0,2025,3,1,18
2025-03-19,88564,88776,88968,88405,19141,-0.11,88660.0,87976.0,22231.0,87212.57142857143,85721.43333333333,1154.7417975684605,1157.5940472169127,0.0077748476857324444,0.0005914198626086886,563,212,534.0,-361.0,2025,3,2,19
2025-03-20,88646,88850,89000,88320,18484,0.09,88564.0,88660.0,19141.0,87656.0,85874.36666666667,946.8387754368259,1220.4109676154778,-0.0010827881795624217,0.0077748476857324444,680,204,563.0,212.0,2025,3,3,20
2025-03-21,87785,88450,88483,87355,26283,-0.97,88646.0,88564.0,18484.0,88017.85714285714,86034.03333333334,714.33988842464,1259.9401869548055,0.0009258841064088141,-0.0010827881795624217,1128,665,680.0,204.0,2025,3,4,21
2025-03-24,87313,87879,87930,87191,17733,-0.54,87785.0,88646.0,26283.0,88178.42857142857,86147.6,427.0768303849731,1259.0711573622025,-0.009712790199219334,0.0009258841064088141,739,566,1128.0,665.0,2025,3,0,24
2025-03-25,87566,86802,87949,86802,16920,0.29,87313.0,87785.0,17733.0,88124.0,86214.43333333333,514.4456563500047,1266.1613636664233,-0.005376772797174967,-0.009712790199219334,1147,-764,739.0,566.0,2025,3,1,25
2025-03-26,87506,87552,87844,87341,17163,-0.07,87566.0,87313.0,16920.0,88072.85714285714,86296.2,553.9225061876391,1271.7728164034463,0.0028976212018829717,-0.005376772797174967,503,46,1147.0,-764.0,2025,3,2,26
2025-03-27,88213,87666,88375,87665,19889,0.81,87506.0,87566.0,17163.0,88005.71428571429,86378.93333333333,594.610436700048,1266.8799015883426,-0.0006851974510654335,0.0028976212018829717,710,-547,503.0,46.0,2025,3,3,27
2025-03-28,88759,88280,88850,88280,16479,0.62,88213.0,87506.0,19889.0,87941.85714285714,86473.76666666666,533.4952135316604,1294.7715730690818,0.008079445980847089,-0.0006851974510654335,570,-479,710.0,-547.0,2025,3,4,28
2025-03-31,90138,88887,90298,88887,3264,1.55,88759.0,88213.0,16479.0,87969.71428571429,86621.36666666667,574.8813542224351,1294.4688561457208,0.006189563896477734,0.008079445980847089,1411,-1251,570.0,-479.0,2025,3,0,31
2025-04-01,90409,90360,90920,90011,28184,0.3,90138.0,88759.0,3264.0,88182.85714285714,86800.66666666667,992.3896124311251,1396.148454047091,0.015536452641422338,0.006189563896477734,909,-49,1411.0,-1251.0,2025,4,1,1
2025-04-02,90364,90710,90749,90128,24651,-0.05,90409.0,90138.0,28184.0,88557.71428571429,86956.23333333334,1272.9767887773796,1527.9121360187023,0.003006501142692297,0.015536452641422338,621,346,909.0,-49.0,2025,4,2,2
2025-04-03,89763,90630,90937,88512,76839,-0.67,90364.0,90409.0,24651.0,88993.57142857143,87111.06666666667,1297.8426788527538,1630.1457081733438,-0.0004977380570518886,0.003006501142692297,2425,867,621.0,346.0,2025,4,3,3
2025-04-04,87940,89237,90407,87773,74078,-2.03,89763.0,90364.0,76839.0,89307.42857142857,87242.16666666667,1152.597769845014,1680.9262447296085,-0.006650878668496341,-0.0004977380570518886,2634,1297,2425.0,867.0,2025,4,4,4
2025-04-07,86819,88001,88569,86651,53976,-1.27,87940.0,89763.0,74078.0,89369.42857142857,87313.66666666667,1046.3187623210406,1662.7686784853174,-0.020309036017067128,-0.006650878668496341,1918,1182,2634.0,1297.0,2025,4,0,7
2025-04-08,87449,87148,88145,87148,34767,0.73,86819.0,87940.0,53976.0,89170.28571428571,87339.96666666666,1381.9341173753487,1647.938471466096,-0.012747327723447777,-0.020309036017067128,997,-301,1918.0,1182.0,2025,4,1,8
2025-04-09,89489,87650,90439,87650,67769,2.33,87449.0,86819.0,34767.0,88983.14285714286,87401.96666666666,1527.9050394340243,1614.4393600000324,0.007256476116979105,-0.012747327723447777,2789,-1839,997.0,-301.0,2025,4,2,9
2025-04-10,91646,90439,91948,90240,34870,2.41,89489.0,87449.0,67769.0,88890.42857142857,87523.7,1464.5242523489883,1629.9781709955184,0.023327882537250266,0.007256476116979105,1708,-1207,2789.0,-1839.0,2025,4,3,10
2025-04-11,93280,91999,93484,91999,48636,1.78,91646.0,89489.0,34870.0,89067.14285714286,87741.13333333333,1729.0414905937205,1730.6538077529192,0.024103521103152392,0.023327882537250266,1485,-1281,1708.0,-1207.0,2025,4,4,11
2025-04-14,92835,93549,93549,92334,24038,-0.48,93280.0,91646.0,48636.0,89483.71428571429,88041.5,2337.702270342821,1882.5555402324119,0.01782947428147441,0.024103521103152392,1215,714,1485.0,-1281.0,2025,4,0,14
2025-04-15,93071,92835,93165,92625,22481,0.25,92835.0,93280.0,24038.0,89922.57142857143,88290.83333333333,2664.3966707402424,2005.7829511483003,-0.004770583190394473,0.01782947428147441,540,-236,1215.0,714.0,2025,4,1,15
2025-04-16,95163,93550,95268,93550,46672,2.25,93071.0,92835.0,22481.0,90655.57142857143,88526.3,2732.9790740237445,2138.6634103451934,0.002542144665266255,-0.004770583190394473,1718,-1613,540.0,-236.0,2025,4,2,16
2025-04-17,94784,95345,95476,93856,49630,-0.4,95163.0,93071.0,46672.0,91847.57142857143,88836.8,2597.005702545082,2397.0005883771328,0.0224774634418885,0.002542144665266255,1620,561,1718.0,-1613.0,2025,4,3,17
2025-04-21,96800,95550,96900,94037,35929,2.13,94784.0,95163.0,49630.0,92895.42857142857,89129.53333333334,1917.2802661717615,2568.9462180542014,-0.003982640311885888,0.0224774634418885,2863,-1250,1620.0,561.0,2025,4,0,21
2025-04-22,97057,96964,99704,96303,80406,0.27,96800.0,94784.0,35929.0,93939.85714285714,89493.0,1735.0257854552208,2851.509799723928,0.02126941255908177,-0.003982640311885888,3401,-93,2863.0,-1250.0,2025,4,1,22
2025-04-23,94530,96000,96000,93896,68188,-2.6,97057.0,96800.0,80406.0,94712.85714285714,89879.56666666667,1748.0457115098088,3064.0750945510413,0.002654958677686059,0.02126941255908177,2104,1470,3401.0,-93.0,2025,4,2,23
2025-04-24,95807,95200,95997,95050,42952,1.35,94530.0,97057.0,68188.0,94891.42857142857,90160.13333333333,1637.6367990852884,3092.5165818772684,-0.02603624674160543,0.002654958677686059,947,-607,2104.0,1470.0,2025,4,3,24
2025-04-25,95071,95977,96101,94268,36140,-0.77,95807.0,94530.0,42952.0,95316.0,90465.0,1380.7408639340515,3185.0998143820584,0.013508938961176442,-0.02603624674160543,1833,906,947.0,-607.0,2025,4,4,25
2025-04-28,96159,94809,96262,94300,27164,1.14,95071.0,95807.0,36140.0,95601.71428571429,90710.9,990.5590533124489,3247.9370359730738,-0.007682110910476325,0.013508938961176442,1962,-1350,1833.0,906.0,2025,4,0,28
2025-04-29,95559,95303,95856,95097,5766,-0.62,96159.0,95071.0,27164.0,95744.0,90985.4,988.5700110111983,3350.6470255229087,0.011444078635966859,-0.007682110910476325,759,-256,1962.0,-1350.0,2025,4,1,29
2025-04-30,94718,95350,95373,93707,61401,-0.88,95559.0,96159.0,5766.0,95854.71428571429,91238.16666666667,902.8146200074791,3401.4339175401615,-0.006239665553926299,0.011444078635966859,1666,632,759.0,-256.0,2025,4,2,30
2025-05-01,92382,94002,95155,91880,38519,-2.47,94718.0,95559.0,61401.0,95557.28571428571,91440.1,882.2087270591127,3422.8532799190143,-0.008800845550916203,-0.006239665553926299,3275,1620,1666.0,632.0,2025,5,3,1
2025-05-02,92692,92948,93446,92425,52253,0.34,92382.0,94718.0,38519.0,94889.42857142857,91567.36666666667,1250.3877874690133,3382.9752920213664,-0.024662682911379075,-0.008800845550916203,1021,256,3275.0,1620.0,2025,5,4,2
2025-05-05,94667,93311,94842,92956,41560,2.13,92692.0,92382.0,52253.0,94626.85714285714,91702.23333333334,1505.418815322782,3342.9074655124327,0.0033556320495333747,-0.024662682911379075,1886,-1356,1021.0,256.0,2025,5,0,5
2025-05-06,97460,94978,97500,94978,49584,2.95,94667.0,92692.0,41560.0,94464.0,91931.63333333333,1415.4464548935457,3300.6910089815783,0.021307124670953304,0.0033556320495333747,2522,-2482,1886.0,-1356.0,2025,5,1,6
2025-05-07,97065,96666,97375,96518,37216,-0.41,97460.0,94667.0,49584.0,94805.28571428571,92269.86666666667,1817.1941479744576,3330.84479015191,0.029503417241488528,0.021307124670953304,857,-399,2522.0,-2482.0,2025,5,2,7
2025-05-08,96153,97200,97299,95364,71860,-0.94,97065.0,97460.0,37216.0,94934.71428571429,92586.5,1956.5987251944687,3319.745137183303,-0.004052944797865776,0.029503417241488528,1935,1047,857.0,-399.0,2025,5,3,8
2025-05-09,96490,96081,96733,95831,36158,0.35,96153.0,97065.0,71860.0,95019.57142857143,92874.73333333334,2000.572989350385,3237.797324205725,-0.00939576572399936,-0.004052944797865776,902,-409,1935.0,1047.0,2025,5,4,9
2025-05-12,92948,95840,95840,92460,68480,-3.67,96490.0,96153.0,36158.0,95272.71428571429,93150.63333333333,2067.0590794893337,3178.9793686695753,0.0035048308425114083,-0.00939576572399936,3380,2892,902.0,-409.0,2025,5,0,12
2025-05-13,93659,93000,94163,92910,42601,0.76,92948.0,96490.0,68480.0,95353.57142857143,93290.26666666666,1942.451274134054,3069.5449391275156,-0.03670846719867349,0.0035048308425114083,1253,-659,3380.0,2892.0,2025,5,1,13
2025-05-14,92305,93439,93650,92076,50124,-1.45,93659.0,92948.0,42601.0,95491.71428571429,93407.63333333333,1746.0778633170871,3011.6269458399943,0.0076494383956620116,-0.03670846719867349,1574,1134,1253.0,-659.0,2025,5,2,14
2025-05-15,93155,91960,93417,90970,64255,0.92,92305.0,93659.0,50124.0,95154.28571428571,93470.83333333333,2120.1696248412045,2966.079382330964,-0.014456699302789922,0.0076494383956620116,2447,-1195,1574.0,1134.0,2025,5,3,15
2025-05-16,92443,92889,93549,91668,61604,-0.76,93155.0,92305.0,64255.0,94539.28571428571,93563.86666666667,1958.058793320387,2908.482608689184,0.009208601917555903,-0.014456699302789922,1881,446,2447.0,-1195.0,2025,5,4,16
2025-05-19,93314,92871,93790,92871,39790,0.94,92443.0,93155.0,61604.0,93879.0,93653.2,1730.4771018433173,2827.7516522648357,-0.007643175352906484,0.009208601917555903,919,-443,1881.0,446.0,2025,5,0,19
2025-05-20,94761,93010,94800,92800,48431,1.55,93314.0,92443.0,39790.0,93473.42857142857,93832.33333333333,1412.0928743246077,2615.609262883483,0.00942202221909727,-0.007643175352906484,2000,-1751,919.0,-443.0,2025,5,1,20
2025-05-21,95473,95000,95640,94922,37674,0.75,94761.0,93314.0,48431.0,93226.42857142857,94097.06666666667,826.1468507787592,2258.882908738781,0.015506783548020708,0.00942202221909727,718,-473,2000.0,-1751.0,2025,5,2,21
2025-05-22,95461,95900,96243,95120,47922,-0.01,95473.0,94761.0,37674.0,93587.14285714286,94364.53333333334,1165.7521790076946,1889.391960816766,0.007513639577463316,0.015506783548020708,1123,439,718.0,-473.0,2025,5,3,22
2025-05-23,96210,95529,96359,95440,36730,0.78,95461.0,95473.0,47922.0,93844.57142857143,94563.6,1366.025848603045,1658.4875245100002,-0.00012568998565043454,0.007513639577463316,919,-681,1123.0,439.0,2025,5,4,23
2025-05-26,95814,95867,95991,95390,23656,-0.41,96210.0,95461.0,36730.0,94402.42857142857,94715.73333333334,1428.4431918648404,1589.5212016718974,0.007846136118414782,-0.00012568998565043454,601,53,919.0,-681.0,2025,5,0,26
2025-05-27,95055,95782,96004,94905,29463,-0.79,95814.0,96210.0,23656.0,94782.28571428571,94800.2,1394.5797113943097,1577.8813031677303,-0.004115996258185262,0.007846136118414782,1099,727,601.0,53.0,2025,5,1,27
2025-05-28,95177,94941,95750,94940,19680,0.13,95055.0,95814.0,29463.0,95155.42857142857,94874.2,939.5550111897063,1533.9851727883668,-0.007921598096311655,-0.004115996258185262,810,-236,1099.0,727.0,2025,5,2,28
2025-05-29,95295,94940,95600,94451,25080,0.12,95177.0,95055.0,19680.0,95421.57142857143,94944.4,484.83050548794085,1496.3463687135165,0.0012834674662036694,-0.007921598096311655,1149,-355,810.0,-236.0,2025,5,3,29
2025-05-30,94712,94820,95190,94418,7692,-0.61,95295.0,95177.0,25080.0,95497.85714285714,94948.8,397.7630905382633,1497.205152594403,0.0012397953287033303,0.0012834674662036694,772,108,1149.0,-355.0,2025,5,4,30
2025-06-02,97393,95673,97478,95660,51925,2.83,94712.0,95295.0,7692.0,95389.14285714286,94946.4,497.24488553885294,1497.5361051395755,-0.006117844587858801,0.0012397953287033303,1818,-1720,772.0,108.0,2025,6,0,2
2025-06-03,97208,97250,97429,96760,29688,-0.19,97393.0,94712.0,51925.0,95665.14285714286,94966.16666666667,909.263700031272,1526.480221884909,0.028306867134048508,-0.006117844587858801,669,42,1818.0,-1720.0,2025,6,1,3
2025-06-04,97973,97397,98052,97150,39705,0.79,97208.0,97393.0,29688.0,95807.71428571429,94971.2,1072.5215948560935,1533.8433449626662,-0.0018995204994198822,0.028306867134048508,902,-576,669.0,42.0,2025,6,2,4
2025-06-05,97415,97870,98658,97120,55501,-0.57,97973.0,97208.0,39705.0,96116.14285714286,95085.96666666666,1349.3418677987306,1625.7474775958367,0.007869722656571376,-0.0018995204994198822,1538,455,902.0,-576.0,2025,6,3,5
2025-06-06,96645,97597,98076,96460,46210,-0.79,97415.0,97973.0,55501.0,96453.28571428571,95139.56666666667,1334.7714803538456,1676.0679494740193,-0.005695446704704343,0.007869722656571376,1616,952,1538.0,455.0,2025,6,4,6
2025-06-09,96703,96408,96827,95856,33278,0.06,96645.0,97415.0,46210.0,96663.0,95192.03333333334,1210.3496739940183,1698.3354423382652,-0.007904326849047849,-0.005695446704704343,971,-295,1616.0,952.0,2025,6,0,9
2025-06-10,96442,96477,96950,95877,39304,-0.27,96703.0,96645.0,33278.0,96864.14285714286,95210.16666666667,1051.7164428659319,1711.8661541939316,0.0006001345129080793,-0.007904326849047849,1073,35,971.0,-295.0,2025,6,1,10
2025-06-11,96267,96668,97091,96190,41023,-0.18,96442.0,96703.0,39304.0,97111.28571428571,95239.6,540.9210399241886,1725.6065919943883,-0.002698985553705624,0.0006001345129080793,901,401,1073.0,35.0,2025,6,2,11
2025-06-12,97786,96789,98000,96789,58023,1.58,96267.0,96442.0,41023.0,96950.42857142857,95291.23333333334,606.6168085249902,1732.621388157925,-0.0018145621202381168,-0.002698985553705624,1211,-997,901.0,401.0,2025,6,3,12
2025-06-13,99555,98190,99890,98190,56997,1.81,97786.0,96267.0,58023.0,97033.0,95471.36666666667,682.1551631929195,1700.3459178118749,0.01577903123604152,-0.0018145621202381168,1700,-1365,1211.0,-997.0,2025,6,4,13
2025-06-16,98594,99818,99929,98251,43351,-0.97,99555.0,97786.0,56997.0,97259.0,95700.13333333333,1148.2861141736814,1773.6118172110007,0.018090524205919056,0.01577903123604152,1678,1224,1700.0,-1365.0,2025,6,0,16
2025-06-17,98911,98440,99090,98260,38156,0.32,98594.0,99555.0,43351.0,97427.42857142857,95831.03333333334,1256.3623226276648,1838.4619036721806,-0.009652955652654338,0.018090524205919056,830,-471,1678.0,1224.0,2025,6,1,17
2025-06-18,99045,98905,99250,98617,34285,0.14,98911.0,98594.0,38156.0,97751.14285714286,95879.4,1311.8645037482238,1900.8238250249988,0.003215205793456022,-0.009652955652654338,633,-140,830.0,-471.0,2025,6,2,18
2025-06-19,98868,98800,99040,98254,33811,-0.18,99045.0,98911.0,34285.0,98085.71428571429,95945.4,1298.5779034900727,1976.2861477834097,0.0013547532630344694,0.003215205793456022,786,-68,633.0,-140.0,2025,6,3,19
2025-06-20,98574,98680,98680,98017,32491,-0.3,98868.0,99045.0,33811.0,98432.28571428571,96035.9,1094.4724321635576,2047.0187464372189,-0.001787066484931099,0.0013547532630344694,663,106,786.0,-68.0,2025,6,4,20
2025-06-23,98852,98573,99231,98350,37025,0.28,98574.0,98868.0,32491.0,98761.85714285714,96105.36666666667,541.3746172426161,2097.6938319576593,-0.0029736618521665203,-0.001787066484931099,881,-279,663.0,106.0,2025,6,0,23
2025-06-24,96521,98111,98294,96265,46784,-2.36,98852.0,98574.0,37025.0,98914.14285714286,96302.16666666667,329.6490197082246,2068.0024191805546,0.0028202162842128065,-0.0029736618521665203,2029,1590,881.0,-279.0,2025,6,1,24
2025-06-25,96760,96926,96999,96483,25767,0.25,96521.0,98852.0,46784.0,98480.71428571429,96397.56666666667,880.6648462568915,2006.9784233876326,-0.023580706510743288,0.0028202162842128065,516,166,2029.0,1590.0,2025,6,2,25
2025-06-26,96452,97010,97079,96028,20511,-0.32,96760.0,96521.0,25767.0,98218.71428571429,96546.06666666667,1089.4141719747051,1852.599272470244,0.0024761450875974145,-0.023580706510743288,1051,558,516.0,166.0,2025,6,3,26
2025-06-27,94908,95910,95910,94518,27196,-1.6,96452.0,96760.0,20511.0,97867.42857142857,96655.96666666666,1217.863410123798,1738.7943996796348,-0.003183133526250548,0.0024761450875974145,1392,1002,1051.0,558.0,2025,6,4,27
2025-06-30,95678,95100,95765,94778,9095,0.81,94908.0,96452.0,27196.0,97276.42857142857,96738.13333333333,1517.9879069736812,1584.2166721623814,-0.016007962509849483,-0.003183133526250548,987,-578,1392.0,1002.0,2025,6,0,30
2025-07-01,97239,96298,97623,96298,46217,1.63,95678.0,94908.0,9095.0,96820.71428571429,96816.93333333333,1437.2351598697874,1462.1128059970918,0.008113120074177083,-0.016007962509849483,1325,-941,987.0,-578.0,2025,7,1,1
2025-07-02,97351,97198,97459,96962,31271,0.12,97239.0,95678.0,46217.0,96630.0,96899.53333333334,1240.98200363154,1411.065108426716,0.016315140366646386,0.008113120074177083,497,-153,1325.0,-941.0,2025,7,2,2
2025-07-03,96801,97499,97795,96465,46469,-0.56,97351.0,97239.0,31271.0,96415.57142857143,96962.13333333333,866.1137063832648,1387.0497028406467,0.0011518012320159698,0.016315140366646386,1330,698,497.0,-153.0,2025,7,3,3
2025-07-04,96967,96894,97100,96801,16898,0.17,96801.0,97351.0,46469.0,96455.57142857143,97006.8,878.1759233689795,1358.320575636067,-0.0056496594796150434,0.0011518012320159698,299,-73,1330.0,698.0,2025,7,4,4
2025-07-07,97231,96500,97289,96350,30663,0.27,96967.0,96801.0,16898.0,96485.14285714286,97032.03333333334,893.4874422888216,1350.014060799817,0.0017148583175794485,-0.0056496594796150434,939,-731,299.0,-73.0,2025,7,0,7
2025-07-08,96485,97001,97228,96051,38763,-0.77,97231.0,96967.0,30663.0,96596.42857142857,97079.26666666666,936.1652021509392,1330.577446156094,0.002722575721637366,0.0017148583175794485,1177,516,939.0,-731.0,2025,7,1,8
2025-07-09,96451,96600,96600,95836,32799,-0.04,96485.0,97231.0,38763.0,96821.71428571429,97126.93333333333,586.6261484960316,1280.220722703689,-0.007672450144501242,0.002722575721637366,764,149,1177.0,516.0,2025,7,2,9
2025-07-10,96678,96540,96944,96359,28271,0.24,96451.0,96485.0,32799.0,96932.14285714286,97169.4,367.1436724152272,1233.5892570713272,-0.00035238638130274946,-0.007672450144501242,585,-138,764.0,149.0,2025,7,3,10
2025-07-11,97759,96938,97993,96938,44005,1.12,96678.0,96451.0,28271.0,96852.0,97215.5,349.81757151033077,1186.0521809142451,0.002353526661206251,-0.00035238638130274946,1055,-821,585.0,-138.0,2025,7,4,11
2025-07-14,97749,97799,98398,97501,30766,-0.01,97759.0,96678.0,44005.0,96910.28571428571,97317.06666666667,462.6196113071329,1090.9230490002162,0.01118144769233953,0.002353526661206251,897,50,1055.0,-821.0,2025,7,0,14
2025-07-15,97214,97779,98045,97027,36738,-0.55,97749.0,97759.0,30766.0,97045.71428571429,97328.93333333333,554.8593558425225,1093.7101656408488,-0.00010229237205783281,0.01118144769233953,1018,565,897.0,50.0,2025,7,1,15
2025-07-16,97758,97011,98239,96600,40993,0.56,97214.0,97749.0,36738.0,97081.0,97329.13333333333,556.8695239198726,1093.687837112045,-0.00547320177188515,-0.00010229237205783281,1639,-747,1018.0,565.0,2025,7,2,16
2025-07-17,97454,97482,97634,96838,33760,-0.31,97758.0,97214.0,40993.0,97156.28571428571,97321.96666666666,613.2937616667301,1090.0215272527464,0.005595901824839933,-0.00547320177188515,796,28,1639.0,-747.0,2025,7,3,17
2025-07-18,97965,96968,98100,96967,26856,0.52,97454.0,97758.0,33760.0,97294.71428571429,97323.26666666666,541.7021673386098,1090.1595559644545,-0.0031097199206202575,0.005595901824839933,1133,-997,796.0,28.0,2025,7,4,18
2025-07-21,99217,97965,99348,97965,39403,1.28,97965.0,97454.0,26856.0,97511.0,97367.26666666666,441.7050297851158,1088.477010454606,0.0052434994971986,-0.0031097199206202575,1383,-1252,1133.0,-997.0,2025,7,0,21
2025-07-22,100168,99350,100238,98960,41357,0.96,99217.0,97965.0,39403.0,97873.71428571429,97451.06666666667,641.1234187731885,1131.4969313862323,0.012780074516408835,0.0052434994971986,1278,-818,1383.0,-1252.0,2025,7,1,22
2025-07-23,99304,100157,100421,99123,39711,-0.86,100168.0,99217.0,41357.0,98217.85714285714,97575.26666666666,1071.4307301585281,1218.0965346824557,0.00958505094893014,0.012780074516408835,1298,853,1278.0,-818.0,2025,7,2,23
2025-07-24,98668,99010,99011,98235,30887,-0.64,99304.0,100168.0,39711.0,98440.0,97676.5,1118.2001907846911,1231.7429128830317,-0.008625509144637,0.00958505094893014,776,342,1298.0,853.0,2025,7,3,24
2025-07-25,97842,98490,98590,97682,30927,-0.84,98668.0,99304.0,30887.0,98647.71428571429,97705.9,978.8702185510489,1244.9024155038123,-0.006404575847901439,-0.008625509144637,908,648,776.0,342.0,2025,7,4,25
2025-07-28,97505,97905,98100,97255,19205,-0.34,97842.0,98668.0,30927.0,98659.71428571429,97648.8,966.5831080492661,1195.4687264213037,-0.00837150849312851,-0.006404575847901439,845,400,908.0,648.0,2025,7,0,28
2025-07-29,98125,97577,98244,97523,19819,0.64,97505.0,97842.0,19205.0,98667.0,97612.5,956.1157531060821,1182.238722315013,-0.0034443286114347327,-0.00837150849312851,721,-548,845.0,400.0,2025,7,1,29
2025-07-30,98003,98455,98750,97706,7875,-0.12,98125.0,97505.0,19819.0,98689.85714285714,97586.3,938.2827272175243,1160.9883467841635,0.0063586482744475425,-0.0034443286114347327,1044,452,721.0,-548.0,2025,7,2,30
2025-07-31,98358,98571,98848,98164,31223,0.36,98003.0,98125.0,7875.0,98516.42857142857,97551.56666666667,936.802870966933,1131.04415241049,-0.001243312101910865,0.0063586482744475425,684,213,1044.0,452.0,2025,7,3,31
2025-08-01,99240,98300,99463,97900,49842,0.9,98358.0,98003.0,31223.0,98257.85714285714,97534.56666666667,590.9025380958066,1114.2839569745818,0.003622338091691102,-0.001243312101910865,1563,-940,684.0,213.0,2025,8,4,1
2025-08-04,100607,99423,100725,99366,45987,1.38,99240.0,98358.0,49842.0,98248.71428571429,97556.76666666666,572.2178239966786,1141.996578386639,0.008967242115537122,0.003622338091691102,1359,-1184,1563.0,-940.0,2025,8,0,4
2025-08-05,100765,100649,100990,99970,44304,0.16,100607.0,99240.0,45987.0,98525.71428571429,97615.26666666666,1065.614644903515,1250.4365564068044,0.013774687625957238,0.008967242115537122,1020,-116,1359.0,-1184.0,2025,8,1,5
2025-08-06,100687,100602,100800,100155,36400,-0.08,100765.0,100607.0,44304.0,98943.28571428571,97756.73333333334,1299.973168222918,1357.8275227724932,0.001570467263709352,0.013774687625957238,645,-85,1020.0,-116.0,2025,8,2,6
2025-08-07,100835,100711,101519,100380,54311,0.15,100687.0,100765.0,36400.0,99397.85714285714,97887.63333333333,1269.186672451349,1444.9211047112035,-0.000774078300997405,0.001570467263709352,1139,-124,645.0,-85.0,2025,8,3,7
2025-08-08,101212,101200,101584,100885,44871,0.37,100835.0,100687.0,54311.0,99785.0,98033.73333333334,1228.892862161307,1514.6603564468005,0.001469901774806992,-0.000774078300997405,699,-12,1139.0,-124.0,2025,8,4,8
2025-08-11,99785,100810,100810,99630,44871,-1.41,101212.0,100835.0,44871.0,100243.42857142857,98243.86666666667,1036.884252163819,1503.3086895515428,0.003738781177170525,0.001469901774806992,1180,1025,699.0,-12.0,2025,8,0,11
2025-08-12,99620,99848,99848,99225,36544,-0.17,99785.0,101212.0,44871.0,100447.28571428571,98380.76666666666,684.9799788555512,1447.558531558588,-0.014099118681579315,0.003738781177170525,623,228,1180.0,1025.0,2025,8,1,12
2025-08-13,99656,99528,100000,99528,26569,0.04,99620.0,99785.0,36544.0,100501.57142857143,98460.13333333333,580.4337048437725,1448.0717436307625,-0.0016535551435586937,-0.014099118681579315,472,-128,623.0,228.0,2025,8,2,13
2025-08-14,99362,99543,99932,99208,30352,-0.3,99656.0,99620.0,26569.0,100365.71428571429,98536.96666666666,657.7861137428681,1448.3434171536012,0.00036137321822926616,-0.0016535551435586937,724,181,472.0,-128.0,2025,8,3,14
2025-08-18,99020,99539,99588,98951,19836,-0.34,99362.0,99656.0,30352.0,100165.28571428571,98622.33333333333,726.0518150239709,1417.644192828523,-0.0029501485108773817,0.00036137321822926616,637,519,724.0,181.0,2025,8,0,18
2025-08-19,98359,99061,99400,98274,25645,-0.67,99020.0,99362.0,19836.0,99927.14285714286,98690.76666666666,796.3894417064416,1384.1373931000007,-0.003441959702904507,-0.0029501485108773817,1126,702,637.0,519.0,2025,8,1,19
2025-08-20,98903,98393,99035,98145,23007,0.55,98359.0,99020.0,25645.0,99573.42857142857,98728.36666666667,872.2086633285022,1358.1934117301982,-0.006675419107251113,-0.003441959702904507,890,-510,1126.0,702.0,2025,8,2,20
2025-08-21,99035,98913,99185,98541,24372,0.13,98903.0,98359.0,23007.0,99243.57142857143,98808.96666666666,511.1108350628182,1290.5345453078048,0.005530759767789384,-0.006675419107251113,644,-122,890.0,-510.0,2025,8,3,21
2025-08-22,99857,98986,99975,98760,32483,0.83,99035.0,98903.0,24372.0,99136.42857142857,98895.1,454.1302519306619,1211.5453041991718,0.001334641011900617,0.005530759767789384,1215,-871,644.0,-122.0,2025,8,4,22
2025-08-25,100118,99510,100275,99510,20910,0.26,99857.0,99035.0,32483.0,99170.28571428571,99001.06666666667,502.4545466337163,1148.3161565489781,0.008300095925682927,0.001334641011900617,765,-608,1215.0,-871.0,2025,8,0,25
2025-08-26,100531,100199,100650,100199,22638,0.41,100118.0,99857.0,20910.0,99236.28571428571,99079.7,598.1242107061845,1141.0760846777875,0.0026137376448320815,0.008300095925682927,451,-332,765.0,-608.0,2025,8,1,26
2025-08-27,100967,100416,101048,100400,15905,0.43,100531.0,100118.0,22638.0,99403.28571428571,99172.43333333333,775.862254591348,1142.246868756704,0.00412513234383427,0.0026137376448320815,648,-551,451.0,-332.0,2025,8,2,27
2025-08-28,101481,100813,101520,100813,17097,0.51,100967.0,100531.0,15905.0,99681.42857142857,99297.53333333334,945.9143472774358,1125.7582497013664,0.004336970685659081,0.00412513234383427,707,-668,648.0,-551.0,2025,8,3,28
2025-08-29,103164,101390,103422,101390,25604,1.66,101481.0,100967.0,17097.0,100127.42857142857,99421.63333333333,954.441522070359,1155.0183901558678,0.005090772232511531,0.004336970685659081,2032,-1774,707.0,-668.0,2025,8,4,29
2025-09-01,103904,103975,104948,102900,7715,0.72,103164.0,101481.0,25604.0,100736.14285714286,99611.96666666666,1328.7563644983522,1282.977154180832,0.01658438525438255,0.005090772232511531,2048,71,2032.0,-1774.0,2025,9,0,1
2025-09-02,105695,104799,105788,104457,51598,1.72,103904.0,103164.0,7715.0,101431.71428571429,99809.93333333333,1546.4074187504284,1465.325759549114,0.0071730448606102115,0.01658438525438255,1331,-896,2048.0,71.0,2025,9,1,2
2025-09-03,107080,105694,107136,105694,44257,1.31,105695.0,103904.0,51598.0,102265.71428571429,100025.86666666667,2048.3832416729138,1811.3800365385955,0.017237064983061323,0.0071730448606102115,1442,-1386,1331.0,-896.0,2025,9,2,3
2025-09-04,106310,106501,106720,105500,44391,-0.72,107080.0,105695.0,44257.0,103260.28571428571,100256.26666666666,2477.085230285758,2222.920584822069,0.013103741898859989,0.017237064983061323,1220,191,1442.0,-1386.0,2025,9,3,4
2025-09-05,107605,106661,107682,106410,50562,1.22,106310.0,107080.0,44391.0,104085.85714285714,100489.8,2376.8496957517414,2473.338124044291,-0.007190885319387386,0.013103741898859989,1272,-944,1220.0,191.0,2025,9,4,5
2025-09-08,108393,107391,108599,107010,44715,0.73,107605.0,106310.0,50562.0,105034.14285714286,100787.7,2245.6945049424126,2767.1062084702003,0.012181356410497557,-0.007190885319387386,1589,-1002,1272.0,-944.0,2025,9,0,8
2025-09-09,108907,108600,109749,108500,62124,0.47,108393.0,107605.0,44715.0,106021.57142857143,101139.4,1918.8040422059141,3037.1383945376856,0.007323079782537878,0.012181356410497557,1249,-307,1589.0,-1002.0,2025,9,1,9
2025-09-10,108884,108674,109250,108594,32594,-0.02,108907.0,108393.0,62124.0,106842.0,101519.46666666666,1709.732727652143,3271.06070251362,0.004742003634921055,0.007323079782537878,656,-210,1249.0,-307.0,2025,9,2,10
2025-09-11,108870,108601,109050,108455,38282,-0.01,108884.0,108907.0,32594.0,107553.42857142857,101878.1,1260.5634794484329,3469.824186640513,-0.00021118936340180916,0.004742003634921055,595,-269,656.0,-210.0,2025,9,3,11
2025-09-12,109237,109222,109570,109050,30033,0.34,108870.0,108884.0,38282.0,108007.0,102240.33333333333,1030.666127643443,3615.505843687112,-0.00012857720142533946,-0.00021118936340180916,520,-15,595.0,-269.0,2025,9,4,12
2025-09-15,110045,109210,110196,108800,39771,0.74,109237.0,108870.0,30033.0,108315.14285714286,102602.96666666666,1029.7688136318184,3755.5491676402225,0.0033709929273444406,-0.00012857720142533946,1396,-835,520.0,-15.0,2025,9,0,15
2025-09-16,110040,110001,110550,109850,38451,-0.0,110045.0,109237.0,39771.0,108848.71428571429,102963.13333333333,746.2641878719161,3935.7032910765365,0.007396761170665567,0.0033709929273444406,700,-39,1396.0,-835.0,2025,9,1,16
2025-09-17,109692,109820,109875,109063,38342,-0.32,110040.0,110045.0,38451.0,109196.57142857143,103277.56666666667,628.0612648347721,4113.760253882705,-4.543595801720368e-05,0.007396761170665567,812,128,700.0,-39.0,2025,9,2,17
2025-09-18,108951,109199,109694,108589,53408,-0.68,109692.0,110040.0,38342.0,109382.14285714286,103575.13333333333,536.2572232881492,4246.472229438285,-0.003162486368593287,-4.543595801720368e-05,1105,248,812.0,128.0,2025,9,3,18
2025-09-19,109715,109279,109786,108990,34441,0.7,108951.0,109692.0,53408.0,109388.42857142857,103850.6,529.9807723422854,4320.063206752076,-0.0067552784159282675,-0.003162486368593287,796,-436,1105.0,248.0,2025,9,4,19
2025-09-22,112070,109811,112140,109811,52835,2.15,109715.0,108951.0,34441.0,109507.14285714286,104146.6,489.6983522490036,4409.606680402484,0.0070123266422519315,-0.0067552784159282675,2329,-2259,796.0,-436.0,2025,9,0,22
2025-09-23,113715,112098,114090,111909,66088,1.47,112070.0,109715.0,52835.0,109964.28571428571,104508.53333333334,1011.4556695345167,4601.846778707513,0.021464704005833335,0.0070123266422519315,2181,-1617,2329.0,-2259.0,2025,9,1,23
2025-09-24,112475,113490,114150,112374,38769,-1.09,113715.0,112070.0,66088.0,110604.0,104972.86666666667,1673.9438461325412,4807.006084751563,0.014678326046221102,0.021464704005833335,1776,1015,2181.0,-1617.0,2025,9,2,24
2025-09-25,112606,112673,113247,112100,35111,0.12,112475.0,113715.0,38769.0,110951.14285714286,105401.36666666667,1786.8562177361066,4885.701774200373,-0.01090445411775054,0.014678326046221102,1147,67,1776.0,1015.0,2025,9,3,25
2025-09-26,113664,112643,113900,112500,10439,0.94,112606.0,112475.0,35111.0,111317.71428571429,105833.03333333334,1831.4329284562011,4932.439394270214,0.0011647032673927082,-0.01090445411775054,1400,-1021,1147.0,67.0,2025,9,4,26
2025-09-29,115734,114499,115948,114499,53384,1.82,113664.0,112606.0,10439.0,111885.14285714286,106309.76666666666,1858.9048235082678,4976.397115786748,0.009395591709145057,0.0011647032673927082,1449,-1235,1400.0,-1021.0,2025,9,0,29
2025-09-30,116573,115878,117242,114841,88813,0.72,115734.0,113664.0,53384.0,112854.14285714286,106866.9,1842.3238431020857,5066.91386961102,0.018211570945946054,0.009395591709145057,2401,-695,1449.0,-1235.0,2025,9,1,30
2025-10-01,116968,116999,117700,116306,61451,0.34,116573.0,115734.0,88813.0,113833.85714285714,107474.03333333334,1713.7552750794348,5103.415208656008,0.007249382204019605,0.018211570945946054,1394,31,2401.0,-695.0,2025,10,2,1
2025-10-03,117370,116433,117620,115900,51023,0.34,116968.0,116573.0,61451.0,114533.57142857143,108076.2,1866.6459097500278,5122.954450650089,0.0033884347147281613,0.007249382204019605,1720,-937,1394.0,31.0,2025,10,4,3
2025-10-06,119524,117979,119793,117979,66826,1.84,117370.0,116968.0,51023.0,115055.71428571429,108687.36666666667,2096.5462642405187,5100.780491211847,0.0034368374256206202,0.0033884347147281613,1814,-1545,1720.0,-937.0,2025,10,0,6
2025-10-07,120354,119759,120495,119160,76339,0.69,119524.0,117370.0,66826.0,116062.71428571429,109342.93333333333,2330.2426707893965,5189.794706810432,0.018352219476867937,0.0034368374256206202,1335,-595,1814.0,-1545.0,2025,10,1,7
2025-10-08,122542,120759,122723,120759,76521,1.82,120354.0,119524.0,76339.0,117169.57142857143,110017.46666666666,2253.5348423577243,5263.994292609989,0.006944212041096298,0.018352219476867937,1964,-1783,1335.0,-595.0,2025,10,2,8
2025-10-09,119869,122280,123108,119500,108115,-2.18,122542.0,120354.0,76521.0,118437.85714285714,110751.16666666667,2442.151812684184,5427.582354292784,0.018179703208867082,0.006944212041096298,3608,2411,1964.0,-1783.0,2025,10,3,9
2025-10-10,120727,119869,121669,119300,102118,0.72,119869.0,122542.0,108115.0,119028.57142857143,111381.23333333334,2163.3059467060802,5349.174294535553,-0.02181292944459856,0.018179703208867082,2369,-858,3608.0,2411.0,2025,10,4,10
2025-10-13,123964,121700,124149,121700,70600,2.68,120727.0,119869.0,102118.0,119622.0,112022.76666666666,1935.1607168414669,5274.460545602073,0.007157813946891967,-0.02181292944459856,2449,-2264,2369.0,-858.0,2025,10,0,13
2025-10-14,125753,124348,126472,123673,102840,1.44,123964.0,120727.0,70600.0,120621.42857142857,112716.1,2132.538695011376,5434.47507441787,0.026812560570543376,0.007157813946891967,2799,-1405,2449.0,-2264.0,2025,10,1,14
2025-10-15,126641,125999,127150,125765,73228,0.71,125753.0,123964.0,102840.0,121819.0,113444.4,2345.503641723896,5671.669124874545,0.014431609176857707,0.026812560570543376,1385,-642,2799.0,-1405.0,2025,10,2,15
2025-10-16,128735,127199,128989,126955,78786,1.65,126641.0,125753.0,73228.0,122835.71428571429,114142.6,2700.5254867837857,5966.3991427845785,0.007061461754391596,0.014431609176857707,2034,-1536,1385.0,-642.0,2025,10,3,16
2025-10-17,125951,129999,131698,124873,149474,-2.16,128735.0,126641.0,78786.0,124033.0,114864.43333333333,3224.004807689823,6378.212270789543,0.016534929446229807,0.007061461754391596,6825,4048,2034.0,-1536.0,2025,10,4,17
2025-10-20,129493,126573,129629,125524,93876,2.81,125951.0,128735.0,149474.0,124520.0,115519.13333333333,3218.713562901672,6477.123748282144,-0.021625820483939906,0.016534929446229807,4105,-2920,6825.0,4048.0,2025,10,0,20
2025-10-21,127365,128067,128067,126091,11229,-1.64,129493.0,125951.0,93876.0,125894.85714285714,116248.73333333334,2944.712913488265,6780.567537700588,0.028122047462902255,-0.021625820483939906,1976,702,4105.0,-2920.0,2025,10,1,21
2025-10-22,121069,126100,126100,119753,69875,-4.94,127365.0,129493.0,11229.0,126843.14285714286,116881.13333333333,1879.1778724213511,6906.188462896378,-0.01643332072003889,0.028122047462902255,6347,5031,1976.0,702.0,2025,10,2,22
2025-10-23,123305,121360,123770,121360,53574,1.85,121069.0,127365.0,69875.0,126429.57142857143,117286.53333333334,2739.8853295448516,6777.723866400939,-0.04943273269736581,-0.01643332072003889,2410,-1945,6347.0,5031.0,2025,10,3,23
2025-10-24,122549,122956,123258,120672,63689,-0.61,123305.0,121069.0,53574.0,126079.85714285714,117767.23333333334,2985.82559373415,6671.803466483983,0.01846880704391718,-0.04943273269736581,2586,407,2410.0,-1945.0,2025,10,4,24
2025-10-27,120002,121759,121899,119270,69968,-2.08,122549.0,123305.0,63689.0,125495.28571428571,118223.2,3246.817196081294,6508.1997267096785,-0.006131138234459321,0.01846880704391718,2629,1757,2586.0,407.0,2025,10,0,27
2025-10-28,118699,118900,119500,116606,55062,-1.09,120002.0,122549.0,69968.0,124247.71428571429,118582.03333333334,3464.975455146677,6288.722102978553,-0.020783523325363706,-0.006131138234459321,2894,201,2629.0,1757.0,2025,10,1,28
2025-10-29,119424,117031,120730,117031,61325,0.61,118699.0,120002.0,55062.0,123211.71428571429,118870.5,3924.5022068327803,6078.591878397752,-0.010858152364127238,-0.020783523325363706,3699,-2393,2894.0,201.0,2025,10,2,29
2025-10-30,120251,117566,120499,117376,35582,0.69,119424.0,118699.0,61325.0,121773.28571428571,119183.3,2967.0130161665475,5845.48872414643,0.006107886334341561,-0.010858152364127238,3123,-2685,3699.0,-2393.0,2025,10,3,30
2025-10-31,121209,121298,122294,120600,69402,0.8,120251.0,119424.0,35582.0,120757.0,119535.26666666666,1665.2940681271857,5565.476110829596,0.006924906216505988,0.006107886334341561,1694,89,3123.0,-2685.0,2025,10,4,31
2025-11-03,121415,121489,122100,121125,63899,0.17,121209.0,120251.0,69402.0,120777.0,119943.86666666667,1670.4982290740677,5199.559893398903,0.007966669715844255,0.006924906216505988,975,74,1694.0,89.0,2025,11,0,3
2025-11-04,119830,121126,121136,119215,73605,-1.31,121415.0,121209.0,63899.0,120507.0,120333.86666666667,1306.990563600037,4831.644217413262,0.0016995437632518762,0.007966669715844255,1921,1296,975.0,74.0,2025,11,1,4
2025-11-05,120494,120290,120688,119730,25685,0.55,119830.0,121415.0,73605.0,120118.57142857143,120592.53333333334,955.8393967540176,4574.871113565049,-0.013054400197669125,0.0016995437632518762,958,-204,1921.0,1296.0,2025,11,2,5
2025-11-06,120587,120547,121527,120132,53890,0.08,120494.0,119830.0,25685.0,120188.85714285714,120818.5,963.8940862615319,4387.015879566764,0.005541183343069411,-0.013054400197669125,1395,-40,958.0,-204.0,2025,11,3,6
2025-11-07,121056,120751,121570,120523,55453,0.39,120587.0,120494.0,53890.0,120458.57142857143,121088.9,707.5984871760307,4095.3188444754483,0.0007718226633690595,0.005541183343069411,1047,-305,1395.0,-40.0,2025,11,4,7
2025-11-10,123897,121799,124100,121799,64150,2.35,121056.0,120587.0,55453.0,120691.71428571429,121370.56666666667,564.2498602287185,3769.3814701885403,0.003889308134376046,0.0007718226633690595,2301,-2098,1047.0,-305.0,2025,11,0,10
2025-11-11,123897,124299,125287,123401,58528,0.0,123897.0,121056.0,64150.0,121212.57142857143,121711.66666666667,1296.8455134365825,3501.4286870589367,0.023468477398889798,0.003889308134376046,1886,402,2301.0,-2098.0,2025,11,1,11
2025-11-12,126363,124154,126590,123620,76031,1.99,123897.0,123897.0,58528.0,121596.57142857143,121983.76666666666,1646.450814850129,3334.0568296990164,0.0,0.023468477398889798,2970,-2209,1886.0,402.0,2025,11,2,12
2025-11-13,126668,126541,127824,126150,80023,0.24,126363.0,123897.0,76031.0,122303.42857142857,122310.1,2430.814188508471,3264.588471184586,0.019903629627836095,0.0,1674,-127,2970.0,-2209.0,2025,11,3,13
2025-11-14,123454,127010,127096,121767,107420,-2.54,126668.0,126363.0,80023.0,123280.28571428571,122633.43333333333,2636.4443046336455,3196.9032718975723,0.002413681219977315,0.019903629627836095,5329,3556,1674.0,-127.0,2025,11,4,14
2025-11-17,122789,123189,123580,121961,66588,-0.54,123454.0,126668.0,107420.0,123703.14285714286,122836.23333333334,2335.2431299967784,3040.651525953468,-0.02537341712192498,0.002413681219977315,1619,400,5329.0,3556.0,2025,11,0,17
2025-11-18,122591,122101,122945,120700,75507,-0.16,122789.0,123454.0,66588.0,124017.71428571429,122945.06666666667,1964.3823214355762,2975.748470705113,-0.005386621737651254,-0.02537341712192498,2245,-490,1619.0,400.0,2025,11,1,18
2025-11-19,122904,122734,124280,122202,72005,0.26,122591.0,122789.0,75507.0,124237.0,123019.63333333333,1637.0678055617464,2936.3490171570165,-0.001612522294342278,-0.005386621737651254,2078,-170,2245.0,-490.0,2025,11,2,19
2025-11-20,122578,122904,123579,121901,70110,-0.27,122904.0,122591.0,72005.0,124095.14285714286,123031.7,1712.715721555644,2935.06206419454,0.0025532053739671934,-0.001612522294342278,1678,326,2078.0,-170.0,2025,11,3,20
2025-11-21,123849,122361,124195,121500,76478,1.04,122578.0,122904.0,70110.0,123906.71428571429,123122.0,1808.051226625489,2875.470816019065,-0.0026524767298053975,0.0025532053739671934,2695,-1488,1678.0,326.0,2025,11,4,21
2025-11-24,123614,122600,123783,122257,44401,-0.19,123849.0,122578.0,76478.0,123547.57142857143,123226.06666666667,1453.8111818209384,2842.104901520806,0.01036890796064549,-0.0026524767298053975,1526,-1014,2695.0,-1488.0,2025,11,0,24
2025-11-25,124916,124000,125162,124000,55048,1.05,123614.0,123849.0,44401.0,123111.28571428571,123214.4,519.0252769391994,2839.6886133296166,-0.0018974719214527314,0.01036890796064549,1162,-916,1526.0,-1014.0,2025,11,1,25
2025-11-26,125674,125302,125800,124961,44486,0.61,124916.0,123614.0,55048.0,123320.14285714286,123186.5,861.2505304480685,2817.915049131567,0.010532787548335865,-0.0018974719214527314,839,-372,1162.0,-916.0,2025,11,2,26
2025-11-27,125465,125360,125719,125087,26081,-0.17,125674.0,124916.0,44486.0,123732.28571428571,123154.26666666666,1191.6384678676243,2782.3435164735497,0.006068077748246914,0.010532787548335865,632,-105,839.0,-372.0,2025,11,3,27
2025-11-28,126943,125899,127099,125625,50902,1.18,125465.0,125674.0,26081.0,124142.85714285714,123045.26666666666,1227.4497177198455,2615.2081862550685,-0.0016630329264605281,0.006068077748246914,1474,-1044,632.0,-105.0,2025,11,4,28
2025-12-01,128034,127279,128943,127279,25841,0.86,126943.0,125465.0,50902.0,124719.85714285714,123078.33333333333,1472.8276012025087,2659.117942075776,0.01178017773881157,-0.0016630329264605281,1664,-755,1474.0,-1044.0,2025,12,0,1
2025-12-02,128666,129325,129600,127912,60448,0.49,128034.0,126943.0,25841.0,125499.28571428571,123029.7,1589.4839533956067,2548.806795207241,0.008594408514057461,0.01178017773881157,1688,659,1664.0,-755.0,2025,12,1,2
2025-12-03,129305,128999,130155,128999,55815,0.5,128666.0,128034.0,60448.0,126187.42857142857,123073.06666666667,1786.4586810375924,2634.732845622179,0.004936188824843368,0.008594408514057461,1156,-306,1688.0,659.0,2025,12,2,3
2025-12-04,128894,129251,129389,128224,43318,-0.32,129305.0,128666.0,55815.0,127000.42857142857,123347.6,1713.5996087343876,2839.817570631423,0.004966346975891156,0.004936188824843368,1165,357,1156.0,-306.0,2025,12,3,4
2025-12-05,129206,128785,130200,128513,51597,0.24,128894.0,129305.0,43318.0,127568.71428571429,123533.9,1559.8435513759014,3014.8589416281484,-0.0031785313792970227,0.004966346975891156,1687,-421,1165.0,357.0,2025,12,4,5
2025-12-08,128736,128900,129542,128301,34061,-0.36,129206.0,128894.0,51597.0,128073.28571428571,123755.8,1408.7398286301939,3180.3131530885844,0.0024205936661132466,-0.0031785313792970227,1241,164,1687.0,-421.0,2025,12,0,8
2025-12-09,128853,128893,129200,127833,41833,0.09,128736.0,129206.0,34061.0,128540.57142857143,124046.93333333333,818.0089358037486,3224.2934530294265,-0.0036376019689488004,0.0024205936661132466,1367,40,1241.0,164.0,2025,12,1,9
2025-12-10,128500,129160,129163,128259,26343,-0.27,128853.0,128736.0,41833.0,128813.42857142857,124385.4,416.1433475636407,3176.1344712235227,0.0009088366890379618,-0.0036376019689488004,904,660,1367.0,40.0,2025,12,2,10
2025-12-11,130905,128999,130988,128795,55011,1.87,128500.0,128853.0,26343.0,128880.0,124687.93333333333,288.3163771632233,3118.9947864888827,-0.0027395559280730675,0.0009088366890379618,2193,-1906,904.0,660.0,2025,12,3,11
2025-12-12,131645,130905,133282,130400,98046,0.57,130905.0,128500.0,55011.0,129199.85714285714,125043.06666666667,799.7319193732161,3201.8188573662524,0.018715953307393063,-0.0027395559280730675,2882,-740,2193.0,-1906.0,2025,12,4,12
2025-12-15,132491,131500,133633,131500,59083,0.64,131645.0,130905.0,98046.0,129534.14285714286,125390.93333333333,1226.2997769160697,3335.0427586888013,0.0056529544326038295,0.018715953307393063,2133,-991,2882.0,-740.0,2025,12,0,15
2025-12-16,132627,132350,133399,131663,51610,0.1,132491.0,131645.0,59083.0,130048.0,125760.13333333333,1607.6765843935498,3489.226954529265,0.006426373960271903,0.0056529544326038295,1736,-277,2133.0,-991.0,2025,12,1,16
2025-12-17,133115,132600,133490,132060,54875,0.37,132627.0,132491.0,51610.0,130536.71428571429,126186.7,1815.5866558138343,3521.33908844997,0.001026484817836737,0.006426373960271903,1430,-515,1736.0,-277.0,2025,12,2,17
2025-12-18,132684,133117,133629,132090,50581,-0.32,133115.0,132627.0,54875.0,131162.2857142857,126607.4,1845.8844956919665,3571.341355267735,0.0036794921094498445,0.001026484817836737,1539,433,1430.0,-515.0,2025,12,3,18
2025-12-19,132427,132252,132575,131803,41184,-0.19,132684.0,133115.0,50581.0,131709.57142857142,127010.63333333333,1598.4315079857952,3551.016517728245,-0.0032378019006122916,0.0036794921094498445,772,-175,1539.0,433.0,2025,12,4,19
2025-12-22,134638,132600,134688,132600,52738,1.67,132427.0,132684.0,41184.0,132270.57142857142,127389.66666666667,746.124175805744,3500.0059737199463,-0.0019369328630429727,-0.0032378019006122916,2088,-2038,772.0,-175.0,2025,12,0,22
2025-12-23,135799,134900,136888,134698,54815,0.86,134638.0,132427.0,52738.0,132803.85714285713,127747.7,920.9944676985688,3675.3850011774057,0.01669599099881447,-0.0019369328630429727,2190,-899,2088.0,-2038.0,2025,12,1,23
2025-12-24,136104,136309,136500,135281,38763,0.22,135799.0,134638.0,54815.0,133397.2857142857,128144.43333333333,1307.1733772162252,3881.960104638659,0.008623122743950384,0.01669599099881447,1219,205,2190.0,-899.0,2025,12,2,24
2025-12-26,137789,136300,138300,136300,46771,1.24,136104.0,135799.0,38763.0,133913.42857142858,128469.13333333333,1575.454310896385,4127.440166304039,0.002245966465143301,0.008623122743950384,2000,-1489,1219.0,205.0,2025,12,4,26
2025-12-29,132595,137628,138269,131695,90640,-3.77,137789.0,136104.0,46771.0,134650.85714285713,128839.83333333333,2018.699534237735,4447.123774733412,0.01238023864103921,0.002245966465143301,6574,5033,2000.0,-1489.0,2025,12,0,29
2025-12-30,133974,133185,134880,132853,36733,1.04,132595.0,137789.0,90640.0,134576.57142857142,129144.53333333334,2092.842951359573,4377.998280848158,-0.03769531675242577,0.01238023864103921,2027,-789,6574.0,5033.0,2025,12,1,30
2025-12-31,135454,136526,136527,134866,59050,1.1,133974.0,132595.0,36733.0,134760.85714285713,129517.36666666667,1950.3626524824388,4293.539665695714,0.010400090501150094,-0.03769531675242577,1661,1072,2027.0,-789.0,2025,12,2,31
2026-01-01,135771,135687,135850,135001,14622,0.23,135454.0,133974.0,59050.0,135193.2857142857,129946.13333333333,1660.7269205892435,4219.633247121452,0.01104691955155479,0.010400090501150094,849,-84,1661.0,1072.0,2026,1,3,1
2026-01-02,135793,136143,137037,135525,51877,0.02,135771.0,135454.0,14622.0,135355.14285714287,130375.03333333334,1652.7810329457122,4132.18073413095,0.002340277880313657,0.01104691955155479,1512,350,849.0,-84.0,2026,1,4,2
