Date,Price,Open,High,Low,Volume,Chg%,Is_Outlier_Price,Is_Outlier_Volume,Is_Outlier_ChgPct,Is_LowVolume,Price_Lag1,Price_Lag2,Volume_Lag1,MA_7,MA_30,Volatility_7,Volatility_30,daily_return_lag1,daily_return_lag2,Price_Range,Price_Change,Price_Range_Lag1,Price_Change_Lag1,Chg%_Lag1,Chg%_Lag2,Chg%_Lag3,Volume_Momentum,MA_Ratio,BB_Status,Year,Month,DayOfWeek,Day
2014-02-11,29670,-0.6947905176945269,-0.6901798910363457,-0.6782949886531296,0.13618955874044228,0.68,False,False,False,False,29471.0,29310.0,11910.0,29505.14285714286,29411.0,200.8643228412481,276.3559673494594,0.005493005800068174,0.002702610242550696,200,170,200.0,122.0,0.55,0.27,-1.64,0.9030937215650592,1.0032009403673068,0.5057723527898553,2014,2,1,11
2014-02-12,29698,-0.6789310947319317,-0.6876583291297436,-0.6697735949719151,-0.2175341180777899,0.09,False,False,False,False,29670.0,29471.0,14740.0,29532.0,29415.266666666666,209.63142258098986,279.41934044745767,0.006752400665060554,0.005493005800068174,144,48,200.0,170.0,0.68,0.55,0.27,1.1471709860689547,1.0039684608219315,0.7069291584752309,2014,2,2,12
2014-02-13,29726,-0.6778737998677588,-0.6851367672231414,-0.6671106594465357,-0.06606554110272826,0.09,False,False,False,False,29698.0,29670.0,10770.0,29519.0,29406.033333333333,193.21663144425017,264.4616500890373,0.0009437141894168555,0.006752400665060554,143,66,144.0,48.0,0.09,0.68,0.55,0.8892007926023778,1.003841615269429,0.7183574287172432,2014,2,3,13
2014-02-14,29932,-0.6683581460902016,-0.6640186862553488,-0.6516656333993344,-0.1213070221171625,0.69,False,False,False,False,29726.0,29698.0,12470.0,29546.428571428572,29406.0,208.7078158118381,264.41985944509884,0.000942824432621725,0.0009437141894168555,199,182,143.0,66.0,0.09,0.09,0.68,1.0596532970768184,1.0047755074280273,0.7321644987005458,2014,2,4,14
2014-02-17,30664,-0.6442518231870569,-0.5818577941318964,-0.6282318007759944,1.2998246265606217,2.45,False,False,True,False,29932.0,29726.0,11850.0,29576.85714285714,29427.766666666666,249.58527505404774,280.0216350426416,0.00692996030411086,0.000942824432621725,761,686,199.0,182.0,0.69,0.09,0.09,1.036473366570454,1.005066319774764,0.9296467865823055,2014,2,0,17
2014-02-18,30766,-0.5784880826354956,-0.5756589544448328,-0.5706058760067811,0.44269067920762584,0.33,False,False,False,False,30664.0,29932.0,27800.0,29781.571428571428,29479.266666666666,436.3988455311757,353.666503082069,0.02445543231324332,0.00692996030411086,279,166,761.0,686.0,2.45,0.69,0.09,2.1323924215693792,1.0102548263945312,1.3090626760166706,2014,2,1,18
2014-02-19,30712,-0.5693953468036076,-0.5677790734867012,-0.5818967226343904,0.6690025530409532,-0.18,False,False,False,False,30766.0,30664.0,18180.0,29989.571428571428,29539.5,514.2203992915923,411.2002406748259,0.00332637620662668,0.02445543231324332,460,26,279.0,166.0,0.33,2.45,0.69,1.2504298782584773,1.015236257505084,1.1643910223358616,2014,2,2,19
2014-02-20,30608,-0.5700297237221115,-0.5872161131834259,-0.5710319456908418,-0.06695653273199333,-0.34,False,False,False,False,30712.0,30766.0,20720.0,30166.85714285714,29598.766666666666,519.5367900259401,447.45384530492225,-0.0017551842943509532,0.00332637620662668,173,-72,460.0,26.0,-0.18,0.33,2.45,1.2820195520356392,1.019193045527476,1.0261830831163088,2014,2,3,20
2014-02-21,30677,-0.5795453774996685,-0.5799666227019448,-0.5694341843756141,-0.07853942391243922,0.23,False,False,False,False,30608.0,30712.0,12460.0,30300.85714285714,29652.466666666667,490.16304381683875,468.90008738965196,-0.0033862985152383063,-0.0017551842943509532,227,87,173.0,-72.0,-0.34,-0.18,0.33,0.8011831275720165,1.0218663251013567,0.9086333643136477,2014,2,4,21
2014-02-24,30927,-0.5749990095837246,-0.5562219147481082,-0.557610750642929,-0.027752901044330314,0.81,False,False,False,False,30677.0,30608.0,12330.0,30440.714285714286,29702.733333333334,424.7912092175958,495.36743126090084,0.0022543125980136747,-0.0033862985152383063,342,294,227.0,87.0,0.23,-0.34,-0.18,0.804672714220453,1.0248455569424908,0.890277949598313,2014,2,0,24
2014-02-25,30972,-0.5437030816042034,-0.5537003528415061,-0.5380115451761356,-0.04022678385404127,0.15,False,False,False,False,30927.0,30677.0,12900.0,30612.285714285714,29756.566666666666,316.82945690367467,537.4105656683299,0.0081494279101606,0.0022543125980136747,182,43,342.0,294.0,0.81,0.23,-0.34,0.8364673842562573,1.0287573179125409,0.9443904447823608,2014,2,1,25
2014-02-26,30810,-0.5413770329030227,-0.5568523052247587,-0.5529239841182609,0.13618955874044228,-0.52,False,False,False,False,30972.0,30927.0,12760.0,30760.85714285714,29815.7,138.06813362894357,570.4164328773779,0.001455039286060833,0.0081494279101606,292,-141,182.0,43.0,0.15,0.81,0.23,0.838150289017341,1.0316999816491694,0.9051860673913588,2014,2,2,26
2014-02-27,30839,-0.548460908492982,-0.56231568935573,-0.5411005503855758,-0.7842047942903735,0.09,False,False,False,False,30810.0,30972.0,14740.0,30781.714285714286,29871.033333333333,131.88721733059685,583.9666666994726,-0.005230530802014743,0.001455039286060833,129,-45,292.0,-141.0,-0.52,0.15,0.81,0.943601561999872,1.03048709236867,0.8038426371160855,2014,2,3,27
2014-02-28,30634,-0.5552275956236893,-0.5646271211034486,-0.564640900429931,0.2662743366131423,-0.66,False,False,False,False,30839.0,30810.0,4410.0,30792.14285714286,29926.733333333334,133.31595124782572,594.1996607047253,0.0009412528399870279,-0.005230530802014743,328,-186,129.0,-45.0,0.09,-0.52,0.15,0.29767127910901114,1.0289176073502686,0.7844942129258653,2014,2,4,28
2014-03-03,32051,-0.5679151339937654,-0.41921705115605984,-0.5504740834349118,-0.6719398490029749,4.63,False,False,True,False,30634.0,30839.0,16200.0,30781.0,29968.366666666665,143.96527359043944,598.6731007897356,-0.006647426959369596,0.0009412528399870279,1579,1351,328.0,-186.0,-0.66,0.09,-0.52,1.062295081967213,1.027116370483988,0.6823672887849206,2014,3,0,3
2014-03-04,31126,-0.4833315448599244,-0.4087105432118843,-0.508932289238991,-1.0604121993625448,-2.89,False,False,True,False,32051.0,30634.0,5670.0,30987.14285714286,30056.266666666666,484.744409825536,699.5595132965315,0.04625579421557746,-0.006647426959369596,1289,-374,1579.0,1351.0,4.63,-0.66,0.09,0.4349160082841144,1.0309711182962242,1.0957297640980446,2014,3,1,4
2014-03-05,32351,-0.5150503907851148,-0.395997668599432,-0.5430178639638491,-1.0443743500357734,3.94,False,False,True,False,31126.0,32051.0,1310.0,31051.285714285714,30115.066666666666,466.2180156270248,713.1939298740541,-0.02886025397023495,0.04625579421557746,1730,1151,1289.0,-374.0,-2.89,4.63,-0.66,0.11541850220264317,1.0310880615999205,0.7547095747372978,2014,3,2,5
2014-03-06,30416,-0.6049204542398209,-0.6118013417727965,-0.6138519489389449,0.7384999001236286,-5.98,False,False,True,False,32351.0,31126.0,1490.0,31254.714285714286,30217.8,669.3633079988748,803.3908054035088,0.03935616526376662,-0.02886025397023495,341,66,1730.0,1151.0,3.94,-2.89,4.63,0.1580566458046038,1.0343146849113531,1.0488102279720517,2014,3,3,6
2014-03-07,30307,-0.6037574298892305,-0.6046569163707572,-0.6111890134135654,0.5496096747194341,-0.36,False,False,False,False,30416.0,32351.0,21500.0,31175.285714285714,30251.866666666665,737.974189766732,788.789720387194,-0.05981267966987114,0.03935616526376662,384,-54,341.0,66.0,-5.98,3.94,-2.89,2.081115090504307,1.0305243659108325,0.4515476486316193,2014,3,4,7
2014-03-10,30327,-0.6151762144222991,-0.621887589399205,-0.6095912520983376,0.025706596711573795,0.07,False,False,False,False,30307.0,30416.0,19380.0,31103.428571428572,30276.3,801.24670714721,778.3518019419039,-0.00358364018937396,-0.05981267966987114,205,74,384.0,-54.0,-0.36,-5.98,3.94,1.7560710402319681,1.027319341248058,0.39353103139132395,2014,3,0,10
2014-03-11,30421,-0.6101011990742686,-0.6045518512913155,-0.6073543862570188,0.887295502210895,0.31,False,False,False,False,30327.0,30307.0,13500.0,31030.285714285714,30290.366666666665,851.2194613779307,775.2170989953165,0.0006599135513247756,-0.00358364018937396,349,120,205.0,74.0,0.07,-0.36,-5.98,1.2166546503244413,1.0244275368390736,0.3778177551748229,2014,3,1,11
2014-03-12,30627,-0.5924443748425793,-0.5861654623890084,-0.575186125110434,0.5175339760658916,0.68,False,False,False,False,30421.0,30327.0,23170.0,30999.85714285714,30316.8,871.3163276658523,765.3094663666108,0.0030995482573283883,0.0006599135513247756,222,159,349.0,120.0,0.31,0.07,-0.36,1.9090384773832083,1.0225306477879308,0.39254859766295264,2014,3,2,12
2014-03-13,30697,-0.5703469121813634,-0.5814375338141293,-0.5726297070060696,0.19321302301340668,0.23,False,False,False,False,30627.0,30421.0,19020.0,30796.428571428572,30343.2,741.5739695950248,761.7684234952801,0.006771638013214565,0.0030995482573283883,243,20,222.0,159.0,0.68,0.31,0.07,1.5137286112216475,1.0149367427110052,0.45106704028897804,2014,3,3,13
2014-03-14,30719,-0.5647432494012464,-0.5694601147577694,-0.5600606513262781,0.5193159593244218,0.07,False,False,False,False,30697.0,30627.0,15380.0,30735.14285714286,30383.133333333335,727.3890358836746,747.2502112150395,0.002285565024324976,0.006771638013214565,239,-11,243.0,20.0,0.23,0.68,0.31,1.1257502561850388,1.0115856886762675,0.4564036391431648,2014,3,4,14
2014-03-17,30557,-0.5680208634801827,-0.5840641608001732,-0.5691146321125686,-0.7147074472076982,-0.53,False,False,False,False,30719.0,30697.0,19040.0,30502.0,30424.366666666665,174.8075131870634,729.7345518008282,0.0007166824119619886,0.002285565024324976,185,-142,239.0,-11.0,0.07,0.23,0.68,1.365266026100674,1.002551682806873,0.44474506964116095,2014,3,0,17
2014-03-18,30389,-0.5878980069266353,-0.6049721116090825,-0.5919093602098174,0.2431085542522505,-0.55,False,False,False,False,30557.0,30719.0,5190.0,30522.14285714286,30449.966666666667,171.33537149050005,720.0838784155804,-0.005273609166965065,0.0007166824119619886,200,-122,185.0,-142.0,-0.53,0.07,0.23,0.37343502662253564,1.0023703208370078,0.36912824622217544,2014,3,1,18
2014-03-19,30169,-0.6004798158102942,-0.6149532941560492,-0.6120411527816868,0.041744446038345026,-0.72,False,False,False,False,30389.0,30557.0,15940.0,30533.85714285714,30478.466666666667,156.31957498594772,699.1980003390759,-0.005497921916418513,-0.005273609166965065,294,-223,200.0,-122.0,-0.55,-0.53,0.07,1.0376928585378555,1.0018173642656063,0.3004272377382387,2014,3,2,19
2014-03-20,29924,-0.6302955309799732,-0.6410094338576044,-0.6372857815622848,0.07114716980409229,-0.81,False,False,False,False,30169.0,30389.0,13680.0,30511.285714285714,30493.466666666667,197.22213726798023,687.0649085099227,-0.0072394616473066,-0.005497921916418513,283,-186,294.0,-223.0,-0.72,-0.55,-0.53,0.8250904704463209,1.0005843562430548,0.21878342479778534,2014,3,3,20
2014-03-21,29850,-0.6532388295325275,-0.6546678941850326,-0.6445289661913172,-0.11150611419524675,-0.25,False,False,False,False,29924.0,30169.0,14010.0,30440.285714285714,30516.566666666666,298.5647413240313,654.0101593291564,-0.008120918823958378,-0.0072394616473066,221,-43,283.0,-186.0,-0.81,-0.72,-0.55,0.8849725222664393,0.9975003429050794,0.14294956553117072,2014,3,4,21
2014-03-24,29182,-0.6620143769051635,-0.6786227322977526,-0.7165347427975799,0.4266528298808546,-2.24,False,False,True,False,29850.0,29924.0,11960.0,30329.285714285714,30534.566666666666,356.411145675734,626.5102406259589,-0.002472931426279912,-0.008120918823958378,669,-628,221.0,-43.0,-0.25,-0.81,-0.72,0.7926303930015243,0.9932770962620193,0.14944301440908792,2014,3,0,24
2014-03-25,28971,-0.7233374790271982,-0.7304198164625378,-0.738903401210768,0.6342538794996155,-0.72,False,False,False,False,29182.0,29850.0,18000.0,30112.85714285714,30524.933333333334,518.8665302276369,645.3658643363284,-0.02237855946398659,-0.002472931426279912,386,-259,669.0,-628.0,-2.24,-0.25,-0.81,1.1583756998519854,0.9865003410170857,-0.016198788773980018,2014,3,1,25
2014-03-26,28595,-0.7455406711748315,-0.7592076482295786,-0.8023877841358162,0.30636895993007035,-1.3,False,False,False,False,28971.0,29182.0,20330.0,29863.14285714286,30501.633333333335,593.7539974802772,688.4747501609604,-0.007230484545267646,-0.02237855946398659,708,-425,386.0,-259.0,-0.72,-2.24,-0.25,1.3326778105539168,0.9790670070283511,0.00456995019646859,2014,3,2,26
2014-03-27,28521,-0.7866694413911617,-0.7910423673004304,-0.8006835053995733,0.35804647442744436,-0.26,False,False,False,False,28595.0,28971.0,16650.0,29582.85714285714,30464.866666666665,669.8371514956598,758.7375509781821,-0.012978495737116402,-0.007230484545267646,389,-110,708.0,-425.0,-1.3,-0.72,-2.24,1.108669596484219,0.971048305135877,-0.010811717613556515,2014,3,3,27
2014-03-28,28434,-0.8017887579488358,-0.8025995260390234,-0.8153829094996684,0.43467175454424023,-0.31,False,False,False,False,28521.0,28595.0,17230.0,29316.0,30424.7,667.2425845722726,827.9407420907581,-0.002587865011365653,-0.012978495737116402,417,-54,389.0,-110.0,-0.26,-1.3,-0.72,1.1333289482339013,0.9635592134022686,0.045913932076518955,2014,3,4,28
2014-03-31,28470,-0.8082382566202911,-0.7870498942816437,-0.8018551970307404,-0.05002769177595703,0.13,False,False,False,False,28434.0,28521.0,18090.0,29068.14285714286,30374.766666666666,618.0020033871286,900.659210047663,-0.0030503839276322386,-0.002587865011365653,438,43,417.0,-54.0,-0.31,-0.26,-1.3,1.1973788721207308,0.9569832478430954,0.08586750520727433,2014,3,0,31
2014-04-01,28116,-0.8077096091882047,-0.8155225308103593,-0.8318931097570216,-0.3894955025259481,-1.24,False,False,False,False,28470.0,28434.0,12650.0,28860.428571428572,30301.633333333335,518.7847521348859,963.2640087612094,0.001266089892382416,-0.0030503839276322386,449,-316,438.0,43.0,0.13,-0.31,-0.26,0.7979058912577267,0.9524380502512594,0.1260098628063596,2014,4,1,1
2014-04-02,28404,-0.8496842152958732,-0.8194099387497042,-0.9061357522046031,-1.1343645045915454,1.02,False,False,False,True,28116.0,28470.0,8840.0,28612.714285714286,30213.3,355.9521102085921,1037.8313313895453,-0.012434141201264515,0.001266089892382416,1109,369,449.0,-316.0,-1.24,0.13,-0.31,0.583729529846804,0.9470238036134513,0.09468185838275518,2014,4,2,2
2014-04-03,28460,-0.8005200041118281,-0.7953500355575424,-0.7991922615053608,-1.167331194874353,0.2,False,False,False,True,28404.0,28116.0,480.0,28501.571428571428,30136.366666666665,256.0005580352013,1084.1018047160096,0.010243277848911658,-0.012434141201264515,334,-40,1109.0,369.0,1.02,-1.24,0.13,0.034722222222222224,0.9457534063021785,0.16806603407137494,2014,4,3,3
2014-04-04,28519,-0.8110929527535583,-0.7758079307813759,-0.7954641517698294,-1.1602032618402325,0.21,False,False,False,True,28460.0,28404.0,110.0,28428.571428571428,30064.766666666666,151.26120580308597,1122.1438128785512,0.0019715533023518805,0.010243277848911658,485,119,334.0,-40.0,0.2,1.02,-1.24,0.008846710632137687,0.9455776505357244,0.21439063125571978,2014,4,4,4
2014-04-05,28549,-0.7953392592773804,-0.8111097974738056,-0.7795930560385674,-1.1771321027962687,0.11,False,False,False,True,28519.0,28460.0,190.0,28417.714285714286,29992.833333333332,139.60266746003185,1150.3571884069504,0.0020730850316232896,0.0019715533023518805,0,0,485.0,119.0,0.21,0.2,1.02,0.016878386781558143,0.9474834861343862,0.2554929011125394,2014,4,5,5
2014-04-07,28574,-0.7900527849565153,-0.8012336800062806,-0.7868362406675997,-0.2460458502142721,0.09,False,False,False,False,28549.0,28519.0,0.0,28421.714285714286,29913.566666666666,143.4046887725645,1165.5961826119471,0.0010519302920859452,0.0020730850316232896,162,-25,0.0,0.0,0.11,0.21,0.2,0.0,0.9501279002408368,0.28582344199598975,2014,4,0,7
2014-04-08,28754,-0.7858236054998232,-0.7803257291973714,-0.7700064881472011,-0.6657029075981193,0.63,False,False,False,False,28574.0,28549.0,10450.0,28441.714285714286,29833.633333333335,154.71986974945617,1172.7112259803062,0.0008756874146205185,0.0010519302920859452,203,115,162.0,-25.0,0.09,0.11,0.21,1.233911914039438,0.9533439647773693,0.3128887451248941,2014,4,1,8
2014-04-09,28710,-0.7736647145618336,-0.7788548180851869,-0.7685152442529884,-0.09725024812700565,-0.15,False,False,False,False,28754.0,28574.0,5740.0,28482.285714285714,29765.1,195.2901382438122,1173.760662615446,0.006299433051025316,0.0008756874146205185,203,-44,203.0,115.0,0.63,0.09,0.11,0.777988614800759,0.9569020669940875,0.37865902855412903,2014,4,2,9
2014-04-10,29094,-0.7733475261025817,-0.7512227021920053,-0.7574374324674096,0.04352642929687517,1.34,False,False,False,False,28710.0,28754.0,12120.0,28567.14285714286,29694.133333333335,126.56543573920892,1170.950033779921,-0.0015302218821728886,0.006299433051025316,362,337,203.0,-44.0,-0.15,0.63,0.09,1.7649628658802972,0.9620466957718761,0.3854302948122072,2014,4,3,10
2014-04-11,29085,-0.7381396071256204,-0.7467049037760098,-0.7344296695281304,-0.23891791718015154,-0.03,False,False,False,False,29094.0,28710.0,13700.0,28665.714285714286,29642.8,215.66232423694441,1162.048619079017,0.013375130616509967,-0.0015302218821728886,189,-5,362.0,337.0,1.34,-0.15,0.63,2.131300560049782,0.9670380087479687,0.5275163105995067,2014,4,4,11
2014-04-14,29350,-0.7376109596935339,-0.7247463021726831,-0.7214345441642782,-0.634518200573842,0.91,False,False,False,False,29085.0,29094.0,10530.0,28755.0,29543.933333333334,243.8373775012895,1072.843914261445,-0.0003093421323984158,0.013375130616509967,276,255,189.0,-5.0,-0.03,1.34,-0.15,1.694015444015444,0.9732962661257021,0.5563360244483297,2014,4,0,14
2014-04-15,29342,-0.717310898301412,-0.722224740266081,-0.7252691713208248,0.7304809754602429,-0.03,False,False,False,False,29350.0,29085.0,6090.0,28873.714285714286,29484.733333333334,304.5262518983769,1030.7072206561115,0.009111225717723936,-0.0003093421323984158,336,55,276.0,255.0,0.91,-0.03,1.34,1.0250799528698873,0.9792767653445835,0.7054644910010665,2014,4,1,15
2014-04-16,29290,-0.7180510047063332,-0.7301046212242126,-0.7422054412622386,0.30013201852521487,-0.18,False,False,False,False,29342.0,29350.0,21410.0,28987.0,29384.433333333334,311.0289375605295,877.131873202946,-0.0002725724020442577,0.009111225717723936,420,10,336.0,55.0,-0.03,0.91,-0.03,2.664924072691063,0.986474698054412,0.7532348742516524,2014,4,2,16
2014-04-17,29293,-0.7205885123803484,-0.7231703259810567,-0.7118479762729119,-0.24515485858500702,0.01,False,False,False,False,29290.0,29342.0,16580.0,29089.285714285714,29346.9,267.2194568052005,855.2873020018014,-0.0017722036670984043,-0.0002725724020442577,201,37,420.0,10.0,-0.18,-0.03,0.91,1.7126329924594568,0.9912217547436258,0.7742697824758494,2014,4,3,17
2014-04-19,29339,-0.7118129650077124,-0.7281083847148192,-0.695444293436574,-1.1771321027962687,0.16,False,False,False,True,29293.0,29290.0,10460.0,29166.285714285714,29313.1,229.49852162616924,835.8521297206969,0.0001024240355069761,-0.0017722036670984043,0,0,201.0,37.0,0.01,-0.18,-0.03,0.9768397459843108,0.9949915128146022,0.83495891782356,2014,4,5,19
2014-04-21,29548,-0.7257692572147961,-0.700791464059963,-0.7238844448476274,0.05778229536511626,0.71,False,False,False,False,29339.0,29293.0,0.0,29256.14285714286,29280.166666666668,116.28331575867765,813.6964223935709,0.0015703410371077364,0.0001024240355069761,527,341,0.0,0.0,0.16,0.01,-0.18,0.0,0.9991795193723689,0.8507529050137231,2014,4,0,21
2014-04-22,29423,-0.6895040433736619,-0.6955382100878752,-0.6909705617539363,-0.13467189655613854,-0.42,False,False,False,False,29548.0,29339.0,13860.0,29321.0,29251.066666666666,135.75468070513654,786.6512145375091,0.007123623845393556,0.0015703410371077364,268,-127,527.0,341.0,0.71,0.16,0.01,1.2544121639967418,1.00239079600516,0.9292687377996457,2014,4,1,22
2014-04-23,29752,-0.6969051074228729,-0.6823000100782141,-0.6854316558611468,-0.29861435634091116,1.12,False,False,False,False,29423.0,29548.0,11700.0,29369.285714285714,29210.933333333334,90.33588118012494,743.5662405078608,-0.004230404765127926,0.007123623845393556,342,272,268.0,-127.0,-0.42,0.71,0.16,1.0047230571060541,1.0054209969652588,0.8181984716748555,2014,4,2,23
2014-04-25,29741,-0.6683581460902016,-0.6650693370497662,-0.6623173755008525,-0.27010262420442893,-0.04,False,False,False,False,29752.0,29423.0,9860.0,29426.714285714286,29179.433333333334,169.30024048591056,696.9990690803369,0.01118172857968247,-0.004230404765127926,289,-9,342.0,272.0,1.12,-0.42,0.71,0.8634731587704703,1.0084744946742494,0.9362752942364077,2014,4,4,25
2014-04-27,29695,-0.6741732678431531,-0.6907052164335544,-0.6575240915551693,-1.1771321027962687,-0.15,False,False,False,True,29741.0,29752.0,10180.0,29483.714285714286,29146.833333333332,200.3461290581496,643.3112660738013,-0.00036972304382898447,0.01118172857968247,0,0,289.0,-9.0,-0.04,1.12,-0.42,0.9198518116924189,1.011558063564857,0.8811397486991035,2014,4,6,27
2014-04-28,29824,-0.653027370559693,-0.6691668751479947,-0.6510265288732432,-0.5819496944472029,0.43,False,False,False,False,29695.0,29741.0,0.0,29541.571428571428,29118.1,193.4406516590981,595.6387675255166,-0.0015466863925220897,-0.00036972304382898447,144,-71,0.0,0.0,-0.15,-0.04,1.12,0.0,1.0145432369753324,0.8214656922961432,2014,4,0,28
2014-04-29,29713,-0.6645518845791788,-0.6797784481716119,-0.6668976246045053,-0.5748217614130824,-0.37,False,False,False,False,29824.0,29695.0,6680.0,29617.428571428572,29099.266666666666,183.58182294087092,562.0543557793864,0.004344165684458723,-0.0015466863925220897,192,-73,144.0,-71.0,0.43,-0.15,-0.04,0.6631589397398987,1.0178066997597388,0.8597472851410967,2014,4,1,29
2014-04-30,31014,-0.6840061100799621,-0.5015880734383956,-0.6707322517610518,-0.08566735694655976,4.38,False,False,True,False,29713.0,29824.0,6760.0,29670.85714285714,29084.066666666666,137.7454519169856,537.7685653560126,-0.003721834763948495,0.004344165684458723,1924,1412,192.0,-73.0,-0.37,0.43,-0.15,0.7853159851301115,1.0201756681043164,0.7768115464330726,2014,4,2,30
2014-05-01,30380,-0.5327072150168041,-0.47553193373684044,-0.6341967763528445,-0.9231994884557242,-2.04,False,False,True,False,31014.0,29713.0,12250.0,29880.285714285714,29120.4,515.7130061981175,626.0496620160023,0.04378554841315241,-0.003721834763948495,1829,-653,1924.0,1412.0,4.38,-0.37,0.43,1.4984709480122325,1.0260946180095643,1.223065822014415,2014,5,3,1
2014-05-02,30182,-0.6009027337559634,-0.612431732249447,-0.6165148844643243,-1.0942698812746172,-0.65,False,False,False,True,30380.0,31014.0,2850.0,30017.0,29138.066666666666,500.9204860387737,654.1938937155544,-0.020442380860256626,0.04378554841315241,360,-206,1829.0,-653.0,-2.04,4.38,-0.37,0.38440787698947937,1.0301644355264934,0.9024550037805735,2014,5,4,2
2014-05-05,29967,-0.6196168528518258,-0.6222027846375303,-0.6427181700340591,-1.0844689733527015,-0.71,False,False,False,False,30182.0,30380.0,930.0,30078.428571428572,29171.4,489.23643130317924,681.4197450657869,-0.00651744568795265,-0.020442380860256626,513,-244,360.0,-206.0,-0.65,-2.04,4.38,0.12388437458372185,1.0310930764868527,0.7918995316458024,2014,5,0,5
2014-05-06,29109,-0.7278838469431422,-0.7394554132945288,-0.7229257880584908,-0.34583691269195976,-2.86,False,False,True,False,29967.0,30182.0,1040.0,30110.714285714286,29204.6,470.35012288211544,695.438467492969,-0.0071234510635478365,-0.00651744568795265,150,-78,513.0,-244.0,-0.71,-0.65,-2.04,0.1670682730923695,1.0310264234303599,0.6800577610113369,2014,5,1,6
2014-05-07,28747,-0.7303156251307401,-0.7348325497990915,-0.7608459899398954,0.20212293930605735,-1.24,False,False,False,False,29109.0,29967.0,9330.0,30027.0,29221.733333333334,592.8647962787586,686.1719364975407,-0.028631494644108524,-0.0071234510635478365,550,-417,150.0,-78.0,-2.86,-0.71,-0.65,1.5581162324649298,1.0275571150239775,0.26827745780968154,2014,5,2,7
2014-05-08,28734,-0.7701756415100627,-0.7799054688796044,-0.7672370352008063,-0.3253441052188632,-0.05,False,False,False,False,28747.0,29109.0,15480.0,29873.14285714286,29229.266666666666,768.1600155721488,679.4208453215683,-0.012436016352330936,-0.028631494644108524,181,-53,550.0,-417.0,-1.24,-2.86,-0.71,2.3633587786259542,1.0220284756993399,0.09137963270964387,2014,5,3,8
2014-05-09,28741,-0.7818058850159658,-0.77664845141691,-0.7663848958326849,-0.27812154886781454,0.02,False,False,False,False,28734.0,28747.0,9560.0,29733.285714285714,29239.266666666666,882.7513266837417,669.4467058355176,-0.0004522211013323618,-0.012436016352330936,204,64,181.0,-53.0,-0.05,-1.24,-2.86,1.473489519112207,1.0168957400078107,0.11175015916869513,2014,5,4,9
2014-05-12,28860,-0.7759907632630143,-0.7610988196595303,-0.7768236030921727,0.08985799401865872,0.41,False,False,False,False,28741.0,28734.0,10090.0,29408.571428571428,29248.3,739.5748456924218,660.4767948624137,0.00024361383726589914,-0.0004522211013323618,450,128,204.0,64.0,0.02,-0.05,-1.24,1.3458716820061358,1.0054796835567,0.13723688927355082,2014,5,0,12
2014-05-13,28673,-0.7701756415100627,-0.7769636466552352,-0.7706455926732921,-0.04200876711257141,-0.65,False,False,False,False,28860.0,28741.0,14220.0,29191.428571428572,29273.1,620.3528181991651,629.7476423961035,0.004140426568317146,0.00024361383726589914,241,-114,450.0,128.0,0.41,0.02,-0.05,1.7234274633377773,0.9972100177783895,0.2110394096333263,2014,5,1,13
2014-05-14,28911,-0.7720787722655741,-0.7679280498232444,-0.7561592234152275,-0.516907305510853,0.83,False,False,False,False,28673.0,28860.0,12740.0,28975.85714285714,29282.066666666666,460.3015057443476,618.7655638353737,-0.0064795564795564475,0.004140426568317146,191,142,241.0,-114.0,-0.65,0.41,0.02,1.4397107017742117,0.9895427625619712,0.1626272809308634,2014,5,2,14
2014-05-15,28624,-0.7601313403004191,-0.7761231260197012,-0.7768236030921727,0.12906162570632174,-0.99,False,False,False,False,28911.0,28673.0,7410.0,28825.0,29297.1,149.33296130920962,603.3918695805107,0.008300491751822348,-0.0064795564795564475,307,-258,191.0,142.0,0.83,-0.65,0.41,0.885833831440526,0.9838857770905653,0.271968043354897,2014,5,3,15
2014-05-16,28322,-0.7925902926305306,-0.80837810540832,-0.8113352475010915,-0.15338272077070497,-1.06,False,False,False,False,28624.0,28911.0,14660.0,28755.714285714286,29300.6,99.95284602560713,599.0114615218014,-0.009927017398222104,0.008300491751822348,324,-253,307.0,-258.0,-0.99,0.83,-0.65,1.5357217682799078,0.9814035987561445,0.1847977978254406,2014,5,4,16
2014-05-19,28336,-0.824309138555721,-0.8188846133524954,-0.8132525610793647,-0.1444728044780543,0.05,False,False,False,False,28322.0,28624.0,11490.0,28695.0,29293.033333333333,192.42834164102862,610.1629224674546,-0.010550586920067051,-0.009927017398222104,242,61,324.0,-253.0,-1.06,-0.99,0.83,1.0837577815506507,0.97958445182074,0.11629402273288343,2014,5,0,19
2014-05-20,28424,-0.8226174667730441,-0.8204605895441218,-0.8111222126590611,0.184303106720756,0.31,False,False,False,False,28336.0,28322.0,11590.0,28638.14285714286,29285.1,233.41767183283667,621.2801217286567,0.0004943153732082095,-0.010550586920067051,207,133,242.0,61.0,0.05,-1.06,-0.99,0.9942523805438792,0.9779083171012857,0.16112935110928928,2014,5,1,20
2014-05-21,27501,-0.8063351258647797,-0.8120553831887813,-0.8985730153125252,1.6366194624228179,-3.25,False,False,True,False,28424.0,28336.0,15280.0,28592.85714285714,29274.1,240.7712805212945,633.8028818989786,0.0031055900621117516,0.0004943153732082095,1108,-944,207.0,133.0,0.31,0.05,-1.06,1.2471433235390141,0.9767288197709628,0.21817948296776588,2014,5,2,21
2014-05-22,27386,-0.9058265725834602,-0.9066139546863607,-0.9177461510952579,1.0191622633421251,-0.42,False,False,False,False,27501.0,28424.0,31580.0,28398.714285714286,29233.8,448.1018166614616,705.3106138921835,-0.03247255840135099,0.0031055900621117516,388,-118,1108.0,-944.0,-3.25,0.31,0.05,2.2781705381618815,0.971434240013761,0.010200931842033877,2014,5,3,22
2014-05-23,27528,-0.9168224391708595,-0.9124975991350991,-0.9146571458858176,0.04441742092614023,0.52,False,False,False,False,27386.0,27501.0,24650.0,28214.85714285714,29176.866666666665,565.4651267088739,781.775332985361,-0.004181666121231942,-0.03247255840135099,303,128,388.0,-118.0,-0.42,-3.25,0.31,1.6036692472838463,0.9670283469846137,0.051293660035178636,2014,5,4,23
2014-05-26,27586,-0.9015973931267681,-0.9087152562751959,-0.8997447069436922,-0.1524917291414399,0.21,False,False,False,False,27528.0,27386.0,13710.0,28017.285714285714,29124.966666666667,521.6035257696412,837.762227946998,0.005185131088877526,-0.004181666121231942,199,42,303.0,128.0,0.52,-0.42,-3.25,0.871416767304392,0.9619679924424193,0.1367620345290458,2014,5,0,26
2014-05-27,27087,-0.8991656149391702,-0.9110266880229145,-0.9435233669809319,0.5923772729241573,-1.81,False,False,True,False,27586.0,27528.0,11500.0,27869.0,29066.166666666668,464.8307935870397,882.1520739697897,0.002106945655332648,0.005185131088877526,588,-480,199.0,42.0,0.21,0.52,-0.42,0.7438069982536705,0.9588123648915978,0.1873509463951173,2014,5,1,27
2014-05-28,26987,-0.9557308901724264,-0.9633490975849084,-0.9602466020803153,0.17717517368663543,-0.37,False,False,False,False,27087.0,27586.0,19860.0,27692.571428571428,28991.0,497.4655288369754,951.2077984657591,-0.018088885666642462,0.002106945655332648,247,-45,588.0,-480.0,-1.81,0.21,0.52,1.2279725468373215,0.955212701478784,0.11472512775551846,2014,5,2,28
2014-05-29,26984,-0.9649293554907316,-0.9651352039354183,-0.9806979469152302,0.4266528298808546,-0.01,False,False,False,False,26987.0,27087.0,15200.0,27499.85714285714,28914.233333333334,467.0279893724266,1016.9073020288273,-0.003691807878318021,-0.018088885666642462,422,39,247.0,-45.0,-0.37,-1.81,0.21,0.8966493629070316,0.9510837387880643,0.10781348262719408,2014,5,3,29
2014-05-30,27151,-0.9681012400832506,-0.9512666134491066,-0.9592879452911787,-0.02864389267359538,0.62,False,False,False,False,26984.0,26987.0,18000.0,27294.14285714286,28837.266666666666,265.9983888245589,1073.0802243150797,-0.00011116463482419014,-0.003691807878318021,353,236,422.0,39.0,-0.01,-0.37,-1.81,1.0413051023950017,0.9464885549882048,0.13197058142759233,2014,5,4,30
2014-06-02,26626,-0.9578454799007724,-0.9601971452016558,-0.9957169032783708,-0.9169625470508687,-1.93,False,False,True,False,27151.0,26984.0,12890.0,27244.14285714286,28764.333333333332,253.22284558058777,1111.4717590943903,0.006188852653424171,-0.00011116463482419014,610,-386,353.0,236.0,0.62,-0.01,-0.37,0.739699299896706,0.9471501578509101,0.19414504478990793,2014,6,0,2
2014-06-03,26732,-0.9849122284236015,-0.987093805538745,-0.9880476489652777,-1.1370374794793405,0.4,False,False,False,True,26626.0,27151.0,2920.0,27135.571428571428,28666.933333333334,332.7145208449395,1167.0689467365646,-0.019336304371846302,0.006188852653424171,282,-24,610.0,-386.0,-1.93,0.62,-0.01,0.17633915091491031,0.9465808955929977,0.0663797199294741,2014,6,1,3
2014-06-04,26708,-1.003309159060212,-0.9833114626788418,-0.9891128231754296,-1.1655492116158228,-0.09,False,False,False,True,26732.0,26626.0,450.0,27021.85714285714,28577.233333333334,311.5945167317176,1209.593767183516,0.003981071133478453,-0.019336304371846302,328,126,282.0,-24.0,0.4,-1.93,0.62,0.02984876625099496,0.9455728911076232,0.13904857838689144,2014,6,2,4
2014-06-05,26771,-0.9802601310212402,-0.9885647166509296,-0.9866629224920803,-1.1708951613914131,0.24,False,False,False,True,26708.0,26732.0,130.0,26896.428571428572,28475.766666666666,205.21115722044433,1235.0553159002031,-0.0008978003890468544,0.003981071133478453,255,-29,328.0,126.0,-0.09,0.4,-1.93,0.010895985248512279,0.9445374688686838,0.1695928299707598,2014,6,3,5
2014-06-06,26400,-1.0069039615984001,-1.015881637305786,-1.0138248648509516,-0.14803677099511456,-1.39,False,False,False,False,26771.0,26708.0,70.0,26851.285714285714,28376.766666666666,190.5340864396055,1249.094449462562,0.002358843792122256,-0.0008978003890468544,250,-148,255.0,-29.0,0.24,-0.09,0.4,0.0073894225694077905,0.9462419037975567,0.21829326964081702,2014,6,4,6
2014-06-09,26545,-1.0225519255881608,-1.0190335896890386,-1.0214941191640448,-0.4224621928087557,0.55,False,False,False,False,26400.0,26771.0,11550.0,26767.428571428572,28266.933333333334,242.8427866908145,1273.8055644767674,-0.013858279481528513,0.002358843792122256,292,145,250.0,-148.0,-1.39,0.24,-0.09,1.2477044398833315,0.9469519829327756,0.14539393826876104,2014,6,0,9
2014-06-10,26712,-1.00299197060096,-1.0013826563428236,-1.000510187224054,-0.13734487144393373,0.63,False,False,False,False,26545.0,26400.0,8470.0,26704.714285714286,28157.633333333335,234.120847915593,1276.2693609145447,0.005492424242424132,-0.013858279481528513,263,127,292.0,145.0,0.55,-1.39,0.24,0.9459459459459459,0.9484005267623445,0.21453893400289775,2014,6,1,10
2014-06-11,26736,-0.9887184899346243,-0.99696992300627,-0.9949712813312646,0.03105254648716421,0.09,False,False,False,False,26712.0,26545.0,11670.0,26642.0,28057.6,130.52841325479537,1267.736663615867,0.006291203616500374,0.005492424242424132,253,16,263.0,127.0,0.63,0.55,-1.39,1.434542102028273,0.9495466468978103,0.28724009708340914,2014,6,2,11
2014-06-12,27014,-0.9866039002062783,-0.9686023515569961,-0.982934812756549,0.08451204424306832,1.04,False,False,False,False,26736.0,26712.0,13560.0,26657.714285714286,27915.0,134.83164105178935,1159.7237185848653,0.0008984725965857088,0.006291203616500374,410,274,253.0,16.0,0.09,0.63,0.55,1.7011667293940533,0.9549602108441443,0.3105969996871933,2014,6,3,12
2014-06-13,27235,-0.9569996440094339,-0.9434917975704168,-0.9458667502432658,-0.2620836995410433,0.82,False,False,False,False,27014.0,26736.0,14160.0,26698.0,27802.8,191.10991601731487,1072.5690203657343,0.010397965290245281,0.0008984725965857088,301,215,410.0,274.0,1.04,0.09,0.63,1.8663503361012257,0.9602629950940194,0.4332197647397068,2014,6,4,13
2014-06-16,27395,-0.9321532147013681,-0.9061936943685938,-0.9174265988322123,-0.049136700146691956,0.59,False,False,False,False,27235.0,27014.0,10270.0,26773.285714285714,27704.566666666666,279.2046527108378,977.9294694028168,0.008180943214629366,0.010397965290245281,389,140,301.0,215.0,0.82,1.04,0.09,1.402047781569966,0.9663852907866831,0.551415782039851,2014,6,0,16
2014-06-17,27418,-0.9267610108940858,-0.9225838467615075,-0.9302086893540341,0.04352642929687517,0.08,False,False,False,False,27395.0,27235.0,12660.0,26862.428571428572,27618.833333333332,364.83551414451017,880.649371822858,0.005874793464292205,0.008180943214629366,353,112,389.0,140.0,0.59,0.82,1.04,1.5254849981925533,0.9726127185469543,0.6689871874212459,2014,6,1,17
2014-06-18,27353,-0.9220031840053072,-0.9173305927894198,-0.9200895343575919,0.11213278475028544,-0.24,False,False,False,False,27418.0,27395.0,13700.0,27007.85714285714,27562.466666666667,352.4681681002397,834.9102257473634,0.0008395692644642683,0.005874793464292205,308,2,353.0,112.0,0.08,0.59,0.82,1.4235245220282626,0.9798780881799576,0.7710256051176672,2014,6,2,18
2014-06-19,28160,-0.9260209044891647,-0.8478825752784198,-0.9112485884133318,0.7750305569234964,2.95,False,False,True,False,27353.0,27418.0,14470.0,27123.285714285714,27516.0,304.69203812269575,804.966480347351,-0.0023707053760303465,0.0008395692644642683,886,847,308.0,2.0,-0.24,0.08,0.59,1.3085548923856032,0.9857277843540382,0.7370652460696203,2014,6,3,19
2014-06-20,28154,-0.8375253243578836,-0.8321228133621565,-0.8405210208592513,0.4337807629149752,-0.02,False,False,False,False,28160.0,27353.0,21910.0,27330.14285714286,27496.866666666665,440.28681128395397,781.4970043551903,0.02950316235879069,-0.0023707053760303465,372,4,886.0,847.0,2.95,-0.24,0.08,1.6545838997130342,0.9939366251600616,1.141472282413255,2014,6,4,20
2014-06-23,28111,-0.82748102314824,-0.8407381498763805,-0.8343430104403707,-0.08032140717096936,-0.15,False,False,False,False,28154.0,28160.0,18080.0,27532.714285714286,27477.3,447.5122770330959,756.2124382236666,-0.00021306818181821008,0.02950316235879069,232,-134,372.0,4.0,-0.02,2.95,-0.24,1.3011874775098957,1.0020167296537246,1.0491322580027813,2014,6,0,23
2014-06-24,28167,-0.842917528165166,-0.8300215117733215,-0.8529835591180275,0.37319333212495054,0.2,False,False,False,False,28111.0,28154.0,12310.0,27689.428571428572,27452.333333333332,427.20754407476016,720.509318580242,-0.0015273140583931255,-0.00021306818181821008,509,68,232.0,-134.0,-0.15,-0.02,2.95,0.8621051894390364,1.0086366151545798,0.9736243499696193,2014,6,1,24
2014-06-25,28221,-0.8405914794639853,-0.8383216530492201,-0.8319996271780368,0.07114716980409229,0.19,False,False,False,False,28167.0,28111.0,17400.0,27822.571428571428,27435.466666666667,406.71810759753043,696.4704975970153,0.0019921027355840337,-0.0015273140583931255,233,100,509.0,68.0,0.2,-0.15,-0.02,1.1715593859412874,1.0141096474358529,0.9333160929636015,2014,6,2,25
2014-06-26,28126,-0.8332961449011915,-0.846936989563444,-0.8449947525418888,0.37141134886642035,-0.34,False,False,False,False,28221.0,28167.0,14010.0,27940.571428571428,27412.466666666667,381.0025621712338,656.297279851346,0.0019171370753008343,0.0019921027355840337,273,-64,233.0,100.0,0.19,0.2,-0.15,0.9404578102973753,1.0192651310196368,0.8994948279933916,2014,6,3,26
2014-06-27,28063,-0.8321331205506012,-0.8439951673390749,-0.8375385330708262,-0.2932684065653207,-0.22,False,False,False,False,28126.0,28221.0,17380.0,28041.714285714286,27395.866666666665,305.68813862387043,630.3832295453303,-0.0033662875163884554,0.0019171370753008343,231,-138,273.0,-64.0,-0.34,0.19,0.2,1.141993560680728,1.0235746372584533,0.8235373281746933,2014,6,4,27
2014-06-30,28076,-0.8533847473204788,-0.8493534863906044,-0.841586195069403,-0.3966234355600687,0.05,False,False,False,False,28063.0,28126.0,9920.0,28143.14285714286,27387.233333333334,49.63677592163352,618.9316537018202,-0.0022399203583872707,-0.0033662875163884554,218,76,231.0,-138.0,-0.22,-0.34,0.19,0.6533192834562698,1.0276007990514873,0.7725693963315112,2014,6,0,30
2014-07-01,27975,-0.8311815551728455,-0.8396874990819629,-0.8433969912266611,-0.7842047942903735,-0.36,False,False,False,False,28076.0,28063.0,8760.0,28131.14285714286,27378.566666666666,54.77051692192513,606.8915533036453,0.0004632434165983135,-0.0022399203583872707,327,-235,218.0,76.0,0.05,-0.22,-0.34,0.5921319453832635,1.027487786327122,0.7511250704846469,2014,7,1,1
2014-07-02,27788,-0.8586712216413438,-0.8451508832129342,-0.8647004754296974,-0.9205265135679289,-0.67,False,False,False,False,27975.0,28076.0,4410.0,28105.571428571428,27363.6,78.82439796390409,585.3759534663163,-0.0035973785439521455,0.0004632434165983135,475,-162,327.0,-235.0,-0.36,0.05,-0.22,0.3180670753696358,1.0271152709647644,0.692417477103403,2014,7,2,2
2014-07-03,27802,-0.9007515572354298,-0.8792970340315045,-0.8857909247907034,-1.0702131072844605,0.05,False,False,False,False,27788.0,27975.0,2880.0,28059.428571428572,27373.166666666668,143.29323913234694,590.0256033798239,-0.006684539767649711,-0.0035973785439521455,348,250,475.0,-162.0,-0.67,-0.36,0.05,0.22666456792066741,1.0250706070334783,0.6045441945758259,2014,7,3,3
2014-07-04,27913,-0.8656493677448857,-0.8714171530733729,-0.8641678883246215,-1.153966320435377,0.4,False,False,False,True,27802.0,27788.0,1200.0,28007.285714285714,27387.033333333333,162.71827830740853,595.2032677036511,0.0005038145962286134,-0.006684539767649711,220,29,348.0,250.0,0.05,-0.67,-0.36,0.11283497884344147,1.0226476659009816,0.5931256501670402,2014,7,4,4
2014-07-07,27564,-0.894513517536809,-0.9096608419901717,-0.896123114629176,-0.17833048639012689,-1.25,False,False,False,False,27913.0,27802.0,260.0,27963.285714285714,27399.866666666665,134.4912813605229,602.4538748023904,0.003992518523847188,0.0005038145962286134,156,-47,220.0,29.0,0.4,0.05,-0.67,0.02936857562408223,1.0205628390266759,0.6194525460490918,2014,7,0,7
2014-07-08,27594,-0.8975796726429107,-0.8976834229338116,-0.8955905275241001,0.1780661653159005,0.11,False,False,False,False,27564.0,27913.0,11210.0,27883.0,27399.133333333335,180.90513167613528,602.2328415175855,-0.012503134740085242,0.003992518523847188,265,12,156.0,-47.0,-1.25,0.4,0.05,1.2821685920164703,1.0176599259830603,0.4311344026263056,2014,7,1,8
2014-07-09,27667,-0.8935619521590532,-0.8928504292794909,-0.8793998795297925,-0.166747595209681,0.26,False,False,False,False,27594.0,27564.0,15210.0,27816.0,27416.033333333333,189.7621318039039,600.2822602360235,0.001088376142794889,-0.012503134740085242,159,47,265.0,12.0,0.11,-1.25,0.4,1.7843735335523228,1.014588786853435,0.41393701275163863,2014,7,2,9
2014-07-10,28565,-0.8903900675665342,-0.8006032895296301,-0.884938785422582,2.44920382831256,3.25,False,True,True,False,27667.0,27594.0,11340.0,27757.571428571428,27438.7,156.39784434058913,596.3488420206379,0.002645502645502562,0.001088376142794889,1089,915,159.0,47.0,0.26,0.11,-1.25,1.3733801622865447,1.011621229452249,0.4156898986652012,2014,7,3,10
2014-07-11,28441,-0.798722602842734,-0.8079578450905529,-0.8059028590293172,0.16915624902324983,-0.43,False,False,False,False,28565.0,27667.0,40700.0,27841.85714285714,27491.4,341.9792530606269,623.9973253700769,0.03245744027180386,0.002645502645502562,277,-76,1089.0,915.0,3.25,0.26,0.11,3.843611294739824,1.0127478827144902,0.9909376365618792,2014,7,4,11
2014-07-12,28413,-0.8097184694301334,-0.8253986482778842,-0.7940794252966321,-1.1771321027962687,-0.1,False,False,False,True,28441.0,28565.0,15110.0,27935.14285714286,27534.4,407.60578527612637,643.8624076617946,-0.004340976719761969,0.03245744027180386,0,0,277.0,-76.0,-0.43,3.25,0.26,1.360280878646021,1.0145542614744776,0.8725657186380789,2014,7,5,12
2014-07-13,28413,-0.8097184694301334,-0.8253986482778842,-0.7940794252966321,-1.1771321027962687,0.0,False,False,False,True,28413.0,28441.0,0.0,28022.428571428572,27593.966666666667,438.5855511919813,639.5717038517711,-0.0009844942160964765,-0.004340976719761969,0,0,0.0,0.0,-0.1,-0.43,3.25,0.0,1.0155273763260533,0.8225355737528759,2014,7,6,13
2014-07-14,27860,-0.8132075424819043,-0.8288657958994622,-0.8552204249593462,0.7768125401820265,-1.95,False,False,True,False,28413.0,28413.0,0.0,28093.85714285714,27650.0,458.07584109027385,635.0711065265589,0.0,-0.0009844942160964765,541,-520,0.0,0.0,0.0,-0.1,-0.43,0.0,1.016052699560837,0.7979557607836189,2014,7,0,14
2014-07-15,27752,-0.8650149908263819,-0.8635372721152412,-0.871517590374669,0.4471456373539512,-0.39,False,False,False,False,27860.0,28413.0,21930.0,28136.14285714286,27688.4,412.39642278261033,610.5012976913301,-0.019462921901946317,0.0,364,-138,541.0,-520.0,-1.95,0.0,-0.1,1.875,1.0161707739393702,0.32989739197675344,2014,7,1,15
2014-07-16,27767,-0.874530644603939,-0.8871769149896361,-0.8731153516898968,0.07114716980409229,0.05,False,False,False,False,27752.0,27860.0,18230.0,28158.714285714286,27721.1,380.8992492711441,585.4260664767019,-0.0038765254845657404,-0.019462921901946317,154,-33,364.0,-138.0,-0.39,-1.95,0.0,1.3605492947234867,1.0157863247026375,0.2584849988496946,2014,7,2,16
2014-07-17,28237,-0.8719931369299238,-0.8215112403385393,-0.8583094301687866,1.0271811880055108,1.69,False,False,False,False,27767.0,27752.0,14010.0,28173.0,27766.666666666668,360.72473346502886,529.5899085749328,0.0005405015854713646,-0.0038765254845657404,640,413,154.0,-33.0,0.05,-0.39,-1.95,0.9482875321510762,1.0146338535414166,0.29112449700170334,2014,7,3,17
2014-07-18,28028,-0.8293841539037514,-0.8443103625774001,-0.8423318170165093,0.05867328699438133,-0.74,False,False,False,False,28237.0,27767.0,24740.0,28126.14285714286,27823.066666666666,320.36355835814766,483.051145527509,0.016926567508193102,0.0005405015854713646,273,-199,640.0,413.0,1.69,0.05,-0.39,1.5340732932349477,1.0108929829377613,0.6812634226370603,2014,7,4,18
2014-07-20,28030,-0.8502128627279597,-0.8656385737040764,-0.8348755975454466,-1.1771321027962687,0.01,False,False,False,True,28028.0,28237.0,13870.0,28067.14285714286,27866.933333333334,289.2308354767229,436.15142366826143,-0.0074016361511491935,0.016926567508193102,0,0,273.0,-199.0,-0.74,1.69,0.05,0.8672544238104171,1.0071844835387769,0.5124145925703236,2014,7,6,20
2014-07-21,28120,-0.8461951422441023,-0.8428394514652156,-0.835727736913568,-0.0001321605371131905,0.32,False,False,False,False,28030.0,28028.0,0.0,28012.428571428572,27910.066666666666,245.87724385902013,380.9416584287821,7.135721421436259e-05,-0.0074016361511491935,225,52,0.0,0.0,0.01,-0.74,1.69,0.0,1.0036675621733344,0.522437046225866,2014,7,0,21
2014-07-22,27939,-0.8469352486490234,-0.8546067403626921,-0.8539422159071641,0.5941592561826875,-0.64,False,False,False,False,28120.0,28030.0,13210.0,27970.571428571428,27946.933333333334,183.2956238276742,342.8451880784369,0.003210845522654271,7.135721421436259e-05,284,-122,225.0,52.0,0.32,0.01,-0.74,1.0908340214698595,1.0008458207187225,0.5995174725180152,2014,7,1,22
2014-07-23,27915,-0.8607858113696899,-0.8639575324330083,-0.8500010713296025,-0.11952503885863237,-0.09,False,False,False,False,27939.0,28120.0,19880.0,27981.85714285714,27970.4,177.69958597935153,315.4326639986316,-0.006436699857752526,0.003210845522654271,158,-15,284.0,-122.0,-0.64,0.32,0.01,1.5794073250178755,1.0004096166968346,0.4503239680782006,2014,7,2,23
2014-07-24,27651,-0.8658608267177204,-0.8811882054614562,-0.8774825659515193,0.3339897004372875,-0.95,False,False,False,False,27915.0,27939.0,11870.0,28005.14285714286,27987.733333333334,151.27395520676555,296.43897241733885,-0.0008590142811124579,-0.006436699857752526,252,-231,158.0,-15.0,-0.09,-0.64,0.32,0.8617685494409758,1.0006220412207798,0.4366954645612967,2014,7,3,24
2014-07-25,27973,-0.8855265111913383,-0.8694209165639796,-0.8729023168478665,-0.03577182570771593,1.16,False,False,False,False,27651.0,27915.0,16960.0,27988.571428571428,27995.5,184.42962265963556,283.77926706125737,-0.009457281031703402,-0.0008590142811124579,321,277,252.0,-231.0,-0.95,-0.09,-0.64,1.0963154492566258,0.9997525112454297,0.23388905156803919,2014,7,4,25
2014-07-27,27960,-0.8576139267771709,-0.8729931292649992,-0.8423318170165093,-1.1771321027962687,-0.05,False,False,False,True,27973.0,27651.0,12810.0,27950.85714285714,28016.166666666668,148.69143505002057,256.6546160778208,0.011645148457560373,-0.009457281031703402,0,0,321.0,277.0,1.16,-0.95,-0.09,0.8799285616156065,0.9976688629609264,0.49231584027166136,2014,7,6,27
2014-07-28,27909,-0.8549706896167383,-0.8598599943347799,-0.851492315223815,-0.2594107246532481,-0.18,False,False,False,False,27960.0,27973.0,0.0,27941.14285714286,28009.5,144.98669889764003,255.38405831494288,-0.00046473385049872196,0.011645148457560373,211,-76,0.0,0.0,-0.05,1.16,-0.95,0.0,0.9975595014956661,0.47461041028887785,2014,7,0,28
2014-07-29,27855,-0.8586712216413438,-0.8617511657647314,-0.8564986340115285,-0.5142343306230577,-0.19,False,False,False,False,27909.0,27960.0,10300.0,27923.85714285714,28001.333333333332,139.74551700824756,254.5197415734305,-0.0018240343347639687,-0.00046473385049872196,240,-95,211.0,-76.0,-0.18,-0.05,1.16,0.8330637334196053,0.9972331249532335,0.43177312226761894,2014,7,1,29
2014-07-30,27936,-0.8652264497992165,-0.8704715673583971,-0.8657656496398493,-0.20595122689734402,0.29,False,False,False,False,27855.0,27909.0,7440.0,27886.0,27992.8,110.61193425708929,255.0071533818091,-0.001934859722670157,-0.0018240343347639687,244,48,240.0,-95.0,-0.19,-0.18,-0.05,0.6996426556328756,0.996184733217113,0.3671233371660941,2014,7,2,30
2014-07-31,27788,-0.874530644603939,-0.8720475435500235,-0.8645939580086823,-0.1471457793658495,-0.53,False,False,False,False,27936.0,27855.0,10900.0,27885.571428571428,27985.1,110.37792222351527,253.04577069968437,0.0029079159935379018,-0.001934859722670157,218,-12,244.0,48.0,0.29,-0.19,-0.18,1.054464544838928,0.9964435156054983,0.4192408055707303,2014,7,3,31
2014-08-01,28037,-0.873473349739766,-0.8557624562365514,-0.8635287837985305,-0.883104865138796,0.9,False,False,False,False,27788.0,27936.0,11560.0,27867.428571428572,27970.666666666668,115.07223404329304,251.47034285053482,-0.00529782359679265,0.0029079159935379018,363,227,218.0,-12.0,-0.53,0.29,-0.19,1.0058296354302618,0.996309058469417,0.2674578183787677,2014,8,4,1
2014-08-04,27952,-0.8509529691328809,-0.8563928467132019,-0.8487228622774202,-1.0862509566112317,-0.3,False,False,False,False,28037.0,27788.0,3300.0,27922.571428571428,27967.7,81.72893641613335,250.09586437872704,0.008960702461494163,-0.00529782359679265,218,-71,363.0,227.0,0.9,-0.53,0.29,0.31422586174062084,0.9983864039077731,0.5398575790389388,2014,8,0,4
2014-08-05,28392,-0.8577196562635881,-0.7857891133283427,-0.8674699283760922,-1.157530286952437,1.57,False,False,False,True,27952.0,28037.0,1020.0,27919.571428571428,27964.0,79.93509271723207,249.4576185413231,-0.0030317081000107438,0.008960702461494163,1066,433,218.0,-71.0,-0.3,0.9,-0.53,0.11838440111420613,0.9984112225923125,0.4689616195785876,2014,8,1,5
2014-08-06,28559,-0.8396399140862296,-0.8015488752446059,-0.828697587126566,0.522879925841482,0.59,False,False,False,False,28392.0,27952.0,220.0,27981.285714285714,27974.533333333333,197.15959211257172,260.7651517512419,0.015741270749856984,-0.0030317081000107438,552,429,1066.0,433.0,1.57,-0.3,0.9,0.029526238088847134,1.000241375999804,1.0283735903101987,2014,8,2,6
2014-08-07,28695,-0.7942819644132074,-0.7899917165060129,-0.7890731065089185,0.1557913745842738,0.48,False,False,False,False,28559.0,28392.0,19080.0,28074.14285714286,27994.0,289.0798209097793,281.7548457497755,0.005881938574246348,0.015741270749856984,290,136,552.0,429.0,0.59,1.57,-0.3,2.48988646744095,1.0028628583676094,1.1671778971529108,2014,8,3,7
2014-08-08,28515,-0.7762022222358489,-0.7626747958511566,-0.7848124096683112,0.717116101021267,-0.63,False,False,False,False,28695.0,28559.0,14960.0,28194.14285714286,28024.233333333334,350.7237415077934,306.4665907801345,0.004762071501102971,0.005881938574246348,510,-215,290.0,136.0,0.48,0.59,1.57,1.898959126681899,1.0060629499400944,1.1304747614928525,2014,8,4,8
2014-08-10,28510,-0.7994627092476552,-0.8152073355720341,-0.7837472354581595,-1.1771321027962687,-0.02,False,False,False,True,28515.0,28695.0,21260.0,28276.85714285714,28048.0,347.9614100115447,316.13233806816356,-0.006272869837950834,0.004762071501102971,0,0,510.0,-215.0,-0.63,0.48,0.59,2.1251499400239906,1.0081594817048325,0.9051178263005032,2014,8,6,10
2014-08-11,28554,-0.8026345938401742,-0.8057514784222761,-0.7906708678241463,-0.4046423602234543,0.15,False,False,False,False,28510.0,28515.0,0.0,28380.0,28067.9,279.0961602508031,325.9780350121371,-0.00017534630896021142,-0.006272869837950834,155,74,0.0,0.0,-0.02,-0.63,0.48,0.0,1.01111946387154,0.8572554842172516,2014,8,0,11
2014-08-12,28641,-0.7984054143834821,-0.7868397641227602,-0.787581862614706,-0.019733976380944696,0.3,False,False,False,False,28554.0,28510.0,8670.0,28453.85714285714,28100.9,238.68069924178727,323.3070868598789,0.0015433181339881141,-0.00017534630896021142,306,121,155.0,74.0,0.15,-0.02,-0.63,0.9530614488292843,1.0125603501260507,0.8613068338366132,2014,8,1,12
2014-08-13,28567,-0.7910043503342711,-0.8010235498473971,-0.7869427580886149,0.06936518654556215,-0.26,False,False,False,False,28641.0,28554.0,12990.0,28552.285714285714,28135.8,97.60074160565294,323.2121540903917,0.0030468585837359896,0.0015433181339881141,165,-23,306.0,121.0,0.3,0.15,-0.02,1.3958736299161831,1.0148026967168418,0.8814622169096129,2014,8,2,13
2014-08-14,28489,-0.7982996848970648,-0.799762768894096,-0.7978075350321634,0.26449235335461213,-0.27,False,False,False,False,28567.0,28641.0,13990.0,28577.285714285714,28165.8,67.46039402473616,319.950254754184,-0.0025837086693900613,0.0030468585837359896,279,-32,165.0,-23.0,-0.26,0.3,0.15,1.465074876950466,1.0146094097908,0.7929322078317343,2014,8,3,14
2014-08-18,28167,-0.8105643053214717,-0.8262391689134183,-0.8231586812337767,-0.24248188369721183,-1.13,False,False,False,False,28489.0,28567.0,16180.0,28567.285714285714,28163.266666666666,75.34966110500869,316.96741193679674,-0.0027304232155984653,-0.0025837086693900613,265,-238,279.0,-32.0,-0.27,-0.26,0.3,1.4930331272492388,1.01434560317171,0.7166525159612387,2014,8,0,18
2014-08-19,28124,-0.8354107346295375,-0.8427343863857738,-0.8288041045475812,-0.3306900549944536,-0.15,False,False,False,False,28167.0,28489.0,10490.0,28491.85714285714,28154.133333333335,151.7436748507606,312.60625595850456,-0.011302608024149619,-0.0027304232155984653,161,-46,265.0,-238.0,-1.13,-0.27,-0.26,0.8901900882552614,1.0119955320778409,0.4731712886095352,2014,8,1,19
2014-08-20,28079,-0.8406972089504026,-0.8521902435355317,-0.8354081846505226,-0.270993615833694,-0.16,False,False,False,False,28124.0,28167.0,9500.0,28436.0,28144.5,204.5727254549639,308.783458329551,-0.0015266091525544256,-0.011302608024149619,133,-41,161.0,-46.0,-0.15,-1.13,-0.27,0.7473253618628068,1.0103572634084812,0.4323692877084862,2014,8,2,20
2014-08-21,27599,-0.8507415101600462,-0.8661638991012851,-0.8860039596327338,0.41239696381261354,-1.71,False,False,True,False,28079.0,28124.0,10170.0,28374.428571428572,28133.366666666665,240.32468117325362,304.7638411140691,-0.0016000568909116941,-0.0015266091525544256,475,-426,133.0,-41.0,-0.16,-0.15,-1.13,0.8603333051349293,1.0085685409648297,0.3725472377702888,2014,8,3,21
2014-08-22,27634,-0.8896499611616131,-0.8982087483310204,-0.8854713725276578,-0.192586352458368,0.13,False,False,False,False,27599.0,28079.0,17840.0,28238.0,28124.666666666668,361.7757132074292,316.3420598823397,-0.017094625876989955,-0.0016000568909116941,165,-23,475.0,-426.0,-1.71,-0.16,-0.15,1.4732843339664712,1.004029677388769,0.03685540158630144,2014,8,4,22
2014-08-25,27632,-0.893139034213384,-0.902621481667574,-0.8876017209479615,-0.42869913421361117,-0.01,False,False,False,False,27634.0,27599.0,11050.0,28094.14285714286,28120.733333333334,374.7961350617481,321.82163975736484,0.0012681618899235136,-0.017094625876989955,143,8,165.0,-23.0,0.13,-1.71,-0.16,0.9965728715728716,0.999054417398178,0.09999170723014283,2014,8,0,25
2014-08-26,27720,-0.8901786085936996,-0.8813983356203396,-0.8751391826891852,-0.01260604334682415,0.32,False,False,False,False,27632.0,27634.0,8400.0,27960.571428571428,28116.233333333334,343.4932591008212,327.8262453289304,-7.237461098641429e-05,0.0012681618899235136,228,68,143.0,8.0,-0.01,0.13,-1.71,0.704225352112676,0.9944636287899432,0.12632799808025347,2014,8,1,26
2014-08-27,27599,-0.8807686843025598,-0.8940061451533502,-0.8833410241073543,-0.35207385409681524,-0.44,False,False,False,False,27720.0,27632.0,13070.0,27850.714285714286,28099.0,258.87044010854544,334.7741389921849,0.0031847133757962887,-7.237461098641429e-05,185,-142,228.0,68.0,0.32,-0.01,0.13,1.0567593790426908,0.9911638950038894,0.19634949824661793,2014,8,2,27
2014-08-28,27884,-0.8912359034578726,-0.8715222181528146,-0.8762043568993371,0.08273006098453818,1.03,False,False,False,False,27599.0,27720.0,9260.0,27769.571428571428,28084.7,230.6937776527741,346.855942471243,-0.00436507936507935,0.0031847133757962887,332,242,185.0,-142.0,-0.44,0.32,-0.01,0.7719883284701959,0.9887793506276167,0.14486305084459725,2014,8,3,28
2014-08-29,27794,-0.8708301125793335,-0.8861262641952186,-0.8751391826891852,-0.8127165264268557,-0.32,False,False,False,False,27884.0,27599.0,14140.0,27735.285714285714,28079.833333333332,181.91730198635247,348.6694001123999,0.010326461103663087,-0.00436507936507935,183,-41,332.0,242.0,1.03,-0.44,0.32,1.1773522064945878,0.9877297128171124,0.3194912863785395,2014,8,4,29
2014-09-01,27679,-0.880134307384056,-0.8925352340411656,-0.8752457001102004,-0.8064795850220002,-0.41,False,False,False,False,27794.0,27884.0,4090.0,27694.571428571428,28068.966666666667,109.74797969761755,352.4341448225613,-0.0032276574379572764,0.010326461103663087,123,-68,183.0,-41.0,-0.32,1.03,-0.44,0.37866864179242665,0.9866615952578028,0.27447013290498096,2014,9,0,1
2014-09-02,27340,-0.8946192470232263,-0.9028316118264577,-0.9107160013082559,-0.8198444594609762,-1.22,False,False,False,False,27679.0,27794.0,4160.0,27706.0,28060.3,102.03104102881044,358.87824753215796,-0.0041375836511476916,-0.0032276574379572764,358,-270,123.0,-68.0,-0.41,-0.32,1.03,0.4091266719118804,0.9873736203818206,0.2194524144246163,2014,9,1,2
2014-09-03,27355,-0.920840159654717,-0.9297282721635469,-0.9247763008822598,-1.077341040318581,0.05,False,False,False,False,27340.0,27679.0,4010.0,27664.0,28041.133333333335,172.66827541104203,381.54465850908065,-0.012247552295964415,-0.0041375836511476916,234,-7,358.0,-270.0,-1.22,-0.41,-0.32,0.41688325189728664,0.986550710028363,0.07871406721726902,2014,9,2,3
2014-09-04,27282,-0.9149193084153481,-0.9289928166074546,-0.9166809768851061,-1.1530753288061117,-0.27,False,False,False,True,27355.0,27340.0,1120.0,27624.428571428572,28031.266666666666,209.11787516703737,395.55146431225603,0.000548646671543418,-0.012247552295964415,165,-136,234.0,-7.0,0.05,-1.22,-0.41,0.1285288042230893,0.9854862750201051,0.13282413978081342,2014,9,3,4
2014-09-05,27225,-0.9326818621334547,-0.9360321769300521,-0.9373453565620513,-1.1468383874012564,-0.21,False,False,False,True,27282.0,27355.0,270.0,27561.85714285714,28008.233333333334,239.12997063780003,418.5136823317503,-0.0026686163407055874,0.000548646671543418,292,-25,165.0,-136.0,-0.27,0.05,-1.22,0.03880983182406209,0.9840626795284175,0.1321960180137429,2014,9,4,5
2014-09-08,27207,-0.911747423822829,-0.9216382610465318,-0.9322325203533226,-0.0036961270541734643,-0.07,False,False,False,False,27225.0,27282.0,340.0,27508.428571428572,27983.733333333334,269.3231374780971,442.2738216686184,-0.0020892896415218853,-0.0026686163407055874,381,-241,292.0,-25.0,-0.21,-0.27,0.05,0.057764186204553175,0.9830149624339583,0.14264469036642796,2014,9,0,8
2014-09-09,27272,-0.9340563454568797,-0.9323548991495907,-0.9276522712496698,0.20925087234017792,0.24,False,False,False,False,27207.0,27225.0,13170.0,27411.714285714286,27960.333333333332,230.77385343376244,464.3824474194699,-0.0006611570247934129,-0.0020892896415218853,236,35,381.0,-241.0,-0.07,-0.21,-0.27,2.0697784064120697,0.9803786656947683,0.1681146833776663,2014,9,1,9
2014-09-10,27194,-0.9221089134917245,-0.92752190549527,-0.928397893196776,0.01768767204818818,-0.29,False,False,False,False,27272.0,27207.0,15560.0,27337.14285714286,27940.9,160.20344208924223,480.84905868828776,0.0023890910427464274,-0.0006611570247934129,289,-156,236.0,35.0,0.24,-0.07,-0.21,2.35329703569268,0.978391635814983,0.22708061724598033,2014,9,2,10
2014-09-11,26996,-0.9372282300493986,-0.9480095959864122,-0.9477840638215391,0.4658564615685176,-0.73,False,False,False,False,27194.0,27272.0,13410.0,27267.85714285714,27916.166666666668,63.25985712843466,499.8186625190509,-0.002860076268700551,0.0023890910427464274,276,-211,289.0,-156.0,-0.29,0.24,-0.07,1.9083534936672832,0.9767765563391753,0.20204257780612994,2014,9,3,11
2014-09-12,26909,-0.9635548721673066,-0.9743809309262927,-0.9657855079731048,0.2546914454326964,-0.32,False,False,False,False,26996.0,27194.0,18440.0,27218.714285714286,27889.766666666666,112.40360950020039,526.999095944644,-0.0072810178715893015,-0.002860076268700551,194,-49,276.0,-211.0,-0.73,-0.29,0.24,2.47284430736221,0.975939118137033,0.10579724969864156,2014,9,4,12
2014-09-13,26900,-0.9696871823795101,-0.9843621134732594,-0.9552402832926018,-1.1771321027962687,-0.03,False,False,False,True,26909.0,26996.0,16070.0,27155.0,27852.166666666668,144.1873780887369,555.5961745687591,-0.0032226996592087387,-0.0072810178715893015,0,0,194.0,-49.0,-0.32,-0.73,-0.29,1.8567302137492778,0.974969032929814,0.07053993947834089,2014,9,5,13
2014-09-15,27006,-0.9645064375450624,-0.9614579261549568,-0.9538555568194045,0.3028049934130101,0.39,False,False,False,False,26900.0,26909.0,0.0,27100.428571428572,27817.1,159.57741814260137,581.6649912698921,-0.00033446058939390344,-0.0032226996592087387,205,57,0.0,0.0,-0.03,-0.32,-0.73,0.0,0.974236299665622,0.10167041443071805,2014,9,0,15
2014-09-16,26954,-0.9582683978464416,-0.9622984467904909,-0.9531099348722981,0.5772304152266512,-0.19,False,False,False,False,27006.0,26900.0,16610.0,27069.14285714286,27770.9,152.39031965291292,589.4190798779574,0.003940520446096718,-0.00033446058939390344,190,-54,205.0,57.0,0.39,-0.03,-0.32,1.7486051163280345,0.9747304861255075,0.19719454585739907,2014,9,1,16
2014-09-17,26907,-0.963343413194472,-0.9729100198141082,-0.9595009801332091,-0.10259619790259607,-0.17,False,False,False,False,26954.0,27006.0,19690.0,27033.0,27717.4,144.01736006505902,588.2583059190927,-0.0019254980374731057,0.003940520446096718,149,-53,190.0,-54.0,-0.19,0.39,-0.03,1.733885170834801,0.9753079293151594,0.17796704521645434,2014,9,2,17
2014-09-18,26659,-0.9739163618362022,-0.9885647166509296,-0.9901779973855813,0.2466725207693108,-0.92,False,False,False,False,26907.0,26954.0,12060.0,26980.85714285714,27657.8,103.41571217141272,576.2503287455505,-0.0017437115084959487,-0.0019254980374731057,288,-201,149.0,-53.0,-0.17,-0.19,0.39,0.9621061029118468,0.9755243418803066,0.17845364471614988,2014,9,3,18
2014-09-19,26497,-1.000877380872614,-1.006005519838261,-1.00104277432913,0.23687161284739502,-0.61,False,False,False,False,26659.0,26907.0,15980.0,26904.428571428572,27595.933333333334,116.5058755931785,580.6611530942043,-0.009216932396774125,-0.0017437115084959487,224,-108,288.0,-201.0,-0.92,-0.17,-0.19,1.133413717284914,0.9749417874890469,0.05696783243527931,2014,9,4,19
2014-09-22,26605,-1.018745664077138,-1.009052407142072,-1.0177660094285135,0.29033111060329914,0.41,False,False,False,False,26497.0,26659.0,15870.0,26833.14285714286,27528.833333333332,184.15702409608747,587.6580687331506,-0.006076747064781118,-0.009216932396774125,352,169,224.0,-108.0,-0.61,-0.92,-0.17,1.104460992414225,0.9747286611180832,0.022624187839391994,2014,9,0,22
2014-09-23,26682,-1.0028862411145427,-0.9804747055339145,-0.9991254607508566,0.30725995155933544,0.29,False,False,False,False,26605.0,26497.0,16470.0,26789.714285714286,27463.866666666665,198.56796845251105,578.0704964367467,0.004075933124504605,-0.006076747064781118,449,96,352.0,169.0,0.41,-0.61,-0.92,1.1390041493775933,0.9754531148459656,0.13515594704406464,2014,9,1,23
2014-09-24,26552,-0.9924190219592299,-0.9990712245951051,-0.9950777987522798,0.0595642786236464,-0.49,False,False,False,False,26682.0,26605.0,16660.0,26758.571428571428,27398.566666666666,195.4591663606656,550.5028850395208,0.0028941928208983114,0.004075933124504605,234,-133,449.0,96.0,0.29,0.41,-0.61,1.126817720662834,0.9766412876307919,0.21543058157743997,2014,9,2,24
2014-09-25,26919,-1.0104987641365883,-0.9791088595011717,-1.010522824799481,0.5674295073047354,1.38,False,False,False,False,26552.0,26682.0,13880.0,26693.714285714286,27331.4,173.79654224224774,525.3782611047358,-0.004872198485870616,0.0028941928208983114,569,405,234.0,-133.0,-0.49,0.29,0.41,0.9686649452159956,0.9766683845582109,0.1508015323087718,2014,9,3,25
2014-09-26,26694,-0.963343413194472,-0.9633490975849084,-0.9802718772311695,0.6039601641046033,-0.84,False,False,False,False,26919.0,26552.0,19580.0,26688.714285714286,27279.066666666666,165.3589169917817,482.54068496214546,0.01382193431756562,-0.004872198485870616,435,-266,569.0,405.0,1.38,-0.49,0.29,1.3337874659400546,0.9783587764139396,0.4294789812685773,2014,9,4,26
2014-09-27,26693,-0.9915731860678915,-1.0061105849177028,-0.9772893894427443,-1.1771321027962687,0.0,False,False,False,True,26694.0,26919.0,19990.0,26658.285714285714,27229.966666666667,135.37566778670475,463.6464529502986,-0.008358408559010377,0.01382193431756562,0,0,435.0,-266.0,-0.84,1.38,-0.49,1.1985131003057736,0.9790054479544856,0.2610659465870637,2014,9,5,27
2014-09-29,26819,-0.9844893104779323,-0.9827861372816331,-0.9781415288108658,-0.36365674527726116,0.47,False,False,False,False,26693.0,26694.0,0.0,26663.14285714286,27182.266666666666,136.0140048816083,441.58225955543674,-3.7461601858135296e-05,-0.008358408559010377,230,59,0.0,0.0,0.0,-0.84,1.38,0.0,0.980902114754087,0.28203752141579896,2014,9,0,29
2014-09-30,26805,-0.9795200246163192,-0.9772176880712201,-0.9836804347036553,-0.22555304274117552,-0.05,False,False,False,False,26819.0,26693.0,9130.0,26709.14285714286,27140.266666666666,124.41520348118974,412.30068817712186,0.004720338665567647,-3.7461601858135296e-05,335,-2,230.0,59.0,0.47,0.0,-0.84,0.6539177768228047,0.9841149751835966,0.41954610584430185,2014,9,1,30
2014-10-01,26790,-0.9913617270950569,-0.9906660182397647,-0.992308345805885,-0.8278633841243619,-0.06,False,False,False,False,26805.0,26819.0,10680.0,26737.714285714286,27113.8,119.37575729055449,407.2920158890445,-0.0005220179723330887,0.004720338665567647,288,95,335.0,-2.0,-0.05,0.47,0.0,0.7725694444444444,0.9861293616429379,0.42447411935255913,2014,10,2,1
2014-10-03,26439,-0.9664095683005738,-0.9811050960105651,-1.0109488944835419,-0.1952593273461632,-1.31,False,False,False,False,26790.0,26805.0,3920.0,26753.14285714286,27085.666666666668,117.94550799951749,399.1892933860944,-0.0005595970900951208,-0.0005220179723330887,554,-492,288.0,95.0,-0.06,-0.05,0.47,0.310667300681566,0.9877232554909555,0.4271407621107856,2014,10,4,3
2014-10-05,26424,-1.0200144179141455,-1.0343730912875349,-1.0059425756958282,-1.1771321027962687,-0.06,False,False,False,True,26439.0,26790.0,11020.0,26737.0,27045.9,152.6815858798591,402.2979981436809,-0.013101903695408756,-0.0005595970900951208,0,0,554.0,-492.0,-1.31,-0.06,-0.05,0.9082667106239183,0.9885786755108907,0.06962214260204946,2014,10,6,5
2014-10-06,26637,-1.0145164846204457,-1.0088422769831884,-1.0136118300089214,-0.5561109371985159,0.81,False,False,False,False,26424.0,26439.0,0.0,26666.285714285714,27002.7,168.18215748218677,396.9638348854553,-0.0005673436968115508,-0.013101903695408756,315,161,0.0,0.0,-0.06,-1.31,-0.06,0.0,0.9875414574944621,0.0788780366168469,2014,10,0,6
2014-10-07,26673,-1.0034148885466292,-1.0043244785671928,-0.9908171019116725,0.14777244992088817,0.14,False,False,False,False,26637.0,26424.0,6970.0,26658.14285714286,26970.633333333335,167.99645687911047,385.8328638810424,0.008060853769300547,-0.0005673436968115508,144,92,315.0,161.0,0.81,-0.06,-1.31,0.7323736471577178,0.9884136767450594,0.35339416851687483,2014,10,1,7
2014-10-08,26633,-0.991044538635805,-0.9859380896648857,-0.9850651611768526,0.2315256630718046,-0.15,False,False,False,False,26673.0,26637.0,14870.0,26655.285714285714,26930.266666666666,167.47409181332148,348.5242714878929,0.001351503547696753,0.008060853769300547,265,-65,144.0,92.0,0.14,0.81,-0.06,1.5463810316139768,0.9897891485522751,0.4205516438345906,2014,10,2,8
2014-10-09,26847,-0.9912559976086396,-0.9803696404544727,-0.9769698371796989,0.2867671440862389,0.8,False,False,False,False,26633.0,26673.0,15810.0,26628.714285714286,26891.566666666666,151.12766599368118,311.8359077037317,-0.001499643834589337,0.001351503547696753,242,151,265.0,-65.0,-0.15,0.14,0.81,1.7112241584587076,0.9902254716428182,0.37993418976771315,2014,10,3,9
2014-10-10,26855,-0.9788856476978154,-0.9801595102955892,-0.971217896444879,0.21637880537429846,0.03,False,False,False,False,26847.0,26633.0,16430.0,26634.714285714286,26863.833333333332,159.87361079520753,274.1046972555378,0.008035144369766822,-0.001499643834589337,190,42,242.0,151.0,0.8,-0.15,0.14,1.8496003602386581,0.9914710962960469,0.7026773313193884,2014,10,4,10
2014-10-13,26855,-0.9696871823795101,-0.959671819804447,-0.964720333762953,0.30993292644713066,0.0,False,False,False,False,26855.0,26847.0,15640.0,26644.0,26847.666666666668,171.83616227905145,258.93486510683715,0.0002979848772675098,0.008035144369766822,324,-45,190.0,42.0,0.03,0.8,-0.15,1.4970805015794009,0.9924139900425859,0.7418704454395213,2014,10,0,13
2014-10-14,27128,-0.9705330182708486,-0.9559945420239856,-0.9560924226607233,0.223506738408419,1.02,False,False,False,False,26855.0,26855.0,16690.0,26703.428571428572,26831.0,160.6962529569686,240.59581215737575,0.0,0.0002979848772675098,278,236,324.0,-45.0,0.0,0.03,0.8,1.489779523341962,0.9952453718247017,0.7614380964858454,2014,10,1,14
2014-10-16,27328,-0.9432548107751848,-0.9239496927942503,-0.9286109280388064,0.38655820656392653,0.74,False,False,False,False,27128.0,26855.0,15720.0,26804.0,26825.866666666665,176.2186142271058,232.13562226965118,0.01016570471048217,0.0,325,178,278.0,236.0,1.02,0.0,0.03,1.3427863671307765,0.999184866347903,1.1084309710771285,2014,10,3,16
2014-10-17,27151,-0.9263380929484166,-0.9358220467711686,-0.9355345604047932,0.08896700238939366,-0.65,False,False,False,False,27328.0,27128.0,17550.0,26902.714285714286,26829.3,246.57433922049486,238.90542783360326,0.007372456502506619,0.01016570471048217,277,-159,325.0,178.0,0.74,1.02,0.0,1.342769701606733,1.0027363474154856,1.1651425906309032,2014,10,4,17
2014-10-20,27302,-0.9452636710171135,-0.9360321769300521,-0.9362801823518995,-0.16496561195115086,0.56,False,False,False,False,27151.0,27328.0,14210.0,26971.0,26827.433333333334,238.4079137391424,236.05430166259328,-0.0064768735362997765,0.007372456502506619,282,171,277.0,-159.0,-0.65,0.74,1.02,1.061318993203376,1.0053514872214138,0.9081962111030104,2014,10,0,20
2014-10-21,27394,-0.9212630776003862,-0.9217433261259735,-0.9080530657828764,-0.039335792224776206,0.34,False,False,False,False,27302.0,27151.0,11360.0,27066.571428571428,26828.433333333334,213.07655677651078,238.05761159194805,0.005561489447902579,-0.0064768735362997765,153,36,282.0,171.0,0.56,-0.65,0.74,0.7820998278829604,1.0088763325192833,0.9836598282900653,2014,10,1,21
2014-10-22,27333,-0.9201000532497958,-0.9329852896262413,-0.9163614246220605,-0.29861435634091116,-0.22,False,False,False,False,27394.0,27302.0,12770.0,27144.714285714286,26835.1,219.34122145343335,251.09173347756862,0.003369716504285414,0.005561489447902579,124,-36,153.0,36.0,0.34,0.56,-0.65,0.8454154253558425,1.0115376609632267,0.9836051353412829,2014,10,2,22
2014-10-23,26940,-0.9407173031011696,-0.9555742817062186,-0.9538555568194045,-0.6068974600666248,-1.44,False,False,False,False,27333.0,27394.0,9860.0,27213.0,26846.333333333332,185.98387026866274,265.654342868957,-0.0022267649850332694,0.003369716504285414,261,-234,124.0,-36.0,-0.22,0.34,0.56,0.6751574910983292,1.0136579793640348,0.8805687526038575,2014,10,3,23
2014-10-24,26963,-0.9538277594169149,-0.9668162452064863,-0.9499144122418427,-0.868848999070555,0.09,False,False,False,False,26940.0,27333.0,6400.0,27225.14285714286,26847.366666666665,159.62083048249022,265.96661487856863,-0.01437822412468448,-0.0022267649850332694,117,-87,261.0,-234.0,-1.44,-0.22,0.34,0.4684183561443314,1.0140712567890404,0.5450934602803712,2014,10,4,24
2014-10-27,27008,-0.9636606016537239,-0.9688124817158796,-0.9538555568194045,-0.5213622636571783,0.17,False,False,False,False,26963.0,26940.0,3460.0,27201.571428571428,26849.466666666667,186.30875551369897,266.64437550525116,0.0008537490720119667,-0.01437822412468448,135,51,117.0,-87.0,0.09,-1.44,-0.22,0.27979945010512697,1.0131140318828715,0.553797300181712,2014,10,0,27
2014-10-28,26909,-0.9631319542216374,-0.9658706594915105,-0.9573706317129055,-0.41711624303316525,-0.37,False,False,False,False,27008.0,26963.0,7360.0,27155.85714285714,26849.533333333333,189.35102197749399,266.6851085578578,0.0016689537514371633,0.0008537490720119667,196,-53,135.0,51.0,0.17,0.09,-1.44,0.6378921823539608,1.011408906282312,0.579865701142137,2014,10,1,28
2014-10-29,26864,-0.9618632003846298,-0.9749062563235015,-0.965359438289044,-0.6149163847300104,-0.17,False,False,False,False,26909.0,27008.0,8530.0,27121.285714285714,26848.033333333333,211.21530427982125,266.2033813270688,-0.00366558056872035,0.0016689537514371633,185,-110,196.0,-53.0,-0.37,0.17,0.09,0.7955605297519119,1.0101777429117358,0.4897890943212591,2014,10,2,29
2014-10-30,26376,-0.97909710667065,-0.9937129055435756,-1.016381282955316,-0.20773321015587415,-1.82,False,False,True,False,26864.0,26909.0,6310.0,27058.714285714286,26846.6,213.62093708721306,265.9906143017674,-0.0016723029469694062,-0.00366558056872035,485,-435,185.0,-110.0,-0.17,-0.37,0.17,0.6451283099887537,1.0079009738929432,0.4477682523411478,2014,10,3,30
2014-10-31,25924,-1.0278383999090257,-1.0395212801801808,-1.0847654672470626,0.2431085542522505,-1.71,False,False,True,False,26376.0,26864.0,10880.0,26913.285714285714,26837.166666666668,282.6775042848112,277.63658748933716,-0.018165574746873192,-0.0016723029469694062,691,-426,485.0,-435.0,-1.82,-0.17,-0.37,1.1937678297125303,1.0028363295039484,0.07461527881772656,2014,10,4,31
2014-11-03,25868,-1.0778484469844094,-1.084489134181252,-1.0777353174600606,-0.843010241821868,-0.22,False,False,False,False,25924.0,26376.0,15940.0,26712.0,26818.066666666666,407.91216374785466,318.5417131061301,-0.017136791022141384,-0.018165574746873192,197,-9,691.0,-426.0,-1.71,-1.82,-0.17,1.7163777323139873,0.9960449547692973,-0.15020942183416897,2014,11,0,3
2014-11-04,25810,-1.0722447842042924,-1.0825979627513003,-1.0803982529854401,-1.157530286952437,-0.22,False,False,False,True,25868.0,25924.0,3750.0,26558.85714285714,26793.5,499.0886456238049,361.11510725769944,-0.0021601604690634213,-0.017136791022141384,240,-120,197.0,-9.0,-0.22,-1.71,-1.82,0.4398311048557354,0.9912425455001079,-0.08433032857864403,2014,11,1,4
2014-11-05,25348,-1.1094615634231824,-1.0431985579606422,-1.1362133815973954,-1.0898149231282919,-1.79,False,False,True,True,25810.0,25868.0,220.0,26394.14285714286,26764.433333333334,532.61569277539,403.0578535811213,-0.0022421524663677195,-0.0021601604690634213,1139,-230,240.0,-120.0,-0.22,-0.22,-1.71,0.030257186081694403,0.9861648303336464,-0.021418333848205406,2014,11,2,5
2014-11-06,25467,-1.1232063966574315,-1.124308799289677,-1.1138447231842072,-0.4304811174721413,0.47,False,False,False,False,25348.0,25810.0,980.0,26157.0,26724.3,581.092935768573,477.92829861892545,-0.01790003874467261,-0.0022421524663677195,157,19,1139.0,-230.0,-1.79,-0.22,-0.22,0.15353282155726147,0.9787721287367677,-0.10148719621325429,2014,11,3,6
2014-11-07,25926,-1.1203517005241643,-1.0820726373540914,-1.1393023868068355,1.5653401320816123,1.8,False,False,True,False,25467.0,25348.0,8380.0,25951.0,26675.9,522.7424477377083,528.3894429758905,0.004694650465519867,-0.01790003874467261,798,451,157.0,19.0,0.47,-1.79,-0.22,1.2733627108342198,0.9728256591155312,0.02900398541647288,2014,11,4,7
2014-11-10,25719,-1.0702359239623636,-1.071566129409916,-1.086256711141275,0.1985589727889971,-0.8,False,False,False,False,25926.0,25467.0,30780.0,25817.0,26650.3,336.87831631042616,545.7998970193246,0.018023324302038013,0.004694650465519867,400,-230,798.0,451.0,1.8,0.47,-1.79,3.3050574465800495,0.9687320593013963,0.2329215834340761,2014,11,0,10
2014-11-11,25793,-1.103752171156648,-1.0935247310132428,-1.111394822500858,0.5317898421341327,0.29,False,False,False,False,25719.0,25926.0,15440.0,25723.14285714286,26617.833333333332,229.63044845423448,571.5345998718506,-0.007984262902105965,0.018023324302038013,427,161,400.0,-230.0,-0.8,1.8,0.47,1.5255409544511411,0.9663875543517639,0.18972712334849262,2014,11,1,11
2014-11-12,25794,-1.086201076411376,-1.085224589737344,-1.0793330787752884,0.34735457487626353,0.0,False,False,False,False,25793.0,25719.0,19180.0,25704.428571428572,26583.633333333335,215.43201336176327,589.4970084645133,0.0028772502818927848,-0.007984262902105965,205,-4,427.0,161.0,0.29,-0.8,1.8,1.7146433041301627,0.9669268398762361,0.24228205025627966,2014,11,2,12
2014-11-13,25827,-1.0808088726040936,-1.0873258913261792,-1.0842328801419867,0.625343963206965,0.13,False,False,False,False,25794.0,25793.0,17110.0,25693.85714285714,26549.933333333334,207.74618213249332,605.0973665358441,3.877020897147254e-05,0.0028772502818927848,231,-22,205.0,-4.0,0.0,0.29,-0.8,1.3949127669982064,0.9677559947240473,0.26710148788878646,2014,11,3,13
2014-11-14,26458,-1.0869411828162971,-1.024391908740568,-1.0953106919275655,1.8362015873781932,2.44,False,False,True,False,25827.0,25794.0,20230.0,25696.285714285714,26517.833333333332,209.42278950022506,617.3421944574842,0.0012793672947197798,3.877020897147254e-05,934,667,231.0,-22.0,0.13,0.0,0.29,1.532459662146807,0.969019051868958,0.3000267951723256,2014,11,4,14
2014-11-16,26411,-1.0213889012375705,-1.0357389373202777,-1.0073273021690257,-1.1771321027962687,-0.18,False,False,False,True,26458.0,25827.0,33820.0,25854.85714285714,26518.466666666667,301.6727965704277,617.268271937203,0.024431796182289744,0.0012793672947197798,0,0,934.0,667.0,2.44,0.13,0.0,2.256321302288345,0.974975569585112,0.5395479936180252,2014,11,6,16
2014-11-17,26319,-1.0257238101806798,-1.026493210329403,-1.0218136714270902,0.6698935446702183,-0.35,False,False,False,False,26411.0,26458.0,0.0,25989.714285714286,26518.033333333333,310.2674729359289,617.3414348045559,-0.0017764003326026234,0.024431796182289744,224,-51,0.0,0.0,-0.18,2.44,0.13,0.0,0.9800769898363864,0.5409243526073794,2014,11,0,17
2014-11-18,26587,-1.0260409986399317,-0.9994914849128721,-1.0120140686936936,1.0147073051957998,1.02,False,False,False,False,26319.0,26411.0,20730.0,26045.85714285714,26507.433333333334,331.6375675200522,617.9580771036035,-0.003483397069402927,-0.0017764003326026234,389,220,224.0,-51.0,-0.35,-0.18,2.44,1.243924392439244,0.9825869149731763,0.5283003073241636,2014,11,1,18
2014-11-19,26710,-1.0069039615984001,-0.9906660182397647,-1.0260743682676976,1.8406565455245185,0.46,False,False,False,False,26587.0,26319.0,24600.0,26169.85714285714,26504.566666666666,350.77743588199417,617.3627270751948,0.010182757703560252,-0.003483397069402927,605,162,389.0,220.0,1.02,-0.35,-0.18,1.2928995637777894,0.9873716281417092,0.6741064841640039,2014,11,2,19
2014-11-20,26459,-0.9992914385763545,-1.0137803357169508,-1.011161929325572,1.1412281165514395,-0.94,False,False,False,False,26710.0,26587.0,33870.0,26300.85714285714,26507.133333333335,357.7417264693564,618.0747490412555,0.004626321134388878,0.010182757703560252,245,-161,605.0,162.0,0.46,1.02,-0.35,1.5697997775305896,0.9922180875660064,0.7436125536663621,2014,11,3,20
2014-11-21,26390,-1.0110274115686748,-1.0134651404786255,-1.0148900390611035,1.2062705054877896,-0.26,False,False,False,False,26459.0,26710.0,26020.0,26395.85714285714,26494.2,280.71481885347526,614.7683836351333,-0.009397229502059123,0.004626321134388878,283,-119,245.0,-161.0,-0.94,0.46,1.02,1.233175355450237,0.9962881363791751,0.6423651088574723,2014,11,4,21
2014-11-24,26473,-1.015996697430288,-1.022290607151733,-1.006368645379889,0.16113732435986422,0.31,False,False,False,False,26390.0,26459.0,26750.0,26476.285714285714,26478.7,131.6304350395412,611.2096062389196,-0.0026078083071922054,-0.009397229502059123,119,11,283.0,-119.0,-0.26,-0.94,0.46,1.2032747064909362,0.9999088215919102,0.6329449334138815,2014,11,0,24
2014-11-25,26338,-1.0140935666747766,-1.0225007373106165,-1.0168073526393768,0.5825763650022416,-0.51,False,False,False,False,26473.0,26390.0,15020.0,26478.428571428572,26465.966666666667,131.4050444785629,607.0648708922137,0.0031451307313377086,-0.0026078083071922054,215,-142,119.0,11.0,0.31,-0.26,-0.94,0.6885170754068302,1.0004708652783727,0.7033936053736798,2014,11,1,25
2014-11-26,26397,-1.0230805730202472,-1.0326920500164667,-1.0159552132712553,-0.2843584902726701,0.22,False,False,False,False,26338.0,26473.0,19750.0,26468.0,26439.633333333335,140.24740045170594,594.3582156459731,-0.005099535375665765,0.0031451307313377086,110,2,215.0,-142.0,-0.51,0.31,-0.26,0.8945151501426695,1.0010728842684404,0.6513542343555165,2014,11,2,26
2014-11-27,26237,-1.0273097524769392,-1.041622581769016,-1.0329980006336843,0.08985799401865872,-0.61,False,False,False,False,26397.0,26338.0,10020.0,26479.14285714286,26408.6,129.09096091750004,570.1880875400107,0.0022401093477104617,-0.005099535375665765,185,-118,110.0,2.0,0.22,-0.51,0.31,0.4758286636907589,1.0026712077559152,0.6878004434046049,2014,11,3,27
2014-11-28,25853,-1.048984297192486,-1.0532848055870507,-1.0708116850940739,0.2065778974523827,-1.46,False,False,False,False,26237.0,26397.0,14220.0,26429.14285714286,26378.133333333335,146.9052172568153,553.3210537345122,-0.006061294844111109,0.0022401093477104617,429,-297,185.0,-118.0,-0.61,0.22,-0.51,0.7445805843543827,1.0019337806494846,0.5766246709036932,2014,11,4,28
2014-12-01,26546,-1.0856724289792896,-1.0130448801608585,-1.1445217404365795,-0.6665938992273844,2.68,False,False,True,False,25853.0,26237.0,15530.0,26306.714285714286,26329.833333333332,215.10672876978603,532.7550438820241,-0.01463581964401417,-0.006061294844111109,1504,743,429.0,-297.0,-1.46,-0.61,0.22,0.7520216938647039,0.9991219447792791,0.3330369750648312,2014,12,0,1
2014-12-02,26224,-1.0185342051043034,-0.9686023515569961,-1.0418389465779445,-1.0746680654307859,-1.21,False,False,False,False,26546.0,25853.0,5730.0,26319.14285714286,26301.566666666666,227.52686916188438,495.5428011950357,0.02680539976018248,-0.01463581964401417,963,-214,1504.0,743.0,2.68,-1.46,-0.61,0.2992010861051642,1.0006682564084088,0.7472418288337942,2014,12,1,2
2014-12-03,26496,-1.0321733088521352,-1.005480194441052,-1.0259678508466823,-1.1691131781328832,1.04,False,False,False,True,26224.0,26546.0,1150.0,26295.428571428572,26264.6,227.56160861274384,455.71025277350583,-0.012129887742032719,0.02680539976018248,463,187,963.0,-214.0,-1.21,2.68,-1.46,0.06842794240152326,1.0011737689296076,0.5197213671895223,2014,12,2,3
2014-12-04,26488,-1.0332306037163081,-0.9896153674453472,-1.019257253322726,-1.1717861530206783,-0.03,False,False,False,True,26496.0,26224.0,90.0,26298.714285714286,26249.8,230.69728671003458,439.9566122810185,0.010372178157413092,-0.012129887742032719,551,189,463.0,187.0,1.04,-1.21,2.68,0.006702412868632708,1.0018634155579962,0.6998626699344991,2014,12,3,4
2014-12-05,26279,-0.991044538635805,-1.005585259520494,-1.0723029289882864,-1.1619852450987624,-0.79,False,False,False,True,26488.0,26496.0,60.0,26320.14285714286,26233.966666666667,241.660525373803,421.56755774995673,-0.0003019323671497043,0.010372178157413092,897,-419,551.0,189.0,-0.03,1.04,-1.21,0.005539143279172821,1.0032849088958282,0.6737407171214742,2014,12,4,5
2014-12-08,26228,-1.0355566524174888,-1.0421479071662245,-1.0336371051597755,-0.2594107246532481,-0.19,False,False,False,False,26279.0,26488.0,170.0,26303.285714285714,26209.666666666668,239.5118050577848,395.62445910713996,-0.007890365448504966,-0.0003019323671497043,186,-49,897.0,-419.0,-0.79,-0.03,1.04,0.020797651088818203,1.003571928205333,0.4773667705310626,2014,12,0,8
2014-12-09,27023,-1.0307988255287102,-0.9562046721828691,-1.016913870060392,1.0521289536249328,3.03,False,False,True,False,26228.0,26279.0,10300.0,26302.0,26186.966666666667,239.95068937902,373.0051754596459,-0.0019407131169374425,-0.007890365448504966,847,701,186.0,-49.0,-0.19,-0.79,-0.03,1.3373149831212672,1.004392770449422,0.4019188365980262,2014,12,1,9
2014-12-10,27054,-0.95911423373778,-0.9507412880518978,-0.95417510908245,0.4489276206124813,0.11,False,False,False,False,27023.0,26228.0,25020.0,26469.14285714286,26192.266666666666,279.32682683660005,383.92653152567607,0.030311117889278538,-0.0019407131169374425,310,54,847.0,701.0,3.03,-0.19,-0.79,3.040466642362377,1.0105709136975365,1.1062502416212987,2014,12,2,10
2014-12-11,27142,-0.9489642030417191,-0.9486399864630628,-0.9595009801332091,0.47743935274896354,0.33,False,False,False,False,27054.0,27023.0,18250.0,26541.714285714286,26214.866666666665,357.63702002919575,413.9003489376557,0.0011471709284682774,0.030311117889278538,380,46,310.0,54.0,0.11,3.03,-0.19,2.0161290322580645,1.0124680252317753,1.0653964601101569,2014,12,3,11
2014-12-12,27088,-0.9413516800196734,-0.954103370594034,-0.95417510908245,0.5442637249438437,-0.2,False,False,False,False,27142.0,27054.0,18570.0,26672.85714285714,26255.466666666667,388.680858190791,443.09310404328045,0.0032527537517557104,0.0011471709284682774,278,-80,380.0,46.0,0.33,0.11,3.03,1.9574154105618213,1.015897278897746,1.0326436092457894,2014,12,4,12
2014-12-15,27173,-0.9552022427403398,-0.9372929578833532,-0.9539620742404196,0.5210979425829518,0.31,False,False,False,False,27088.0,27142.0,19320.0,26757.428571428572,26296.133333333335,407.7245218458199,461.8919662712029,-0.001989536511679324,0.0032527537517557104,436,136,278.0,-80.0,-0.2,0.33,0.11,1.9582404216501115,1.0175423219926594,0.9239329817765899,2014,12,0,15
2014-12-16,27044,-0.9464266953677039,-0.9070342150041278,-0.9635486421317859,2.0117269383434118,-0.47,False,False,False,False,27173.0,27088.0,19060.0,26855.285714285714,26341.566666666666,414.4296137609097,479.1380683121241,0.0031379208505610823,-0.001989536511679324,814,-76,436.0,136.0,0.31,-0.2,0.33,1.7019376730065185,1.0195022207342406,0.9218892304471136,2014,12,1,16
2014-12-17,26802,-0.9579512093871897,-0.9634541626643502,-0.9685549609194994,0.5389177751682532,-0.89,False,False,False,False,27044.0,27173.0,35790.0,26964.571428571428,26398.1,329.2455300345408,457.4284455067718,-0.004747359511279581,0.0031379208505610823,324,-209,814.0,-76.0,-0.47,0.31,-0.2,2.4408374820977974,1.021458795465258,0.8042517612477926,2014,12,2,17
2014-12-18,26659,-0.9709559362165178,-0.9621933817110492,-0.9893258580174599,0.8186891467574847,-0.53,False,False,False,False,26802.0,27044.0,19260.0,27046.571428571428,26442.6,120.58172490495848,427.69483158630027,-0.008948380417098112,-0.004747359511279581,531,-229,324.0,-209.0,-0.89,-0.47,0.31,1.1616405307599518,1.0228408488035,0.6410062628639578,2014,12,3,18
2014-12-19,26859,-0.9881898425025378,-0.9820506817255408,-0.9814435688623364,0.04619940418467037,0.75,False,False,False,False,26659.0,26802.0,22400.0,26994.571428571428,26467.033333333333,190.5989306923249,417.9922028092263,-0.0053354227296470436,-0.008948380417098112,268,134,531.0,-229.0,-0.53,-0.89,-0.47,1.1906027426384607,1.0199318937107205,0.5408988201116159,2014,12,4,19
2014-12-22,26458,-0.9740220913226195,-0.9833114626788418,-1.008179441537147,0.16915624902324983,-1.49,False,False,False,False,26859.0,26659.0,13730.0,26966.714285714286,26505.033333333333,194.67212973444518,399.03206018762603,0.007502156870100141,-0.0053354227296470436,507,-401,268.0,134.0,0.75,-0.53,-0.89,0.6807139315815568,1.017418614290152,0.6563734199308479,2014,12,0,22
2014-12-23,26468,-1.012084706432848,-1.015881637305786,-1.0121205861147087,0.048872379072465576,0.04,False,False,False,False,26458.0,26859.0,15110.0,26869.0,26527.2,254.49688930668182,375.915012405506,-0.014929818682750673,0.007502156870100141,234,-31,507.0,-401.0,-1.49,0.75,-0.53,0.7316836957048085,1.012884887964052,0.39442070267097157,2014,12,1,23
2014-12-24,26433,-1.0119789769464307,-1.0249172341377768,-1.0073273021690257,-0.5578929204570461,-0.13,False,False,False,False,26468.0,26458.0,13760.0,26780.428571428572,26549.666666666668,272.80570445111124,349.8191979644242,0.00037795751757507823,-0.014929818682750673,103,-67,234.0,-31.0,0.04,-1.49,0.75,0.7047375160051217,1.0086917062899183,0.395630733545477,2014,12,2,24
2014-12-26,26894,-1.0151508615389497,-0.9812101610900068,-1.00104277432913,0.05065436233099571,1.74,False,False,False,False,26433.0,26468.0,6950.0,26674.714285714286,26569.866666666665,236.25672074114084,323.12874911689636,-0.0013223515188152124,0.00037795751757507823,460,424,103.0,-67.0,-0.13,0.04,-1.49,0.3778200597988584,1.0039461100939266,0.37094400017617973,2014,12,4,26
2014-12-29,26598,-0.9676783221375814,-0.9823658769638661,-0.9914562064377636,-0.21307915993146456,-1.1,False,False,False,False,26894.0,26433.0,13780.0,26653.285714285714,26584.4,201.4131030875555,327.6965164548642,0.017440320811107357,-0.0013223515188152124,359,-321,460.0,424.0,1.74,-0.13,0.04,0.7691448984148247,1.0025912081628967,0.6577863292034126,2014,12,0,29
2014-12-30,26908,-0.9965424719295046,-0.9667111801270446,-0.9966755600675075,0.27518425290579296,1.17,False,False,False,False,26598.0,26894.0,10820.0,26624.14285714286,26590.633333333335,190.78734109979928,326.0588568970642,-0.011006172380456647,0.017440320811107357,557,262,359.0,-321.0,-1.1,1.74,-0.13,0.6340091409820696,1.001260200288931,0.42158423611353996,2014,12,1,30
2014-12-31,26594,-0.9687356170017544,-0.9834165277582836,-0.998805908487811,-0.32979906336518855,-1.17,False,False,False,False,26908.0,26598.0,16300.0,26659.714285714286,26610.266666666666,219.43162510303253,326.8707361649523,0.011655011655011593,-0.011006172380456647,418,-315,557.0,262.0,1.17,-1.1,1.74,0.9708159618820726,1.001858215840789,0.6503694000306308,2014,12,2,31
2015-01-01,26586,-1.0003487334405274,-1.0109435785720233,-0.9936930722790823,-1.0149716262700261,-0.03,False,False,False,False,26594.0,26908.0,9510.0,26621.85714285714,26610.5,201.4418266496091,326.8560528894074,-0.011669392002378487,0.011655011655011593,108,-24,418.0,-315.0,-1.17,1.17,-1.1,0.6715153226945346,1.0004267917873448,0.3827982805732285,2015,1,3,1
2015-01-02,26700,-1.00299197060096,-1.0011725261839401,-1.0207484972169385,-0.99982476857252,0.43,False,False,False,False,26586.0,26594.0,1820.0,26640.14285714286,26606.366666666665,189.54720482577326,326.3380396031894,-0.00030081973377449334,-0.011669392002378487,455,115,108.0,-24.0,-0.03,-1.17,1.17,0.14656144306651633,1.0012694777494182,0.3710240002325499,2015,1,4,2
2015-01-05,26847,-0.9802601310212402,-0.9832063975994001,-0.9818696385463972,-1.1263455799281599,0.55,False,False,False,True,26700.0,26586.0,1990.0,26673.285714285714,26614.4,174.08303984599985,325.5506316891449,0.004287971112615585,-0.00030081973377449334,261,47,455.0,115.0,0.43,-0.03,-1.17,0.19177026115447623,1.0022125508854496,0.457424953315542,2015,1,0,5
2015-01-06,27385,-0.9490699325281364,-0.9274168404158283,-0.9345759036156566,1.196469597565874,2.0,False,False,True,False,26847.0,26700.0,570.0,26732.428571428572,26629.633333333335,147.07351579307337,325.38035921213134,0.005505617977528132,0.004287971112615585,348,290,261.0,47.0,0.55,0.43,-0.03,0.06290696391126807,1.0038601822566804,0.5641642189725452,2015,1,1,6
2015-01-07,27159,-0.9244349621929052,-0.9370828277244697,-0.9328716248794137,0.574557440338856,-0.83,False,False,False,False,27385.0,26847.0,26640.0,26802.571428571428,26660.033333333333,287.25357969524515,351.7747597672238,0.020039482996238034,0.005505617977528132,240,-169,348.0,290.0,2.0,0.55,0.43,2.60818484433131,1.0053465085154218,1.0101566345137498,2015,1,2,7
2015-01-08,26808,-0.9432548107751848,-0.9580958436128207,-0.9690875480245754,0.7589927075967252,-1.29,False,False,False,False,27159.0,27385.0,19660.0,26882.714285714286,26687.4,298.6970116389101,357.7425967330853,-0.008252693080153417,0.020039482996238034,380,-342,240.0,-169.0,-0.83,2.0,0.55,1.8196964087375047,1.0073185955062796,0.7868745691248139,2015,1,3,8
2015-01-09,26806,-0.985440875855688,-0.9867786103004198,-0.9786741159159418,0.5790123984851814,-0.01,False,False,False,False,26808.0,27159.0,21730.0,26868.428571428572,26701.1,299.6758566313443,354.0891520313702,-0.012923892632276557,-0.008252693080153417,197,55,380.0,-342.0,-1.29,-0.83,2.0,1.7692558215274385,1.0062667295140864,0.47949657106922444,2015,1,4,9
2015-01-12,27032,-0.9733877144041156,-0.9613528610755151,-0.9617378459745278,0.7768125401820265,0.84,False,False,False,False,26806.0,26808.0,19710.0,26898.714285714286,26720.066666666666,277.1880915467833,343.45194246312667,-7.460459564312405e-05,-0.012923892632276557,280,167,197.0,55.0,-0.01,-1.29,-0.83,1.530873786407767,1.0066858972051325,0.49286917801771185,2015,1,0,12
2015-01-13,27071,-0.9466381543405384,-0.9467488150331111,-0.94245819277078,0.8659117031085334,0.14,False,False,False,False,27032.0,26806.0,21930.0,26962.428571428572,26759.366666666665,242.4038346390722,306.2555258709919,0.008430948295157892,-7.460459564312405e-05,238,-47,280.0,167.0,0.84,-0.01,-1.29,1.567996567996568,1.007588442106698,0.7141734970132663,2015,1,1,13
2015-01-14,27210,-0.9577397504143551,-0.9444373832853925,-0.9535360045563589,0.9968874726104985,0.51,False,False,False,False,27071.0,27032.0,22930.0,27015.428571428572,26776.866666666665,214.40371354306808,308.63344326065754,0.0014427345368452915,0.008430948295157892,364,197,238.0,-47.0,0.14,0.84,-0.01,1.5652945593555874,1.0089092539366782,0.7635833423032936,2015,1,2,14
2015-01-15,27493,-0.9432548107751848,-0.9164900721538858,-0.9732417274441675,3.302773809148496,1.04,False,True,False,False,27210.0,27071.0,24400.0,27067.285714285714,26809.733333333334,210.74448532605038,300.1103168818522,0.005134645931070159,0.0014427345368452915,815,343,364.0,197.0,0.51,0.14,0.84,1.5119593506010658,1.0096066744771444,0.8772131436391687,2015,1,3,15
2015-01-16,27673,-0.9020203110724373,-0.8900136721345635,-0.9037923689422691,1.3657580071262367,0.65,False,False,False,False,27493.0,27210.0,50280.0,27082.714285714286,26842.966666666667,239.82751738560208,318.7914120046013,0.010400588019110701,0.005134645931070159,415,133,815.0,343.0,1.04,0.51,0.14,2.3961113229126956,1.0089314874180928,1.031455033569849,2015,1,4,16
2015-01-17,27627,-0.8928218457541321,-0.9079798007191036,-0.8778021182145648,-1.1771321027962687,-0.17,False,False,False,True,27673.0,27493.0,28540.0,27156.14285714286,26882.466666666667,329.13494120787294,345.5808437114196,0.006547121085367147,0.010400588019110701,0,0,415.0,133.0,0.65,1.04,0.51,1.207326875079318,1.0101804716758207,1.0513501876906541,2015,1,5,17
2015-01-19,27718,-0.8912359034578726,-0.8914845832467481,-0.8771630136884737,0.2270707049254793,0.33,False,False,False,False,27627.0,27673.0,0.0,27273.14285714286,26927.4,330.3177402500591,351.98673564358523,-0.0016622700827521042,0.006547121085367147,151,76,0.0,0.0,-0.17,0.65,1.04,0.0,1.0128398158434477,0.9459808317865127,2015,1,0,19
2015-01-20,28098,-0.8851035932456691,-0.8535560895682746,-0.8700263464804565,1.2793318190875251,1.37,False,False,False,False,27718.0,27627.0,15760.0,27403.428571428572,26977.066666666666,293.1193483566781,355.0050930508037,0.0032938791761683017,-0.0016622700827521042,445,398,151.0,76.0,0.33,-0.17,0.65,0.7006312794522984,1.0158046058168633,0.9413616553914979,2015,1,1,20
2015-01-21,27992,-0.8458779537848504,-0.837481132413686,-0.8540487333281793,1.2926966935265012,-0.38,False,False,False,False,28098.0,27718.0,27570.0,27555.714285714286,27012.9,340.99057381202977,409.8229516805877,0.013709502850133504,0.0032938791761683017,448,-79,445.0,398.0,1.37,0.33,-0.17,1.184024049817479,1.0200946320355935,1.0587473273137349,2015,1,2,21
2015-01-22,28055,-0.856979549858667,-0.8435749070213079,-0.8634222663775153,1.2784408274582602,0.23,False,False,False,False,27992.0,28098.0,27720.0,27687.285714285714,27044.166666666668,297.73238223050697,447.1484427850611,-0.0037725104989678737,0.013709502850133504,478,89,448.0,-79.0,-0.38,1.37,0.33,1.160609613130129,1.023780324073055,0.9418101792671149,2015,1,3,22
2015-01-23,27884,-0.8517988050242192,-0.856813107030969,-0.857989877905741,0.4729843946026382,-0.61,False,False,False,False,28055.0,27992.0,27560.0,27808.0,27074.6,237.09210587184023,483.61915765942956,0.0022506430408688605,-0.0037725104989678737,301,-131,478.0,89.0,0.23,-0.38,1.37,1.1171916170092018,1.02708811949207,0.9131114681535123,2015,1,4,23
2015-01-25,27887,-0.8653321792856338,-0.8806628800642473,-0.8501075887506175,-1.1771321027962687,0.01,False,False,False,True,27884.0,28055.0,18520.0,27863.85714285714,27101.133333333335,192.34814666090438,505.71102102055255,-0.006095170201390165,0.0022506430408688605,0,0,301.0,-131.0,-0.61,0.23,-0.38,0.7612627425189082,1.0281436130416615,0.7976957739449569,2015,1,6,25
2015-01-27,27934,-0.8729447023076795,-0.8653233784657511,-0.8823823673182176,0.6565286702312423,0.17,False,False,False,False,27887.0,27884.0,0.0,27894.428571428572,27124.933333333334,172.99022818556287,525.619301942718,0.00010758858126513893,-0.006095170201390165,449,119,0.0,0.0,0.01,-0.61,0.23,0.0,1.0283685577634072,0.7700615861456033,2015,1,1,27
2015-01-28,27795,-0.8643806139078781,-0.8715222181528146,-0.8624636095883786,0.17093823228177996,-0.5,False,False,False,False,27934.0,27887.0,20580.0,27938.285714285714,27154.6,126.58161304856733,545.6293171413831,0.0016853731129200522,0.00010758858126513893,203,-101,449.0,119.0,0.17,0.01,-0.61,0.9504456657276128,1.028860145768515,0.7676266520538342,2015,1,2,28
2015-01-29,27470,-0.8764337753594504,-0.8847604181624757,-0.8982534630494796,0.8373999709720512,-1.17,False,False,False,False,27795.0,27934.0,15130.0,27949.285714285714,27187.7,105.90516872172431,553.5635745192353,-0.004976014892245972,0.0016853731129200522,413,-312,203.0,-101.0,-0.5,0.17,0.01,0.8341603263865917,1.028012142045326,0.6791757279871982,2015,1,3,29
2015-01-30,27911,-0.9020203110724373,-0.8414736054324727,-0.8945253533139483,0.2832031775691786,1.61,False,False,False,False,27470.0,27795.0,22610.0,27859.571428571428,27214.733333333334,190.854968621972,546.6131414783299,-0.011692750494693316,-0.004976014892245972,790,371,413.0,-312.0,-1.17,-0.5,0.17,1.2886862353946993,1.0236944484202708,0.4843306789474188,2015,1,4,30
2015-02-02,28071,-0.8406972089504026,-0.8480927054373033,-0.8654460973768038,-0.9784409694701585,0.57,False,False,False,False,27911.0,27470.0,16390.0,27848.0,27249.8,183.81331108874727,556.656979749173,0.016053876956680035,-0.011692750494693316,454,-49,790.0,371.0,1.61,-1.17,-0.5,0.8543577981651376,1.0219524546969152,0.7173005203707011,2015,2,0,2
2015-02-03,27687,-0.8458779537848504,-0.8604903848114304,-0.8806780885819747,-1.129018554815955,-1.37,False,False,False,True,28071.0,27911.0,2230.0,27850.285714285714,27303.566666666666,186.8900873828781,555.438297472246,0.005732506896922285,0.016053876956680035,479,-384,454.0,-49.0,0.57,1.61,-1.17,0.12506309236722563,1.020023722698709,0.7836562943965509,2015,2,1,3
2015-02-04,27814,-0.8893327727023612,-0.8861262641952186,-0.8830214718443087,-1.1619852450987624,0.46,False,False,False,True,27687.0,28071.0,540.0,27822.14285714286,27344.2,195.59688866957669,536.4685548518565,-0.013679598161803974,0.005732506896922285,257,154,479.0,-384.0,-1.37,0.57,1.61,0.03569539925965098,1.0174787654106852,0.5454920957461262,2015,2,2,4
2015-02-05,27683,-0.8761165869001986,-0.8792970340315045,-0.895484010103085,-1.167331194874353,-0.47,False,False,False,True,27814.0,27687.0,170.0,27811.714285714286,27390.233333333334,193.4973852415435,514.3798196377662,0.004586990284249026,-0.013679598161803974,439,-102,257.0,154.0,0.46,-1.37,0.57,0.01373959427786309,1.01538800152783,0.6021300328864371,2015,2,3,5
2015-02-06,26968,-0.906460949501964,-0.9110266880229145,-0.9539620742404196,0.8044332806892437,-2.58,False,False,True,False,27683.0,27814.0,110.0,27775.85714285714,27416.533333333333,190.28962887456595,508.2670173437809,-0.004709858344718487,0.004586990284249026,686,-530,439.0,-102.0,-0.47,0.46,-1.37,0.011425010386373079,1.0131060993436007,0.4823233746005821,2015,2,4,6
2015-02-09,27119,-0.9579512093871897,-0.9557844118651021,-0.9450146108751444,0.03461651300422448,0.56,False,False,False,False,26968.0,27683.0,22240.0,27657.714285714286,27428.866666666665,358.6603380572198,491.94713294133237,-0.02582812556442582,-0.004709858344718487,176,108,686.0,-530.0,-2.58,-0.47,0.46,2.224,1.008343312971284,-0.06969327538317378,2015,2,0,9
2015-02-10,27016,-0.9400829261826658,-0.954943891229568,-0.9462928199273265,0.028379571599369,-0.38,False,False,False,False,27119.0,26968.0,13600.0,27607.571428571428,27435.9,410.12187503355085,485.71237054099464,0.005599228715514659,-0.02582812556442582,196,-164,176.0,108.0,0.56,-2.58,-0.47,1.1971830985915493,1.006257182325764,0.038752721554102615,2015,2,1,10
2015-02-11,26817,-0.9538277594169149,-0.9686023515569961,-0.9690875480245754,0.30904193481786557,-0.74,False,False,False,False,27016.0,27119.0,13530.0,27479.714285714286,27449.966666666667,438.3026786312476,466.2085875725969,-0.0037980751502636467,0.005599228715514659,280,-233,196.0,-164.0,-0.38,0.56,-2.58,1.2698263725950258,1.0010837032849202,-0.00552789025230081,2015,2,2,11
2015-02-12,26635,-0.9849122284236015,-0.9822608118844243,-0.9850651611768526,0.2350896295888649,-0.68,False,False,False,False,26817.0,27016.0,16680.0,27300.571428571428,27457.666666666668,411.82150548635656,453.17244440479186,-0.00736600533017473,-0.0037980751502636467,300,-121,280.0,-233.0,-0.74,-0.38,0.56,1.5430157261794635,0.9942786384581632,-0.04499413289366075,2015,2,3,12
2015-02-13,26694,-0.9908330796629704,-0.9932926452258086,-0.9827217779145186,0.3527005246518539,0.22,False,False,False,False,26635.0,26817.0,15850.0,27150.285714285714,27455.5,438.3946906179508,457.0585678912025,-0.006786739754633286,-0.00736600533017473,173,-6,300.0,-121.0,-0.68,-0.74,-0.38,1.5640418393526743,0.9888833098754608,-0.04123139144509138,2015,2,4,13
2015-02-16,26742,-0.9887184899346243,-0.9860431547443275,-0.9744134190753345,-0.3984054188185988,0.18,False,False,False,False,26694.0,26635.0,17170.0,26990.285714285714,27450.4,351.5725218149882,464.86939953140455,0.0022151304674300487,-0.006786739754633286,164,22,173.0,-6.0,0.22,-0.68,-0.74,1.68135526831179,0.9832383394881573,0.06066703719416645,2015,2,0,16
2015-02-17,26241,-0.9885070309617897,-1.0030636976138918,-1.0282047166880013,-0.1756575115023317,-1.87,False,False,True,False,26742.0,26694.0,8740.0,26855.85714285714,27428.966666666667,181.160544427482,482.4783349313858,0.0017981568891884958,0.0022151304674300487,507,-481,164.0,22.0,0.18,0.22,-0.68,0.8045659578385345,0.979105683025748,0.1327115246635294,2015,2,1,17
2015-02-18,26181,-1.035239463958237,-1.0379453039885544,-1.037471732316322,0.21014186396944298,-0.23,False,False,False,False,26241.0,26742.0,11240.0,26752.0,27398.366666666665,284.8637101026678,527.2265418553839,-0.01873457482611618,0.0017981568891884958,262,-99,507.0,-481.0,-1.87,0.18,0.22,0.9419257521159808,0.9764085693672738,-0.010319133009885902,2015,2,2,18
2015-02-19,26294,-1.0373540536865828,-1.0241817785816845,-1.0299089954242442,0.29835003526668474,0.43,False,False,False,False,26181.0,26241.0,15570.0,26618.0,27377.466666666667,303.46444053100475,562.6725472264544,-0.0022864982279638957,-0.01873457482611618,322,34,262.0,-99.0,-0.23,-1.87,0.18,1.1556446225784902,0.9722594250259338,0.039426398363014835,2015,2,3,19
2015-02-20,26317,-1.0292128832324507,-1.0332173754136755,-1.0312937218974414,0.16648327413545463,0.09,False,False,False,False,26294.0,26181.0,16560.0,26514.85714285714,27360.4,266.0347274146918,587.8071229520048,0.0043161071005690665,-0.0022864982279638957,249,-20,322.0,34.0,0.43,-0.23,-1.87,1.0953829871676148,0.9690961076174741,0.12972458746297777,2015,2,4,20
2015-02-21,26319,-1.031116013987962,-1.045404924628919,-1.0171269049024223,-1.1771321027962687,0.01,False,False,False,True,26317.0,26294.0,15080.0,26443.428571428572,27336.566666666666,236.92112410621996,615.4279522152278,0.0008747242716968806,0.0043161071005690665,0,0,249.0,-20.0,0.09,0.43,-0.23,1.0470767948895987,0.9673280808768441,0.17592012804801452,2015,2,5,21
2015-02-23,26178,-1.0351337344718197,-1.0463505103438948,-1.05099944478525,0.48011232763675876,-0.54,False,False,False,False,26319.0,26317.0,0.0,26398.285714285714,27311.5,224.09351789385212,641.3848567613475,7.599650416079129e-05,0.0008747242716968806,309,-103,0.0,0.0,0.01,0.09,0.43,0.0,0.9665630124411224,0.20790776637909425,2015,2,0,23
2015-02-24,26077,-1.0416889626296923,-1.0498176579654728,-1.0495082008910375,0.10144088519910462,-0.39,False,False,False,False,26178.0,26319.0,18600.0,26324.571428571428,27277.1,193.3691264079113,673.8689297502732,-0.00535734640373875,7.599650416079129e-05,262,-142,309.0,-103.0,-0.54,0.01,0.09,1.3727950402243707,0.9650795512928951,0.1866546151102381,2015,2,1,24
2015-02-25,26142,-1.0502530510294936,-1.0428833627223169,-1.0383238716844434,0.09253096890645393,0.25,False,False,False,False,26077.0,26178.0,14350.0,26229.571428571428,27229.9,89.64719207962763,707.0012607899978,-0.0038582015432806482,-0.00535734640373875,223,4,262.0,-142.0,-0.39,-0.54,0.01,1.0776509462300992,0.9632635973166052,0.18213278990615928,2015,2,2,25
2015-02-26,26239,-1.043697822871621,-1.0400466055773896,-1.0298024780032289,0.12549765918926148,0.37,False,False,False,False,26142.0,26077.0,14250.0,26215.428571428572,27178.866666666665,95.18203111807435,728.8330177867384,0.002492618015875969,-0.0038582015432806482,170,39,223.0,4.0,0.25,-0.39,-0.54,1.0831559744603223,0.9645519400402485,0.23526667146765357,2015,2,3,26
2015-02-27,26206,-1.039151454955677,-1.0452998595494774,-1.0370456626322613,0.03105254648716421,-0.13,False,False,False,False,26239.0,26142.0,14620.0,26223.714285714286,27132.6,94.2049437594134,743.315897945126,0.0037105041695355556,0.002492618015875969,188,-37,170.0,39.0,0.37,0.25,-0.39,1.133245484846136,0.9665020781537444,0.2916383430531051,2015,2,4,27
2015-02-28,26480,-1.0531077471627608,-1.0244969738200098,-1.0465257131026124,-0.45097392494523786,1.05,False,False,False,False,26206.0,26239.0,13560.0,26211.14285714286,27082.2,88.98956600234672,753.4455749971612,-0.0012576698807119646,0.0037105041695355556,475,369,188.0,-37.0,-0.13,0.37,0.25,1.0132257341403272,0.9678365441929703,0.29242011798707473,2015,2,5,28
2015-03-02,26541,-1.011133141055092,-0.9741708007674091,-1.0042382969595853,-0.7245083551296139,0.23,False,False,False,False,26480.0,26206.0,8150.0,26234.428571428572,27028.266666666666,132.16007609875317,735.9314498311824,0.01045562085018692,-0.0012576698807119646,557,33,475.0,369.0,1.05,-0.13,0.37,0.6233746366834939,0.9706293376105721,0.4364101302595469,2015,3,0,2
2015-03-03,26453,-1.0091242808131635,-1.015776572226344,-1.0084989938001925,-1.0835779817234366,-0.33,False,False,False,False,26541.0,26480.0,5080.0,26266.14285714286,26979.9,175.3999511325031,717.8686053051882,0.0023036253776436144,0.01045562085018692,201,-74,557.0,33.0,0.23,1.05,-0.13,0.4224532224532225,0.9735448558794828,0.4979267479362867,2015,3,1,3
2015-03-04,26539,-1.0119789769464307,-1.015881637305786,-1.0083924763791774,-0.883104865138796,0.33,False,False,False,False,26453.0,26541.0,1050.0,26305.428571428572,26926.5,182.99986989365027,694.3357406109234,-0.003315624882257673,0.0023036253776436144,199,39,201.0,-74.0,-0.33,0.23,1.05,0.10024823372159633,0.9769345652583356,0.47647482254338747,2015,3,2,4
2015-03-05,26473,-1.0109216820822575,-1.0159867023852276,-1.0065816802219194,-1.157530286952437,-0.25,False,False,False,True,26539.0,26453.0,3300.0,26371.428571428572,26881.666666666668,169.7143257980629,673.4883627151354,0.0032510490303556683,-0.003315624882257673,181,-37,199.0,39.0,0.33,-0.33,0.23,0.35499139414802067,0.9810191048953526,0.5650923781863312,2015,3,3,5
2015-03-06,26058,-1.01356491924269,-1.0232361928667086,-1.0484430266808857,0.21994277189135872,-1.57,False,False,False,False,26473.0,26539.0,220.0,26418.714285714286,26834.533333333333,138.35065869753637,649.7659384060694,-0.0024869060627755735,0.0032510490303556683,505,-427,181.0,-37.0,-0.25,0.33,-0.33,0.02361021678471775,0.9845043309509496,0.5430310574769617,2015,3,4,6
2015-03-09,26062,-1.0546936894590204,-1.0603241659096483,-1.0467387479446428,-0.05893760806860771,0.02,False,False,False,False,26058.0,26473.0,15680.0,26392.85714285714,26772.0,186.1821944331613,630.2857042370563,-0.01567634948815777,-0.0024869060627755735,136,-34,505.0,-427.0,-1.57,-0.25,0.33,1.7372036339463772,0.9858380824315383,0.14373073724455734,2015,3,0,9
2015-03-10,25960,-1.0595572458342162,-1.0684141770266633,-1.069746510883922,0.7099881679871464,-0.39,False,False,False,False,26062.0,26058.0,12550.0,26372.285714285714,26714.233333333334,215.85930161884747,612.4569898106386,0.0001535037224653646,-0.01567634948815777,275,-90,136.0,-34.0,0.02,-1.57,-0.25,1.4187203255708796,0.9871997966484426,0.16944482825178492,2015,3,1,10
2015-03-11,25716,-1.0670640393698445,-1.0793409452886058,-1.0840198452999563,0.4177429135882039,-0.94,False,False,False,False,25960.0,26062.0,21180.0,26298.0,26663.9,257.9793273374317,610.2482451345144,-0.003913744148568821,0.0001535037224653646,305,-263,275.0,-90.0,-0.39,0.02,-1.57,2.2203585281476044,0.9862773262726007,0.09839332359525832,2015,3,2,11
2015-03-12,25690,-1.0912760917594067,-1.0904778437094318,-1.0927542738232012,0.717116101021267,-0.1,False,False,False,False,25716.0,25960.0,17900.0,26180.14285714286,26590.733333333334,311.38477193115904,586.7014710157653,-0.00939907550077046,-0.003913744148568821,281,-60,305.0,-263.0,-0.94,-0.39,0.02,1.814127901084423,0.9845588885780833,-0.07727100097726818,2015,3,3,12
2015-03-13,25909,-1.0912760917594067,-1.0846992643401354,-1.0777353174600606,0.5834673566315067,0.85,False,False,False,False,25690.0,25716.0,21260.0,26071.14285714286,26511.366666666665,332.76239199157794,538.6284935120937,-0.0010110437081972679,-0.00939907550077046,195,159,281.0,-60.0,-0.1,-0.94,-0.39,1.9986838394284103,0.983394903210429,-0.03920939907883812,2015,3,4,13
2015-03-14,25922,-1.0730906200956307,-1.0871157611672957,-1.0594143210454494,-1.1771321027962687,0.05,False,False,False,True,25909.0,25690.0,19760.0,25981.14285714286,26452.1,263.022450608231,501.338026925453,0.008524717789022862,-0.0010110437081972679,0,0,195.0,159.0,0.85,-0.1,-0.94,1.6748601457874217,0.9821958505049829,0.21642562497712106,2015,3,5,14
2015-03-16,25797,-1.0706588419080327,-1.0823878325924168,-1.0793330787752884,0.11926071778440599,-0.48,False,False,False,False,25922.0,25909.0,0.0,25902.428571428572,26389.033333333333,149.04569449592037,439.26925866640215,0.0005017561465128217,0.008524717789022862,232,-148,0.0,0.0,0.05,0.85,-0.1,0.0,0.9815603415343712,0.24969675853465476,2015,3,0,16
2015-03-17,25635,-1.0922276571371623,-1.0967817484759372,-1.0989322842420817,0.652964703714182,-0.63,False,False,False,False,25797.0,25922.0,14550.0,25865.14285714286,26326.166666666668,135.68889486848008,378.4430065353901,-0.004822158784044461,0.0005017561465128217,279,-106,232.0,-148.0,-0.48,0.05,0.85,1.1511075949367089,0.9824880008031119,0.1676672247671788,2015,3,1,17
2015-03-18,25653,-1.100263098104877,-1.1104402088033654,-1.1022343242935524,0.28409416919844366,0.07,False,False,False,False,25635.0,25797.0,20540.0,25804.14285714286,26281.733333333334,128.21522084876588,378.7404655302011,-0.00627979997674144,-0.004822158784044461,180,-12,279.0,-106.0,-0.63,-0.48,0.05,1.429963798384851,0.9818280449720285,0.08089453813511556,2015,3,2,18
2015-03-19,25970,-1.095293812243264,-1.0797612056063728,-1.0817829794586376,0.7233530424261224,1.24,False,False,False,False,25653.0,25635.0,16400.0,25760.285714285714,26232.866666666665,118.1266471295155,361.15415882547416,0.000702165008777067,-0.00627979997674144,280,258,180.0,-12.0,0.07,-0.63,-0.48,1.0261544237266926,0.981985157840891,0.14239130412611284,2015,3,3,19
2015-03-20,26195,-1.0652666381007505,-1.052759480189842,-1.0601599429925557,0.4587285285343971,0.87,False,False,False,False,25970.0,25653.0,21330.0,25796.571428571428,26198.0,139.35907713926477,332.2788608675982,0.012357229173975748,0.000702165008777067,334,199,280.0,258.0,1.24,0.07,-0.63,1.2890554179005258,0.9846771291156359,0.41255061024474465,2015,3,4,20
2015-03-23,26208,-1.0442264703037074,-1.0551759770170022,-1.0416259117359141,-0.1560556956585002,0.05,False,False,False,False,26195.0,25970.0,18360.0,25868.714285714286,26177.266666666666,194.71407609293203,311.05049300003225,0.008663842895648921,0.012357229173975748,137,13,334.0,199.0,0.87,1.24,0.07,1.071929005137786,0.9882129641386401,0.5927804855347709,2015,3,0,23
2015-03-24,26350,-1.045812412599967,-1.038050369067996,-1.0361935232641397,0.08718501913086352,0.54,False,False,False,False,26208.0,26195.0,11460.0,25911.428571428572,26163.033333333333,233.88092208309092,298.91568218752553,0.0004962779156327812,0.008663842895648921,249,170,137.0,13.0,0.05,0.87,1.24,0.709333993562763,0.9903831960652589,0.6004017640037157,2015,3,1,24
2015-03-25,26491,-1.031750390906466,-1.024391908740568,-1.0277786470039405,0.14955443317941833,0.54,False,False,False,False,26350.0,26208.0,14190.0,25972.571428571428,26151.566666666666,287.01501536987183,284.0746239180594,0.005418192918192899,0.0004962779156327812,300,178,249.0,170.0,0.54,0.05,0.87,0.8989547038327527,0.9931554678778236,0.7093670803891802,2015,3,2,25
2015-03-26,26805,-1.0099701167045019,-0.9748011912440597,-0.995823420699386,0.327752759032432,1.19,False,False,False,False,26491.0,26350.0,14890.0,26071.714285714286,26143.2,332.51652304116055,269.4027109919647,0.005351043643263775,0.005418192918192899,472,286,300.0,178.0,0.54,0.54,0.05,0.9829680485872723,0.9972656096313491,0.8002093260083423,2015,3,3,26
2015-03-27,26564,-0.9830090976680901,-0.9976003134829206,-1.010522824799481,0.22528872166694913,-0.9,False,False,False,False,26805.0,26491.0,16890.0,26238.85714285714,26162.0,368.5183978093178,294.93237097415846,0.01185308217885317,0.005351043643263775,393,-210,472.0,286.0,1.19,0.54,0.54,1.136531861920463,1.0029377395786692,0.9905723123211486,2015,3,4,27
2015-03-30,26239,-1.0153623205117843,-1.0297502277920976,-1.0298024780032289,-0.231789984146031,-1.22,False,False,False,False,26564.0,26805.0,15740.0,26369.0,26174.766666666666,276.51521959342114,303.9351885694317,-0.008990859914195126,0.01185308217885317,268,-229,393.0,-210.0,-0.9,1.19,0.54,0.9577121995740797,1.007420632848685,0.8154590142787981,2015,3,0,30
2015-03-31,26061,-1.043697822871621,-1.0463505103438948,-1.0489756137859616,-0.7066885225443125,-0.68,False,False,False,False,26239.0,26564.0,10610.0,26407.428571428572,26172.933333333334,225.8781804005912,303.3565028415469,-0.012234603222406215,-0.008990859914195126,290,-139,268.0,-229.0,-1.22,-0.9,1.19,0.6614300854061468,1.0089594557518162,0.592862748192878,2015,3,1,31
2015-04-01,26510,-1.0519447228121706,-0.9948686214174349,-1.0447149169453542,-1.0345734421138577,1.72,False,False,False,False,26061.0,26239.0,5280.0,26388.285714285714,26164.4,251.14651386929918,302.76423056647104,-0.006783795114143065,-0.012234603222406215,740,388,290.0,-139.0,-0.68,-1.22,-0.9,0.363761625904237,1.0085568831804175,0.4794597871797564,2015,4,2,1
2015-04-02,26548,-1.0013002988182833,-1.0056903245999356,-1.0021079485392816,-0.48215863196951525,0.14,False,False,False,False,26510.0,26061.0,1600.0,26431.428571428572,26170.766666666666,240.73834838072838,308.0887336730341,0.017228809331951922,-0.006783795114143065,237,-53,740.0,388.0,1.72,-0.68,-1.22,0.12274645186037592,1.0099600408380052,0.8185711420288001,2015,4,3,2
2015-04-06,26941,-0.9987627911442679,-0.9698631325102972,-0.9845325740717767,0.03283452974569435,1.48,False,False,False,False,26548.0,26510.0,7800.0,26459.714285714286,26183.1,241.2078732035201,315.70013598703054,0.0014334213504338944,0.017228809331951922,413,316,237.0,-53.0,0.14,1.72,-0.68,0.6676938880328711,1.010564611742471,0.8141720938517226,2015,4,0,6
2015-04-07,26829,-0.9670439452190775,-0.9814202912488903,-0.9657855079731048,-0.3814765778625625,-0.42,False,False,False,False,26941.0,26548.0,13580.0,26524.0,26211.9,302.98954877485664,343.8425210914187,0.014803375018833886,0.0014334213504338944,127,-96,413.0,316.0,1.48,0.14,1.72,1.212067118886112,1.0119068056874931,1.0004341431013148,2015,4,1,7
2015-04-08,26682,-0.9758194925917136,-0.9871988706181868,-0.9855977482819286,-0.1213070221171625,-0.55,False,False,False,False,26829.0,26941.0,8930.0,26527.428571428572,26234.8,306.8109391483247,361.45285379617223,-0.004157232470955008,0.014803375018833886,258,-160,127.0,-96.0,-0.42,1.48,0.14,0.8154506437768241,1.0111542139230554,0.8775587827050948,2015,4,2,8
2015-04-09,26452,-1.0001372744676928,-1.0146208563524848,-1.0074338195900407,-0.06695653273199333,-0.86,False,False,False,False,26682.0,26829.0,11850.0,26544.285714285714,26249.566666666666,312.3468767711556,370.5645909853076,-0.0054791457005478605,-0.004157232470955008,202,-160,258.0,-160.0,-0.55,-0.42,1.48,1.1057198842959783,1.0112275776343882,0.7620990238631514,2015,4,3,9
2015-04-10,26703,-1.013882107701942,-1.0001218753895227,-1.0029600879074032,0.030161554857899137,0.95,False,False,False,False,26452.0,26682.0,12460.0,26574.714285714286,26257.766666666666,286.9957690083506,372.28508573084787,-0.008620043475001893,-0.0054791457005478605,298,221,202.0,-160.0,-0.86,-0.55,-0.42,1.1896123734962765,1.0120706236395183,0.6044629782314151,2015,4,4,10
2015-04-13,26616,-0.9905158912037185,-1.0022231769783578,-0.9925213806479154,-0.2513917999898625,-0.33,False,False,False,False,26703.0,26452.0,13550.0,26666.428571428572,26265.2,176.95277820482394,379.0403854383544,0.009488885528504465,-0.008620043475001893,180,-87,298.0,221.0,0.95,-0.86,-0.55,1.3362919132149902,1.0152760523974145,0.7392190646371791,2015,4,0,13
2015-04-14,26454,-1.004683642383637,-1.0191386547684802,-1.0191507359017107,-0.40196938533565907,-0.61,False,False,False,False,26616.0,26703.0,10390.0,26681.571428571428,26267.7,165.50010789846962,381.1635679303492,-0.00325806089203462,0.009488885528504465,269,-115,180.0,-87.0,-0.33,0.95,-0.86,1.08172826652785,1.015755906629489,0.6646393510435654,2015,4,1,14
2015-04-15,26644,-1.0172654512672956,-1.0074764309504456,-1.0097772028523748,-0.06873851599052347,0.72,False,False,False,False,26454.0,26616.0,8700.0,26668.14285714286,26267.733333333334,181.21205678411522,381.18037483725743,-0.00608656447249778,-0.00325806089203462,292,194,269.0,-115.0,-0.61,-0.33,0.95,0.9241555130656469,1.0152433983826619,0.5405906782488823,2015,4,2,15
2015-04-16,26533,-0.9967539309023392,-1.0011725261839401,-1.0008297394870995,-0.02507992615653511,-0.42,False,False,False,False,26644.0,26454.0,12440.0,26625.714285714286,26271.233333333334,135.7432801112438,384.22691601273584,0.007182278672412501,-0.00608656447249778,268,-111,292.0,194.0,0.72,-0.61,-0.33,1.228035538005923,1.0134931218448424,0.6560602834275705,2015,4,3,16
2015-04-17,26702,-1.0088070923539116,-1.0022231769783578,-0.9957169032783708,-0.14090883796099402,0.64,False,False,False,False,26533.0,26644.0,12930.0,26583.428571428572,26273.233333333334,104.33257264348792,385.46753370469725,-0.004166041134964771,0.007182278672412501,210,172,268.0,-111.0,-0.42,0.72,-0.61,1.1480067477581462,1.0118065117513226,0.5420408279443123,2015,4,4,17
2015-04-20,26719,-0.9909388091493877,-0.9897204325247889,-0.9797392901260935,-0.10883313930745155,0.06,False,False,False,False,26702.0,26533.0,11630.0,26586.285714285714,26294.7,107.7013065319745,390.9608984771766,0.006369426751592355,-0.004166041134964771,179,20,210.0,172.0,0.64,-0.42,0.72,0.9986261377296926,1.0110891439828449,0.6909419090885518,2015,4,0,20
2015-04-21,26803,-0.9860752527741918,-0.9927673198285998,-0.9837869521246705,0.09253096890645393,0.31,False,False,False,False,26719.0,26702.0,11990.0,26624.428571428572,26316.6,99.15788276484844,395.8472014511408,0.0006366564302300315,0.006369426751592355,188,58,179.0,20.0,0.06,0.64,-0.42,1.043788630625925,1.0116971254428222,0.6892606515650554,2015,4,1,21
2015-04-22,26489,-0.9825861797224209,-0.9898254976042307,-1.002214465960297,0.2965680520081546,-1.17,False,False,False,False,26803.0,26719.0,14250.0,26638.714285714286,26344.7,117.8130076096273,399.56391314757275,0.003143830233167444,0.0006366564302300315,389,-289,188.0,58.0,0.31,0.06,0.64,1.185622763957068,1.0111602821711496,0.7616610343617405,2015,4,2,22
2015-04-23,26777,-1.010393034650171,-0.9957091420529689,-1.0020014311182666,-0.06250157458566799,1.09,False,False,False,False,26489.0,26803.0,16540.0,26620.571428571428,26370.466666666667,130.9412809153055,382.16847100464577,-0.011715106517927065,0.003143830233167444,331,262,389.0,-289.0,-1.17,0.31,0.06,1.3244714926329275,1.009484275157743,0.37775253321337576,2015,4,3,23
2015-04-24,26574,-0.9872382771247822,-0.9907710833192065,-0.9956103858573556,-0.020624968010209768,-0.76,False,False,False,False,26777.0,26489.0,12510.0,26666.714285714286,26406.7,118.80897032081283,366.64265699884834,0.010872437615613961,-0.011715106517927065,318,-160,331.0,262.0,1.09,-1.17,0.31,1.001360762026735,1.0098465270448138,0.7087175866730853,2015,4,4,24
2015-04-27,26944,-0.9988685206306853,-0.975956907117919,-0.9884737186493384,-0.03398984244918579,1.39,False,False,False,False,26574.0,26777.0,12980.0,26656.714285714286,26428.866666666665,123.8772433851034,355.44636661579295,-0.00758113306195618,0.010872437615613961,392,320,318.0,-160.0,-0.76,1.09,-1.17,1.0437439691219041,1.008621164952752,0.47775777452830465,2015,4,0,27
2015-04-28,27036,-0.9623918478167164,-0.9676567658420204,-0.962376950500619,-0.34316393780416454,0.34,False,False,False,False,26944.0,26574.0,12830.0,26715.428571428572,26462.933333333334,150.09425610063957,354.1650631473397,0.013923383758561059,-0.00758113306195618,226,67,392.0,320.0,1.39,-0.76,1.09,1.0118296529968454,1.0095414682459707,0.8838708095583316,2015,4,1,28
2015-04-29,27096,-0.9607001760340396,-0.9591464944072382,-0.9495948599787972,-0.40820632674051455,0.22,False,False,False,False,27036.0,26944.0,9360.0,26763.14285714286,26504.233333333334,192.27534819608664,345.97794262314187,0.0034144893111638375,0.013923383758561059,187,111,226.0,67.0,0.34,1.39,-0.76,0.7343480307547466,1.009768610189675,0.9414066024943549,2015,4,2,29
2015-04-30,26593,-0.9531933824984111,-0.9583059737717042,-0.9978472516986744,-0.24782783347280224,-1.86,False,False,True,False,27096.0,27036.0,8630.0,26817.0,26552.933333333334,227.4349723916302,321.3544539252571,0.002219263204616073,0.0034144893111638375,648,-463,187.0,111.0,0.22,0.34,1.39,0.6979377274565305,1.0099449150627426,1.0121091627802512,2015,4,3,30
2015-05-01,26483,-1.0043664539243848,-1.018823459530155,-1.0191507359017107,-0.9971517936847248,-0.41,False,False,False,False,26593.0,27096.0,10430.0,26787.0,26584.266666666666,242.91287875858416,272.729742866092,-0.018563625627398883,0.002219263204616073,272,-89,648.0,-463.0,-1.86,0.22,0.34,0.8609162195625258,1.0076260645394268,0.34916395762466634,2015,5,4,1
2015-05-04,26747,-1.0035206180330465,-0.9618781864727238,-0.9893258580174599,-1.142383429254931,1.0,False,False,False,True,26483.0,26593.0,2020.0,26786.14285714286,26601.366666666665,244.14710631896781,247.83357643652857,-0.004136426879253974,-0.018563625627398883,534,167,272.0,-89.0,-0.41,-1.86,0.22,0.18110095033171955,1.0069461164455031,0.2128047097516979,2015,5,0,4
2015-05-05,26852,-0.9872382771247822,-0.9675517007625787,-0.982934812756549,-1.1602032618402325,0.39,False,False,False,True,26747.0,26483.0,390.0,26781.85714285714,26619.766666666666,244.5972394037298,236.87195483769221,0.009968659139825586,-0.004136426879253974,420,118,534.0,167.0,1.0,-0.41,-1.86,0.03902341404842906,1.0060891020654004,0.5722636708123361,2015,5,1,5
2015-05-06,26928,-0.9644007080586451,-0.9665010499681611,-0.9621639156585886,0.15400939132574365,0.28,False,False,False,False,26852.0,26747.0,190.0,26821.571428571428,26641.233333333334,227.1716363921059,227.25478384784708,0.003925673907354099,0.009968659139825586,235,-22,420.0,118.0,0.39,1.0,-0.41,0.022123893805309734,1.0067691346335852,0.712221905461249,2015,5,2,6
2015-05-07,26951,-0.969264264433841,-0.9686023515569961,-0.9592879452911787,0.23598062121812996,0.09,False,False,False,False,26928.0,26852.0,14940.0,26819.285714285714,26660.5,225.8109196400526,226.21164182391874,0.0028303292119766787,0.003925673907354099,188,47,235.0,-22.0,0.28,0.39,1.0,1.7726625533934504,1.0059558415740784,0.7872246544192336,2015,5,3,7
2015-05-08,26903,-0.963343413194472,-0.9718593690196906,-0.9632290898687405,0.2796392110521183,-0.18,False,False,False,False,26951.0,26928.0,15860.0,26807.14285714286,26675.833333333332,214.20195188324374,229.8864912314225,0.0008541295306001562,0.0028303292119766787,194,-57,188.0,47.0,0.09,0.28,0.39,1.8098824603446309,1.0049224150626794,0.7884518240635204,2015,5,4,8
2015-05-11,26853,-0.9698986413523447,-0.9771126229917784,-0.9673832692883325,0.07114716980409229,-0.19,False,False,False,False,26903.0,26951.0,16350.0,26779.571428571428,26679.1,180.61179099863637,232.46703140397165,-0.0017810099810767754,0.0008541295306001562,183,-45,194.0,-57.0,-0.18,0.09,0.28,1.7967032967032968,1.0037659227099651,0.7080195973803447,2015,5,0,11
2015-05-12,27180,-0.9697929118659274,-0.9502159626546891,-0.9560924226607233,0.3821032484176012,1.22,False,False,False,False,26853.0,26903.0,14010.0,26816.714285714286,26688.733333333334,161.5804384675106,233.51850452189504,-0.0018585287886109247,-0.0017810099810767754,333,281,183.0,-45.0,-0.19,-0.18,0.09,1.5198524625732264,1.0047953175889808,0.6285936257417559,2015,5,1,12
2015-05-13,27539,-0.9452636710171135,-0.9140735753267254,-0.9378779436671272,0.7563197327089299,1.32,False,False,False,False,27180.0,26853.0,17500.0,26916.285714285714,26720.1,134.07673708993264,234.22378777301375,0.012177410345212802,-0.0018585287886109247,506,408,333.0,281.0,1.22,-0.19,-0.18,1.7444178628389155,1.0073422522477729,0.9844671776463805,2015,5,2,13
2015-05-14,27444,-0.9099500225537349,-0.9109216229434728,-0.9051770954154664,0.5175339760658916,-0.34,False,False,False,False,27539.0,27180.0,21700.0,27029.428571428572,26769.366666666665,250.78733164654452,245.95562864972499,0.013208241353936723,0.012177410345212802,229,-21,506.0,408.0,1.32,1.22,-0.19,1.9137490078490167,1.0097149068933984,1.1814123878488108,2015,5,3,14
2015-05-15,27473,-0.9150250379017654,-0.9213230658082064,-0.9168940117271365,0.2431085542522505,0.11,False,False,False,False,27444.0,27539.0,19020.0,27114.0,26800.5,279.1916904209469,269.93687001448086,-0.0034496532190710916,0.013208241353936723,240,56,229.0,-21.0,-0.34,1.32,1.22,1.559272011805214,1.0116975429562882,1.0003826601702508,2015,5,4,15
2015-05-18,27629,-0.904346359773618,-0.9008353753170643,-0.8899451042102955,0.06491022839923681,0.57,False,False,False,False,27473.0,27444.0,15940.0,27191.85714285714,26831.333333333332,294.2620309473284,292.02566412193323,0.0010566972744496805,-0.0034496532190710916,182,111,240.0,56.0,0.11,-0.34,1.32,1.1729212656364973,1.0134366714111789,0.9505145014814355,2015,5,0,18
2015-05-19,27309,-0.8993770739120048,-0.9109216229434728,-0.9162549072010453,0.38834018982245666,-1.16,False,False,False,False,27629.0,27473.0,13940.0,27288.714285714286,26854.266666666666,312.77079695628913,325.97640419524436,0.0056783023331998805,0.0010566972744496805,333,-256,182.0,111.0,0.57,0.11,-0.34,0.9327534292405487,1.0161779736695207,0.9862095300750067,2015,5,1,19
2015-05-20,27299,-0.9295099775409357,-0.9349815261356346,-0.9227524698829714,-0.1560556956585002,-0.04,False,False,False,False,27309.0,27629.0,17570.0,27346.714285714286,26870.266666666666,263.00869078543894,336.30968213680177,-0.011582033370733602,0.0056783023331998805,165,19,333.0,-256.0,-1.16,0.57,0.11,1.0531678954624468,1.0177314064262215,0.7293980780825582,2015,5,2,20
2015-05-21,27130,-0.9295099775409357,-0.938238543598329,-0.933084659721444,-0.02329794289800497,-0.62,False,False,False,False,27299.0,27309.0,11460.0,27410.428571428572,26890.833333333332,155.53548056434957,343.1949363960964,-0.0003661796477352208,-0.011582033370733602,231,-150,165.0,19.0,-0.04,-1.16,0.57,0.7015610651974288,1.019322392566063,0.7015230199867314,2015,5,3,21
2015-05-22,27105,-0.9438891876936887,-0.9394993245516301,-0.9370258042990057,0.020360646935983384,-0.09,False,False,False,False,27130.0,27299.0,12950.0,27403.285714285714,26913.433333333334,168.49007318534322,335.5388546630757,-0.006190702956152205,-0.0003661796477352208,256,-39,231.0,-150.0,-0.62,-0.04,-1.16,0.8071553228621291,1.018201036444714,0.5623350304579476,2015,5,4,22
2015-05-25,27180,-0.9472725312590423,-0.9531577848790582,-0.9338302816685503,-0.5552199455692509,0.28,False,False,False,False,27105.0,27130.0,13440.0,27341.285714285714,26926.833333333332,188.84801145013546,334.8716772585984,-0.0009214891264283098,-0.006190702956152205,96,68,256.0,-39.0,-0.09,-0.62,-0.04,0.8531708246048372,1.015391798055931,0.5245308273777176,2015,5,0,25
2015-05-26,26917,-0.9428318928295156,-0.9500058324958056,-0.9569445620288447,0.1272796424477916,-0.97,False,False,False,False,27180.0,27105.0,6980.0,27303.571428571428,26945.633333333335,191.26234787428936,332.6437965788618,0.0027670171555063128,-0.0009214891264283098,343,-237,96.0,68.0,0.28,-0.09,-0.62,0.46378737541528237,1.0132837143150502,0.5758815120711361,2015,5,1,26
2015-05-27,26900,-0.9666210272734084,-0.9744859960057345,-0.9599270498172698,-0.29505038982385084,-0.06,False,False,False,False,26917.0,27180.0,14640.0,27224.14285714286,26961.066666666666,222.13241439265707,319.52960397464125,-0.009676232523914696,0.0027670171555063128,138,-29,343.0,-237.0,-0.97,0.28,-0.09,0.9916011920888648,1.0097576328759073,0.3681960120848738,2015,5,2,27
2015-05-28,26899,-0.972118960567108,-0.9791088595011717,-0.9701527222347273,-0.17476651987306663,0.0,False,False,False,False,26900.0,26917.0,9900.0,27120.0,26969.6,163.95934455458976,314.1430159702059,-0.0006315711260541645,-0.009676232523914696,190,22,138.0,-29.0,-0.06,-0.97,0.28,0.7287985865724381,1.005576649264357,0.3635248724908281,2015,5,3,28
2015-05-29,26866,-0.9696871823795101,-0.9792139245806134,-0.9637616769738163,-0.41444326814537,-0.12,False,False,False,False,26899.0,26900.0,11250.0,27061.428571428572,26981.8,158.32546346389776,303.5303086611937,-3.7174721189581206e-05,-0.0006315711260541645,129,-34,190.0,22.0,0.0,-0.06,-0.97,0.8784258608573436,1.0029511956736976,0.34157701230253834,2015,5,4,29
2015-06-01,26690,-0.9669382157326603,-0.9723846944168993,-1.036939145211246,-0.7877687608074337,-0.66,False,False,False,False,26866.0,26899.0,8560.0,26999.571428571428,26987.266666666666,132.52025900867508,299.7708243417525,-0.001226811405628414,-3.7174721189581206e-05,881,-236,129.0,-34.0,-0.12,0.0,-0.06,0.7092551164139531,1.0004559469492313,0.27421946430527744,2015,6,0,1
2015-06-02,26856,-0.9862867117470264,-0.9813152261694486,-0.9733482448651827,-1.1040707891965331,0.62,False,False,False,True,26690.0,26866.0,4370.0,26936.714285714286,26986.3,161.52163352116835,300.7110137544027,-0.006551031042953959,-0.001226811405628414,199,113,881.0,-236.0,-0.66,-0.12,0.0,0.3932685385169186,0.9981625597326899,0.11704206035814485,2015,6,1,2
2015-06-03,26806,-0.9688413464881718,-0.9738556055290839,-0.9685549609194994,-1.1610942534694975,-0.19,False,False,False,True,26856.0,26690.0,820.0,26901.14285714286,26988.066666666666,144.8406349196201,299.75115349750615,0.006219557886848914,-0.006551031042953959,225,-102,199.0,113.0,0.62,-0.66,-0.12,0.08689202076931228,0.9967791761226391,0.27085847473494445,2015,6,2,3
2015-06-04,26564,-0.9760309515645482,-0.9876191309359538,-1.0027470530653728,-1.1735681362792083,-0.9,False,False,False,True,26806.0,26856.0,180.0,26847.714285714286,26998.633333333335,78.72042150557336,286.8619135949569,-0.0018617813523980065,0.006219557886848914,415,-276,225.0,-102.0,-0.19,0.62,-0.66,0.02166325670959201,0.9944101226993324,0.23546104158735098,2015,6,3,4
2015-06-05,26439,-1.001511757791118,-1.0145157912730431,-1.0115879990096328,-1.153966320435377,-0.47,False,False,False,True,26564.0,26806.0,40.0,26797.285714285714,26991.533333333333,125.87919378786567,295.05554513131995,-0.009027829590390168,-0.0018617813523980065,242,-160,415.0,-276.0,-0.9,-0.19,0.62,0.005699629524080934,0.9928033870233028,0.06943236099594531,2015,6,4,5
2015-06-08,26693,-0.991784645040726,-1.0002269404689643,-0.9849586437558374,-0.45899284960862347,0.96,False,False,False,False,26439.0,26564.0,260.0,26731.428571428572,26987.033333333333,174.41889915105438,302.57669114306475,-0.004705616624002373,-0.009027829590390168,128,2,242.0,-160.0,-0.47,-0.9,-0.19,0.0456140350877193,0.9905286083598879,0.03228371532839063,2015,6,0,8
2015-06-09,26754,-0.9892471373667109,-0.993082515066925,-0.9802718772311695,-0.17654850313159676,0.23,False,False,False,False,26693.0,26439.0,8060.0,26702.0,26978.666666666668,158.04324302791562,307.2419391871821,0.00960701993267521,-0.004705616624002373,152,39,128.0,2.0,0.96,-0.47,-0.9,1.387741046831956,0.9897449836908174,0.23718397794300736,2015,6,1,9
2015-06-10,26850,-0.9855466053421054,-0.9782683388656376,-0.9733482448651827,-0.23535395066309128,0.36,False,False,False,False,26754.0,26693.0,11230.0,26686.0,26969.266666666666,143.69063991824424,309.7311329407205,0.0022852433222193547,0.00960701993267521,228,100,152.0,39.0,0.23,0.96,-0.47,2.054143040058533,0.9894966863516249,0.3011575082125358,2015,6,2,10
2015-06-11,26772,-0.9734934438905329,-0.9881444563331626,-0.9785675984949266,-0.33247203825298377,-0.29,False,False,False,False,26850.0,26754.0,10570.0,26708.85714285714,26961.066666666666,156.58057411629983,309.5165232439438,0.003588248486207757,0.0022852433222193547,183,-92,228.0,100.0,0.36,0.23,0.96,1.9100108420672208,0.9906454174485113,0.3903886645705457,2015,6,3,11
2015-06-12,26773,-0.9834320156137593,-0.9885647166509296,-0.9738808319702585,-0.3583107955016707,0.0,False,False,False,False,26772.0,26850.0,9480.0,26696.85714285714,26967.033333333333,146.30610442011795,303.84994973526284,-0.0029050279329608797,0.003588248486207757,135,3,183.0,-92.0,-0.29,0.36,0.23,1.769647190591749,0.9899812416465466,0.34842596399458703,2015,6,4,12
2015-06-15,26915,-0.9807887784533268,-0.9741708007674091,-0.9845325740717767,0.09253096890645393,0.53,False,False,False,False,26773.0,26772.0,9190.0,26692.14285714286,26976.7,142.69014048136125,292.31397267456725,3.7352457791683946e-05,-0.0029050279329608797,372,120,135.0,3.0,0.0,-0.29,0.36,1.6955719557195572,0.9894517438064276,0.36795306306235764,2015,6,0,15
2015-06-16,26831,-0.9656694618956527,-0.9782683388656376,-0.9701527222347273,-0.3057422893750317,-0.31,False,False,False,False,26915.0,26773.0,14250.0,26742.285714285714,26982.3,151.55165707446972,289.3560210132999,0.005303850894557982,3.7352457791683946e-05,198,-107,372.0,120.0,0.53,0.0,-0.29,2.2237827715355807,0.9911047506804725,0.5321381815739904,2015,6,1,16
2015-06-17,26763,-0.9772997054015559,-0.9919267991930658,-0.9776089417057899,-0.42602615932581595,-0.25,False,False,False,False,26831.0,26915.0,9780.0,26798.285714285714,26981.6,72.73631437378764,289.7072958029826,-0.003120936280884279,0.005303850894557982,138,-65,198.0,-107.0,-0.31,0.53,0.0,1.3389923329682365,0.9932059519926808,0.46204142190835856,2015,6,2,17
2015-06-18,27031,-0.9844893104779323,-0.9612477959960734,-0.9701527222347273,0.2154878137450334,1.0,False,False,False,False,26763.0,26831.0,8430.0,26808.285714285714,26976.1,59.446654758829496,292.3144681262973,-0.0025343818717155076,-0.003120936280884279,360,271,138.0,-65.0,-0.25,-0.31,0.53,1.0370279247139869,0.9937791494799365,0.39797587887890973,2015,6,3,18
2015-06-19,26959,-0.9569996440094339,-0.9674466356831368,-0.9551337658715866,-0.46522979101347894,-0.27,False,False,False,False,27031.0,26763.0,15630.0,26847.85714285714,26978.766666666666,97.37971823700737,292.4424710104066,0.010013825056981673,-0.0025343818717155076,160,-61,360.0,271.0,1.0,-0.25,-0.31,1.6133360858794386,0.9951476831603548,0.7964535852322382,2015,6,4,19
2015-06-22,26589,-0.9653522734364007,-0.9800544452161475,-0.9903910322276117,-0.14803677099511456,-1.37,False,False,False,False,26959.0,27031.0,7990.0,26863.428571428572,26980.633333333335,106.1034984393133,292.1207217779178,-0.0026636084495579304,0.010013825056981673,371,-352,160.0,-61.0,-0.27,1.0,-0.25,0.7637893126852118,0.9956559669872552,0.7130020898669729,2015,6,0,22
2015-06-23,26478,-0.9961195539838354,-1.0078966912682126,-1.0020014311182666,-0.31197923077988715,-0.42,False,False,False,False,26589.0,26959.0,11550.0,26837.285714285714,26971.833333333332,147.03481932980256,299.96920340028936,-0.013724544678956896,-0.0026636084495579304,215,-172,371.0,-352.0,-1.37,-0.27,1.0,1.06845513413506,0.995011550850667,0.14547870575081073,2015,6,1,23
2015-06-24,26418,-1.0109216820822575,-1.0201893055628979,-1.0126531732197848,-0.2923774149360557,-0.23,False,False,False,False,26478.0,26589.0,9710.0,26795.14285714286,26948.433333333334,200.92986220052006,310.3710441674154,-0.004174658693444688,-0.013724544678956896,198,-92,215.0,-172.0,-0.42,-1.37,-0.27,0.9110527303434041,0.9943117110262263,0.03316912541095471,2015,6,2,24
2015-06-25,26365,-1.0151508615389497,-1.027018535726612,-1.0146770042190731,-0.47948565708172003,-0.2,False,False,False,False,26418.0,26478.0,9930.0,26724.14285714286,26911.066666666666,236.2275940498659,304.2388958486899,-0.0022660321776569736,-0.004174658693444688,152,-105,198.0,-92.0,-0.23,-0.42,-1.37,0.9373230130262412,0.9930540170763524,0.02293730593053851,2015,6,3,25
2015-06-26,26399,-1.0243493268572548,-1.0297502277920976,-1.0200028752698322,-0.31197923077988715,0.13,False,False,False,False,26365.0,26418.0,7830.0,26657.571428571428,26875.1,265.0043126335856,302.83947608587704,-0.0020062078885608736,-0.0022660321776569736,176,16,152.0,-105.0,-0.2,-0.23,-0.42,0.7507910633809569,0.9919059437386811,0.028233113052120968,2015,6,4,26
2015-06-29,26508,-1.013882107701942,-1.0036940880905423,-1.0020014311182666,-0.387713519267418,0.41,False,False,False,False,26399.0,26365.0,9710.0,26605.571428571428,26839.3,276.3390774291619,293.04455939875885,0.001289588469561842,-0.0020062078885608736,255,26,176.0,16.0,0.13,-0.2,-0.23,0.9264383169544891,0.9912915548681012,0.12372260575155415,2015,6,0,29
2015-06-30,26301,-1.017053992294461,-1.029540097633214,-1.0286307863720618,-0.4857225984865755,-0.78,False,False,False,False,26508.0,26399.0,8860.0,26530.85714285714,26801.933333333334,203.15628513681915,258.285051476473,0.004128944278192437,0.001289588469561842,259,-151,255.0,26.0,0.41,0.13,-0.2,0.8911687789177228,0.9898859463940589,0.2777431340567305,2015,6,1,30
2015-07-01,26182,-1.0357681113903234,-1.038995954782972,-1.0340631748438363,-1.0176446011578215,-0.45,False,False,False,False,26301.0,26508.0,7760.0,26436.85714285714,26768.333333333332,96.01289595983768,255.59751946006486,-0.007808963331824348,0.004128944278192437,220,-93,259.0,-151.0,-0.78,0.41,0.13,0.7967145790554415,0.9876168536027823,0.08403265787962935,2015,7,2,1
2015-07-02,26024,-1.0475040843826438,-1.053074675428167,-1.0527037235214929,-1.1352554962208106,-0.6,False,False,False,True,26182.0,26301.0,1790.0,26378.714285714286,26731.1,110.64314150467888,256.9826708234754,-0.004524542793049702,-0.007808963331824348,261,-140,220.0,-93.0,-0.45,-0.78,0.41,0.19722344645218157,0.9868173882000474,0.029912856100999197,2015,7,3,2
2015-07-03,26393,-1.0637864252909082,-0.9948686214174349,-1.0505733751011892,-1.1530753288061117,1.42,False,False,False,True,26024.0,26182.0,470.0,26313.85714285714,26694.233333333334,163.28444360664056,276.3841259146279,-0.006034680314719987,-0.004524542793049702,795,383,261.0,-140.0,-0.6,-0.45,-0.78,0.062169312169312166,0.985750623150461,-0.02835630770520992,2015,7,4,3
2015-07-06,26335,-1.0232920319930818,-1.0372098484324621,-1.029269890898153,-0.1435818128487892,-0.22,False,False,False,False,26393.0,26024.0,270.0,26310.285714285714,26670.5,160.88268426203854,270.4001823609097,0.014179219182293368,-0.006034680314719987,192,-58,795.0,383.0,1.42,-0.6,-0.45,0.039776075427224514,0.9864939057867574,0.3120574113810695,2015,7,0,6
2015-07-07,26032,-1.0361910293359926,-1.0486619420916135,-1.063248948201996,0.5157519928073615,-1.15,False,False,False,False,26335.0,26393.0,11600.0,26306.0,26642.333333333332,159.57652291859046,259.27888504467734,-0.0021975523813132503,0.014179219182293368,402,-239,192.0,-58.0,-0.22,1.42,-0.6,1.7076402178713381,0.9873759805822814,0.279806962038408,2015,7,1,7
2015-07-08,26222,-1.0636806958044909,-1.0526544151104,-1.064953226938239,0.3687383739786252,0.73,False,False,False,False,26032.0,26335.0,19000.0,26253.571428571428,26612.833333333332,182.56218770893912,276.71086407833565,-0.011505600911334679,-0.0021975523813132503,380,211,402.0,-239.0,-1.15,-0.22,1.42,2.4605024605024606,0.9865004263070359,0.07559099334464112,2015,7,2,8
2015-07-09,26071,-1.051098886920832,-1.0526544151104,-1.0457800911555062,0.12906162570632174,-0.58,False,False,False,False,26222.0,26032.0,17350.0,26212.714285714286,26590.233333333334,144.0783517003634,280.11459272519477,0.007298709280885163,-0.011505600911334679,200,-59,380.0,211.0,0.73,-1.15,-0.22,2.049858223062382,0.9858023416761149,0.2579292567960771,2015,7,3,9
2015-07-10,26071,-1.0563853612416971,-1.0605342960685318,-1.0479104395758099,-0.09546826486847552,0.0,False,False,False,False,26071.0,26222.0,14660.0,26179.85714285714,26562.633333333335,146.78945076968418,289.28419189145774,-0.005758523377316749,0.007298709280885163,145,-9,200.0,-59.0,-0.58,0.73,-1.15,1.602711271455122,0.9855896745750787,0.17183572540738393,2015,7,4,10
2015-07-13,26033,-1.0519447228121706,-1.0657875500406195,-1.056218798414994,-0.10437818116112621,-0.15,False,False,False,False,26071.0,26071.0,12140.0,26164.0,26536.133333333335,152.40734890458177,296.850099560924,0.0,-0.005758523377316749,173,-89,145.0,-9.0,0.0,-0.58,0.73,1.2928647497337593,0.9859763542540736,0.20450186746241433,2015,7,0,13
2015-07-14,25934,-1.0620947535082315,-1.0689395024238721,-1.0605860126766165,-0.12308900537569264,-0.38,False,False,False,False,26033.0,26071.0,12040.0,26165.285714285714,26514.233333333334,151.06148228021036,309.0898411226005,-0.001457558206436227,0.0,184,-92,173.0,-89.0,-0.15,0.0,-0.58,1.2402142562834775,0.9868392340573948,0.20207500587854238,2015,7,1,14
2015-07-15,25852,-1.0662182034785062,-1.0802865310035816,-1.0751788993556963,0.07560212795041764,-0.32,False,False,False,False,25934.0,26033.0,11830.0,26099.714285714286,26483.5,134.44914067667185,319.59508325617077,-0.003802865593669602,-0.001457558206436227,213,-135,184.0,-92.0,-0.38,-0.15,0.0,1.1695501730103806,0.9855084972044589,0.15734954969096765,2015,7,2,15
2015-07-16,25774,-1.0834521097645262,-1.0974121389525877,-1.080930840090516,-0.23535395066309128,-0.3,False,False,False,False,25852.0,25934.0,14060.0,26030.714285714286,26451.7,116.28659178381929,333.55650402810676,-0.0031618724454384184,-0.003802865593669602,104,-50,213.0,-135.0,-0.32,-0.38,-0.15,1.2396402750837594,0.9840847388150586,0.13236680383157098,2015,7,3,16
2015-07-17,25505,-1.0881042071668876,-1.102035002448025,-1.1062819862921294,-0.008151085200498807,-1.04,False,False,False,False,25774.0,25852.0,10570.0,25993.85714285714,26425.366666666665,151.3973013539824,354.88711010641754,-0.003017174686678059,-0.0031618724454384184,298,-275,104.0,-50.0,-0.3,-0.32,-0.38,0.8557318652849741,0.9836706324929131,0.08327936306531089,2015,7,4,17
2015-07-20,25042,-1.1198230530920779,-1.1335545262805513,-1.1672099511128131,0.8810585608060396,-1.82,False,False,True,False,25505.0,25774.0,13120.0,25891.428571428572,26394.233333333334,204.53920336799166,392.61332063542727,-0.010436874369519678,-0.003017174686678059,570,-438,298.0,-275.0,-1.04,-0.3,-0.32,0.9620884358729926,0.9809502039496723,-0.10200571248651462,2015,7,0,20
2015-07-21,24908,-1.1708903950316345,-1.1771565342488797,-1.1702989563222534,0.12549765918926148,-0.54,False,False,False,False,25042.0,25505.0,23100.0,25744.428571428572,26339.2,362.6379540456494,459.33327994944705,-0.018153303273867882,-0.010436874369519678,184,-89,570.0,-438.0,-1.82,-1.04,-0.3,1.5621829985798337,0.9774187739729594,-0.23321618744173994,2015,7,1,21
2015-07-22,24688,-1.1864326295349776,-1.199745526328857,-1.201189008416656,0.6093061138801936,-0.88,False,False,False,False,24908.0,25042.0,14620.0,25578.285714285714,26277.666666666668,445.1174804798197,521.3149377947777,-0.005351010302691472,-0.018153303273867882,259,-162,184.0,-89.0,-0.54,-1.82,-1.04,1.0188863335424072,0.9733849674991074,-0.13746541958359243,2015,7,2,22
2015-07-23,24742,-1.193199316665685,-1.192496035847376,-1.1878743307897583,0.4507096038710115,0.22,False,False,False,False,24688.0,24908.0,20050.0,25386.14285714286,26205.6,502.6909019042186,585.0132683436284,-0.008832503613296905,-0.005351010302691472,203,-44,259.0,-162.0,-0.88,-0.54,-1.82,1.3715028387714618,0.9687296935442371,-0.1023677270318915,2015,7,3,23
2015-07-24,24729,-1.2021863230111556,-1.2019518929971338,-1.214077616359493,0.5585195910120848,-0.05,False,False,False,False,24742.0,24688.0,18270.0,25215.85714285714,26137.933333333334,487.84916677590576,632.6988679233064,0.0021872974724561622,-0.008832503613296905,359,28,203.0,-44.0,0.22,-0.88,-0.54,1.219626168224299,0.9647226818311498,0.013207017136639276,2015,7,4,24
2015-07-27,24910,-1.2029264294160766,-1.1804135517115741,-1.1926676147354416,0.7384999001236286,0.73,False,False,False,False,24729.0,24742.0,19480.0,25055.428571428572,26069.8,424.2977952426303,670.8575777729188,-0.0005254223587422002,0.0021872974724561622,363,216,359.0,28.0,-0.05,0.22,-0.88,1.2396589028891434,0.9610901722080174,0.07171936836131484,2015,7,0,27
2015-07-28,24768,-1.1878071128584027,-1.1976442247400219,-1.1880873656317887,0.14064451688676763,-0.57,False,False,False,False,24910.0,24729.0,21500.0,24932.0,26002.966666666667,282.35143586224706,683.5056432598033,0.007319341663633683,-0.0005254223587422002,156,-69,363.0,216.0,0.73,-0.05,0.22,1.290516206482593,0.958813673824397,0.18067486053158807,2015,7,1,28
2015-07-29,24729,-1.1934107756385195,-1.1998505914082986,-1.1890460224209254,0.14955443317941833,-0.16,False,False,False,False,24768.0,24910.0,14790.0,24826.714285714286,25934.2,128.6503197121751,700.8826159775243,-0.005700521878763576,0.007319341663633683,144,-55,156.0,-69.0,-0.57,0.73,-0.05,0.8722576079263977,0.9572963224512144,0.1621601527788746,2015,7,2,29
2015-07-30,24739,-1.2020805935247383,-1.2024772183943426,-1.2022541826268078,0.3420086251006731,0.04,False,False,False,False,24729.0,24768.0,14890.0,24782.0,25866.4,89.91662805143771,716.1571104839674,-0.0015746124031007502,-0.005700521878763576,243,37,144.0,-55.0,-0.16,-0.57,0.73,0.8738775749750572,0.9580768873905916,0.18297839751590209,2015,7,3,30
2015-07-31,24789,-1.204406642225919,-1.192496035847376,-1.2054497052572632,0.19143103975487655,0.2,False,False,False,False,24739.0,24729.0,17050.0,24757.85714285714,25790.0,71.18386655193463,709.8610354536818,0.00040438351732774436,-0.0015746124031007502,368,109,243.0,37.0,0.04,-0.16,-0.57,0.9639848476282015,0.9599789508668919,0.21784651663671903,2015,7,4,31
2015-08-03,24696,-1.1892873256682448,-1.1959631834689537,-1.1932002018405174,-0.9249814717142543,-0.38,False,False,False,False,24789.0,24739.0,15360.0,24772.285714285714,25717.666666666668,64.59544433404044,697.078995836906,0.0020211002869963135,0.00040438351732774436,220,-127,368.0,109.0,0.2,0.04,-0.16,0.8575735581486238,0.9632400184420196,0.26020801508927327,2015,8,0,3
2015-08-04,24638,-1.205463937090092,-1.215085027927353,-1.2066213968884303,-1.1512933455475818,-0.23,False,False,False,True,24696.0,24789.0,2830.0,24765.714285714286,25654.566666666666,70.27971325623623,701.1514511654937,-0.003751664044535863,0.0020211002869963135,164,-32,220.0,-127.0,-0.38,0.2,0.04,0.17816670863762277,0.9653530541949369,0.24670918561034297,2015,8,1,4
2015-08-05,24545,-1.2113847883294608,-1.2223345184088343,-1.2108820937290377,-1.168222186503618,-0.38,False,False,False,True,24638.0,24696.0,290.0,24752.714285714286,25593.233333333334,85.06412147342435,707.0896974430499,-0.002348558471007456,-0.003751664044535863,135,-69,164.0,-32.0,-0.23,-0.38,0.2,0.02006781537609854,0.967158543952931,0.2486011289728299,2015,8,2,5
2015-08-06,24692,-1.2146624024083972,-1.2107773596702411,-1.2076865710985822,-0.23089899251676593,0.6,False,False,False,False,24545.0,24638.0,100.0,24700.571428571428,25530.8,84.44891383410308,714.4063076527374,-0.0037746570338501595,-0.002348558471007456,215,109,135.0,-69.0,-0.38,-0.23,-0.38,0.00802825947334618,0.9674812943022322,0.232506592693017,2015,8,3,6
2015-08-07,24796,-1.2041951832530844,-1.1974340945811384,-1.1986325903122916,0.5273348839878074,0.42,False,False,False,False,24692.0,24545.0,10620.0,24689.714285714286,25475.033333333333,79.0479059097211,712.3374095593332,0.005988999796292527,-0.0037746570338501595,257,114,215.0,109.0,0.6,-0.38,-0.23,0.9083910700538876,0.9691729923433906,0.3159098322944249,2015,8,4,7
2015-08-10,25026,-1.1917191038558428,-1.1738995167861852,-1.181696320370878,0.1299526173355868,0.93,False,False,False,False,24796.0,24692.0,19130.0,24699.285714285714,25421.6,88.13193572921672,700.6654767755172,0.004211890490847248,0.005988999796292527,322,226,257.0,114.0,0.42,0.6,-0.38,1.6412148249828415,0.9715865922792316,0.3830252418729171,2015,8,0,10
2015-08-11,25323,-1.165815379683604,-1.138807780252639,-1.1574103483794165,0.6823674274799293,1.19,False,False,False,False,25026.0,24796.0,14670.0,24740.285714285714,25372.2,152.75330251327546,673.130996115373,0.00927568962735914,0.004211890490847248,428,278,322.0,226.0,0.93,0.42,0.6,1.3369178893648046,0.9750942257386318,0.5296348685764805,2015,8,1,11
2015-08-12,25898,-1.128281412005462,-1.087010696087854,-1.115016414815374,0.8890774854694252,2.27,False,False,True,False,25323.0,25026.0,20870.0,24816.571428571428,25339.6,269.70592450746574,649.8785881305735,0.01186765763605857,0.00927568962735914,523,498,428.0,278.0,1.19,0.93,0.42,1.8020896295656679,0.9793592412102571,0.7516326920133264,2015,8,2,12
2015-08-13,25763,-1.087575559734801,-1.0937348611721263,-1.0830611885108197,0.13173460059411696,-0.52,False,False,False,False,25898.0,25323.0,23190.0,24988.285714285714,25330.133333333335,480.45073083724867,639.1645265143135,0.02270663033605813,0.01186765763605857,159,-22,523.0,498.0,2.27,1.19,0.93,1.8685037466763355,0.9865043103188973,1.1225921433126593,2015,8,3,13
2015-08-14,25636,-1.0959281891617678,-1.0965716183170537,-1.093180343507262,0.024815605082308727,-0.49,False,False,False,False,25763.0,25898.0,14690.0,25149.0,25321.433333333334,529.4141416069992,631.1199505278433,-0.005212757741910545,0.02270663033605813,227,-70,159.0,-22.0,-0.52,2.27,1.19,1.206570841889117,0.9931902222491354,1.0363379695565818,2015,8,4,14
2015-08-17,25924,-1.0955052712160986,-1.0790257500502807,-1.081996014300668,0.015014697160392974,1.12,False,False,False,False,25636.0,25763.0,13490.0,25304.85714285714,25296.2,480.27576403973677,601.2244632187386,-0.00492955013003149,-0.005212757741910545,289,214,227.0,-70.0,-0.49,-0.52,2.27,1.1252919586252919,1.0003422309618497,0.935940448400582,2015,8,0,17
2015-08-18,25890,-1.0733020790684653,-1.0819675722746498,-1.0796526310383339,0.1727202155403101,-0.13,False,False,False,False,25924.0,25636.0,13380.0,25480.85714285714,25282.5,442.5119315046242,581.0825657994824,0.01123420190357316,-0.00492955013003149,239,-30,289.0,214.0,1.12,-0.49,-0.52,1.0258376140458483,1.007845630094221,1.0173899027350612,2015,8,1,18
2015-08-19,26084,-1.0785885533893305,-1.066838200835037,-1.0723029289882864,0.23865359610592518,0.75,False,False,False,False,25890.0,25924.0,15150.0,25637.14285714286,25277.766666666666,342.12396806414097,575.3165655315,-0.0013115259990742478,0.01123420190357316,314,214,239.0,-30.0,-0.13,1.12,-0.49,1.0427421020028909,1.0142170863120632,0.9309667247655588,2015,8,2,19
2015-08-20,26723,-1.0495129446245726,-1.0005421357072897,-1.0356609361590638,0.7286989922017129,2.45,False,False,True,False,26084.0,25890.0,15890.0,25788.285714285714,25273.166666666668,247.84720715671128,568.0118432068447,0.007493240633449139,-0.0013115259990742478,601,578,314.0,214.0,0.75,-0.13,1.12,0.9864663521231686,1.020382053994779,0.9537735430699189,2015,8,3,20
2015-08-21,27090,-0.9823747207495863,-0.9552590864678933,-0.9791001856000024,1.2579480199851636,1.37,False,False,False,False,26723.0,26084.0,21390.0,25988.285714285714,25294.9,352.554825186167,610.4773344378281,0.024497776414660333,0.007493240633449139,501,310,601.0,578.0,2.45,0.75,-0.13,1.2446901367471632,1.0274120757261627,1.0940801733795633,2015,8,4,21
2015-08-24,27290,-0.9485412850960498,-0.9014657657937148,-0.9371323217200209,1.2873507437509109,0.74,False,False,False,False,27090.0,26723.0,27330.0,26158.571428571428,25328.866666666665,539.8165914281412,679.5849510895385,0.013733488006586025,0.024497776414660333,619,190,501.0,310.0,1.37,2.45,0.75,1.5179116911968897,1.0327572793849742,1.0866118631320023,2015,8,0,24
2015-08-25,26595,-0.9326818621334547,-0.9475893356686452,-0.9943321768051734,0.9086793013132567,-2.55,False,False,True,False,27290.0,27090.0,27660.0,26376.714285714286,25370.766666666666,650.5076771994181,758.6468754364157,0.007382798080472597,0.013733488006586025,717,-655,619.0,190.0,0.74,1.37,2.45,1.4328636552009946,1.0396498707455017,1.0349027913360107,2015,8,1,25
2015-08-26,26341,-1.0011945693318658,-1.006005519838261,-1.0431171556301266,0.612870080397254,-0.96,False,False,False,False,26595.0,27290.0,23410.0,26513.714285714286,25392.8,563.7034428036745,784.7195589553863,-0.025467204104067442,0.007382798080472597,619,-261,717.0,-655.0,-2.55,0.74,1.37,1.196952653645567,1.0441429966649713,0.7989825927100098,2015,8,2,26
2015-08-27,26197,-1.0361910293359926,-1.041097256371807,-1.0402411852627167,0.05421832884805599,-0.55,False,False,False,False,26341.0,26595.0,20090.0,26573.285714285714,25409.1,510.5218618518853,799.5258659637384,-0.009550667418687708,-0.025467204104067442,258,-74,619.0,-261.0,-0.96,-2.55,0.74,1.043744804655029,1.0458176682482148,0.7049565341384293,2015,8,3,27
2015-08-28,26490,-1.041583233143275,-1.015881637305786,-1.0276721295829252,-0.11685206397083717,1.12,False,False,False,False,26197.0,26341.0,13820.0,26617.14285714286,25423.2,451.8559610362063,809.8462348731198,-0.005466762841198181,-0.009550667418687708,380,270,258.0,-74.0,-0.55,-0.96,-2.55,0.721256719377903,1.04696272920572,0.6458042285944507,2015,8,4,28
2015-08-31,26540,-1.0130362718106036,-1.015881637305786,-1.0124401383777544,-0.569475811637492,0.19,False,False,False,False,26490.0,26197.0,11900.0,26675.14285714286,25456.033333333333,394.42338866242955,832.9156716572145,0.011184486773294644,-0.005466762841198181,237,50,380.0,270.0,1.12,-0.55,-0.96,0.6262498684349016,1.0478907891047253,0.7089745372723533,2015,8,0,31
2015-09-01,26623,-0.9975997667936777,-0.9899305626836724,-0.994651729068219,-0.9695310531775078,0.31,False,False,False,False,26540.0,26490.0,6820.0,26649.0,25505.966666666667,396.78037585900205,851.9241298312525,0.0018875047187618677,0.011184486773294644,317,-13,237.0,50.0,0.19,1.12,-0.55,0.37174315927177587,1.0448143506290686,0.7023502089825489,2015,9,1,1
2015-09-02,26417,-1.0020404052232044,-1.0117840992075575,-1.0298024780032289,-1.1209996301525693,-0.77,False,False,False,True,26623.0,26540.0,2330.0,26582.285714285714,25563.133333333335,346.32533562444115,867.8078896469885,0.0031273549359458475,0.0018875047187618677,439,-177,317.0,-13.0,0.31,0.19,1.12,0.13654477262072198,1.0398680540316803,0.7070005621131393,2015,9,2,2
2015-09-03,26196,-1.0191685820228071,-1.029119837315447,-1.0372586974742917,-1.154857312064642,-0.84,False,False,False,True,26417.0,26623.0,630.0,26457.571428571428,25620.766666666666,151.2347591696264,865.0933249770003,-0.007737670435337907,0.0031273549359458475,344,-236,439.0,-177.0,-0.77,0.31,0.19,0.040545758784914405,1.0326611913215489,0.6226244769778629,2015,9,3,3
2015-09-04,26256,-1.0304816370694583,-1.027438796044379,-1.05099944478525,-1.154857312064642,0.23,False,False,False,True,26196.0,26417.0,250.0,26400.571428571428,25669.233333333334,165.33890159637033,854.8320941539456,-0.008365825036908081,-0.007737670435337907,489,-69,344.0,-236.0,-0.84,-0.77,0.31,0.018623361144219308,1.0284908429379696,0.5211767382493748,2015,9,4,4
2015-09-07,26506,-1.001934675736787,-1.0137803357169508,-1.0015753614342058,-0.34583691269195976,0.95,False,False,False,False,26256.0,26196.0,250.0,26388.428571428572,25720.133333333335,173.36941016538657,842.286122789573,0.0022904260192395665,-0.008365825036908081,155,-89,489.0,-69.0,0.23,-0.84,-0.77,0.023329600597237776,1.025983350452897,0.5185267770603167,2015,9,0,7
2015-09-08,26436,-1.0119789769464307,-1.0193487849273637,-1.0094576505893291,0.07292915306262243,-0.26,False,False,False,False,26506.0,26256.0,9330.0,26432.571428571428,25773.333333333332,154.85461691888545,839.7514958086429,0.009521633150517905,0.0022904260192395665,176,-64,155.0,-89.0,0.95,0.23,-0.84,1.05032083755488,1.0255783016776292,0.6133460615398272,2015,9,1,8
2015-09-09,26069,-1.0172654512672956,-1.027859056362146,-1.0500407879961133,0.2947860687496245,-1.39,False,False,False,False,26436.0,26506.0,14030.0,26424.85714285714,25828.933333333334,152.8489761953012,825.9996214967954,-0.0026409114917377297,0.009521633150517905,476,-381,176.0,-64.0,-0.26,0.95,0.23,1.7658904971680303,1.0230719481069217,0.554128492940554,2015,9,2,9
2015-09-10,26179,-1.048984297192486,-1.0475062262177541,-1.044501882103324,0.3304257339202272,0.42,False,False,False,False,26069.0,26436.0,16520.0,26357.571428571428,25873.6,192.2939218516625,800.2997541870961,-0.013882584354667826,-0.0026409114917377297,237,29,476.0,-381.0,-1.39,-0.26,0.95,2.177121771217712,1.0187052218698376,0.32814337693775203,2015,9,3,10
2015-09-11,25981,-1.044755117735794,-1.056962083367512,-1.0598403907295102,0.20301393093532244,-0.76,False,False,False,False,26179.0,26069.0,16920.0,26294.14285714286,25921.6,160.79741765323638,772.6073901475083,0.004219571138133427,-0.013882584354667826,291,-209,237.0,29.0,0.42,-1.39,-0.26,2.1423145100025325,1.0143719082596314,0.37564729738916847,2015,9,4,11
2015-09-14,26078,-1.0600858932663026,-1.0654723548022942,-1.0543014848367207,-0.09368628160994538,0.37,False,False,False,False,25981.0,26179.0,15490.0,26231.85714285714,25961.333333333332,187.50238093763477,742.4128107794155,-0.007563314106726726,0.004219571138133427,158,33,291.0,-209.0,-0.76,0.42,-1.39,1.8759840135642485,1.0104202586997513,0.2186920639643589,2015,9,0,14
2015-09-15,25982,-1.0554337958639415,-1.0689395024238721,-1.0557927287309332,-0.03755380896624607,-0.37,False,False,False,False,26078.0,25981.0,12160.0,26215.0,26007.4,196.35851564626773,703.0231565324739,0.00373349755590624,-0.007563314106726726,139,-107,158.0,33.0,0.37,-0.76,0.42,1.3832328517802297,1.0079823434868538,0.27442392479963024,2015,9,1,15
2015-09-16,26285,-1.065478097073585,-1.0403618008157147,-1.0546210370997662,0.6119790887679889,1.17,False,False,False,False,25982.0,26078.0,12790.0,26175.85714285714,26052.2,213.39433651641642,653.8528464630072,-0.003681263900605858,0.00373349755590624,400,291,139.0,-107.0,-0.37,0.37,-0.76,1.3001931483175766,1.0047465144155634,0.19832242482055581,2015,9,2,16
2015-09-17,26176,-1.0424290690346134,-1.0502379182832398,-1.0390694936315497,-0.516907305510853,-0.41,False,False,False,False,26285.0,25982.0,20080.0,26144.285714285714,26110.2,167.91040694978784,589.558771309335,0.011661919790624253,-0.003681263900605858,160,-36,400.0,291.0,1.17,-0.37,0.37,1.7042946868103888,1.0013054558864243,0.40607671185473043,2015,9,3,17
2015-09-18,26476,-1.0331248742298909,-1.0168272230207618,-1.0191507359017107,0.8810585608060396,1.15,False,False,False,False,26176.0,26285.0,7410.0,26107.14285714286,26159.666666666668,112.11218870970883,525.2072387908836,-0.004146851816625441,0.011661919790624253,291,176,160.0,-36.0,-0.41,1.17,-0.37,0.5928948631781085,0.9979921835322644,0.34459194025305734,2015,9,4,18
2015-09-21,26345,-1.0132477307834382,-1.0211348912778737,-1.0211745669009993,0.4177429135882039,-0.49,False,False,False,False,26476.0,26176.0,23100.0,26165.285714285714,26215.666666666668,176.2344218043411,460.35356227472624,0.011460880195599099,-0.004146851816625441,269,-143,291.0,176.0,1.15,-0.41,1.17,1.5626056957315835,0.9980782120469585,0.6014970062892254,2015,9,0,21
2015-09-22,26242,-1.0310102845015447,-1.029540097633214,-1.0319328264235326,0.8106702220940991,-0.39,False,False,False,False,26345.0,26476.0,17900.0,26189.0,26259.633333333335,189.08728143410167,402.1178831564195,-0.004947877322858396,0.011460880195599099,290,-78,269.0,-143.0,-0.49,1.15,-0.41,1.1445012787723785,0.9973101934655091,0.5459902977385607,2015,9,1,22
2015-09-23,26476,-1.039468643414929,-1.0254425595349856,-1.0287373037930772,0.27598614537213156,0.89,False,False,False,False,26242.0,26345.0,22310.0,26226.285714285714,26290.266666666666,165.49794992298496,361.23074422713194,-0.003909660277092386,-0.004947877322858396,299,236,290.0,-78.0,-0.39,-0.49,1.15,1.3547486033519553,0.9975663635066101,0.4350072483779499,2015,9,2,23
2015-09-24,26965,-1.0109216820822575,-0.965660529332627,-1.0018949136972513,1.3577390824628512,1.85,False,False,True,False,26476.0,26242.0,16309.0,26283.14285714286,26309.533333333333,174.2014433272073,354.94678895389313,0.00891700327718925,-0.003909660277092386,616,455,299.0,236.0,0.89,-0.39,-0.49,0.9916154412077655,0.9989969234400278,0.732657336751051,2015,9,3,24
2015-09-25,26744,-0.9696871823795101,-0.9843621134732594,-0.9835739172826401,-0.2175341180777899,-0.82,False,False,False,False,26965.0,26476.0,28450.0,26423.571428571428,26349.6,264.03210483024793,358.9451595806499,0.01846955733494493,0.00891700327718925,266,-156,616.0,455.0,1.85,0.89,-0.39,1.6164864573094164,1.0028073074570933,1.1521724807138205,2015,9,4,25
2015-09-28,26508,-0.9859695232877745,-1.0005421357072897,-1.0126531732197848,0.2938950771203594,-0.88,False,False,False,False,26744.0,26965.0,10770.0,26489.14285714286,26386.533333333333,280.372626202965,339.4626314649205,-0.008195809382532948,0.01846955733494493,385,-238,266.0,-156.0,-0.82,1.85,0.89,0.6287986268018846,1.0038887080206138,0.8862332003212294,2015,9,0,28
2015-09-29,26253,-1.0041549949515503,-1.0169322881002034,-1.0268199902148039,0.5006051351098553,-0.96,False,False,False,False,26508.0,26744.0,16510.0,26536.571428571428,26406.0,244.33710125103082,328.5947089634711,-0.008824409213281537,-0.008195809382532948,362,-321,385.0,-238.0,-0.88,-0.82,1.85,0.9400497639911404,1.00494476363597,0.6579848209651312,2015,9,1,29
2015-09-30,25803,-1.0425347985210307,-1.0399415404979477,-1.079120043933258,0.808888238835569,-1.71,False,False,True,False,26253.0,26508.0,18830.0,26504.714285714286,26418.1,267.03415155252355,315.3553387138692,-0.009619737437754683,-0.008824409213281537,634,-408,362.0,-321.0,-0.96,-0.88,-0.82,1.036500448618091,1.00327859633033,0.4235798314104623,2015,9,2,30
2015-10-01,25782,-1.0881042071668876,-1.0933146008543593,-1.0851915369311234,-0.6318452256860467,-0.08,False,False,False,False,25803.0,26253.0,22290.0,26427.285714285714,26408.733333333334,376.99943160263626,329.4778453475741,-0.017140898183064746,-0.009619737437754683,183,2,634.0,-408.0,-1.71,-0.96,-0.88,1.2122102034490072,1.0007025093069861,0.04568046158079879,2015,10,3,1
2015-10-05,26094,-1.0480327318147304,-1.0512885690776572,-1.0553666590468724,-1.0568482328454845,1.21,False,False,False,False,25782.0,25803.0,6120.0,26361.571428571428,26377.366666666665,448.07099777575365,343.0406111814013,-0.0008138588536216185,-0.017140898183064746,303,-65,183.0,2.0,-0.08,-1.71,-0.96,0.33517900859306965,0.9994011821462376,0.08070065552617782,2015,10,0,5
2015-10-06,26512,-1.0331248742298909,-1.013675270637509,-1.022133223690136,0.314387884593456,1.6,False,False,False,False,26094.0,25782.0,1350.0,26307.0,26344.166666666668,455.0201460742969,319.0509723988892,0.012101466139166961,-0.0008138588536216185,349,212,303.0,-65.0,1.21,-0.08,-1.71,0.08393486654356219,0.9985891879922816,0.3531945318751644,2015,10,1,6
2015-10-07,26449,-1.006163855193479,-1.0080017563476542,-1.0170203874814072,0.46318348668072246,-0.24,False,False,False,False,26512.0,26094.0,16740.0,26242.285714285714,26318.233333333334,370.1363326695275,266.8722648521178,0.016019008201119123,0.012101466139166961,355,-106,349.0,212.0,1.6,1.21,-0.08,1.0483532587253177,0.9971142584653876,0.703424797925032,2015,10,2,7
2015-10-08,26351,-1.0225519255881608,-1.026493210329403,-1.0255417811626217,0.18608508997928613,-0.37,False,False,False,False,26449.0,26512.0,18410.0,26200.14285714286,26313.366666666665,316.3823786558798,262.95357966311093,-0.002376282438141253,0.016019008201119123,259,-49,355.0,-106.0,-0.24,1.6,1.21,1.1818024252306152,0.9956970990843511,0.6498758934684508,2015,10,3,8
2015-10-09,26515,-1.0319618498793006,-1.0164069627029946,-1.0230918804792724,0.27874821942285327,0.62,False,False,False,False,26351.0,26449.0,15300.0,26177.714285714286,26313.7,295.81735033978015,262.99615180120355,-0.0037052440545956022,-0.002376282438141253,332,204,259.0,-49.0,-0.37,-0.24,1.6,0.9885636751308393,0.9948321325284656,0.55667668482181,2015,10,4,9
2015-10-12,26678,-0.9986570616578506,-0.9927673198285998,-0.9949712813312646,0.28142119431064844,0.61,False,False,False,False,26515.0,26351.0,16340.0,26215.14285714286,26324.3,322.3183874017826,264.5343534176668,0.006223672725892859,-0.0037052440545956022,293,52,332.0,204.0,0.62,-0.37,-0.24,1.1453806252628627,0.9958533695917027,0.6793165687158733,2015,10,0,12
2015-10-13,26872,-0.9971768488480085,-0.9826810722021914,-0.9975276994356289,0.6369268543874108,0.73,False,False,False,False,26678.0,26515.0,16370.0,26340.14285714286,26330.566666666666,305.05050323503775,270.74885720595853,0.006147463699792466,0.006223672725892859,413,232,293.0,52.0,0.61,0.62,-0.37,1.1041413732631864,1.0003636910134683,0.7853068835167116,2015,10,1,13
2015-10-14,27088,-0.9675725926511641,-0.9566249325006361,-0.9705787919187879,0.743845849899219,0.8,False,False,False,False,26872.0,26678.0,20360.0,26495.85714285714,26341.633333333335,244.93361588522902,285.9621970839685,0.007271909438488544,0.006147463699792466,408,168,413.0,232.0,0.73,0.61,0.62,1.3385050292551444,1.0058547550021755,0.8926996309475119,2015,10,2,14
2015-10-15,27142,-0.9453694005035308,-0.9499007674163638,-0.9509795864519945,0.6315809046118204,0.2,False,False,False,False,27088.0,26872.0,21560.0,26637.85714285714,26357.133333333335,260.7523912142385,313.0575284067194,0.008038106579339122,0.007271909438488544,288,12,408.0,168.0,0.8,0.73,0.61,1.3924050632911393,1.010650771689529,0.9839174961694072,2015,10,3,15
2015-10-16,27029,-0.9483298261232153,-0.9631389674260249,-0.9507665516099642,0.0426354376676101,-0.42,False,False,False,False,27142.0,27088.0,20300.0,26727.85714285714,26381.3,313.4673978645011,344.2661510500113,0.0019935026580035764,0.008038106579339122,160,-73,288.0,12.0,0.2,0.8,0.73,1.3280994438992477,1.0131364695013947,0.9484110761468831,2015,10,4,16
2015-10-19,26882,-0.9644007080586451,-0.9791088595011717,-0.9655724731310744,-0.17120255335600634,-0.54,False,False,False,False,27029.0,27142.0,13690.0,26810.714285714286,26409.066666666666,303.9844920858656,361.9442644591561,-0.0041632893670326965,0.0019935026580035764,147,-68,160.0,-73.0,-0.42,0.2,0.8,0.8533848647300836,1.015208701773417,0.832620600180452,2015,10,0,19
2015-10-20,26993,-0.9780398118064769,-0.9677618309214622,-0.9705787919187879,0.16470129087692448,0.41,False,False,False,False,26882.0,27029.0,11290.0,26886.571428571428,26429.933333333334,226.53318899096126,370.7531880334238,-0.005438602981982288,-0.0041632893670326965,302,172,147.0,-68.0,-0.54,-0.42,0.2,0.6627142521718713,1.0172773078720627,0.7193392875516456,2015,10,1,20
2015-10-21,26821,-0.9553079722267571,-0.9654503991737435,-0.9657855079731048,-0.04379075037110155,-0.64,False,False,False,False,26993.0,26882.0,15060.0,26954.85714285714,26446.166666666668,157.33449353930683,384.6015478061385,0.00412915705676653,-0.005438602981982288,279,-215,302.0,172.0,0.41,-0.54,-0.42,0.8928147972492293,1.0192349417820026,0.7626051717176537,2015,10,2,21
2015-10-22,26737,-0.9749736567003752,-0.9867786103004198,-0.9749460061804104,-0.595314568886179,-0.31,False,False,False,False,26821.0,26993.0,12720.0,26975.285714285714,26459.0,120.32693559090727,390.62672896190105,-0.006372022376171627,0.00412915705676653,162,-113,279.0,-215.0,-0.64,0.41,-0.54,0.7804159764402724,1.0195126691970866,0.6395355835838337,2015,10,3,22
2015-10-23,26676,-0.9845950399643496,-0.9775328833095454,-0.9869824747551259,0.2725112780179978,-0.23,False,False,False,False,26737.0,26821.0,6530.0,26956.0,26481.266666666666,147.41099009275862,386.64774428552215,-0.003131874277618296,-0.006372022376171627,363,-83,162.0,-113.0,-0.31,-0.64,0.41,0.4234210867591752,1.0179271384299342,0.5788358715577456,2015,10,4,23
2015-10-26,26689,-0.9855466053421054,-0.9959192722118525,-0.9827217779145186,-0.4153342597746351,0.05,False,False,False,False,26676.0,26737.0,16270.0,26897.14285714286,26497.833333333332,166.8866167710039,383.88756286144826,-0.002281482589669759,-0.003131874277618296,148,-61,363.0,-83.0,-0.23,-0.31,-0.64,1.0554654557249432,1.0150695160161345,0.5507921061696759,2015,10,0,26
2015-10-27,26790,-0.993159128364151,-0.9927673198285998,-0.9818696385463972,-0.39395046067227346,0.38,False,False,False,False,26689.0,26676.0,8550.0,26832.428571428572,26521.433333333334,142.10308129810755,372.61607155592486,0.0004873294346978696,-0.002281482589669759,170,112,148.0,-61.0,0.05,-0.23,-0.31,0.5842957698353037,1.0117261851645236,0.5609883578706844,2015,10,1,27
2015-10-28,26930,-0.977722623347225,-0.970388457907506,-0.9662115776571655,-0.059828599697872784,0.52,False,False,False,False,26790.0,26689.0,8790.0,26798.285714285714,26545.166666666668,112.66427160093758,366.01470512532103,0.003784330623103127,0.0004873294346978696,236,106,170.0,112.0,0.38,0.05,-0.23,0.6522707034728406,1.0095354099975153,0.6160576871538805,2015,10,2,28
2015-10-29,26470,-0.9802601310212402,-0.9948686214174349,-1.0031731227494336,-0.06161058295640292,-1.71,False,False,True,False,26930.0,26790.0,12540.0,26805.14285714286,26576.766666666666,119.84076737046135,356.51664209698805,0.005225830533781339,0.003784330623103127,350,-330,236.0,106.0,0.52,0.38,0.05,0.997296007634802,1.0085930765521838,0.6851011748917584,2015,10,3,29
2015-10-30,26355,-1.0157852384574535,-1.0301704881098646,-1.0211745669009993,-0.3930594690430084,-0.43,False,False,False,False,26470.0,26930.0,12520.0,26730.428571428572,26582.933333333334,143.8319124803415,352.87732882059703,-0.017081321945785377,0.005225830533781339,183,-109,350.0,-330.0,-1.71,0.52,0.38,1.0613767378772465,1.0055484936987855,0.3488937084271068,2015,10,4,30
2015-11-02,26228,-1.0172654512672956,-1.0316413992220492,-1.0318263090025173,-0.829645367382892,-0.48,False,False,False,False,26355.0,26470.0,8800.0,26663.85714285714,26588.9,194.01325433402303,347.22747686468057,-0.00434454098979975,-0.017081321945785377,269,-222,183.0,-109.0,-0.43,-1.71,0.52,0.7782789422481649,1.002819114098633,0.18707966129730544,2015,11,0,2
2015-11-03,25863,-1.039468643414929,-1.0463505103438948,-1.0688943715158006,-1.0657581491381352,-1.39,False,False,False,False,26228.0,26355.0,3900.0,26591.14285714286,26580.633333333335,249.485088780767,352.91363438310367,-0.004818819958262166,-0.00434454098979975,477,-377,269.0,-222.0,-0.48,-0.43,-1.71,0.36903860711582137,1.000395382746443,0.04385059821094726,2015,11,1,3
2015-11-04,25646,-1.0701301944759463,-1.0796561405269312,-1.1442021881735338,-1.0711040989137255,-0.84,False,False,False,False,25863.0,26228.0,1250.0,26475.0,26564.566666666666,365.6099925696883,374.33266445545416,-0.01391642519444869,-0.004818819958262166,867,-304,477.0,-377.0,-1.39,-0.48,-0.43,0.13606182649395884,0.9966283407596837,-0.1302217995079531,2015,11,2,4
2015-11-05,25791,-1.1006860160505463,-1.0876410865645045,-1.0872153679304117,-1.1530753288061117,0.57,False,False,False,True,25646.0,25863.0,1190.0,26326.0,26544.7,463.33249400419214,406.47764921395714,-0.00839036461354059,-0.01391642519444869,256,130,867.0,-304.0,-0.84,-1.39,-0.48,0.14812048792631316,0.9917610671810192,-0.1275691386103419,2015,11,3,5
2015-11-06,25538,-1.0823948149003533,-1.0875360214850627,-1.1059624340290837,0.38121225678833615,-0.98,False,False,False,False,25791.0,25646.0,270.0,26183.285714285714,26521.866666666665,450.262780416858,429.0808727995927,0.00565390314279024,-0.00839036461354059,433,-296,256.0,130.0,0.57,-0.84,-1.39,0.03644708423326134,0.9872338943319368,0.028760190587416322,2015,11,4,6
2015-11-09,25699,-1.105126654480073,-1.102035002448025,-1.0916890996130495,-0.0001321605371131905,0.63,False,False,False,False,25538.0,25791.0,17490.0,25984.428571428572,26474.3,364.7880010560095,456.483949938975,-0.009809623512077814,0.00565390314279024,161,80,433.0,-296.0,-0.98,0.57,-0.84,2.3227091633466137,0.9814963406559786,-0.01544582594685342,2015,11,0,9
2015-11-10,25604,-1.0955052712160986,-1.1051869548312776,-1.1032994985037041,-0.1132880974537769,-0.37,False,False,False,False,25699.0,25538.0,13210.0,25874.285714285714,26439.466666666667,305.2844107201154,474.7014112947467,0.006304330801158997,-0.009809623512077814,240,-106,161.0,80.0,0.63,-0.98,0.57,1.6520760380190096,0.9786235872490764,0.11727725145471886,2015,11,1,10
2015-11-11,25490,-1.115276685176134,-1.1264101008785121,-1.1068145733972052,-0.9365643628947002,-0.45,False,False,False,False,25604.0,25699.0,11940.0,25767.0,26409.333333333332,231.15218652111744,498.3063960737258,-0.0036966418926805966,0.006304330801158997,71,-33,240.0,-106.0,-0.37,0.63,-0.98,1.4366502225965587,0.9756777906800627,0.12340532975583578,2015,11,2,11
2015-11-12,25341,-1.1198230530920779,-1.1256746453224198,-1.1338699983350613,-0.3253441052188632,-0.58,False,False,False,False,25490.0,25604.0,2700.0,25661.571428571428,26383.9,133.5350854561549,525.3011188998286,-0.004452429307920669,-0.0036966418926805966,332,-139,71.0,-33.0,-0.45,-0.37,0.63,0.3685000682407534,0.972622373059761,0.12016652051195875,2015,11,3,12
2015-11-13,25388,-1.1288100594375485,-1.1294569881823229,-1.120235768445118,-0.2086242017851392,0.19,False,False,False,False,25341.0,25490.0,9560.0,25587.0,26368.5,147.34087461902422,549.1491066909621,-0.00584542958022749,-0.004452429307920669,168,-7,332.0,-139.0,-0.58,-0.45,-0.37,1.359692789076945,0.9703623641845384,0.10379999060163701,2015,11,4,13
2015-11-16,25360,-1.1189772172007395,-1.106237605625695,-1.1218335297603457,0.3054779683008053,-0.11,False,False,False,False,25388.0,25341.0,10870.0,25550.14285714286,26355.366666666665,161.692535976905,568.0456807356878,0.0018547018665404646,-0.00584542958022749,404,-128,168.0,-7.0,0.19,-0.58,-0.45,1.5017960762641613,0.9694474442451136,0.16075763348417732,2015,11,0,16
2015-11-17,25038,-1.1405460324298689,-1.1445863596219357,-1.1599667664837807,0.3847762233053964,-1.27,False,False,False,False,25360.0,25388.0,16640.0,25488.571428571428,26330.9,134.4567553073735,594.8655223286571,-0.0011028832519300868,0.0018547018665404646,397,-246,404.0,-128.0,-0.11,0.19,-0.58,1.9548872180451127,0.9680098830108893,0.18360466589604343,2015,11,1,17
2015-11-18,25108,-1.1705732065723824,-1.1650740501130779,-1.1576233832214469,0.006104780867742289,0.28,False,False,False,False,25038.0,25360.0,17530.0,25417.14285714286,26281.766666666666,213.43572691557247,638.6530914859371,-0.012697160883280767,-0.0011028832519300868,180,108,397.0,-246.0,-1.27,-0.11,0.19,1.7287968441814596,0.9671017622030555,0.09669692505217733,2015,11,2,18
2015-11-19,25308,-1.1495330387753395,-1.1375469992993381,-1.1459064669097767,0.6173250385435793,0.8,False,False,False,False,25108.0,25038.0,13280.0,25332.714285714286,26237.066666666666,199.8155101472591,672.5728743151537,0.0027957504593019156,-0.012697160883280767,332,109,180.0,108.0,0.28,-1.27,-0.11,1.170147149528593,0.9655314981494738,0.16170269735598272,2015,11,3,19
2015-11-20,25252,-1.1329335094078232,-1.1318734850094834,-1.134828655124198,0.27340226964726283,-0.22,False,False,False,False,25308.0,25108.0,20140.0,25290.428571428572,26202.3,160.2371754029784,693.1237711037962,0.00796558865700181,0.0027957504593019156,282,-104,332.0,109.0,0.8,0.28,-1.27,1.5101979604079183,0.9651988020680846,0.2667348620364506,2015,11,4,20
2015-11-23,25180,-1.1457267772643167,-1.15383208661281,-1.1486759198561716,0.06758320328703202,-0.29,False,False,False,False,25252.0,25308.0,16280.0,25256.428571428572,26160.2,133.92268558559854,711.5866874761559,-0.002212739054844315,0.00796558865700181,203,-55,282.0,-104.0,-0.22,0.8,0.28,1.2319334090049185,0.9654524266415613,0.2664302662367251,2015,11,0,23
2015-11-24,25305,-1.1495330387753395,-1.1424850580331005,-1.1391958693858204,0.06847419491629708,0.5,False,False,False,False,25180.0,25252.0,13970.0,25233.428571428572,26110.266666666666,130.76551169093878,726.403228637443,-0.0028512593061935654,-0.002212739054844315,222,106,203.0,-55.0,-0.29,-0.22,0.8,1.0510872018659243,0.9664178805053149,0.25753363234469345,2015,11,1,24
2015-11-25,25230,-1.144140834968057,-1.1545675421689023,-1.1412197003851088,-0.49997846455481665,-0.3,False,False,False,False,25305.0,25180.0,13980.0,25221.571428571428,26058.033333333333,117.50440721292141,726.07957592464,0.004964257347100931,-0.0028512593061935654,126,-20,222.0,106.0,0.5,-0.29,-0.22,1.0359392367543534,0.9679000370418628,0.3307033231910409,2015,11,2,25
2015-11-26,25288,-1.1430835401038841,-1.1476332469257464,-1.1309940279676514,-0.37702161971623716,0.23,False,False,False,False,25230.0,25305.0,7600.0,25203.0,25996.1,101.10885223448416,714.3429751926546,-0.0029638411381149865,0.004964257347100931,96,28,126.0,-20.0,-0.3,0.5,-0.29,0.5434393993564534,0.9694915775827914,0.2977784931151893,2015,11,3,26
2015-11-27,25071,-1.1472069900741588,-1.1544624770894607,-1.1596472142207352,-0.01260604334682415,-0.86,False,False,False,False,25288.0,25230.0,8980.0,25238.714285714286,25934.3,73.49538372404895,691.6255788933141,0.0022988505747125743,-0.0029638411381149865,300,-150,96.0,28.0,0.23,-0.3,0.5,0.6447906943347455,0.9731789285122131,0.348286153351574,2015,11,4,27
2015-11-30,25114,-1.1746966565426573,-1.1650740501130779,-1.162949254272206,-0.25673774976545294,0.17,False,False,False,False,25071.0,25288.0,13070.0,25233.428571428572,25869.033333333333,84.90751270918051,676.9902705630177,-0.00858114520721287,0.0022988505747125743,230,153,300.0,-150.0,-0.86,0.23,-0.3,0.9238707853255107,0.9754298989948822,0.1949664202439707,2015,11,0,30
2015-12-01,25018,-1.1505903336395125,-1.157719494552155,-1.1602863187468264,-0.8465742083389283,-0.38,False,False,False,False,25114.0,25071.0,10330.0,25205.714285714286,25810.1,88.11113112851375,662.5691557921386,0.001715129033544649,-0.00858114520721287,275,-171,230.0,153.0,0.17,-0.86,0.23,0.7642793725954424,0.9765833640983292,0.22529305559884635,2015,12,1,1
2015-12-02,24895,-1.1527049233678586,-1.1640233993186604,-1.1725358221635722,-1.1557483036939071,-0.49,False,False,False,True,25018.0,25114.0,3710.0,25172.285714285714,25744.266666666666,109.43295403463783,638.6701665252658,-0.0038225690849724714,0.001715129033544649,330,-274,275.0,-171.0,-0.38,0.17,-0.86,0.3057524311850997,0.9777822006046284,0.1477052466865353,2015,12,2,2
2015-12-03,25043,-1.1822034500782856,-1.1683310675757723,-1.1786073151614376,-1.1735681362792083,0.59,False,False,False,True,24895.0,25018.0,240.0,25131.571428571428,25680.066666666666,151.1498783144157,623.3208579489726,-0.004916460148692958,-0.0038225690849724714,346,153,330.0,-274.0,-0.49,-0.38,0.17,0.0221606648199446,0.9786412066130966,0.06964643465245342,2015,12,3,3
2015-12-04,25631,-1.1589429630664794,-1.1051869548312776,-1.1505932334344449,-1.1691131781328832,2.35,False,False,True,True,25043.0,24895.0,40.0,25094.14285714286,25623.6,132.31204098892258,600.5867590720251,0.005944968869250777,-0.004916460148692958,684,521,346.0,153.0,0.59,-0.49,-0.38,0.0045351473922902496,0.9793371289414001,0.24009584903976178,2015,12,4,4
2015-12-07,25443,-1.1082985390725921,-1.1188454151587057,-1.1139512406052223,-0.29505038982385084,-0.73,False,False,False,False,25631.0,25043.0,90.0,25151.428571428572,25588.766666666666,242.1520576988673,566.7979438879697,0.023479615062093284,0.005944968869250777,210,-146,684.0,521.0,2.35,0.59,-0.49,0.012498264129981947,0.9829089810800536,0.9135920036039787,2015,12,0,7
2015-12-08,25424,-1.127647035086958,-1.1298772485000899,-1.1283310924422718,-0.15783767891703032,-0.07,False,False,False,False,25443.0,25631.0,9900.0,25173.571428571428,25547.233333333334,262.91814768313054,527.6990184027442,-0.0073348679333619105,0.023479615062093284,240,18,210.0,-146.0,-0.73,2.35,0.59,1.457168089490727,0.9853736841134041,0.7352353454902746,2015,12,1,8
2015-12-09,25499,-1.1208803479562508,-1.117059308808196,-1.1221530820233914,0.1700472406525149,0.29,False,False,False,False,25424.0,25443.0,11440.0,25224.0,25501.7,273.60190057851355,472.8505012707073,-0.0007467672837322414,-0.0073348679333619105,304,29,240.0,18.0,-0.07,-0.73,2.35,1.7492354740061162,0.9891105298862428,0.7381255954299291,2015,12,2,9
2015-12-10,25328,-1.1224662902525104,-1.1361811532665953,-1.1253486046538468,-0.27366659072148924,-0.67,False,False,False,False,25499.0,25424.0,15120.0,25279.0,25454.0,286.2102956455388,388.4428684751525,0.002949968533668912,-0.0007467672837322414,152,-127,304.0,29.0,0.29,-0.07,-0.73,2.0735052111903456,0.9931248526754145,0.8369183540196687,2015,12,3,10
2015-12-11,25581,-1.1388543606471921,-1.1198960659531232,-1.1403675610169874,0.43110778802718,1.0,False,False,False,False,25328.0,25499.0,10140.0,25323.285714285714,25415.933333333334,262.05897191677474,338.14381079926886,-0.0067061453390329095,0.002949968533668912,448,281,152.0,-127.0,-0.67,0.29,-0.07,1.368790496760259,0.9963547426005359,0.6095333710128357,2015,12,4,11
2015-12-14,25256,-1.1158053326082205,-1.1273556865934877,-1.131952684756788,0.1076778266039601,-1.27,False,False,False,False,25581.0,25328.0,18050.0,25421.285714285714,25390.133333333335,194.8544022992735,290.1442843610251,0.009988945041061292,-0.0067061453390329095,298,-262,448.0,281.0,1.0,-0.67,0.29,2.2830761447002277,1.001226948300877,0.9083202224907814,2015,12,0,14
2015-12-15,25173,-1.1435064580495533,-1.1506801342295574,-1.1457999494887616,-0.04824570851742689,-0.33,False,False,False,False,25256.0,25581.0,14420.0,25451.714285714286,25357.733333333334,132.63196483278887,243.94783689691687,-0.012704741800555142,0.009988945041061292,206,-83,298.0,-262.0,-1.27,1.0,-0.67,1.7342152736019243,1.003706204775701,0.5068321156844592,2015,12,1,15
2015-12-16,25372,-1.1457267772643167,-1.1419597326358917,-1.1446282578575946,0.02392461345304366,0.79,False,False,False,False,25173.0,25256.0,12670.0,25386.285714285714,25334.733333333334,142.07945463275712,226.57630720963698,-0.0032863477985428657,-0.012704741800555142,278,137,206.0,-83.0,-0.33,-1.27,1.0,1.3755292584952774,1.0020348499537808,0.39027391186619936,2015,12,2,16
2015-12-17,24766,-1.1386429016743576,-1.1522561104211837,-1.1926676147354416,0.6734575111872786,-2.39,False,False,True,False,25372.0,25173.0,13480.0,25376.14285714286,25325.6,139.87307171377483,218.9919853680113,0.0079052953561356,-0.0032863477985428657,631,-536,278.0,137.0,0.79,-0.33,-1.27,1.2795443758898908,1.0019957220023556,0.6331758708951869,2015,12,3,17
2015-12-18,25011,-1.1915076448830082,-1.1686462628140974,-1.1809506984237716,0.19410401464267174,0.99,False,False,False,False,24766.0,25372.0,20770.0,25282.14285714286,25291.433333333334,266.3077346304153,223.7841760972348,-0.023884597193756907,0.0079052953561356,365,209,631.0,-536.0,-2.39,0.79,-0.33,1.6473667512690355,0.9996326631208271,-0.040215936477192224,2015,12,4,18
2015-12-21,25302,-1.1634893309824232,-1.1487889627996057,-1.1521909947496725,0.15757335784280393,1.16,False,False,False,False,25011.0,24766.0,15390.0,25212.428571428572,25273.866666666665,263.94119114137743,224.44502181235222,0.009892594686263356,-0.023884597193756907,284,235,365.0,209.0,0.99,-2.39,0.79,1.0885556655821191,0.997569105825856,0.25721810513356697,2015,12,0,21
2015-12-22,25176,-1.1449866708593956,-1.1507851993089993,-1.1411131829640937,-0.09546826486847552,-0.5,False,False,False,False,25302.0,25011.0,14980.0,25208.714285714286,25260.633333333335,262.22109900250524,209.73636708596197,0.011634880652512836,0.009892594686263356,161,-66,284.0,235.0,1.16,0.99,-2.39,1.022804861395603,0.9979446656410417,0.5709921112602028,2015,12,1,22
2015-12-23,25004,-1.1547137836097874,-1.1661247009074953,-1.1584755225895682,-0.22288006785338033,-0.68,False,False,False,False,25176.0,25302.0,12140.0,25150.85714285714,25246.366666666665,204.77664952492805,199.90057586245908,-0.0049798434906331845,0.011634880652512836,178,-146,161.0,-66.0,-0.5,1.16,0.99,0.8249524327262843,0.9962169002347722,0.43935936063649406,2015,12,2,23
2015-12-24,25147,-1.1663440271156904,-1.1650740501130779,-1.1538952734859154,-0.6772857987785652,0.57,False,False,False,False,25004.0,25176.0,10710.0,25114.85714285714,25230.166666666668,205.3618177526111,199.16707305366742,-0.006831903400063566,-0.0049798434906331845,145,107,178.0,-146.0,-0.68,-0.5,1.16,0.750262697022767,0.9954296963102558,0.26807431039744156,2015,12,3,24
2015-12-28,25077,-1.1561939964196295,-1.1690665231318644,-1.1510193031185054,-0.40107839370639403,-0.28,False,False,False,False,25147.0,25004.0,5610.0,25111.14285714286,25223.7,204.3676658802059,198.59300782978352,0.0057190849464086035,-0.006831903400063566,80,-59,145.0,107.0,0.57,-0.68,-0.5,0.40587469251917235,0.9955376434521049,0.4293618346498511,2015,12,0,28
2015-12-29,25106,-1.1569341028245506,-1.1584549501082473,-1.14782378048805,-0.26742964931663377,0.12,False,False,False,False,25077.0,25147.0,8710.0,25069.0,25213.333333333332,168.95956123734328,197.83645864217448,-0.0027836322424146243,0.0057190849464086035,151,-23,80.0,-59.0,-0.28,0.57,-0.68,0.6758224705152079,0.9942755156002115,0.3536591945360898,2015,12,1,29
2015-12-30,25017,-1.1520705464493548,-1.1604511866176406,-1.1573038309584012,-0.1756575115023317,-0.35,False,False,False,False,25106.0,25077.0,10210.0,25117.571428571428,25204.866666666665,103.54525120834454,196.77551244784533,0.0011564381704349813,-0.0027836322424146243,221,-158,151.0,-23.0,0.12,-0.28,0.57,0.8189620598379722,0.9965365721132465,0.3853865013723845,2015,12,2,30
2015-12-31,24952,-1.1671898630070288,-1.177891989804972,-1.1704054737432685,-0.6327362173153118,-0.26,False,False,False,False,25017.0,25106.0,11240.0,25118.428571428572,25204.166666666668,102.53594027363859,197.4258627045339,-0.0035449693300406704,0.0011564381704349813,178,-80,221.0,-158.0,-0.35,0.12,-0.28,0.9120415449529373,0.9965982570909004,0.2897897307593386,2015,12,3,31
2016-01-01,24943,-1.1731107142463977,-1.1765261437722292,-1.1682751253229648,-0.9882418773920741,-0.04,False,False,False,False,24952.0,25017.0,6110.0,25068.428571428572,25198.966666666667,81.22162508307038,202.0465093840653,-0.0025982332014230503,-0.0035449693300406704,171,-33,178.0,-80.0,-0.26,-0.35,0.12,0.5273150945024596,0.9948197044361041,0.2121777695449805,2016,1,4,1
2016-01-04,25423,-1.145832506750734,-1.1309278992945075,-1.1544278605909915,-1.1103077306013887,1.92,False,False,True,True,24943.0,24952.0,2120.0,25035.14285714286,25186.8,77.44552617158382,206.2013411782565,-0.00036069252965698073,-0.0025982332014230503,475,189,171.0,-33.0,-0.04,-0.26,-0.35,0.2180621271343345,0.9939787053989733,0.21406090402035344,2016,1,0,4
2016-01-05,25430,-1.132510591462154,-1.1329241358039008,-1.1192771116559814,-1.1619852450987624,0.03,False,False,False,True,25423.0,24943.0,750.0,25095.0,25192.5,163.48802198789465,210.38679485304857,0.019243876037365215,-0.00036069252965698073,126,70,475.0,189.0,1.92,-0.04,-0.26,0.09082102203923469,0.9961298005358737,0.7554960903515073,2016,1,1,5
2016-01-06,25756,-1.1240522325487698,-1.1010894167330492,-1.1127795489740553,0.9737216902496066,1.28,False,False,False,False,25430.0,25423.0,170.0,25135.428571428572,25200.833333333332,207.54506108585554,214.77993281610807,0.0002753412264484556,0.019243876037365215,368,316,126.0,70.0,0.03,1.92,-0.04,0.025084845801977278,0.9974046587650636,0.7651648342252615,2016,1,2,6
2016-01-07,26106,-1.0859896174385415,-1.0652622246434107,-1.0745397948296052,1.0788587025028848,1.36,False,False,False,False,25756.0,25430.0,24140.0,25232.428571428572,25215.866666666665,309.3761772467198,236.9607465437247,0.012819504522217917,0.0002753412264484556,350,306,368.0,316.0,1.28,0.03,1.92,3.026200325937069,1.0006568048991076,1.0482220674315779,2016,1,3,7
2016-01-08,25989,-1.0611431881304758,-1.0689395024238721,-1.0740072077245293,0.9345180585619437,-0.45,False,False,False,False,26106.0,25756.0,25320.0,25375.285714285714,25245.066666666666,443.2018781120782,287.37335241531804,0.013589066625252277,0.012819504522217917,310,-46,350.0,306.0,1.36,1.28,0.03,2.6827717736808645,1.0051581978110198,1.1895197142228928,2016,1,4,8
2016-01-11,25877,-1.0569140086737836,-1.0673635262322458,-1.069107406357831,0.5968322310704827,-0.43,False,False,False,False,25989.0,26106.0,23700.0,25514.14285714286,25268.433333333334,464.0177541761077,317.86645247564405,-0.004481728338313062,0.013589066625252277,279,-198,310.0,-46.0,-0.45,1.36,1.28,2.107228594291811,1.0097239714298152,1.0024235672774144,2016,1,0,11
2016-01-12,25689,-1.0779541764708267,-1.0824928976718584,-1.0905174079818825,0.6191070218021094,-0.73,False,False,False,False,25877.0,25989.0,19910.0,25646.285714285714,25295.3,405.2372614844226,334.24398996517374,-0.0043095155642771665,-0.004481728338313062,336,-187,279.0,-198.0,-0.43,-0.45,1.36,1.6099296514918735,1.0138755308016,0.8915805066229521,2016,1,1,12
2016-01-13,25750,-1.1007917455369636,-1.1005640913358403,-1.1011691500834007,0.4587285285343971,0.24,False,False,False,False,25689.0,25877.0,20160.0,25752.85714285714,25314.466666666667,262.36579335721416,339.9270442353036,-0.007265138926459747,-0.0043095155642771665,264,90,336.0,-187.0,-0.73,-0.43,-0.45,1.5087561742254154,1.0173177844101189,0.7440901104629877,2016,1,2,13
2016-01-14,25652,-1.0859896174385415,-1.0759788627464697,-1.0927542738232012,0.9683757404740163,-0.38,False,False,False,False,25750.0,25689.0,18360.0,25799.571428571428,25338.866666666665,219.44692383604058,344.15801636767657,0.0023745572034723494,-0.007265138926459747,419,-148,264.0,90.0,0.24,-0.73,-0.43,1.3045331817535881,1.0181817430102673,0.758166906448387,2016,1,3,14
2016-01-15,26126,-1.1039636301294826,-1.0558063674936526,-1.0905174079818825,1.4477292370186232,1.85,False,False,True,False,25652.0,25750.0,24080.0,25831.285714285714,25364.1,166.88090991897553,338.19147300610575,-0.0038058252427184414,0.0023745572034723494,590,496,419.0,-148.0,-0.38,0.24,-0.73,1.517232688551446,1.0184191717540032,0.6840330902206294,2016,1,4,15
2016-01-18,26070,-1.0571254676466182,-1.0673635262322458,-1.0541949674157054,0.07827510283821283,-0.21,False,False,False,False,26126.0,25652.0,29460.0,25884.14285714286,25400.2,195.24636451746667,359.84291592050823,0.018478091376890715,-0.0038058252427184414,139,-3,590.0,496.0,1.85,-0.38,0.24,1.58344531040043,1.0190527183700466,0.928552786462261,2016,1,0,18
2016-01-19,26064,-1.0605088112119718,-1.0699901532182896,-1.0646336746751932,0.6859313939969895,-0.02,False,False,False,False,26070.0,26126.0,14090.0,25879.0,25414.833333333332,188.79618640254603,378.0193466438233,-0.0021434586235933306,0.018478091376890715,212,23,139.0,-3.0,-0.21,1.85,-0.38,0.7066552986609158,1.0182636124572921,0.8516468289056406,2016,1,1,19
2016-01-20,26563,-1.054270771513351,-1.0094726674598389,-1.040454220104747,1.6980978848421076,1.91,False,False,True,False,26064.0,26070.0,20910.0,25889.714285714286,25435.533333333333,197.98376556858392,396.18131806263716,-0.00023014959723821615,-0.0021434586235933306,561,463,212.0,23.0,-0.02,-0.21,1.85,0.9498932449007405,1.0178561599801703,0.8125294999137683,2016,1,2,20
2016-01-21,26190,-1.0148336730796979,-1.0250222992172187,-1.035128349053988,1.352393132687261,-1.4,False,False,False,False,26563.0,26064.0,32270.0,25987.714285714286,25473.5,321.7425027803745,446.42771743787034,0.019145181092694807,-0.00023014959723821615,363,-283,561.0,463.0,1.91,-0.02,-0.21,1.4137387190046438,1.0201862439678209,1.000896330638889,2016,1,3,21
2016-01-22,26168,-1.0379884306050868,-1.0472960960588706,-1.0390694936315497,0.3224068092568416,-0.08,False,False,False,False,26190.0,26563.0,28390.0,26059.285714285714,25496.533333333333,299.1491903638998,465.2192462986346,-0.014042088619508286,0.019145181092694807,188,-86,363.0,-283.0,-1.4,1.91,-0.02,1.2272511131284312,1.0220717214216983,0.7804802256494243,2016,1,4,22
2016-01-25,26391,-1.04686970746414,-1.0322717896986997,-1.0329980006336843,0.2679672207087459,0.85,False,False,False,False,26168.0,26190.0,16830.0,26119.0,25524.533333333333,267.12731047224776,479.7766530187137,-0.0008400152730049237,-0.014042088619508286,274,221,188.0,-86.0,-0.08,-1.4,1.91,0.7497995188452286,1.0232900111787875,0.7435949210312546,2016,1,0,25
2016-01-27,26736,-1.0172654512672956,-0.9928723849080415,-1.0031731227494336,0.20479591419385257,1.31,False,False,False,False,26391.0,26168.0,16219.0,26224.571428571428,25551.533333333333,185.3014275383548,505.183116908535,0.008521858758789413,-0.0008400152730049237,369,286,274.0,221.0,0.85,-0.08,-1.4,0.7346593045219211,1.026340419044836,0.8246567806453685,2016,1,2,27
2016-01-28,26701,-0.9749736567003752,-0.9843621134732594,-0.9871955095971563,0.2938950771203594,-0.13,False,False,False,False,26736.0,26391.0,15510.0,26311.714285714286,25600.866666666665,259.7131201191719,545.947372311247,0.013072638399454384,0.008521858758789413,300,-149,369.0,286.0,1.31,0.85,-0.08,0.7176601779575141,1.027766545105802,0.9422785088346403,2016,1,3,28
2016-01-29,26709,-0.9930533988777337,-0.9987560293567799,-0.9949712813312646,0.18252112346222585,0.03,False,False,False,False,26701.0,26736.0,16510.0,26401.85714285714,25651.8,271.0912691154111,575.1490001851779,-0.0013090963494912788,0.013072638399454384,236,30,300.0,-149.0,-0.13,1.31,0.85,0.7705267677545514,1.029239941947822,0.8868956565766203,2016,1,4,29
2016-02-01,26973,-0.9850179579100188,-0.9687074166364379,-0.9824022256514731,-0.8590480911486392,0.99,False,False,False,False,26709.0,26701.0,15260.0,26494.0,25696.366666666665,245.52664485439956,603.8066876842009,0.0002996142466573648,-0.0013090963494912788,404,218,236.0,30.0,0.03,-0.13,1.31,0.7427634108708243,1.0310407048467294,0.8668057685056724,2016,2,0,1
2016-02-02,27008,-0.8764337753594504,-0.8916947134056316,-0.9593944627121939,-1.0835779817234366,0.13,False,False,False,False,26973.0,26709.0,3570.0,26552.571428571428,25769.933333333334,306.1496677243696,620.7543205141518,0.009884308660002228,0.0002996142466573648,921,-774,404.0,218.0,0.99,0.03,-0.13,0.1988204434197116,1.0303702025579458,0.9787242408845301,2016,2,1,2
2016-02-03,27285,-0.9449464825578616,-0.9397094547105136,-0.947144959295448,-1.1379284711086057,1.03,False,False,False,True,27008.0,26973.0,1050.0,26669.428571428572,25836.5,300.7584064456667,643.2310010329516,0.0012975938901864659,0.009884308660002228,349,151,921.0,-774.0,0.13,0.99,0.03,0.06305586749860376,1.0322384445040378,0.9433573676925057,2016,2,2,3
2016-02-04,27656,-0.9342678044297142,-0.88980354197568,-0.922539435040941,-1.167331194874353,1.36,False,False,False,True,27285.0,27008.0,440.0,26829.0,25902.6,286.35351112470084,686.8223481594241,0.010256220379146974,0.0012975938901864659,593,421,349.0,151.0,1.03,0.13,0.99,0.030126875226807442,1.0357647494846078,1.017333394982832,2016,2,3,4
2016-02-05,27568,-0.8777025291964581,-0.8569181721104108,-0.9605661543433609,-1.1602032618402325,-0.32,False,False,False,True,27656.0,27285.0,110.0,27009.714285714286,25985.266666666666,354.84067517973153,743.2796351926612,0.013597214586769324,0.010256220379146974,1263,-202,593.0,421.0,1.36,1.03,0.13,0.009658527162412524,1.039424171865889,1.0754765414694634,2016,2,4,5
2016-02-08,28367,-0.9066724084747986,-0.8237176070068162,-0.8917559003675536,1.4406013039845025,2.9,False,False,True,False,27568.0,27656.0,190.0,27128.571428571428,26070.733333333334,385.8639039623303,773.3602868867171,-0.0031819496673416436,0.013597214586769324,933,871,1263.0,-202.0,-0.32,1.36,1.03,0.02217320776295674,1.0405756938906499,0.956900786818252,2016,2,0,8
2016-02-09,28325,-0.8169080745065098,-0.8243479974834667,-0.8297627613367179,1.0173802800835952,-0.15,False,False,False,False,28367.0,27568.0,29380.0,27366.571428571428,26178.066666666666,554.9362897796234,859.3991860129379,0.028982878699941983,-0.0031819496673416436,345,-20,933.0,871.0,2.9,-0.32,1.36,2.990665621596311,1.0454007844444113,1.1123336157373633,2016,2,1,9
2016-02-10,28211,-0.8282211295531611,-0.8425242562268903,-0.8449947525418888,0.6520737120849169,-0.4,False,False,False,False,28325.0,28367.0,24630.0,27597.428571428572,26286.333333333332,571.6709009978543,918.4651114330298,-0.0014805936475481563,0.028982878699941983,315,-27,345.0,-20.0,-0.15,2.9,-0.32,2.309423347398031,1.0498774485383497,1.0027897201487475,2016,2,2,10
2016-02-11,29706,-0.8269523757161534,-0.6586603672038193,-0.8114417649221066,2.9570690569936495,5.3,False,True,True,False,28211.0,28325.0,20530.0,27774.285714285714,26389.833333333332,536.7270300273483,955.0871808314895,-0.004024713150926784,-0.0014805936475481563,1750,1456,315.0,-27.0,-0.4,-0.15,2.9,1.83845258350497,1.0524615810742413,0.9130793825969914,2016,2,3,11
2016-02-12,29287,-0.6929931164254328,-0.687868459288627,-0.70481782648591,1.0262901963762456,-1.41,False,False,False,False,29706.0,28211.0,46400.0,28159.714285714286,26546.133333333335,799.2595978541433,1095.963651968851,0.05299351316862211,-0.004024713150926784,471,-230,1750.0,1456.0,5.3,-0.4,-0.15,3.2777620796835265,1.060784029527751,1.1583946640888523,2016,2,4,12
2016-02-15,28595,-0.721117159812435,-0.7373541117056936,-0.7825755438269925,0.5638655407876751,-2.36,False,False,True,False,29287.0,29706.0,24730.0,28445.714285714286,26690.633333333335,792.2511626763061,1162.3050072528986,-0.014104894634080711,0.05299351316862211,730,-656,471.0,-230.0,-1.41,5.3,-0.4,1.6374230285373768,1.0657564371164272,0.9804510439947722,2016,2,0,15
2016-02-16,28800,-0.7952335297909631,-0.7669824641082685,-0.8262476864432169,1.6366194624228179,0.72,False,False,False,False,28595.0,29287.0,19540.0,28579.85714285714,26812.366666666665,711.647016568275,1164.1995173045057,-0.02362823095571409,-0.014104894634080711,858,250,730.0,-656.0,-2.36,-1.41,5.3,1.170059880239521,1.0659207185312676,0.7892740561074241,2016,2,1,16
2016-02-17,28781,-0.7698584530508108,-0.7700293514120794,-0.7702195229892314,0.7545377494503999,-0.07,False,False,False,False,28800.0,28595.0,31580.0,28755.85714285714,26924.933333333334,554.7409090652333,1188.2421654184125,0.0071690855044588275,-0.02362823095571409,303,-9,858.0,250.0,0.72,-2.36,-1.41,1.5987444945071634,1.0680010526621102,0.8035374369828164,2016,2,2,17
2016-02-18,29210,-0.7709157479149837,-0.7353578751963004,-0.7726694236725806,0.8097792304648341,1.49,False,False,False,False,28781.0,28800.0,21680.0,28815.0,27036.633333333335,527.7881519448658,1200.3090832791206,-0.0006597222222222143,0.0071690855044588275,656,430,303.0,-9.0,-0.07,0.72,-2.36,0.990995109018604,1.065776187617048,0.7719060496522673,2016,2,3,18
2016-02-19,29432,-0.7234432085136155,-0.7062548481909342,-0.7123805633779878,1.120735309078343,0.76,False,False,False,False,29210.0,28781.0,22300.0,28941.428571428572,27151.766666666666,495.8826666134423,1238.2878246924906,0.014905666933046069,-0.0006597222222222143,367,203,656.0,430.0,1.49,-0.07,0.72,0.925464807436919,1.0659132765367718,0.8317597016993129,2016,2,4,19
2016-02-22,28916,-0.7117072355212951,-0.7280033196353775,-0.7569048453623337,0.703751226582291,-1.75,False,False,True,False,29432.0,29210.0,25790.0,29115.85714285714,27262.633333333335,401.98566664809226,1289.2719004668377,0.007600136939404312,0.014905666933046069,578,-424,367.0,203.0,0.76,1.49,-0.07,0.9675120048019208,1.0679766986139934,0.8453793283293207,2016,2,0,22
2016-02-23,29234,-0.7376109596935339,-0.7304198164625378,-0.7233518577425515,0.7901774146210025,1.1,False,False,False,False,28916.0,29432.0,21110.0,29003.0,27360.2,308.7803966144399,1300.2697438980033,-0.01753193802663766,0.007600136939404312,240,139,578.0,-424.0,-1.75,0.76,1.49,0.8172983855356383,1.0600434207352285,0.7090994200414344,2016,2,1,23
2016-02-24,29523,-0.7148791201138142,-0.6708479164190628,-0.7091850407475324,1.6054347553985404,0.99,False,False,False,False,29234.0,28916.0,22080.0,28995.428571428572,27472.1,301.21302381258903,1312.616979351849,0.010997371697330172,-0.01753193802663766,674,213,240.0,139.0,1.1,-1.75,0.76,0.8633768671306796,1.055450022802355,0.7611568840617108,2016,2,2,24
2016-02-25,29735,-0.697962402287046,-0.6833506608726316,-0.6928878753322096,1.161720924024536,0.72,False,False,False,False,29523.0,29234.0,31230.0,29128.0,27599.9,299.81605471805693,1319.6485516985192,0.00988574946979548,0.010997371697330172,402,265,674.0,213.0,0.99,1.1,-1.75,1.1721213031076414,1.0553661426309515,0.8030856648073503,2016,2,3,25
2016-02-26,29290,-0.6854863228898044,-0.6910204116718798,-0.717173847323671,1.1162803509320176,-1.5,False,False,False,False,29735.0,29523.0,26250.0,29261.571428571428,27732.733333333334,335.4881305118211,1327.5577507623461,0.007180842055346748,0.00988574946979548,557,-298,402.0,265.0,0.72,0.99,1.1,1.06581672012668,1.0551275662900674,0.8273932347416338,2016,2,4,26
2016-02-29,29437,-0.7227031021086944,-0.6980597719944773,-0.7064155878011377,0.14064451688676763,0.5,False,False,False,False,29290.0,29735.0,25740.0,29334.285714285714,27854.0,260.81967863244915,1296.7377902072933,-0.014965528838069564,0.007180842055346748,389,201,557.0,-298.0,-1.5,0.72,0.99,1.0408410837040032,1.0531444573233903,0.6948847128802859,2016,2,0,29
2016-03-01,29097,-0.6842175690527967,-0.684506376746491,-0.7230323054795059,-0.8260814008658317,-1.16,False,False,False,False,29437.0,29290.0,14790.0,29366.714285714286,27964.366666666665,256.8733243486629,1285.446641372581,0.005018777739842939,-0.014965528838069564,674,-503,389.0,201.0,0.5,-1.5,0.72,0.6097711811997526,1.0501476624077888,0.7182926639360381,2016,3,1,1
2016-03-02,29219,-0.7467036955254218,-0.738509827579553,-0.7358143960013278,-1.088032939869762,0.42,False,False,False,False,29097.0,29437.0,3940.0,29318.85714285714,28065.266666666666,273.3602193513882,1249.9327963543658,-0.011550090022760418,0.005018777739842939,280,210,674.0,-503.0,-1.16,0.5,-1.5,0.18333255781489927,1.044666971850988,0.5951165002797845,2016,3,2,2
2016-03-03,29381,-0.7255577982419615,-0.7085662799386528,-0.7187716086388987,-1.0889239314990269,0.55,False,False,False,True,29219.0,29097.0,1000.0,29362.14285714286,28170.433333333334,217.1469767780296,1207.760243486703,0.004192872117400492,-0.011550090022760418,405,172,280.0,210.0,0.42,-1.16,0.5,0.0514853524172373,1.0423035567010397,0.6193731078364346,2016,3,3,3
2016-03-04,29519,-0.6753362921937435,-0.6604464735543291,-0.7067351400641831,-1.1477293790305214,0.47,False,False,False,True,29381.0,29219.0,990.0,29383.14285714286,28264.366666666665,209.6683321911959,1187.852088880343,0.005544337588555326,0.004192872117400492,750,-165,405.0,172.0,0.55,0.42,-1.16,0.05725190839694656,1.0395825671125196,0.6677264440952033,2016,3,4,4
2016-03-07,29597,-0.655141960288039,-0.6628629703814894,-0.6723300130762795,0.07203816143335735,0.26,False,False,False,False,29519.0,29381.0,330.0,29382.571428571428,28375.333333333332,209.2286286521211,1141.9959035294614,0.004696912970967526,0.005544337588555326,404,-278,750.0,-165.0,0.47,0.55,0.42,0.022378950223789502,1.0354969608076767,0.7279076828311601,2016,3,0,7
2016-03-08,29819,-0.6673008512260286,-0.6432158005258812,-0.6506004591891825,2.25229467824498,0.75,False,True,False,False,29597.0,29519.0,14020.0,29362.85714285714,28489.633333333335,174.02722830208143,1083.555752057082,0.0026423659338052907,0.004696912970967526,387,59,404.0,-278.0,0.26,0.47,0.55,0.9987889150103298,1.030650580837842,0.749027365335513,2016,3,1,8
2016-03-09,29597,-0.6683581460902016,-0.6849266370642579,-0.697787676698908,1.9306467000802905,-0.74,False,False,False,False,29819.0,29597.0,38490.0,29438.428571428572,28603.9,239.61556511972685,1034.2404626017308,0.00750076021218371,0.0026423659338052907,433,-153,387.0,59.0,0.75,0.26,0.47,2.455032529659395,1.029175342223563,0.8536551497546196,2016,3,2,9
2016-03-10,29928,-0.6947905176945269,-0.663913621175907,-0.7221801661113845,3.472953210338124,1.12,False,True,False,False,29597.0,29819.0,34880.0,29461.285714285714,28699.266666666666,246.9748396671168,986.8846815674644,-0.007444917669941931,0.00750076021218371,862,428,433.0,-153.0,-0.74,0.75,0.26,2.1741569531883065,1.0265518647730505,0.7135742330263116,2016,3,3,10
2016-03-11,29504,-0.6519700756955199,-0.6670655735591596,-0.6814905112835852,2.1106270091918344,-1.42,False,True,False,False,29928.0,29597.0,52190.0,29580.0,28806.833333333332,242.36542657735816,936.1310357486356,0.011183565901949466,-0.007444917669941931,450,-401,862.0,428.0,1.12,-0.74,0.75,2.8003434029081933,1.026839696599765,0.9290086427679825,2016,3,4,11
2016-03-14,29204,-0.7001827215018093,-0.7038383513637738,-0.7166412602185951,1.5787050065205883,-1.02,False,False,False,False,29504.0,29928.0,36900.0,29620.714285714286,28900.0,189.86724685578486,855.784254152307,-0.014167334937182585,0.011183565901949466,430,-245,450.0,-401.0,-1.42,1.12,-0.74,1.8680706728091936,1.024938210578349,0.6214781173454268,2016,3,0,14
2016-03-15,29050,-0.7361307468836917,-0.7375642418645771,-0.7438032025774663,1.7863060561393493,-0.53,False,False,False,False,29204.0,29504.0,30930.0,29595.428571428572,28974.366666666665,233.81250119339282,775.7490032812113,-0.010168112798264684,-0.014167334937182585,364,-59,430.0,-245.0,-1.02,-1.42,1.12,1.4475593204474189,1.0214348742081878,0.37487043829477373,2016,3,1,15
2016-03-16,28970,-0.7391969019897934,-0.7472302291732186,-0.7384773315267072,0.834726996084256,-0.28,False,False,False,False,29050.0,29204.0,33260.0,29528.428571428572,29042.433333333334,313.11278965836715,681.0726673129307,-0.005273250239693161,-0.010168112798264684,222,-110,364.0,-59.0,-0.53,-1.02,-1.42,1.3687806082554839,1.0167339710318777,0.22558301522321747,2016,3,2,16
2016-03-17,29357,-0.7430031635008163,-0.7017370497749388,-0.7268669326360525,2.1934892307134857,1.34,False,True,False,False,28970.0,29050.0,22580.0,29438.85714285714,29098.6,373.9912782278538,595.2099948176757,-0.002753872633390664,-0.005273250239693161,546,313,222.0,-110.0,-0.28,-0.53,-1.02,0.8534603318592433,1.0116932478833052,0.1276615731999372,2016,3,3,17
2016-03-18,29135,-0.705363466336257,-0.7153955101023669,-0.7303820075295535,1.2419101706583924,-0.76,False,False,False,False,29357.0,28970.0,37830.0,29372.85714285714,29155.3,334.3941928181549,530.5560615831038,0.013358646876078684,-0.002753872633390664,449,-265,546.0,313.0,1.34,-0.28,-0.53,1.2551010251816463,1.0074620100927496,0.4695324991568634,2016,3,4,18
2016-03-21,28937,-0.7368708532886128,-0.7512227021920053,-0.7495551433122862,1.004906397273884,-0.68,False,False,False,False,29135.0,29357.0,27150.0,29306.85714285714,29207.533333333333,328.3191681740602,437.9514800184875,-0.007562080594066156,0.013358646876078684,288,-165,449.0,-265.0,-0.76,1.34,-0.28,0.8271638789872955,1.0034006229964807,0.28524263154008234,2016,3,0,21
2016-03-22,29047,-0.7529417352240426,-0.7283185148737027,-0.7429510632093449,1.6954249099543124,0.38,False,False,False,False,28937.0,29135.0,24490.0,29165.285714285714,29226.533333333333,207.13901474276852,411.81287458986446,-0.006795949888450337,-0.007562080594066156,444,97,288.0,-165.0,-0.68,-0.76,1.34,0.7230587540596398,0.9979043830361582,0.10506254277263498,2016,3,1,22
2016-03-23,28568,-0.7476552609031775,-0.7637254466455742,-0.7837472354581595,1.8281826627148074,-1.65,False,False,True,False,29047.0,28937.0,32240.0,29100.0,29250.6,145.4120581887942,376.9294821084735,0.0038013615786018917,-0.006795949888450337,490,-432,444.0,97.0,0.38,-0.68,-0.76,0.969769890209054,0.9948513876638428,0.22038178141474363,2016,3,2,23
2016-03-24,28560,-0.8002028156525762,-0.8030197863567905,-0.7901382807190703,-0.5151253222523228,-0.03,False,False,False,False,28568.0,29047.0,33730.0,29009.14285714286,29262.5,238.49907656811968,347.4600200268274,-0.016490515371639036,0.0038013615786018917,176,57,490.0,-432.0,-1.65,0.38,-0.68,1.0181104738907334,0.9913419173735278,-0.06152513919477891,2016,3,3,24
2016-03-28,28400,-0.8055950194598586,-0.8176238323991943,-0.8114417649221066,0.30725995155933544,-0.56,False,False,False,False,28560.0,28568.0,7430.0,28939.14285714286,29224.3,290.70341620028114,359.79698777727356,-0.00028003360403250355,-0.016490515371639036,237,-52,176.0,57.0,-0.03,-1.65,0.38,0.25930062120471836,0.990242464563492,0.013343135939108833,2016,3,0,28
2016-03-29,28616,-0.8123617065905658,-0.7988171831791203,-0.808139724870636,1.14657406632703,0.76,False,False,False,False,28400.0,28560.0,16660.0,28857.714285714286,29194.733333333334,353.6380985724588,389.6716507549771,-0.0056022408963585235,-0.00028003360403250355,385,228,237.0,-52.0,-0.56,-0.03,-1.65,0.6256102140443109,0.9884561696874877,-0.00016783582758974182,2016,3,1,29
2016-03-30,28301,-0.7870923593368309,-0.7960854911136347,-0.813998183026471,0.6084151222509286,-1.1,False,False,False,False,28616.0,28400.0,26080.0,28751.85714285714,29195.433333333334,283.1545093946363,388.57446659779885,0.00760563380281698,-0.0056022408963585235,466,-326,385.0,228.0,0.76,-0.56,-0.03,0.9975138649837445,0.9848066584451155,0.17146435132805857,2016,3,2,30
2016-03-31,28441,-0.8227231962594614,-0.8121604482682231,-0.8071810680814994,0.10054989356983955,0.49,False,False,False,False,28301.0,28616.0,20040.0,28632.714285714286,29178.8,270.23675686691394,415.81066646328264,-0.011007827788649727,0.00760563380281698,249,151,466.0,-326.0,-1.1,0.76,-0.56,0.8073157958345083,0.9812848467282509,0.05456891157043431,2016,3,3,31
2016-04-01,28056,-0.8100356578893853,-0.8131060339831989,-0.8428644041215853,-0.6452101001250228,-1.35,False,False,False,False,28441.0,28301.0,14340.0,28561.85714285714,29167.466666666667,240.5503610276237,431.36940992136306,0.004946821667078938,-0.011007827788649727,575,-354,249.0,151.0,0.49,-1.1,0.76,0.597524896870703,0.9792368144024783,0.167375087594728,2016,4,4,1
2016-04-04,28086,-0.8432347166244178,-0.8491433562317209,-0.8346625627034162,-1.1183266552647741,0.11,False,False,False,True,28056.0,28441.0,5970.0,28420.285714285714,29129.0,194.68668357633175,476.5344001041016,-0.01353679547132658,0.004946821667078938,155,-10,575.0,-354.0,-1.35,0.49,-1.1,0.2868399557968577,0.975669803779248,0.04837009864789008,2016,4,0,4
2016-04-05,28562,-0.8297013423630033,-0.7953500355575424,-0.8178328101830176,-1.153966320435377,1.69,False,False,False,True,28086.0,28056.0,660.0,28351.428571428572,29084.133333333335,217.62188702962047,509.2630059166134,0.0010692899914457321,-0.01353679547132658,509,338,155.0,-10.0,0.11,-1.35,0.49,0.03633560889671878,0.9748074060345127,0.11423625242420496,2016,4,1,5
2016-04-06,28571,-0.7793741068283679,-0.7900967815854546,-0.7837472354581595,0.3705203572371553,0.03,False,False,False,False,28562.0,28086.0,260.0,28351.714285714286,29072.333333333332,217.942434514144,517.3304375435674,0.016947945595670477,0.0010692899914457321,239,-129,509.0,338.0,1.69,0.11,-1.35,0.016517375007941044,0.9752128926372481,0.343574219880471,2016,4,2,6
2016-04-07,28972,-0.7858236054998232,-0.7605734942623215,-0.7722433539885198,1.290023718638706,1.4,False,False,False,False,28571.0,28562.0,17370.0,28376.14285714286,29050.233333333334,233.29911313702613,524.3004984200415,0.0003151039843147796,0.016947945595670477,412,333,239.0,-129.0,0.03,1.69,0.11,1.2186053037743791,0.9767956949448321,0.36639222599959287,2016,4,3,7
2016-04-08,29047,-0.7476552609031775,-0.7559506307668843,-0.7565852930992881,0.8329450128257259,0.26,False,False,False,False,28972.0,28571.0,27690.0,28427.0,29031.866666666665,317.79972729175216,516.7648523685662,0.014035210528157815,0.0003151039843147796,309,47,412.0,333.0,1.4,0.03,1.69,2.0285714285714285,0.9791654228227373,0.5824105253390407,2016,4,4,8
2016-04-11,29254,-0.7371880417478647,-0.7306299466214213,-0.724843101636764,0.7206800675383273,0.71,False,False,False,False,29047.0,28972.0,22560.0,28533.571428571428,29008.933333333334,386.2213774262043,499.4612914020722,0.002588706337153024,0.014035210528157815,252,155,309.0,47.0,0.26,1.4,0.03,1.4878322231748335,0.9836132580505578,0.6697685050743678,2016,4,0,11
2016-04-12,29250,-0.7275666584838902,-0.722224740266081,-0.7153630511664129,0.7741395652942313,-0.01,False,False,False,False,29254.0,29047.0,21300.0,28649.714285714286,29007.733333333334,467.4443689844568,498.80553417075345,0.00712638138189825,0.002588706337153024,243,60,252.0,155.0,0.71,0.26,1.4,1.3630255327318104,0.9876578068508496,0.8197929572193621,2016,4,1,12
2016-04-13,29128,-0.7252406097827097,-0.7414516498039221,-0.7336840475810241,0.4988231518513252,-0.42,False,False,False,False,29250.0,29254.0,21900.0,28820.285714285714,29001.5,431.1243881935616,494.4052330655388,-0.00013673343816233974,0.00712638138189825,232,-84,243.0,60.0,-0.01,0.71,0.26,1.4399368794792557,0.993751554722539,0.8133952652431452,2016,4,2,13
2016-04-14,28731,-0.7455406711748315,-0.7584721926734864,-0.7629763383601991,0.01857866367745325,-1.36,False,False,False,False,29128.0,29250.0,18810.0,28969.14285714286,29002.533333333333,293.1475331475728,494.64405407294254,-0.004170940170940218,-0.00013673343816233974,345,-289,232.0,-84.0,-0.42,-0.01,0.71,1.2468513853904282,0.9988487048422043,0.7310167002336517,2016,4,3,14
2016-04-15,28918,-0.768906887673055,-0.7689787006176618,-0.7558396711521819,-0.39395046067227346,0.65,False,False,False,False,28731.0,29128.0,13420.0,28993.285714285714,28986.266666666666,258.9978856321716,495.3035943485021,-0.01362949739082675,-0.004170940170940218,178,119,345.0,-289.0,-1.36,-0.42,-0.01,0.8950246765372816,1.0002421507985062,0.4872803814759143,2016,4,4,15
2016-04-18,28935,-0.7529417352240426,-0.7502771164770295,-0.7420989238412234,0.4667474531977827,0.06,False,False,False,False,28918.0,28731.0,8790.0,29042.85714285714,28970.833333333332,188.24667201265197,489.76222825950924,0.0065086491942500935,-0.01362949739082675,227,-15,178.0,119.0,0.65,-1.36,-0.42,0.5754124116260801,1.0024860800065747,0.6284171033716409,2016,4,0,18
2016-04-19,29255,-0.7423687865823124,-0.7323109878924894,-0.7262278281099614,0.006995772497007358,1.11,False,False,False,False,28935.0,28918.0,18450.0,29037.571428571428,28951.366666666665,191.06618150346566,478.7041764029053,0.0005878691472438469,0.0065086491942500935,249,205,227.0,-15.0,0.06,0.65,-1.36,1.0817941952506596,1.0029775714182092,0.650445446181164,2016,4,1,19
2016-04-20,29249,-0.7170994393285774,-0.7274779942381687,-0.7207954396381872,0.5166429844366266,-0.02,False,False,False,False,29255.0,28935.0,13290.0,29067.285714285714,28939.966666666667,208.18398456317507,466.7209520969408,0.011059270779332886,0.0005878691472438469,244,-40,249.0,205.0,1.11,0.06,0.65,0.7239350691796492,1.0043994192904753,0.8460423722964364,2016,4,2,20
2016-04-21,29287,-0.7248176918370405,-0.6933318434195983,-0.7166412602185951,1.2873507437509109,0.13,False,False,False,False,29249.0,29255.0,19010.0,29066.571428571428,28920.966666666667,207.44385356279253,440.5716101588949,-0.00020509314647065846,0.011059270779332886,530,71,244.0,-40.0,-0.02,1.11,0.06,1.02634704675521,1.0050345745210716,0.8254786418788504,2016,4,3,21
2016-04-22,28941,-0.7137160957632238,-0.7276881243970522,-0.7407141973680261,0.5442637249438437,-1.18,False,False,False,False,29287.0,29249.0,27660.0,29071.85714285714,28910.633333333335,213.28574618065397,427.61378669841093,0.0012991897158878274,-0.00020509314647065846,429,-380,530.0,71.0,0.13,-0.02,1.11,1.4936011663696744,1.0055766266918102,0.8140171800638945,2016,4,4,22
2016-04-25,29183,-0.7423687865823124,-0.7427124307572232,-0.7333644953179785,0.1272796424477916,0.84,False,False,False,False,28941.0,29287.0,19320.0,29045.14285714286,28877.733333333334,216.76441018727894,382.19727108240033,-0.011814115477857046,0.0012991897158878274,217,133,429.0,-380.0,-1.18,0.13,-0.02,1.0618301731244848,1.0057971836597122,0.5879294874803778,2016,4,0,25
2016-04-26,29158,-0.731690108454165,-0.7428174958366649,-0.7335775301600089,0.17182922391104502,-0.09,False,False,False,False,29183.0,28941.0,14640.0,29109.714285714286,28867.033333333333,169.83002707197022,368.30042865434325,0.008361839604712928,-0.011814115477857046,218,7,217.0,133.0,0.84,-1.18,0.13,0.8351874037309601,1.0084068546143508,0.7159900365250763,2016,4,1,26
2016-04-27,29319,-0.7265093636197173,-0.7264273434437512,-0.7102502149576841,0.21103285559870805,0.55,False,False,False,False,29158.0,29183.0,15140.0,29144.0,28865.5,147.42342645147718,366.94242243049115,-0.0008566631257924673,0.008361839604712928,155,119,218.0,7.0,-0.09,0.84,-1.18,0.8983563757194565,1.0096481959432542,0.6821416564173731,2016,4,2,27
2016-04-28,29627,-0.7193197585433407,-0.6954331450084335,-0.7102502149576841,0.2867671440862389,1.05,False,False,False,False,29319.0,29158.0,15580.0,29198.85714285714,28874.466666666667,126.67600216235084,374.80870829789643,0.005521640716098508,-0.0008566631257924673,450,359,155.0,119.0,0.55,-0.09,0.84,0.9425287356321839,1.0112345097118265,0.7580202169852893,2016,4,3,28
2016-04-29,30138,-0.6788253652455144,-0.6384878719510023,-0.6622108580798373,0.5050600932561806,1.72,False,False,False,False,29627.0,29319.0,16430.0,29252.0,28896.366666666665,206.82762549207922,398.99688732093796,0.010505133190081617,0.005521640716098508,541,487,450.0,359.0,1.05,0.55,-0.09,0.9761749153347988,1.0123071989442733,0.903470517397866,2016,4,4,29
2016-05-02,30213,-0.623211655390014,-0.622728110034739,-0.6122541876237171,-0.9169625470508687,0.25,False,False,False,False,30138.0,29627.0,18880.0,29379.0,28922.4,393.4357211371234,452.0411638257559,0.017247780740540675,0.010505133190081617,222,36,541.0,487.0,1.72,1.05,0.55,1.0582959641255605,1.0157870716123143,1.1274829044403256,2016,5,0,2
2016-05-03,30154,-0.6234231143628486,-0.6232534354319478,-0.6197104070947799,-1.1209996301525693,-0.2,False,False,False,True,30213.0,30138.0,2920.0,29511.285714285714,28958.333333333332,498.88967193350777,508.8055202836353,0.0024885526577742567,0.017247780740540675,287,-21,222.0,36.0,0.25,1.72,1.05,0.17928409160680298,1.0190947584789312,1.1029111239238647,2016,5,1,3
2016-05-04,29934,-0.6265949989553676,-0.6376473513154682,-0.6335576718267535,-1.1619852450987624,-0.73,False,False,False,True,30154.0,30213.0,630.0,29684.571428571428,28998.9,478.01773228716763,553.5902474473313,-0.001952801774070756,0.0024885526577742567,280,-211,287.0,-21.0,-0.2,0.25,1.72,0.041941282204913125,1.0236447392339512,0.9924066717930102,2016,5,2,4
2016-05-05,29868,-0.6512299692905988,-0.6444765814791823,-0.6429312048760895,-1.167331194874353,-0.22,False,False,False,True,29934.0,30154.0,170.0,29791.85714285714,29028.466666666667,428.38356199845896,579.3359893063574,-0.007295881143463578,-0.001952801774070756,303,-44,280.0,-211.0,-0.73,-0.2,0.25,0.012940549592753292,1.02629799516993,0.8383305747889656,2016,5,3,5
2016-05-06,30366,-0.6472122488067413,-0.6166343354271173,-0.630362149196298,1.8362015873781932,1.67,False,False,False,False,29868.0,29934.0,110.0,29893.285714285714,29071.8,324.8290392836113,592.182660543265,-0.002204850671477243,-0.007295881143463578,450,416,303.0,-44.0,-0.22,-0.73,-0.2,0.010595261028703526,1.0282571328327008,0.7717027867077815,2016,5,4,6
2016-05-09,29805,-0.6089381747236783,-0.6258800624179917,-0.6516656333993344,1.4602031198283343,-1.85,False,False,True,False,30366.0,29868.0,33820.0,30042.85714285714,29132.0,248.37366243320153,629.0118687547161,0.016673362796303826,-0.002204850671477243,562,-507,450.0,416.0,1.67,-0.22,-0.73,2.8583502366463827,1.0312665502834388,0.9669752793870863,2016,5,0,9
2016-05-10,29785,-0.6576794679620541,-0.6731593481667814,-0.6652998632892776,0.56119256589988,-0.07,False,False,False,False,29805.0,30366.0,29600.0,30068.285714285714,29178.833333333332,203.81749539373857,624.9227860348506,-0.01847460976091686,0.016673362796303826,240,-66,562.0,-507.0,-1.85,1.67,-0.22,2.220888355342137,1.0304827945240802,0.6670360975251353,2016,5,1,10
2016-05-11,29933,-0.660428434608904,-0.6510956814840129,-0.6436768268231957,0.8881864938401601,0.5,False,False,False,False,29785.0,29805.0,19510.0,30017.85714285714,29217.8,226.14112744880333,625.0636050392278,-0.0006710283509477888,-0.01847460976091686,247,108,240.0,-66.0,-0.07,-1.85,1.67,1.4173628768616056,1.027382525133896,0.6430113539569532,2016,5,2,11
2016-05-12,29904,-0.6490096500758354,-0.64972983545127,-0.6500678720841065,1.1216263007076082,-0.1,False,False,False,False,29933.0,29785.0,23180.0,29977.85714285714,29272.2,210.06302909004097,613.431242809636,0.00496894409937898,-0.0006710283509477888,320,-29,247.0,108.0,0.5,-0.07,-1.85,1.5958691910499139,1.0241067341319456,0.6966655532721753,2016,5,3,12
2016-05-13,30023,-0.6524987231276064,-0.6525665925961974,-0.6499613546630914,0.9674847488447512,0.4,False,False,False,False,29904.0,29933.0,25800.0,29942.14285714286,29320.966666666667,195.89914800857144,603.1403727120238,-0.0009688303878662152,0.00496894409937898,292,123,320.0,-29.0,-0.1,0.5,-0.07,1.6686069072564997,1.02118539260789,0.6633159003275741,2016,5,4,13
2016-05-16,29963,-0.6339960630045787,-0.6329194227405893,-0.6340902589318294,0.887295502210895,-0.2,False,False,False,False,30023.0,29904.0,24070.0,29954.85714285714,29386.533333333333,198.15770535228728,566.6998070091053,0.003979400749063666,-0.0009688303878662152,330,-112,292.0,123.0,0.4,-0.1,0.5,1.5061635692384707,1.0193396003222726,0.7061335109369773,2016,5,0,16
2016-05-17,30045,-0.6376965950291842,-0.6450019068763911,-0.6399487170876643,1.015598296825065,0.27,False,False,False,False,29963.0,30023.0,23170.0,29968.428571428572,29449.1,194.43581386743838,519.8408476604488,-0.0019984678413216272,0.003979400749063666,270,5,330.0,-112.0,-0.2,0.4,-0.1,1.2867932911251805,1.0176347858314372,0.6538181424785081,2016,5,1,17
2016-05-18,30049,-0.639388266811861,-0.6504652910073624,-0.6346228460369052,0.6707845362994834,0.01,False,False,False,False,30045.0,29963.0,24610.0,29922.571428571428,29498.533333333333,99.92640148776512,502.8073418201873,0.0027367086072822566,-0.0019984678413216272,168,25,270.0,5.0,0.27,-0.2,0.4,1.2061360517545578,1.014374887403603,0.6824523744101797,2016,5,2,18
2016-05-19,29800,-0.6424544219179628,-0.659185692601028,-0.6642346890791258,1.1510290244733554,-0.83,False,False,False,False,30049.0,30045.0,20740.0,29957.428571428572,29547.8,94.48784250346766,480.7150134307257,0.00013313363288403046,0.0027367086072822566,363,-195,168.0,25.0,0.01,0.27,-0.2,0.92337830016473,1.0138632511194936,0.6654098438425927,2016,5,3,19
2016-05-20,29693,-0.6704727358185476,-0.6726340227695726,-0.6611456838696854,0.612870080397254,-0.36,False,False,False,False,29800.0,30049.0,26130.0,29959.571428571428,29575.4,89.98862361965541,470.1697125724482,-0.008286465439781732,0.00013313363288403046,206,-37,363.0,-195.0,-0.83,0.01,0.27,1.0425727167537804,1.0129895598562124,0.4931905836742144,2016,5,4,20
2016-05-23,29682,-0.6742789973295704,-0.6854519624614668,-0.6701996646559759,0.21637880537429846,-0.04,False,False,False,False,29693.0,29800.0,20090.0,29925.285714285714,29596.933333333334,135.83901536468173,459.8140503717856,-0.003590604026845634,-0.008286465439781732,169,-12,206.0,-37.0,-0.36,-0.83,0.01,0.848037146475306,1.011094135235375,0.38055420591230593,2016,5,0,23
2016-05-24,29306,-0.6863321587811428,-0.6953280799289917,-0.7014092690134242,0.8543288119280875,-1.27,False,False,False,False,29682.0,29693.0,15640.0,29893.571428571428,29611.2,164.5234098265691,455.42578789043927,-0.0003704576836290885,-0.003590604026845634,368,-274,169.0,-12.0,-0.04,-0.36,-0.83,0.7015340450345384,1.009535967085813,0.33406574782404574,2016,5,1,24
2016-05-25,28945,-0.7182624636791678,-0.7345173545607663,-0.7439097199984815,1.224090338073091,-1.23,False,False,False,False,29306.0,29682.0,22800.0,29791.14285714286,29613.066666666666,263.7722682994188,454.0068306739621,-0.012667609999326146,-0.0003704576836290885,394,-333,368.0,-274.0,-1.27,-0.04,-0.36,1.0078238960350085,1.0060134329375836,-0.03245551068300169,2016,5,2,25
2016-05-26,28729,-0.7480781788488468,-0.7472302291732186,-0.7629763383601991,1.2231993464438258,-0.75,False,False,False,False,28945.0,29306.0,26950.0,29645.714285714286,29606.966666666667,399.13060280471115,461.90949130829216,-0.012318296594553968,-0.012667609999326146,452,-267,394.0,-333.0,-1.23,-1.27,-0.04,1.1717391304347826,1.001308733160133,-0.2181858118608229,2016,5,3,26
2016-05-27,28590,-0.7645719787299458,-0.7805358593562549,-0.7798060908805977,0.45249158712954163,-0.48,False,False,False,False,28729.0,28945.0,26940.0,29457.714285714286,29606.9,481.2067172867832,462.04040351740275,-0.007462428744170024,-0.012318296594553968,293,-250,452.0,-267.0,-0.75,-1.23,-1.27,1.165527385999827,0.9949611166894975,-0.17085538881996193,2016,5,4,27
2016-05-30,28590,-0.8079210681610393,-0.7956652307958676,-0.7954641517698294,-0.021515959639474835,0.0,False,False,False,False,28590.0,28729.0,18290.0,29249.285714285714,29595.966666666667,498.0915960897744,482.3389481674761,-0.004838316683490551,-0.007462428744170024,296,160,293.0,-250.0,-0.48,-0.75,-1.23,0.8115903443379482,0.9882862095269416,-0.09682919861716735,2016,5,0,30
2016-05-31,28610,-0.7903699734157672,-0.7932487339687072,-0.7804451954066889,-0.2086242017851392,0.07,False,False,False,False,28590.0,28590.0,12970.0,29076.428571428572,29584.466666666667,484.903033998526,502.33933669897925,0.0,-0.004838316683490551,178,14,296.0,160.0,0.0,-0.48,-0.75,0.6028072132366611,0.9828275391622824,-0.0023753185580387966,2016,5,1,31
2016-06-01,28626,-0.7972423900328918,-0.7847384625339251,-0.7848124096683112,-0.9454742791873508,0.06,False,False,False,False,28610.0,28590.0,10870.0,28921.714285714286,29562.966666666667,424.38689670542715,529.9697117780122,0.0006995452955578241,0.0,300,95,178.0,14.0,0.07,0.0,-0.48,0.5396683546817596,0.9783089299466208,0.07166885496047207,2016,6,2,1
2016-06-02,28554,-0.7882553836874212,-0.7936689942864743,-0.7816168870378558,-1.1459473957719912,-0.25,False,False,False,True,28626.0,28610.0,2600.0,28770.85714285714,29542.2,267.93433808273915,554.3421948267062,0.0005592450192239973,0.0006995452955578241,185,-62,300.0,95.0,0.06,0.07,0.0,0.14185945002182454,0.9738901348869462,0.12836612000702616,2016,6,3,2
2016-06-03,29216,-0.779056918369116,-0.7206487640744547,-0.780551712827704,-1.1477293790305214,2.32,False,False,True,True,28554.0,28626.0,350.0,28663.428571428572,29517.766666666666,135.7667818269456,581.4685737841951,-0.0025151959756863906,0.0005592450192239973,870,513,185.0,-62.0,-0.25,0.06,0.07,0.022222222222222223,0.9710568179196678,0.1439526124263655,2016,6,4,3
2016-06-06,29329,-0.717310898301412,-0.7242209767754743,-0.7081198665373806,-0.021515959639474835,0.39,False,False,False,False,29216.0,28554.0,330.0,28702.14285714286,29526.933333333334,233.15118740959159,574.1845151787348,0.023184142326819313,-0.0025151959756863906,156,42,870.0,513.0,2.32,-0.25,0.06,0.023958182082183824,0.972066503931197,0.42555777815347784,2016,6,0,6
2016-06-07,29239,-0.7219629957037733,-0.7295792958270038,-0.7249496190577792,0.02392461345304366,-0.31,False,False,False,False,29329.0,29216.0,12970.0,28787.85714285714,29531.8,333.40587305940215,571.7825967365642,0.0038677437020810945,0.023184142326819313,263,-4,156.0,42.0,0.39,2.32,-0.25,0.9602428370474568,0.9748087533728774,0.48306144714110266,2016,6,1,7
2016-06-08,29491,-0.7185796521384197,-0.7036282212048903,-0.7022614083815456,0.24132657099372037,0.86,False,False,False,False,29239.0,29329.0,13480.0,28880.571428571428,29534.5,358.50795302332955,570.1455198393451,-0.0030686351392819056,0.0038677437020810945,297,216,263.0,-4.0,-0.31,0.39,2.32,1.0719681908548708,0.9778588237001279,0.455652239367821,2016,6,2,8
2016-06-09,29757,-0.6925701984797635,-0.6820898799193306,-0.6834078248618585,0.42843481313938475,0.9,False,False,False,False,29491.0,29239.0,15920.0,29009.285714285714,29540.233333333334,396.52394391166683,568.7668865749313,0.008618625807996105,-0.0030686351392819056,325,236,297.0,216.0,0.86,-0.31,0.39,1.387726638772664,0.982026288924113,0.5765486154917496,2016,6,3,9
2016-06-10,29851,-0.6673008512260286,-0.6691668751479947,-0.6650868284472472,0.2039049225645875,0.32,False,False,False,False,29757.0,29491.0,18020.0,29173.14285714286,29544.566666666666,438.76547591756423,569.944745254705,0.009019700925706253,0.008618625807996105,276,91,325.0,236.0,0.9,0.86,-0.31,1.7032136105860114,0.9874283548066771,0.7009036243529689,2016,6,4,10
2016-06-13,30181,-0.6531331000461102,-0.6355460497266332,-0.6363271247731481,0.5398087667975183,1.11,False,False,False,False,29851.0,29757.0,15500.0,29348.14285714286,29535.0,428.33803962583016,561.9935574545879,0.0031589205901132456,0.009019700925706253,326,287,276.0,91.0,0.32,0.9,0.86,1.5047082807494419,0.9936733657404049,0.7519314240641425,2016,6,0,13
2016-06-14,30357,-0.6270179169010368,-0.6182103116187436,-0.6205625464629013,0.5219889342122169,0.58,False,False,False,False,30181.0,29851.0,19270.0,29580.571428571428,29533.933333333334,361.8627074563528,560.6911949475643,0.011054906033298728,0.0031589205901132456,343,216,326.0,287.0,1.11,0.32,0.9,1.7628762235843016,1.0015791359285509,0.8873801897043139,2016,6,1,14
2016-06-15,30262,-0.6102069285606859,-0.6230433052730643,-0.610975978571535,0.1504454248086834,-0.31,False,False,False,False,30357.0,30181.0,19070.0,29743.571428571428,29540.7,422.219081024266,569.5868526909601,0.005831483383585745,0.011054906033298728,207,-38,343.0,216.0,0.58,1.11,0.32,1.622840609309846,1.0068675227253052,0.9392474077488822,2016,6,2,15
2016-06-16,30392,-0.6099954695878513,-0.5551712639536907,-0.5997916493649409,1.8647133195146754,0.43,False,False,False,False,30262.0,30357.0,14900.0,29876.85714285714,29551.633333333335,416.76469323088463,580.4412402070556,-0.0031294264914187853,0.005831483383585745,748,90,207.0,-38.0,-0.31,0.58,1.11,1.1478314459594792,1.0110052735784645,0.8838786035560743,2016,6,3,16
2016-06-17,30373,-0.6080923388323399,-0.6150583592354909,-0.6153431928331574,0.45961952016366214,-0.06,False,False,False,False,30392.0,30262.0,34140.0,30041.571428571428,29569.1,344.1781792148415,597.9108658053013,0.004295816535589081,-0.0031294264914187853,324,53,748.0,90.0,0.43,-0.31,0.58,2.08679706601467,1.0159785529005425,0.900791703692348,2016,6,4,17
2016-06-20,30478,-0.6142246490445433,-0.605602502085733,-0.610975978571535,0.7741395652942313,0.35,False,False,False,False,30373.0,30392.0,18370.0,30167.571428571428,29569.333333333332,260.2356990261787,598.2338565529419,-0.0006251645169781384,0.004295816535589081,373,216,324.0,53.0,-0.06,0.43,-0.31,1.0113411142920061,1.020231707238516,0.8600737917620128,2016,6,0,20
2016-06-21,30072,-0.6041803478348997,-0.6164242052682337,-0.6222668251991442,0.6449457790507964,-1.33,False,False,False,False,30478.0,30373.0,21900.0,30270.571428571428,29591.766666666666,208.1144373839643,619.6124307723195,0.003457017746024471,-0.0006251645169781384,376,-285,373.0,216.0,0.35,-0.06,0.43,1.1491840268667681,1.0229389738555013,0.8628953194482938,2016,6,1,21
2016-06-22,29898,-0.636216382219342,-0.6529868529139645,-0.6426116526130439,0.2974590436374197,-0.58,False,False,False,False,30072.0,30478.0,20450.0,30302.14285714286,29601.333333333332,139.21377873795862,624.8918986970757,-0.013321084060633925,0.003457017746024471,219,-156,376.0,-285.0,-1.33,0.35,-0.06,1.0352333704566163,1.0236749309876647,0.7033736920042591,2016,6,2,22
2016-06-23,29686,-0.6547190423423698,-0.6635984259375817,-0.6632760322899891,0.8311630295671957,-0.71,False,False,False,False,29898.0,30072.0,16550.0,30261.714285714286,29600.166666666668,205.5470053992435,624.2837044789221,-0.005786113328012821,-0.013321084060633925,312,-193,219.0,-156.0,-0.58,-1.33,0.35,0.8351415451380129,1.0223494558830508,0.627992646869682,2016,6,3,23
2016-06-24,31131,-0.6593711397447309,-0.4110219749596029,-0.6426116526130439,3.1183385418906266,4.87,False,True,True,False,29686.0,29898.0,22540.0,30165.85714285714,29592.9,291.9888288796368,621.8892988303996,-0.007090775302695862,-0.005786113328012821,2522,1296,312.0,-193.0,-0.71,-0.58,-1.33,1.112043021362672,1.0193613043283065,0.5390143950057645,2016,6,4,24
2016-06-27,31218,-0.5158962266764532,-0.5129351020181052,-0.5041390052933078,0.5620835575291451,0.28,False,False,False,False,31131.0,29686.0,48210.0,30290.0,29629.833333333332,470.0925440804446,678.6265583860448,0.04867614363673112,-0.007090775302695862,252,26,2522.0,1296.0,4.87,-0.71,-0.58,2.048003398470688,1.0222804718217562,0.9847303563099651,2016,6,0,27
2016-06-28,30999,-0.5345046162858982,-0.5446647560095151,-0.5335378134934979,0.15400939132574365,-0.7,False,False,False,False,31218.0,31131.0,19520.0,30408.0,29671.666666666668,588.6756322458267,736.1188684618154,0.0027946419967235236,0.04867614363673112,226,-17,252.0,26.0,0.28,4.87,-0.71,0.8283471249734776,1.0248160422400718,0.9543766949777764,2016,6,1,28
2016-06-29,30986,-0.5260462573725141,-0.5382557861635682,-0.5270402508115719,0.11391476800881557,-0.04,False,False,False,False,30999.0,31218.0,14940.0,30497.428571428572,29703.466666666667,628.6636241910103,772.5095126444652,-0.007015183547953052,0.0027946419967235236,226,-110,226.0,-17.0,-0.7,0.28,4.87,0.6453006219765031,1.0267296041122664,0.8501169586805711,2016,6,2,29
2016-06-30,30851,-0.5462405892782186,-0.5589536068135939,-0.5385441322812115,-0.22733502599970565,-0.44,False,False,False,False,30986.0,30999.0,14490.0,30570.0,29734.7,654.8238949010312,805.2112659162,-0.00041936836672151756,-0.007015183547953052,137,-54,226.0,-110.0,-0.04,-0.7,0.28,0.6269741681450391,1.028091758114257,0.8215292081285439,2016,6,3,30
2016-07-01,31077,-0.5260462573725141,-0.5304809702848783,-0.5174536829202055,-0.8082615682805303,0.73,False,False,False,False,30851.0,30986.0,10660.0,30681.285714285714,29769.733333333334,621.4273125329528,830.6132314318315,-0.004356806299619209,-0.00041936836672151756,210,-19,137.0,-54.0,-0.44,-0.04,-0.7,0.5134132832442325,1.0306201056874,0.7620003585184056,2016,7,4,1
2016-07-04,31396,-0.49496178836582755,-0.5027437893122549,-0.49007870571930384,-0.7556930621538913,1.03,False,False,False,False,31077.0,30851.0,4140.0,30849.714285714286,29815.866666666665,526.229897252074,863.9692177358756,0.007325532397653323,-0.004356806299619209,217,6,210.0,-19.0,0.73,-0.44,-0.04,0.2140641158221303,1.034674411131689,0.8216066463994628,2016,7,0,4
2016-07-05,30841,-0.5038430652248809,-0.49370819248026404,-0.5717775676379482,-1.1201086385233043,-1.77,False,False,True,True,31396.0,31077.0,4730.0,31094.0,29873.0,177.0009416171467,910.2446810116917,0.01026482607716317,0.007325532397653323,1070,-465,217.0,6.0,1.03,0.73,-0.44,0.2683992509788345,1.0408730291567636,0.9054003913180027,2016,7,1,5
2016-07-06,32018,-0.43596473494497345,-0.41175743051569524,-0.4175403420079652,-0.07141149087831868,3.82,False,False,True,False,30841.0,31396.0,640.0,31052.571428571428,29924.166666666668,199.41652985892503,920.3599402081531,-0.017677411135176402,0.01026482607716317,402,70,1070.0,-465.0,-1.77,1.03,0.73,0.040915483953458634,1.0377088115593782,0.6652064496969319,2016,7,2,6
2016-07-07,31817,-0.4293037773006835,-0.4390743511705515,-0.44896298120744377,0.9505559078887149,-0.63,False,False,False,False,32018.0,30841.0,12410.0,31166.85714285714,30026.6,418.70014273204265,976.8952084413021,0.038163483674329646,-0.017677411135176402,437,-194,402.0,70.0,3.82,-1.77,1.03,0.8149461518255845,1.037974900350261,1.075438836769851,2016,7,3,7
2016-07-08,31657,-0.4482293553693804,-0.4660760765870825,-0.4882679095620458,1.1367731584051142,-0.5,False,False,False,False,31817.0,32018.0,23880.0,31283.714285714286,30129.533333333333,474.478560908634,997.916993760745,-0.006277718783184505,0.038163483674329646,549,-175,437.0,-194.0,-0.63,3.82,-1.77,1.5544850930868377,1.0383072960212114,0.9354503081900329,2016,7,4,8
2016-07-11,31524,-0.4568991732555991,-0.46029749721778596,-0.46717746020103984,0.1727202155403101,-0.42,False,False,False,False,31657.0,31817.0,25970.0,31379.571428571428,30231.766666666666,472.08186336090995,991.8417797671374,-0.005028758211019224,-0.006277718783184505,406,-226,549.0,-175.0,-0.5,-0.63,3.82,1.9767087836809256,1.0379668437693494,0.8372493354536041,2016,7,0,11
2016-07-12,31001,-0.476882046188469,-0.49297273692417176,-0.5237382107601012,0.7919593978795327,-1.66,False,False,True,False,31524.0,31657.0,15150.0,31475.714285714286,30329.566666666666,411.0830063323713,968.7581344113621,-0.004201282496762215,-0.005028758211019224,626,-560,406.0,-226.0,-0.42,-0.5,-0.63,1.1928194630344067,1.037789778919172,0.7583862702696803,2016,7,1,12
2016-07-13,31225,-0.5235087496984989,-0.5262783671072081,-0.5117017421853858,0.3197338343690464,0.72,False,False,False,False,31001.0,31524.0,22100.0,31464.85714285714,30409.266666666666,424.16405182094985,919.5131370432235,-0.01659053419616796,-0.004201282496762215,196,105,626.0,-560.0,-1.66,-0.42,-0.5,1.6471640456137735,1.0347127896164483,0.5457175740866077,2016,7,2,13
2016-07-14,30895,-0.5151561202715321,-0.5326873369531551,-0.5493023918037448,1.2071614971170546,-1.06,False,False,False,False,31225.0,31001.0,16800.0,31440.428571428572,30495.9,433.60960057903304,866.6194467682449,0.007225573368601079,-0.01659053419616796,488,-304,196.0,105.0,0.72,-1.66,-0.42,1.2309495896834701,1.03097231337421,0.6167378640490746,2016,7,3,14
2016-07-15,30922,-0.5550161366508547,-0.5496028147432777,-0.541739654911667,0.9710487153618115,0.09,False,False,False,False,30895.0,31225.0,26760.0,31448.14285714286,30573.933333333334,421.4785200424402,787.5207247772412,-0.010568454763811075,0.007225573368601079,256,100,488.0,-304.0,-1.06,0.72,-1.66,1.7538340542666142,1.0285932959386817,0.4747209894732274,2016,7,4,15
2016-07-18,30950,-0.5520557110311702,-0.5506534655376952,-0.5387571671232418,0.42130688010526424,0.09,False,False,False,False,30922.0,30895.0,24110.0,31291.571428571428,30630.8,375.5777137259923,746.6160625296162,0.0008739278200355916,-0.010568454763811075,218,100,256.0,100.0,0.09,-1.06,0.72,1.3972761518400463,1.0215721244163205,0.473883822866995,2016,7,0,18
2016-07-19,31021,-0.536196288068575,-0.5492876195049524,-0.5322596044413158,0.010559739014067631,0.23,False,False,False,False,30950.0,30922.0,17940.0,31167.714285714286,30684.833333333332,310.7955996502042,706.7469958136285,0.0009055041717871415,0.0008739278200355916,170,21,218.0,100.0,0.09,0.09,-1.06,0.9657622739018088,1.0157367956715082,0.47523074211044136,2016,7,1,19
2016-07-20,30666,-0.5314384611797964,-0.5483420337899766,-0.5578237854849594,0.5888133064070971,-1.14,False,False,False,False,31021.0,30950.0,13330.0,31076.85714285714,30744.233333333334,225.05660663598022,653.9527391617065,0.002294022617124414,0.0009055041717871415,419,-379,170.0,21.0,0.23,0.09,0.09,0.671705719324767,1.0108190633969452,0.48409339352550945,2016,7,2,20
2016-07-21,30940,-0.5773250582849052,-0.556747240145317,-0.5661321443241435,0.7233530424261224,0.89,False,False,False,False,30666.0,31021.0,19820.0,30954.285714285714,30783.4,167.1343913200767,610.0163140834012,-0.011443860610554135,0.002294022617124414,417,329,419.0,-379.0,-1.14,0.23,0.09,0.9627902457981152,1.0055512293731592,0.2780555345983779,2016,7,3,21
2016-07-22,30794,-0.5426457867400304,-0.5600042576080114,-0.5472785608044564,0.08985799401865872,-0.47,False,False,False,False,30940.0,30666.0,21330.0,30945.571428571428,30822.833333333332,165.87832603341207,578.8172889803884,0.008934976847322806,-0.011443860610554135,209,-145,417.0,329.0,0.89,-1.14,0.23,1.049136786188579,1.0039820510305053,0.34688177776648865,2016,7,4,22
2016-07-25,30814,-0.5678094045073481,-0.5694601147577694,-0.5589954771161263,0.13708055036970737,0.06,False,False,False,False,30794.0,30940.0,14220.0,30884.0,30854.266666666666,117.93359713568543,549.0613892772068,-0.004718810601163526,0.008934976847322806,229,113,209.0,-145.0,-0.47,0.89,-1.14,0.7423261641261224,1.0009636700704818,0.2618340631969079,2016,7,0,25
2016-07-26,30822,-0.5577651032977045,-0.5662030972950749,-0.5493023918037448,0.08896700238939366,0.03,False,False,False,False,30814.0,30794.0,14750.0,30872.428571428572,30875.366666666665,120.61765645065432,534.2594283503295,0.0006494771708773772,-0.004718810601163526,169,26,229.0,113.0,0.06,-0.47,0.89,0.7716049382716049,0.9999048401507321,0.29327357689795924,2016,7,1,26
2016-07-27,30878,-0.5588223981618775,-0.5609498433229871,-0.5515392576450636,0.09876791031130941,0.18,False,False,False,False,30822.0,30814.0,14210.0,30858.14285714286,30890.866666666665,119.68629630763421,525.37334727087,0.0002596222496267231,0.0006494771708773772,240,92,169.0,26.0,0.03,0.06,-0.47,0.7753587602990124,0.9989406639225464,0.307338833627883,2016,7,2,27
2016-07-28,30795,-0.5438088110906207,-0.5346835734625485,-0.5462133865943045,0.5148610011780964,-0.27,False,False,False,False,30878.0,30822.0,14320.0,30847.85714285714,30911.4,113.40550923054407,511.8102153643783,0.0018168840438648193,0.0002596222496267231,440,-133,240.0,92.0,0.18,0.03,0.06,0.7920792079207921,0.997944355249427,0.3493620759302509,2016,7,3,28
2016-07-29,31099,-0.5422228687943612,-0.5389912417196604,-0.5385441322812115,0.314387884593456,0.99,False,False,False,False,30795.0,30878.0,18990.0,30815.571428571428,30924.833333333332,84.34424924665926,502.91907097825236,-0.0026879979273268795,0.0018168840438648193,327,156,440.0,-133.0,-0.27,0.18,0.03,1.0975609756097562,0.9964668555013962,0.2974206790271997,2016,7,4,29
2016-08-01,31011,-0.536196288068575,-0.5411976083879373,-0.5238447281811164,-0.7075795141735776,-0.28,False,False,False,False,31099.0,30795.0,16740.0,30877.428571428572,30949.033333333333,110.95022479013397,492.8154500578228,0.009871732424094892,-0.0026879979273268795,168,11,327.0,156.0,0.99,-0.27,0.18,1.010564443102928,0.9976863651561084,0.49687186970488867,2016,8,0,1
2016-08-02,31282,-0.536196288068575,-0.5197643321818193,-0.5192644790774636,-1.0666491407674001,0.87,False,False,False,False,31011.0,31099.0,5270.0,30887.571428571428,30966.8,120.46141449020519,484.79084718756974,-0.0028296729798386044,0.009871732424094892,329,282,168.0,11.0,-0.28,0.99,-0.27,0.34448947574846384,0.9974414995598974,0.45083427544246735,2016,8,1,2
2016-08-03,31199,-0.50426598317055,-0.507471717887134,-0.5016891046099586,-1.1459473957719912,-0.27,False,False,False,True,31282.0,31011.0,1240.0,30957.285714285714,31007.133333333335,182.51183914639176,457.3357427632248,0.008738834607074919,-0.0028296729798386044,281,-103,329.0,282.0,0.87,-0.28,0.99,0.08801192419618142,0.9983923822137394,0.6180315072225322,2016,8,2,3
2016-08-04,31317,-0.5250946919947584,-0.5157718591630326,-0.5108496028172642,-1.1717861530206783,0.38,False,False,False,True,31199.0,31282.0,350.0,31012.285714285714,31050.5,189.99273169061945,407.50458004568554,-0.0026532830381689188,0.008738834607074919,288,212,281.0,-103.0,-0.27,0.87,-0.28,0.028825564157469938,0.9987692859788317,0.6093233642150536,2016,8,3,4
2016-08-05,30779,-0.5034201472792117,-0.5136705575741974,-0.5464264214363349,-1.1388194627378707,-1.72,False,False,True,True,31317.0,31199.0,60.0,31083.0,31104.866666666665,199.25778947557015,318.19693894443134,0.0037821725055289246,-0.0026532830381689188,642,-531,288.0,212.0,0.38,-0.27,0.87,0.005991013479780329,0.9992970017553524,0.768944492103915,2016,8,4,5
2016-08-08,30998,-0.5329186739896387,-0.5503382702993699,-0.5331117438094373,-0.18545841942424743,0.71,False,False,False,False,30779.0,31317.0,430.0,31068.85714285714,31093.133333333335,218.78941821722952,323.6433470527993,-0.017179167864099343,0.0037821725055289246,168,-33,642.0,-531.0,-1.72,0.38,-0.27,0.049791570171375636,0.9992192427113749,0.2505147582867829,2016,8,0,8
2016-08-09,31133,-0.5423285982807785,-0.5362595496541748,-0.5301292560210121,-0.05448264992228237,0.44,False,False,False,False,30998.0,30779.0,11130.0,31097.85714285714,31085.8,187.68273635002535,323.2086333767103,0.0071152409110106785,-0.017179167864099343,274,191,168.0,-33.0,0.71,-1.72,0.38,1.3451776649746192,1.0003878665775738,0.5384360290419847,2016,8,1,9
2016-08-10,31219,-0.5171649805134608,-0.5131452321769887,-0.5057367666085355,0.1103508014917553,0.28,False,False,False,False,31133.0,30998.0,12600.0,31102.714285714286,31090.266666666666,188.15659638165292,322.8934844471712,0.004355119685141018,0.0071152409110106785,265,39,274.0,191.0,0.44,0.71,-1.72,1.553062985332183,1.00040037028891,0.7130051482073834,2016,8,2,10
2016-08-11,31171,-0.5192795702418068,-0.5203947226584698,-0.5097844286071125,0.1557913745842738,-0.15,False,False,False,False,31219.0,31133.0,14450.0,31132.428571428572,31098.033333333333,187.6822289073787,323.10118873273075,0.0027623422092313277,0.004355119685141018,234,11,265.0,39.0,0.28,0.44,0.71,1.7782426778242677,1.0011060261504825,0.8316073559678827,2016,8,3,11
2016-08-12,31080,-0.5256233394268449,-0.5115692559853624,-0.5195840313405091,0.5825763650022416,-0.29,False,False,False,False,31171.0,31219.0,14960.0,31116.571428571428,31108.7,177.34322385600788,319.93115099798166,-0.0015375252250232618,0.0027623422092313277,410,-20,234.0,11.0,-0.15,0.28,0.44,1.9370710863654022,1.000253029813892,0.7418820385101604,2016,8,4,12
2016-08-16,31349,-0.5235087496984989,-0.5073666528076922,-0.5057367666085355,0.25290946217416627,0.87,False,False,False,False,31080.0,31171.0,19750.0,31099.571428571428,31108.8,173.79284329619563,319.9213696491744,-0.002919380193128207,-0.0015375252250232618,320,229,410.0,-20.0,-0.29,-0.15,0.28,2.4613659022931205,0.9997033453097331,0.6091787098737699,2016,8,1,16
2016-08-17,31314,-0.5081779741679902,-0.5169275750368919,-0.49881313424254875,-0.24960981673133237,-0.11,False,False,False,False,31349.0,31080.0,16050.0,31104.14285714286,31107.233333333334,180.74699496948642,318.57870605802606,0.008655083655083606,-0.002919380193128207,164,49,320.0,229.0,0.87,-0.29,-0.15,1.7633487145682267,0.9999006508821483,0.9090397507624542,2016,8,2,17
2016-08-18,31411,-0.49390449350165455,-0.5066311972515999,-0.4863505959837725,-0.3030693144872365,0.31,False,False,False,False,31314.0,31349.0,10410.0,31180.571428571428,31123.0,124.79964896173817,316.64698063365313,-0.0011164630450731794,0.008655083655083606,145,11,164.0,49.0,-0.11,0.87,-0.29,1.0390258508833217,1.0018498033149577,0.8303762752444109,2016,8,3,18
2016-08-19,31365,-0.5001425332002754,-0.5046349607422066,-0.4916764670345316,0.2947860687496245,-0.15,False,False,False,False,31411.0,31314.0,9810.0,31239.571428571428,31102.766666666666,121.68793030112433,274.00801439667174,0.003097656000510929,-0.0011164630450731794,214,24,145.0,11.0,0.31,-0.11,0.87,0.8946648426812586,1.0043984756523727,0.9052646907121615,2016,8,4,19
2016-08-22,31395,-0.5034201472792117,-0.5086274337609933,-0.4981740297164577,-0.0990322313855358,0.1,False,False,False,False,31365.0,31411.0,16520.0,31272.714285714286,31087.7,119.39669772899595,244.18466019684226,-0.0014644551271847384,0.003097656000510929,237,85,214.0,24.0,-0.15,0.31,-0.11,1.309967488700341,1.005951366158136,0.8140925261770557,2016,8,0,22
2016-08-23,31373,-0.49686491912133895,-0.5100983448731778,-0.4881613921410306,-0.2656476660581036,-0.07,False,False,False,False,31395.0,31365.0,12100.0,31297.85714285714,31078.966666666667,124.6173189829288,227.2171198211439,0.0009564801530368428,-0.0014644551271847384,129,1,237.0,85.0,0.1,-0.15,0.31,0.8782116417477137,1.007043042278019,0.8165864688178113,2016,8,1,23
2016-08-24,31049,-0.5024685819014559,-0.5153515988452656,-0.5185188571303574,0.030161554857899137,-1.03,False,False,False,False,31373.0,31395.0,10230.0,31326.714285714286,31073.933333333334,113.21176953797927,218.52498213174314,-0.0007007485268354374,0.0009564801530368428,364,-270,129.0,1.0,-0.07,0.1,-0.15,0.7473699590882524,1.008134823154486,0.7659037643546646,2016,8,2,24
2016-08-25,30945,-0.5317556496390484,-0.5470812528366755,-0.5308748779681184,-0.3707846783113817,-0.33,False,False,False,False,31049.0,31373.0,13550.0,31322.285714285714,31075.533333333333,124.5133383561267,218.1479620187176,-0.010327351544321517,-0.0007007485268354374,178,-97,364.0,-270.0,-1.03,-0.07,0.1,0.9830951171733294,1.007940406953135,0.3582364413029526,2016,8,3,25
2016-08-26,31023,-0.5396853611203459,-0.5183984861490765,-0.524803384970253,0.3785392819005409,0.25,False,False,False,False,30945.0,31049.0,9050.0,31264.571428571428,31066.2,187.67690067676628,217.52152489510328,-0.0033495442687364596,-0.010327351544321517,394,56,178.0,-97.0,-0.33,-1.03,-0.07,0.683379898814468,1.006385442331905,0.21563115626570667,2016,8,4,26
2016-08-29,31077,-0.536196288068575,-0.5415128036262625,-0.5317270173362398,-0.322671130331068,0.17,False,False,False,False,31023.0,30945.0,17460.0,31223.0,31070.466666666667,206.21671448588373,215.29157988041052,0.002520601066408057,-0.0033495442687364596,239,77,394.0,56.0,0.25,-0.33,-1.03,1.2940042985251612,1.0049092707544356,0.28288286751779856,2016,8,0,29
2016-08-30,30840,-0.5289009535057813,-0.5463457972805832,-0.53769199291309,-0.5320541632083591,-0.76,False,False,False,False,31077.0,31023.0,9590.0,31175.285714285714,31075.633333333335,193.72980693548118,213.4578183845032,0.0017406440382941035,0.002520601066408057,249,-229,239.0,77.0,0.17,0.25,-0.33,0.7686142502204055,1.0032067691069544,0.3617290442769876,2016,8,1,30
2016-08-31,30746,-0.5477208020880608,-0.5634714052295893,-0.5493023918037448,-0.569475811637492,-0.3,False,False,False,False,30840.0,31077.0,7240.0,31100.285714285714,31071.966666666667,209.06036949948503,216.61175873570542,-0.0076262187469833265,0.0017406440382941035,195,-145,249.0,-229.0,-0.76,0.17,0.25,0.6243532252500862,1.000911401840857,0.06739473972283144,2016,8,2,31
2016-09-01,30710,-0.5618885532679793,-0.5722968719026967,-0.5599541339052629,-1.0657581491381352,-0.12,False,False,False,False,30746.0,30840.0,6820.0,31007.571428571428,31062.8,200.3029847863276,224.5174749352758,-0.0030479896238650994,-0.0076262187469833265,211,-47,195.0,-145.0,-0.3,-0.76,0.17,0.6069235561092818,0.998222034992706,0.02765138995763824,2016,9,3,1
2016-09-02,30900,-0.5573421853520353,-0.5566421750658752,-0.5600606513262781,-1.1521843371768468,0.62,False,False,False,True,30710.0,30746.0,1250.0,30912.85714285714,31064.266666666666,148.8527556250535,221.96519350119888,-0.0011708840174331492,-0.0030479896238650994,361,100,211.0,-47.0,-0.12,-0.3,-0.76,0.12041229168673538,0.9951259263437886,0.0570574345943961,2016,9,4,2
2016-09-05,31025,-0.536196288068575,-0.547291382995559,-0.5227795539709646,-0.9561661787385317,0.4,False,False,False,False,30900.0,30710.0,280.0,30891.571428571428,31062.933333333334,136.26060465513163,222.85574943684827,0.006186909801367602,-0.0011708840174331492,100,25,361.0,100.0,0.62,-0.12,-0.3,0.0319744204636291,0.9944833959200492,0.2874538421956251,2016,9,0,5
2016-09-06,31401,-0.5303811663156235,-0.5083122385226679,-0.5219274146028432,0.1246066675599964,1.21,False,False,False,False,31025.0,30900.0,2480.0,30903.0,31070.633333333335,144.58907289290332,217.1612277782612,0.004045307443365731,0.006186909801367602,463,346,100.0,25.0,0.4,0.62,-0.12,0.3181526619627967,0.9946047661296464,0.40628213662722423,2016,9,1,6
2016-09-07,31336,-0.4892523960992933,-0.5029539194711384,-0.4886939792461065,-0.04735471688816182,-0.21,False,False,False,False,31401.0,31025.0,14610.0,30957.0,31090.2,237.5668327019313,219.67113350674143,0.01211925866236907,0.004045307443365731,202,-108,463.0,346.0,1.21,0.4,0.62,1.774565771893599,0.9957156917613911,0.8059218998306866,2016,9,2,7
2016-09-08,31239,-0.5031029588199597,-0.5105186051909448,-0.4984935819795032,-0.02418893452727004,-0.31,False,False,False,False,31336.0,31401.0,12680.0,30994.0,31107.333333333332,276.3711272908697,218.07043046516202,-0.002069997770771659,0.01211925866236907,222,-74,202.0,-108.0,-0.21,1.21,0.4,1.5565921924871102,0.9963567004564841,0.7175253925290047,2016,9,3,8
2016-09-09,31261,-0.5091295395457459,-0.5183984861490765,-0.5008369652418372,-0.1551647040292351,0.07,False,False,False,False,31239.0,31336.0,12940.0,31051.0,31119.366666666665,280.4318098932863,214.91658098246094,-0.003095481235639519,-0.002069997770771659,169,5,222.0,-74.0,-0.31,-0.21,1.21,1.5161101347393087,0.9978030829676269,0.610494222389998,2016,9,4,9
2016-09-12,31087,-0.501094098578031,-0.5187136813874017,-0.5141516428687349,0.07292915306262243,-0.56,False,False,False,False,31261.0,31239.0,11470.0,31124.571428571428,31134.9,253.32380934482683,207.37212095965026,0.0007042478952590248,-0.003095481235639519,291,-245,169.0,5.0,0.07,-0.31,-0.21,1.4453125,0.9996682638637486,0.6286577421283948,2016,9,0,12
2016-09-13,31141,-0.5224514548343259,-0.5306911004437618,-0.5092518415020365,-0.5480920125351303,0.17,False,False,False,False,31087.0,31261.0,14030.0,31178.428571428572,31134.5,179.94245111786648,207.45531301013105,-0.005566040753654744,0.0007042478952590248,131,11,291.0,-245.0,-0.56,0.07,-0.31,1.6742243436754176,1.0014109290795925,0.4402129654561611,2016,9,1,13
2016-09-14,31100,-0.5256233394268449,-0.5368899401308252,-0.5114887073433554,-0.4215712011794906,-0.13,False,False,False,False,31141.0,31087.0,7060.0,31212.85714285714,31138.833333333332,135.31251305956638,206.14024073468516,0.0017370605076076906,-0.005566040753654744,93,0,131.0,11.0,0.17,-0.56,0.07,0.844295623056685,1.0023772184632418,0.5100631897309872,2016,9,2,14
2016-09-15,30950,-0.5204425945923972,-0.5274340829810673,-0.5344964702826346,0.3527005246518539,-0.48,False,False,False,False,31100.0,31141.0,8480.0,31223.571428571428,31132.766666666666,120.06922606412462,204.45279082893643,-0.0013165922738511693,0.0017370605076076906,399,-199,93.0,0.0,-0.13,0.17,-0.56,0.9943714821763602,1.002916694262254,0.4761290473728104,2016,9,3,15
2016-09-16,30851,-0.5435973521177861,-0.5576928258602928,-0.5365203012819231,-0.3894955025259481,-0.32,False,False,False,False,30950.0,31100.0,17170.0,31159.14285714286,31124.466666666667,129.61665089986286,206.71298331465593,-0.004823151125401881,-0.0013165922738511693,130,-79,399.0,-199.0,-0.48,-0.13,0.17,1.6966403162055337,1.0011141135636978,0.3270468446661475,2016,9,4,16
2016-09-19,30936,-0.5424343277671958,-0.5525446369676468,-0.5275728379166478,-0.4358270672477317,0.28,False,False,False,False,30851.0,30950.0,8840.0,31089.85714285714,31108.933333333334,147.68934578081692,209.2394986986792,-0.0031987075928917585,-0.004823151125401881,95,-5,130.0,-79.0,-0.32,-0.48,-0.13,0.8053935860058309,0.9993867938102605,0.2379420150691029,2016,9,0,19
2016-09-20,30892,-0.5373593124191653,-0.550758530617137,-0.5348160225456802,-0.2121881683021995,-0.14,False,False,False,False,30936.0,30851.0,8320.0,31046.571428571428,31114.166666666668,140.94071702070295,202.5596690849684,0.002755178114161705,-0.0031987075928917585,180,-97,95.0,-5.0,0.28,-0.32,-0.48,0.7197231833910035,0.9978275092879908,0.3573756612096519,2016,9,1,20
2016-09-21,31207,-0.5416942213622747,-0.528904994093252,-0.5398223413333937,0.4720934029733731,1.02,False,False,False,False,30892.0,30936.0,10830.0,30993.85714285714,31110.633333333335,113.75914405958197,205.5581943488272,-0.0014222911817947104,0.002755178114161705,435,259,180.0,-97.0,-0.14,0.28,-0.32,0.96852083705956,0.9962464219476023,0.3210798654124463,2016,9,2,21
2016-09-22,31335,-0.5061691139260615,-0.5144060131302898,-0.4992392039266095,0.045308412555405304,0.41,False,False,False,False,31207.0,30892.0,18510.0,31011.0,31113.1,136.83566786487089,206.27857795641324,0.010196814709309887,-0.0014222911817947104,192,51,435.0,259.0,1.02,-0.14,0.28,1.5733106672333192,0.9967184240721755,0.72751396068892,2016,9,3,22
2016-09-23,31288,-0.5075435972494864,-0.5185035512285182,-0.4950850245070174,-0.31287022240915224,-0.15,False,False,False,False,31335.0,31207.0,13720.0,31038.714285714286,31116.966666666667,180.29763751991422,209.395761793435,0.004101643861954107,0.010196814709309887,114,17,192.0,51.0,0.41,1.02,-0.14,1.1584902474035295,0.9974852182158164,0.8509919286151503,2016,9,4,23
2016-09-26,31351,-0.5096581869778324,-0.5148262734480568,-0.4946589548229567,-0.31999815544327276,0.2,False,False,False,False,31288.0,31335.0,9700.0,31065.571428571428,31120.866666666665,203.4624102407509,211.51566882976027,-0.0014999202170097314,0.004101643861954107,145,100,114.0,17.0,-0.15,0.41,1.02,0.8314760843476771,0.9982232102117367,0.7673191650380592,2016,9,0,26
2016-09-27,31003,-0.5055347370075577,-0.5231264147239554,-0.5200101010245699,-0.01171505171755908,-1.11,False,False,False,False,31351.0,31288.0,9620.0,31122.85714285714,31129.9,221.1797372963833,215.4602691583466,0.0020135515213499655,-0.0014999202170097314,304,-287,145.0,100.0,0.2,-0.15,0.41,0.8570155902004455,0.9997737590823337,0.8122926544946132,2016,9,1,27
2016-09-28,30963,-0.5359848290957404,-0.5482369687105348,-0.5310879128101488,-0.3761306280869721,-0.13,False,False,False,False,31003.0,31351.0,13080.0,31144.571428571428,31118.366666666665,196.07894425708358,212.56876912843288,-0.011100124397945832,0.0020135515213499655,169,-39,304.0,-287.0,-1.11,0.2,-0.15,1.1059440263803162,1.0008420995287273,0.39915238954871524,2016,9,2,28
2016-09-29,31224,-0.5413770329030227,-0.5280644734577179,-0.5238447281811164,-0.0509186834052221,0.84,False,False,False,False,30963.0,31003.0,8990.0,31148.428571428572,31106.666666666668,191.50444480735274,211.08412007232906,-0.0012901977228010342,-0.011100124397945832,293,273,169.0,-39.0,-0.13,-1.11,0.2,0.756861424482236,1.0013425387300225,0.32784840508944374,2016,9,3,29
2016-09-30,30814,-0.5236144791849162,-0.5234416099622807,-0.5433374162268947,-0.3333630298822488,-1.31,False,False,False,False,31224.0,30963.0,12640.0,31195.85714285714,31100.433333333334,155.05528967810395,204.4438517180961,0.008429415754287461,-0.0012901977228010342,520,-305,293.0,273.0,0.84,-0.13,-1.11,1.1063457330415756,1.0030682469437342,0.6411316656884815,2016,9,4,30
2016-10-03,30749,-0.5530072764089259,-0.5535952877620643,-0.5510066705399878,-1.0087346848651708,-0.21,False,False,False,False,30814.0,31224.0,9470.0,31139.714285714286,31082.066666666666,211.29735310361025,204.60642342148782,-0.013130924929541377,0.008429415754287461,305,-92,520.0,-305.0,-1.31,0.84,-0.13,0.8243384401114207,1.0018546906698917,0.08155987807917749,2016,10,0,3
2016-10-04,30068,-0.5673864865616789,-0.567043617930609,-0.6218407555150834,-1.1566392953231721,-2.21,False,False,True,True,30749.0,30814.0,1890.0,31056.0,31060.533333333333,235.70603160156378,204.53019898890076,-0.00210943077821768,-0.013130924929541377,842,-637,305.0,-92.0,-0.21,-1.31,0.84,0.17427385892116182,0.9998540484387476,0.05348518087002214,2016,10,1,4
2016-10-05,30004,-0.6191939349061565,-0.621887589399205,-0.6330250847216775,-1.1708951613914131,-0.21,False,False,False,True,30068.0,30749.0,230.0,30881.714285714286,31017.033333333333,416.94032917825245,265.47712198689516,-0.02214706169306324,-0.00210943077821768,425,-211,842.0,-637.0,-2.21,-0.21,-1.31,0.02350536535513541,0.9956372665894638,-0.3210461325301953,2016,10,2,5
2016-10-06,29615,-0.6566221730978812,-0.6605515386337708,-0.6695605601298849,0.08451204424306832,-1.3,False,False,False,False,30004.0,30068.0,70.0,30689.285714285714,30982.2,471.5201354081051,323.3807833407568,-0.0021285087135825,-0.02214706169306324,400,-246,425.0,-211.0,-0.21,-2.21,-0.21,0.00881501070394157,0.9905457234891555,-0.16009963975978211,2016,10,3,6
2016-10-07,29591,-0.6736446204110667,-0.6693770053068783,-0.6937400147003311,0.5647565324169402,-0.08,False,False,False,False,29615.0,30004.0,14160.0,30491.0,30937.866666666665,593.6384983023885,408.5958911913519,-0.012964938008265592,-0.0021285087135825,543,-109,400.0,-246.0,-1.3,-0.21,-2.21,1.773324984345648,0.9855559961040193,-0.1788510819696939,2016,10,4,7
2016-10-10,29662,-0.6736446204110667,-0.6691668751479947,-0.6640216542370954,-0.22288006785338033,0.24,False,False,False,False,29591.0,29615.0,19550.0,30295.0,30890.133333333335,636.75531669032,476.33715481482477,-0.0008104001350667245,-0.012964938008265592,266,-38,543.0,-109.0,-0.08,-1.3,-0.21,2.1794871794871793,0.9807338697146014,-0.05969822076230241,2016,10,0,10
2016-10-11,29712,-0.6830545447022065,-0.6821949449987723,-0.6664715549204445,-0.8269723924950968,0.17,False,False,False,False,29662.0,29591.0,10710.0,30071.85714285714,30842.966666666667,519.9107066191349,524.7878706630136,0.0023993781893143495,-0.0008104001350667245,165,101,266.0,-38.0,0.24,-0.08,-1.3,1.1796453353893601,0.9749988536400133,0.04915095221572127,2016,10,1,11
2016-10-12,29662,-0.6757592101394126,-0.685767157699792,-0.6698801123929303,-0.7450011626027104,-0.17,False,False,False,False,29712.0,29662.0,3930.0,29914.428571428572,30805.366666666665,413.73858781565247,563.9555792807811,0.0016856584181781376,0.0023993781893143495,163,-18,165.0,101.0,0.17,0.24,-0.08,0.4813816756491916,0.9710784778224327,0.1214927354606431,2016,10,2,12
2016-10-13,29697,-0.6736446204110667,-0.6720036322929221,-0.6589088180283666,-0.28079452375560976,0.12,False,False,False,False,29662.0,29712.0,4850.0,29759.14285714286,30769.233333333334,193.8611432371626,601.3755888379592,-0.0016828217555197034,0.0016856584181781376,191,-3,163.0,-18.0,-0.17,0.17,0.24,0.6258064516129033,0.967172062259471,0.1465746988834019,2016,10,3,13
2016-10-14,29638,-0.6685696050630362,-0.6850317021436997,-0.6831947900198281,-0.1186340472293673,-0.2,False,False,False,False,29697.0,29662.0,10060.0,29706.14285714286,30735.466666666667,138.0210473945491,632.4526823422689,0.001179960892724763,-0.0016828217555197034,295,-110,191.0,-3.0,0.12,-0.17,0.17,1.3427656166577684,0.9665102267459588,0.19450006356768892,2016,10,4,14
2016-10-17,29675,-0.6788253652455144,-0.6894444354802535,-0.6693475252878545,-0.5935325856276488,0.12,False,False,False,False,29638.0,29697.0,11880.0,29653.85714285714,30693.4,42.98615502566264,662.3929763909424,-0.0019867326665993224,0.001179960892724763,123,24,295.0,-110.0,-0.2,0.12,-0.17,1.5362731152204836,0.966131387948456,0.2052799496979838,2016,10,0,17
2016-10-18,29773,-0.6736446204110667,-0.6765214307089176,-0.6600805096595337,-0.18634941105351252,0.33,False,False,False,False,29675.0,29638.0,6550.0,29662.428571428572,30648.4,39.81146042326015,684.5738468008999,0.0012483973277548355,-0.0019867326665993224,159,73,123.0,24.0,0.12,-0.2,0.12,0.7988779119404805,0.967829595392535,0.2451853968925326,2016,10,1,18
2016-10-19,29883,-0.6673008512260286,-0.6619173846665136,-0.6527308076094861,-0.2692116325751639,0.37,False,False,False,False,29773.0,29675.0,11120.0,29688.428571428572,30594.133333333335,44.5378383815185,687.3781137510995,0.0033024431339512272,0.0012483973277548355,229,123,159.0,73.0,0.33,0.12,-0.2,1.1972437553832902,0.9703961294789166,0.299810578703073,2016,10,2,19
2016-10-20,29891,-0.6472122488067413,-0.6535121783111733,-0.6402682693507099,-0.2852494819019351,0.03,False,False,False,False,29883.0,29773.0,10190.0,29720.0,30545.7,83.74962686530405,684.4867772831849,0.003694622644678125,0.0033024431339512272,192,-59,229.0,123.0,0.37,0.33,0.12,0.9893203883495145,0.9729683719803441,0.3563676020094442,2016,10,3,20
2016-10-21,29936,-0.6593711397447309,-0.6628629703814894,-0.6463397623485753,-0.5258172218035037,0.15,False,False,False,False,29891.0,29883.0,10010.0,29745.571428571428,30500.766666666666,105.42273180405068,681.6445470370988,0.0002677107385469224,0.003694622644678125,160,101,192.0,-59.0,0.03,0.37,0.33,1.0126454223571066,0.9752401227697477,0.37790998156797884,2016,10,4,21
2016-10-24,29820,-0.6514414282634334,-0.6607616687926543,-0.6499613546630914,-0.031316867561390585,-0.39,False,False,False,False,29936.0,29891.0,7310.0,29784.714285714286,30456.6,119.18992447062178,673.5655306928952,0.0015054698738750094,0.0002677107385469224,214,-90,160.0,101.0,0.15,0.03,0.37,0.8440133933725897,0.9779395692793774,0.4142884550189212,2016,10,0,24
2016-10-25,30034,-0.6575737384756368,-0.6492045100540613,-0.6552872257138505,-0.4465189667989125,0.72,False,False,False,False,29820.0,29936.0,12860.0,29802.285714285714,30414.366666666665,113.00990264269606,672.3958954585918,-0.003874933190807006,0.0015054698738750094,374,182,214.0,-90.0,-0.39,0.15,0.03,1.448850833708878,0.9798752688461609,0.38567957082389637,2016,10,1,25
2016-10-26,29913,-0.6363221117057594,-0.6427955402081142,-0.6378183686673607,-0.45988384123788856,-0.4,False,False,False,False,30034.0,29820.0,8200.0,29858.85714285714,30377.466666666667,116.13702908151244,661.4301502636862,0.00717639168343398,-0.003874933190807006,271,-140,374.0,182.0,0.72,-0.39,0.15,0.8814360958830485,0.9829278218127847,0.5067495541051942,2016,10,2,26
2016-10-27,30054,-0.6514414282634334,-0.6502551608484788,-0.6346228460369052,-0.6559019996762037,0.47,False,False,False,False,29913.0,30034.0,8050.0,29892.85714285714,30337.9,83.62899929975323,652.1559655848921,-0.004028767396950128,0.00717639168343398,170,144,271.0,-140.0,-0.4,0.72,-0.39,0.8365374623298347,0.9853304659471203,0.4691600337598656,2016,10,3,27
2016-10-28,30131,-0.6371679475970977,-0.6396435878248616,-0.6559263302399416,-0.04111777548330634,0.26,False,False,False,False,30054.0,29913.0,5850.0,29933.0,30308.033333333333,83.94839684829998,643.6181928446482,0.004713669641961626,-0.004028767396950128,471,86,170.0,144.0,0.47,-0.4,0.72,0.6357313627472289,0.9876259429568178,0.6074716426099159,2016,10,4,28
2016-10-30,30151,-0.6292382361158001,-0.6418499544931384,-0.6129998095708235,-1.0933788896453522,0.07,False,False,False,True,30131.0,30054.0,12750.0,29968.428571428572,30284.033333333333,108.16785897090614,636.0528867258901,0.0025620549677247695,0.004713669641961626,47,31,471.0,86.0,0.26,0.47,-0.4,1.3725912369469264,0.9895785096248267,0.7394620282908648,2016,10,6,30
2016-10-31,30057,-0.6255377040911946,-0.6423752798903473,-0.6249297607245238,-0.9900238606506043,-0.31,False,False,False,False,30151.0,30131.0,940.0,30005.571428571428,30257.866666666665,121.02459411629582,624.3460431594751,0.0006637682121404254,0.0025620549677247695,154,-98,47.0,31.0,0.07,0.26,0.47,0.1076993583868011,0.991661829934191,0.9136100924272615,2016,10,0,31
2016-11-01,30329,-0.6342075219774133,-0.6182103116187436,-0.6184321980425976,-0.9757679945823632,0.9,False,False,False,False,30057.0,30151.0,2100.0,30022.85714285714,30230.033333333333,118.03591059731274,613.6216110999488,-0.003117641205930166,0.0006637682121404254,323,256,154.0,-98.0,-0.31,0.07,0.26,0.26833631484794274,0.993146676743894,0.7881551034376872,2016,11,1,1
2016-11-02,30759,-0.590224055627816,-0.5741880433326483,-0.5797663742140867,-1.0996158310502078,1.42,False,False,False,True,30329.0,30057.0,2260.0,30095.571428571428,30200.766666666666,128.55330560124918,585.7222881624705,0.009049472668596348,-0.003117641205930166,379,270,323.0,256.0,0.9,-0.31,0.07,0.3213422437082326,0.9965168023959026,1.053972023671476,2016,11,2,2
2016-11-03,30674,-0.5718271249912056,-0.5851148115945908,-0.5930810518409845,-1.1477293790305214,-0.28,False,False,False,True,30759.0,30329.0,870.0,30199.14285714286,30181.566666666666,277.0116896279387,555.9436639363493,0.014177849582907465,0.009049472668596348,400,11,379.0,270.0,1.42,0.9,-0.31,0.14218009478672985,1.0005823485132601,1.241338768219496,2016,11,3,3
2016-11-04,30689,-0.5820828851736838,-0.577760256033668,-0.5664516965871891,-1.1637672283572926,0.05,False,False,False,True,30674.0,30759.0,330.0,30307.85714285714,30161.1,294.7577697995173,524.202405630379,-0.0027634188367632317,0.014177849582907465,220,123,400.0,11.0,-0.28,1.42,0.9,0.06087437742114001,1.0048657755472161,1.0499496108898227,2016,11,4,4
2016-11-07,30118,-0.5874750889809661,-0.6045518512913155,-0.6175800586744762,-0.016170009863884425,-1.86,False,False,True,False,30689.0,30674.0,150.0,30398.571428571428,30139.033333333333,301.2517536009631,484.84142329924754,0.0004890134967725501,-0.0027634188367632317,445,-397,220.0,123.0,0.05,-0.28,1.42,0.03614457831325301,1.008611360967276,0.9783183887100876,2016,11,0,7
2016-11-08,29899,-0.6261720810096983,-0.6166343354271173,-0.6499613546630914,0.5398087667975183,-0.73,False,False,False,False,30118.0,30689.0,13030.0,30396.714285714286,30109.533333333333,303.2098911567277,456.5599052984772,-0.018606015184593816,0.0004890134967725501,634,-250,445.0,-397.0,-1.86,0.05,-0.28,2.812432549104252,1.0095378745728691,0.5542284340453,2016,11,1,8
2016-11-09,29961,-0.6217314425801718,-0.5108338004292701,-0.6356880202470571,2.6309661206826345,0.21,False,True,False,False,29899.0,30118.0,19270.0,30360.714285714286,30074.066666666666,348.78107473783194,428.43515852132595,-0.0072713991632910036,-0.018606015184593816,1507,-230,634.0,-250.0,-0.73,-1.86,0.05,3.348392701998262,1.0095313886952753,0.3810927301239926,2016,11,2,9
2016-11-10,29986,-0.6419257744858763,-0.6331295528994728,-0.6390965777195429,0.21905178026209365,0.08,False,False,False,False,29961.0,29899.0,42740.0,30347.0,30031.966666666667,364.25769266647836,369.54813818568977,0.002073647948091839,-0.0072713991632910036,375,-14,1507.0,-230.0,0.21,-0.73,-1.86,4.52562473528166,1.0104899335041884,0.41548548250281747,2016,11,3,10
2016-11-11,29461,-0.6545075833695351,-0.6563489354561006,-0.696083397962665,0.4025960558906978,-1.75,False,False,True,False,29986.0,29961.0,15670.0,30298.0,30004.366666666665,389.2925206919725,338.76514938304,0.0008344180768331544,0.002073647948091839,689,-420,375.0,-14.0,0.08,0.21,-0.73,1.6094905505341002,1.0097863533196836,0.4173969679130697,2016,11,4,11
2016-11-14,29676,-0.7105442111707048,-0.6799885783304955,-0.6962964328046954,-0.32890807173592346,0.73,False,False,False,False,29461.0,29986.0,17730.0,30112.571428571428,29961.433333333334,439.06220407554406,322.3600132781007,-0.017508170479557106,0.0008344180768331544,466,325,689.0,-420.0,-1.75,0.08,0.21,1.5532194480946124,1.0050444213918814,0.02409371916047088,2016,11,0,14
2016-11-15,29391,-0.6799883895961047,-0.6954331450084335,-0.7027939954866215,-0.23802692555088648,-0.96,False,False,False,False,29676.0,29461.0,9520.0,29970.0,29948.366666666665,385.0887343631314,325.8176434469882,0.007297783510403555,-0.017508170479557106,380,-249,466.0,325.0,0.73,-1.75,0.08,0.7830879328781771,1.000722354363232,0.19932526393867162,2016,11,1,15
2016-11-16,29463,-0.6927816574525982,-0.7017370497749388,-0.6903314572278452,-0.44919194168670773,0.24,False,False,False,False,29391.0,29676.0,10540.0,29784.571428571428,29927.933333333334,279.0918947485994,341.0730464112462,-0.009603720177921549,0.007297783510403555,203,-56,380.0,-249.0,-0.96,0.73,-1.75,0.8117058144012322,0.9952097626266017,0.0450800570177088,2016,11,2,16
2016-11-17,29185,-0.7009228279067303,-0.7151853799434834,-0.7167477776396103,-0.32890807173592346,-0.94,False,False,False,False,29463.0,29391.0,8170.0,29691.0,29922.866666666665,257.648986025724,346.9601719495816,0.002449729509033327,-0.009603720177921549,323,-257,203.0,-56.0,0.24,-0.96,0.73,0.5956981407218374,0.9922511880546205,0.13214012847404877,2016,11,3,17
2016-11-18,29005,-0.7296812482122363,-0.7458643831404758,-0.7488095213651799,-0.15070974588290978,-0.62,False,False,False,False,29185.0,29463.0,9520.0,29589.0,29909.333333333332,299.5112685694659,367.6522282256494,-0.009435563248820555,0.002449729509033327,332,-165,323.0,-257.0,-0.94,0.24,-0.96,0.6505398387317206,0.9892898537803139,0.028626135551399246,2016,11,4,18
2016-11-21,29197,-0.7435318109329028,-0.7327312482102565,-0.7305950423715839,-0.4803766487109851,0.66,False,False,False,False,29005.0,29185.0,11520.0,29452.428571428572,29887.433333333334,318.94401658345214,400.95288942714654,-0.006167551824567408,-0.009435563248820555,286,158,332.0,-165.0,-0.62,-0.94,0.24,0.7304546319193457,0.9854452285329031,0.007722043132141767,2016,11,0,21
2016-11-22,29182,-0.7201655944346792,-0.73294137836914,-0.7207954396381872,-0.5819496944472029,-0.05,False,False,False,False,29197.0,29005.0,7820.0,29339.714285714286,29870.266666666666,224.33807396132704,419.32679489783396,0.00661954835373213,-0.006167551824567408,192,-78,286.0,158.0,0.66,-0.62,-0.94,0.5127868852459017,0.9822381103298136,0.150268661474302,2016,11,1,22
2016-11-23,28885,-0.7221744546766079,-0.7370389164673684,-0.7563722582572578,-0.21040618504366937,-1.02,False,False,False,False,29182.0,29197.0,6680.0,29299.85714285714,29854.266666666666,223.98246104829636,436.3591476603629,-0.0005137514128163989,0.00661954835373213,487,-356,192.0,-78.0,-0.05,0.66,-0.62,0.47744978915016795,0.9814294710367633,0.17697444341428928,2016,11,2,23
2016-11-24,28816,-0.768166781268134,-0.7785396228468616,-0.7635089254652749,-0.5463100292766002,-0.24,False,False,False,False,28885.0,29182.0,10850.0,29186.85714285714,29827.2,200.93483899992162,470.31305788118254,-0.01017750668220141,-0.0005137514128163989,159,10,487.0,-356.0,-1.02,-0.05,0.66,1.0044436215515646,0.978531579996015,0.09605207413739567,2016,11,3,24
2016-11-25,28671,-0.7792683773419506,-0.7899917165060129,-0.8028138538198769,-0.01795199312241456,-0.5,False,False,False,False,28816.0,28885.0,7080.0,29104.714285714286,29799.8,220.180769888496,504.42328968057444,-0.002388783105418013,-0.01017750668220141,419,-30,159.0,10.0,-0.24,-1.02,-0.05,0.7120587347882933,0.9766748194858451,0.11836416816690318,2016,11,4,25
2016-11-28,28793,-0.7497698506315236,-0.7565810212435348,-0.7635089254652749,-0.4322631007306714,0.43,False,False,False,False,28671.0,28816.0,13010.0,28991.571428571428,29766.333333333332,208.56961838774805,544.6877202980082,-0.005031926707384837,-0.002388783105418013,368,-187,419.0,-30.0,-0.5,-0.24,-1.02,1.373666983423081,0.9739718729852997,0.11263540328786394,2016,11,0,28
2016-11-29,28853,-0.772713149184078,-0.7746522149075167,-0.7656392738855786,-0.5480920125351303,0.21,False,False,False,False,28793.0,28671.0,8360.0,28935.571428571428,29733.666666666668,200.44605021737618,572.9288535796875,0.00425517073000603,-0.005031926707384837,216,90,368.0,-187.0,0.43,-0.5,-0.24,0.8936397648316409,0.9731585328159357,0.19469282587813866,2016,11,1,29
2016-11-30,28428,-0.7699641825372281,-0.7800105339590462,-0.8096309687648486,-0.31197923077988715,-1.47,False,False,False,False,28853.0,28793.0,7060.0,28913.85714285714,29699.333333333332,199.90366727652875,594.1405460878078,0.002083839822178968,0.00425517073000603,578,-361,216.0,90.0,0.21,0.43,-0.5,0.7838347951593205,0.9735523965585247,0.24393974348215278,2016,11,2,30
2016-12-01,28062,-0.8058064784326932,-0.8215112403385393,-0.8432904738056459,-0.9900238606506043,-1.29,False,False,False,False,28428.0,28853.0,9710.0,28804.0,29650.566666666666,227.73376268529128,636.4040509705541,-0.014729837451911365,0.002083839822178968,499,-388,578.0,-361.0,-1.47,0.21,0.43,1.0599279554633774,0.9714485501682374,0.11490526647207955,2016,12,3,1
2016-12-02,28445,-0.8206086065311153,-0.8215112403385393,-0.8061158938713476,-1.1040707891965331,1.36,False,False,False,True,28062.0,28428.0,2100.0,28644.0,29588.1,299.904429221723,696.5506813749616,-0.012874630645842156,-0.014729837451911365,150,135,499.0,-388.0,-1.29,-1.47,0.21,0.2494357999762442,0.9680919018118771,0.02054169352497004,2016,12,4,2
2016-12-05,28236,-0.8073924207289527,-0.8131060339831989,-0.8433969912266611,-1.1361464878500755,-0.73,False,False,False,True,28445.0,28062.0,820.0,28581.14285714286,29542.266666666666,286.79808726225184,725.4055195653553,0.013648350081961302,-0.012874630645842156,580,-199,150.0,135.0,1.36,-1.29,-1.47,0.11157980677643217,0.96746614535816,0.18171875245109956,2016,12,0,5
2016-12-06,27944,-0.8374195948714662,-0.848618030834512,-0.8475511706462532,-0.4055333518527194,-1.03,False,False,False,False,28236.0,28445.0,460.0,28498.285714285714,29482.333333333332,291.38389013244665,756.9665566033221,-0.007347512743891671,0.013648350081961302,281,-207,580.0,-199.0,-0.73,1.36,-1.29,0.06955995765915621,0.9666224647852063,0.1258224559214634,2016,12,1,6
2016-12-07,28043,-0.8593055985598477,-0.8547118054421339,-0.8461664441730559,-0.29505038982385084,0.35,False,False,False,False,27944.0,28236.0,8660.0,28394.428571428572,29416.7,344.3171295687089,802.3396026190168,-0.010341408131463337,-0.007347512743891671,210,99,281.0,-207.0,-1.03,-0.73,1.36,1.271472617824108,0.9652486027130361,0.05516192313438485,2016,12,2,7
2016-12-08,27896,-0.8510586986192982,-0.8621714260824984,-0.8513857978027998,-0.41444326814537,-0.52,False,False,False,False,28043.0,27944.0,9900.0,28287.285714285714,29349.666666666668,315.06915340719075,830.7622728692032,0.003542799885485337,-0.010341408131463337,188,-126,210.0,99.0,0.35,-1.03,-0.73,1.4740917212626563,0.9638026228901764,0.1311762719034269,2016,12,3,8
2016-12-09,27701,-0.8697728177151605,-0.8808730102231308,-0.8731153516898968,-0.3796945946040324,-0.7,False,False,False,False,27896.0,28043.0,8560.0,28150.571428571428,29275.166666666668,222.80324439837585,858.0444921882187,-0.005241949862710871,0.003542799885485337,214,-144,188.0,-126.0,-0.52,0.35,-1.03,1.2470862470862472,0.9615853514721155,0.09779690393553683,2016,12,4,9
2016-12-12,27843,-0.8882754778381882,-0.8764602768865771,-0.8858974422117186,-0.3796945946040324,0.51,False,False,False,False,27701.0,27896.0,8950.0,28046.714285714286,29193.5,240.65584990894837,887.8840305602835,-0.006990249498135981,-0.005241949862710871,376,173,214.0,-144.0,-0.7,-0.52,0.35,1.385877980799009,0.9607177723025428,0.06934716518440844,2016,12,0,12
2016-12-13,27710,-0.8781254471421273,-0.8868617197513109,-0.8753522175312156,-0.5472010209058653,-0.48,False,False,False,False,27843.0,27701.0,8950.0,28015.428571428572,29119.7,252.29140370039116,905.4743146454265,0.00512616873037075,-0.006990249498135981,178,-56,376.0,173.0,0.51,-0.7,-0.52,1.373331287402179,0.9620782003739246,0.15947962945791958,2016,12,1,13
2016-12-14,27746,-0.8798171189248041,-0.8870718499101944,-0.8686416200072592,-0.5480920125351303,0.13,False,False,False,False,27710.0,27843.0,7070.0,27910.428571428572,29032.4,188.62913979848776,911.0970499801966,-0.004776784110907539,0.00512616873037075,113,-4,178.0,-56.0,-0.48,0.51,-0.7,1.0846885547714022,0.9613545063938418,0.13848674187190008,2016,12,2,14
2016-12-15,27130,-0.8819317086531501,-0.8971580975366028,-0.9423516753497648,0.47654836111969845,-2.22,False,False,True,False,27746.0,27710.0,7060.0,27840.428571428572,28931.966666666667,129.24506069654421,879.7317178561718,0.0012991699747384455,-0.004776784110907539,709,-600,113.0,-4.0,0.13,-0.48,0.51,1.1290580521349751,0.9622722468951381,0.18080857964234126,2016,12,3,15
2016-12-16,27308,-0.9443121056393579,-0.9303586626401974,-0.9338302816685503,0.02392461345304366,0.66,False,False,False,False,27130.0,27746.0,18560.0,27724.14285714286,28813.833333333332,288.54544909017073,875.6799952167898,-0.022201398399769312,0.0012991699747384455,313,168,709.0,-600.0,-2.22,0.13,-0.48,2.349664514495506,0.962181690176924,-0.016475870651284405,2016,12,4,16
2016-12-19,27392,-0.9168224391708595,-0.9297282721635469,-0.9138050065176961,-0.5329451548376242,0.31,False,False,False,False,27308.0,27130.0,13480.0,27619.14285714286,28701.133333333335,286.90325231801086,842.9810294970216,0.0065610025801694505,-0.022201398399769312,131,-8,313.0,168.0,0.66,-2.22,0.13,1.4708128750681941,0.9623014720838965,0.10997147122847988,2016,12,0,19
2016-12-20,27262,-0.9244349621929052,-0.936977762645028,-0.9282913757757608,-0.22644403437044058,-0.47,False,False,False,False,27392.0,27308.0,7230.0,27547.14285714286,28610.266666666666,268.4948345697825,831.8344884001092,0.0030760216786289707,0.0065610025801694505,198,-66,131.0,-8.0,0.31,0.66,-2.22,0.7346067872383661,0.9628411778921853,0.1742664958637021,2016,12,1,20
2016-12-21,27103,-0.9292985185681011,-0.9385537388366543,-0.9359606300888539,-0.3342540215115139,-0.58,False,False,False,False,27262.0,27392.0,10670.0,27484.428571428572,28522.366666666665,277.68078624168436,830.2826059523686,-0.004745911214953269,0.0030760216786289707,255,-179,198.0,-66.0,-0.47,0.31,0.66,1.0624315443592551,0.9636096784194593,0.14746794796849816,2016,12,2,21
2016-12-22,27152,-0.9509730632836478,-0.9430715372526497,-0.9467188896113873,-0.17120255335600634,0.18,False,False,False,False,27103.0,27262.0,9460.0,27378.714285714286,28427.1,258.62631619530976,823.4571927403423,-0.005832294035653995,-0.004745911214953269,313,75,255.0,-179.0,-0.58,-0.47,0.31,0.9460946094609461,0.963120201698882,0.11871624856597698,2016,12,3,22
2016-12-23,27186,-0.9457923184492001,-0.9507412880518978,-0.9369192868779905,-0.6158073763592755,0.13,False,False,False,False,27152.0,27103.0,11290.0,27299.0,28332.633333333335,223.04483854191236,800.6971739476619,0.0018079179426631065,-0.005832294035653995,148,60,313.0,75.0,0.18,-0.58,-0.47,1.0991043613707165,0.9635179222074898,0.17184033818999492,2016,12,4,23
2016-12-26,27241,-0.9411402210468388,-0.9444373832853925,-0.9338302816685503,-0.9035976726118926,0.2,False,False,False,False,27186.0,27152.0,6300.0,27219.0,28256.8,105.39924098488832,797.8721442816867,0.001252209781968272,0.0018079179426631065,179,71,148.0,60.0,0.13,0.18,-0.58,0.6295593084840612,0.963272557402112,0.21449477083552193,2016,12,0,26
2016-12-27,27431,-0.9380740659407371,-0.8982087483310204,-0.9233915744090625,-0.21575213481925978,0.7,False,False,False,False,27241.0,27186.0,3070.0,27234.85714285714,28175.633333333335,97.85776850783428,771.9540580993602,0.0020231001250643477,0.001252209781968272,521,232,179.0,71.0,0.2,0.13,0.18,0.325936935980465,0.9666102912631531,0.2583772379346768,2016,12,1,27
2016-12-28,27539,-0.8983197790478318,-0.9118672086584485,-0.8976143585233886,-0.6514470415298783,0.39,False,False,False,False,27431.0,27241.0,10790.0,27252.428571428572,28110.3,121.39310406475005,748.1192118722801,0.006974780661502811,0.0020231001250643477,149,-36,521.0,232.0,0.7,0.2,0.13,1.1020324788070677,0.969481953996527,0.3682994370437203,2016,12,2,28
2016-12-29,27810,-0.8977911316157453,-0.8859161340363351,-0.8828084370022783,-0.4866135901158406,0.98,False,False,False,False,27539.0,27431.0,5900.0,27273.428571428572,28046.166666666668,157.0423054927388,709.637648348803,0.003937151398053285,0.006974780661502811,257,230,149.0,-36.0,0.39,0.7,0.2,0.6098191214470284,0.9724476394787845,0.45058749396026837,2016,12,3,29
2016-12-30,27700,-0.8703014651472469,-0.8804527499053638,-0.873221869110912,-0.43315409235993646,-0.4,False,False,False,False,27810.0,27539.0,7750.0,27351.714285714286,28000.333333333332,255.88129688475667,677.2101661931879,0.009840589709139813,0.003937151398053285,219,-140,257.0,230.0,0.98,0.39,0.7,0.9017919478706073,0.9768353097837271,0.630364222895794,2016,12,4,30
2017-01-02,27828,-0.8879582893789363,-0.8834996372091747,-0.873221869110912,-1.049720299811364,0.46,False,False,False,False,27700.0,27810.0,8350.0,27437.0,27956.833333333332,258.64389934203246,651.8904119523552,-0.003955411722401991,0.009840589709139813,190,155,219.0,-140.0,-0.4,0.98,0.39,1.033287959410964,0.981405857840361,0.5967716142130823,2017,1,0,2
2017-01-03,28102,-0.8681868754189009,-0.8547118054421339,-0.8625701270093938,-1.091596906386822,0.98,False,False,False,True,27828.0,27700.0,1430.0,27533.571428571428,27911.2,260.68937911072317,608.5592029115091,0.004620938628158822,-0.003955411722401991,364,242,190.0,155.0,0.46,-0.4,0.98,0.19064124783362218,0.986470357009782,0.7271380072691603,2017,1,1,3
2017-01-04,28085,-0.8449263884070947,-0.8521902435355317,-0.8394558466490994,-1.1129807054891838,-0.06,False,False,False,True,28102.0,27828.0,960.0,27664.428571428572,27875.2,285.830285976015,560.8668414099054,0.009846198073882428,0.004620938628158822,171,5,364.0,242.0,0.98,0.46,-0.4,0.14701378254211334,0.9924387473965594,0.9259522859293761,2017,1,2,4
2017-01-05,28890,-0.8249435154742247,-0.7716053276037057,-0.8185784321301238,-1.1566392953231721,2.87,False,False,True,True,28085.0,28102.0,720.0,27785.0,27848.533333333333,253.64673596725314,529.3315064099107,-0.0006049391502384038,0.009846198073882428,742,621,171.0,5.0,-0.06,0.98,0.46,0.1272984441301273,0.9977186111536694,0.9066331845226007,2017,1,3,5
2017-01-06,27960,-0.8532790178340615,-0.8583890832225953,-0.8519183849078756,-0.09725024812700565,-3.22,False,False,True,False,28890.0,28085.0,230.0,27993.428571428572,27851.0,443.0259048646267,534.1458537735479,0.02866298735980055,-0.0006049391502384038,229,-41,742.0,621.0,2.87,-0.06,0.98,0.05054945054945055,1.005113948203963,1.2360446651777448,2017,1,4,6
2017-01-09,28124,-0.8449263884070947,-0.8530307641710658,-0.8484033100143746,-0.33247203825298377,0.59,False,False,False,False,27960.0,28890.0,12120.0,28053.571428571428,27827.3,397.26643332628333,511.8146317187569,-0.03219106957424711,0.02866298735980055,247,44,229.0,-41.0,-3.22,2.87,-0.06,2.361652377240842,1.0081312749915166,0.6917271233027219,2017,1,0,9
2017-01-10,28210,-0.839428455113395,-0.8345393101893169,-0.829230174231642,-0.1302169384098132,0.31,False,False,False,False,28124.0,27960.0,9480.0,28098.428571428572,27805.0,382.6381480996355,481.99327509977763,0.005865522174534954,-0.03219106957424711,243,78,247.0,44.0,0.59,-3.22,2.87,1.642127143599515,1.010553086546613,0.7693586163503199,2017,1,1,10
2017-01-11,28353,-0.8286440474988302,-0.8268695593900688,-0.821560919918549,-0.002805135424908396,0.51,False,False,False,False,28210.0,28124.0,11750.0,28171.285714285714,27783.566666666666,340.3472316552645,446.79499914882814,0.0030578865026311686,0.005865522174534954,244,119,243.0,78.0,0.31,0.59,-3.22,2.002044641335832,1.0139549774969754,0.7915407805628827,2017,1,2,11
2017-01-12,28463,-0.8113044117263929,-0.8094287562027375,-0.7963162911379509,-0.02507992615653511,0.39,False,False,False,False,28353.0,28210.0,13180.0,28246.285714285714,27781.066666666666,308.44162834384167,443.2606404840528,0.005069124423963123,0.0030578865026311686,173,65,244.0,119.0,0.51,0.31,0.59,1.9978778232529937,1.0167459029993706,0.8337632176371496,2017,1,3,12
2017-01-13,28440,-0.8037976181907645,-0.8181491577964032,-0.8060093764503324,-0.18278544453645224,-0.08,False,False,False,False,28463.0,28353.0,12930.0,28297.85714285714,27794.433333333334,310.4692301296603,457.8310698344741,0.003879660000705387,0.005069124423963123,181,-29,173.0,65.0,0.39,0.51,0.31,1.8172874209416725,1.018112396949646,0.8484394528709058,2017,1,4,13
2017-01-16,28601,-0.7937533169811208,-0.7961905561930764,-0.778740916670446,-0.4634478077549488,0.57,False,False,False,False,28440.0,28463.0,11160.0,28348.571428571428,27794.266666666666,298.67477136138984,457.5869190719717,-0.0008080666127955327,0.003879660000705387,134,37,181.0,-29.0,-0.08,0.39,0.51,1.5089237425635478,1.0199431331847129,0.8029767249895813,2017,1,0,16
2017-01-17,28797,-0.787832465741752,-0.782216900627323,-0.7720303191464895,0.012341722272597768,0.69,False,False,False,False,28601.0,28440.0,8010.0,28307.285714285714,27806.433333333334,221.31554719163356,474.2848469980718,0.005661040787622973,-0.0008080666127955327,204,177,134.0,37.0,0.57,-0.08,0.39,0.9945368760864167,1.0180121044273585,0.8394766045149664,2017,1,1,17
2017-01-18,28852,-0.7656292735941187,-0.7768585815757935,-0.7596742983087285,-0.35296484572608033,0.19,False,False,False,False,28797.0,28601.0,13350.0,28426.85714285714,27834.866666666665,228.40565417103807,507.24004610030795,0.0068529072410055125,0.005661040787622973,139,22,204.0,177.0,0.69,0.57,-0.08,1.4365651565694608,1.0212679472576531,0.8827282537198888,2017,1,2,18
2017-01-19,28588,-0.7753563863445104,-0.7912524974593139,-0.7832146483530835,-0.0509186834052221,-0.92,False,False,False,False,28852.0,28797.0,9250.0,28530.85714285714,27861.833333333332,233.21194121220114,539.1854062369208,0.0019099211723443421,0.0068529072410055125,223,-150,139.0,22.0,0.19,0.69,0.57,0.9116893356987975,1.0240121962370439,0.869949026318388,2017,1,3,19
2017-01-20,28685,-0.7814886965567139,-0.7857891133283427,-0.7759714637240512,-0.15160073751217484,0.34,False,False,False,False,28588.0,28852.0,12640.0,28584.85714285714,27884.9,185.39635790371238,555.2599484429317,-0.009150145570497759,0.0019099211723443421,207,5,223.0,-150.0,-0.92,0.19,0.69,1.1100377623605866,1.025101655120052,0.7293064759535586,2017,1,4,20
2017-01-23,28876,-0.7690126171594723,-0.7721306530009145,-0.7548810143630452,-0.32088914707253785,0.67,False,False,False,False,28685.0,28588.0,11510.0,28632.285714285714,27917.7,156.39449509298137,572.8079746844347,0.0033930320414159443,-0.009150145570497759,139,78,207.0,5.0,0.34,-0.92,0.19,1.0162458061098358,1.0255961527735349,0.7561774883989609,2017,1,0,23
2017-01-24,28815,-0.7621402005423478,-0.7768585815757935,-0.7549875317840604,-0.5801677111886728,-0.21,False,False,False,False,28876.0,28685.0,9610.0,28691.285714285714,27952.133333333335,159.75367944240517,598.6291658121328,0.006658532333972511,0.0033930320414159443,95,-48,139.0,78.0,0.67,0.34,-0.92,0.8475174177617074,1.02644350512134,0.8329252264382483,2017,1,1,24
2017-01-25,28472,-0.7740876325075028,-0.7899917165060129,-0.8037725106090136,-0.14536379610731937,-1.19,False,False,False,False,28815.0,28876.0,6700.0,28744.85714285714,27988.966666666667,119.16295365572503,616.9323152576798,-0.0021124809530406186,0.006658532333972511,428,-278,95.0,-48.0,-0.21,0.67,0.34,0.6184234816318995,1.0270067303731758,0.7797115509951732,2017,1,2,25
2017-01-27,28449,-0.8124674360769831,-0.8183592879552867,-0.8198566411823061,-0.2433728753264769,-0.08,False,False,False,False,28472.0,28815.0,11580.0,28726.428571428572,28013.166666666668,150.87396190562524,621.2967020305399,-0.01190352247093529,-0.0021124809530406186,309,62,428.0,-278.0,-1.19,-0.21,0.67,1.0848791455874087,1.025461666410268,0.5580065091835568,2017,1,4,27
2017-01-30,28642,-0.8027403233265915,-0.7965057514314017,-0.7933338033495259,-0.5347271380961542,0.68,False,False,False,False,28449.0,28472.0,10480.0,28676.714285714286,28057.133333333335,178.54197852434484,603.0455311530588,-0.0008078111829165069,-0.01190352247093529,268,163,309.0,62.0,-0.08,-1.19,-0.21,1.0048902099913701,1.0220828316642334,0.523873019318692,2017,1,0,30
2017-01-31,29172,-0.7793741068283679,-0.7392452831356452,-0.7635089254652749,-0.49908747292555156,1.85,False,False,True,False,28642.0,28449.0,7210.0,28646.714285714286,28101.6,160.95725549160153,595.0312422976929,0.0067840697388308335,-0.0008078111829165069,533,472,268.0,163.0,0.68,-0.08,-1.19,0.7185569065178393,1.0193979803895254,0.6398170146926583,2017,1,1,31
2017-02-01,28981,-0.7312671905084959,-0.7150803148640417,-0.7516854917325898,-0.7966786771000844,-0.65,False,False,False,False,29172.0,28642.0,7610.0,28730.14285714286,28160.933333333334,251.39572296273667,610.3818439323713,0.01850429439284973,0.0067840697388308335,652,-174,533.0,472.0,1.85,0.68,-0.08,0.7614568741244747,1.0202127364555693,0.9968861703666159,2017,2,2,1
2017-02-02,29064,-0.7317958379405823,-0.745339057743267,-0.7368795702114795,-1.143274420884196,0.29,False,False,False,True,28981.0,29172.0,4270.0,28772.428571428572,28218.233333333334,266.94996856046197,603.7338808204735,-0.006547374194432964,0.01850429439284973,225,-86,652.0,-174.0,-0.65,1.85,0.68,0.4699537750385208,1.0196396149804525,0.8166823102366662,2017,2,3,2
2017-02-03,29166,-0.7444833763106585,-0.7118232974013472,-0.7422054412622386,-1.1557483036939071,0.35,False,False,False,True,29064.0,28981.0,380.0,28799.285714285714,28283.6,287.7532011325844,584.6819117528782,0.0028639453435008733,-0.006547374194432964,594,136,225.0,-86.0,0.29,-0.65,1.85,0.046347115501890475,1.0182326759778004,0.8470295734953068,2017,2,4,3
2017-02-06,29202,-0.7513557929277831,-0.740190868850621,-0.7352818088962518,-0.27188460746295906,0.12,False,False,False,False,29166.0,29064.0,240.0,28849.428571428572,28350.733333333334,319.7508702846045,565.5830030449023,0.0035094962840627186,0.0028639453435008733,259,237,594.0,136.0,0.35,0.29,-0.65,0.03448771375197586,1.0175902059474737,0.89430800517489,2017,2,0,6
2017-02-07,29348,-0.7212228892988523,-0.7248513672521248,-0.7086524536424564,-0.1435818128487892,0.5,False,False,False,False,29202.0,29166.0,10160.0,28953.714285714286,28417.933333333334,294.1568256821136,541.6837054790886,0.0012343139271755454,0.0035094962840627186,155,98,259.0,237.0,0.12,0.35,0.29,1.488862837045721,1.0188536212713435,0.8949390943756818,2017,2,1,7
2017-02-08,29371,-0.7132931778175546,-0.7169714862939932,-0.7040722045388036,-0.21040618504366937,0.08,False,False,False,False,29348.0,29202.0,11600.0,29082.14285714286,28488.166666666668,225.25424788583007,519.982962806602,0.004999657557701598,0.0012343139271755454,187,46,155.0,98.0,0.5,0.12,0.35,1.6517157909725189,1.0208499268284326,0.9590792484015944,2017,2,2,8
2017-02-09,29115,-0.7107556701435394,-0.7197031783594788,-0.7230323054795059,-0.02329794289800497,-0.87,False,False,False,False,29371.0,29348.0,10850.0,29186.285714285714,28552.833333333332,140.37415988007115,504.37486629198077,0.0007836990595611049,0.004999657557701598,339,-234,187.0,46.0,0.08,0.5,0.12,1.458725463834364,1.0221852722480214,0.9310859003123289,2017,2,3,9
2017-02-10,29195,-0.7423687865823124,-0.7404009990095045,-0.7448683767876182,-0.12219801374642758,0.27,False,False,False,False,29115.0,29371.0,12950.0,29178.14285714286,28605.366666666665,142.97019336423745,476.4381845298299,-0.008716080487555788,0.0007836990595611049,347,145,339.0,-234.0,-0.87,0.08,0.5,1.7095709570957096,1.020023382225813,0.7108126365734089,2017,2,4,10
2017-02-13,29057,-0.7353906404787706,-0.7428174958366649,-0.7335775301600089,-0.4438459919111173,-0.47,False,False,False,False,29195.0,29115.0,11840.0,29208.714285714286,28651.533333333333,113.66575896915977,463.64096791197113,0.002747724540614893,-0.008716080487555788,218,-59,347.0,145.0,0.27,-0.87,0.08,1.535468810789781,1.0194468109576784,0.7505271672902827,2017,2,0,13
2017-02-14,29027,-0.738351066098455,-0.7416617799628056,-0.7340035998440697,-0.18634941105351252,-0.1,False,False,False,False,29057.0,29195.0,8230.0,29207.714285714286,28696.766666666666,115.17192118177859,432.7749820141842,-0.004726836787121047,0.002747724540614893,233,-61,218.0,-59.0,-0.47,0.27,-0.87,1.0533725841546142,1.0178050588410408,0.6179415570416932,2017,2,1,14
2017-02-15,29138,-0.7444833763106585,-0.7462846434582429,-0.7443357896825423,-0.18813139431204265,0.38,False,False,False,False,29027.0,29057.0,11120.0,29187.85714285714,28736.733333333334,134.00550806070257,404.1982215432808,-0.0010324534535568475,-0.004726836787121047,286,108,233.0,-61.0,-0.1,-0.47,0.27,1.362077413032827,1.01569850700464,0.575508527480626,2017,2,2,15
2017-02-16,29377,-0.7279895764295595,-0.7177069418500854,-0.7131261853250941,-0.06250157458566799,0.82,False,False,False,False,29138.0,29027.0,11100.0,29178.714285714286,28771.266666666666,135.0588936798898,392.176150898074,0.003824025906914219,-0.0010324534535568475,265,191,286.0,108.0,0.38,-0.1,-0.47,1.2546625974906749,1.0141616156065758,0.6600949347477666,2017,2,3,16
2017-02-17,29359,-0.71308171884472,-0.7204386339155711,-0.7006636470663178,-0.3173251805554776,-0.06,False,False,False,False,29377.0,29138.0,12510.0,29182.85714285714,28814.333333333332,141.41243294211162,385.09159979123746,0.008202347450065206,0.003824025906914219,122,32,265.0,191.0,0.82,0.38,-0.1,1.2435387673956262,1.0127896004138153,0.8356417030396636,2017,2,4,17
2017-02-20,29324,-0.7127645303854682,-0.7263222783643094,-0.7114219065888512,-0.6443191084957577,-0.12,False,False,False,False,29359.0,29377.0,9650.0,29181.14285714286,28829.966666666667,138.80013036956146,397.58646713697635,-0.0006127242400517652,0.008202347450065206,167,-6,122.0,32.0,-0.06,0.82,0.38,0.8771929824561403,1.0121809433405353,0.79160649205316,2017,2,0,20
2017-02-21,29314,-0.7233374790271982,-0.728633710112028,-0.7221801661113845,-0.2371359339216214,-0.03,False,False,False,False,29324.0,29359.0,5980.0,29211.0,28875.433333333334,144.56025272113163,371.8261257845834,-0.0011921386968221093,-0.0006127242400517652,246,84,167.0,-6.0,-0.12,-0.06,0.82,0.565057167154871,1.0116211820197791,0.7366921657957632,2017,2,1,21
2017-02-22,29223,-0.7175223572742466,-0.7270577339204016,-0.711315389167836,-0.37702161971623716,-0.31,False,False,False,False,29314.0,29324.0,10550.0,29228.0,28915.1,149.28496240455908,351.8361050652158,-0.00034101759650795316,-0.0011921386968221093,159,-62,246.0,84.0,-0.03,-0.12,-0.06,1.0068715403702997,1.0108213355651545,0.7067690627491005,2017,2,2,22
2017-02-23,29440,-0.7217515367309387,-0.7149752497845998,-0.708439418800426,-0.08923132346362005,0.74,False,False,False,False,29223.0,29314.0,8980.0,29251.714285714286,28948.866666666665,129.46262560562357,329.7491976232906,-0.0031043187555434004,-0.00034101759650795316,247,195,159.0,-62.0,-0.31,-0.03,-0.12,0.8726071324458264,1.0104614671978278,0.6106903561337593,2017,2,3,23
2017-02-24,29613,-0.6967993779364556,-0.6970091212000598,-0.6803188196524181,-0.6175893596178057,0.59,False,False,False,False,29440.0,29223.0,12210.0,29310.714285714286,28985.1,100.95496402869264,321.6375503466114,0.007425657872223823,-0.0031043187555434004,154,132,247.0,195.0,0.74,-0.31,-0.03,1.195067045120877,1.0112338506927452,0.7970586164252923,2017,2,4,24
2017-02-27,29732,-0.6868608062132293,-0.6841911815081657,-0.6748864311806438,-0.47592169056465977,0.4,False,False,False,False,29613.0,29440.0,6280.0,29378.571428571428,29023.433333333334,122.79095670182069,325.7700355953786,0.005876358695652284,0.007425657872223823,225,157,154.0,132.0,0.59,0.74,-0.31,0.6500362281337335,1.0122362537594827,0.9937655185649255,2017,2,0,27
2017-02-28,29592,-0.6731159729789802,-0.689654565639137,-0.6748864311806438,-0.4162252514039002,-0.47,False,False,False,False,29732.0,29613.0,7870.0,29429.285714285714,29066.5,181.3704443821185,331.3341630228631,0.004018505386147897,0.005876358695652284,173,-113,225.0,157.0,0.4,0.59,0.74,0.8176623376623376,1.0124812314618448,1.1120455237247644,2017,2,1,28
2017-03-01,29529,-0.6995483445833055,-0.7012117243777299,-0.718984643480929,-0.9784409694701585,-0.21,False,False,False,False,29592.0,29732.0,8540.0,29462.571428571428,29099.533333333333,187.59518219048485,332.7218713550563,-0.004708731333243676,0.004018505386147897,477,74,173.0,-113.0,-0.47,0.4,0.59,0.9117113269990392,1.0124757359879115,0.8786512297398027,2017,3,2,1
2017-03-02,29204,-0.6948962471809442,-0.7111929069246967,-0.7144043943772762,-1.1388194627378707,-1.1,False,False,False,True,29529.0,29592.0,2230.0,29491.85714285714,29123.933333333334,178.119275179877,336.5886605883031,-0.0021289537712895212,-0.004708731333243676,339,-295,477.0,74.0,-0.21,-0.47,0.4,0.26297169811320753,1.0126330398203016,0.7760906816058979,2017,3,3,2
2017-03-03,29442,-0.7159364149779871,-0.6503602259279206,-0.7261213106889463,-1.1584212785817023,0.81,False,False,False,True,29204.0,29529.0,430.0,29476.14285714286,29135.666666666668,199.94118182756884,332.8973470576262,-0.011006129567543765,-0.0021289537712895212,1028,142,339.0,-295.0,-1.1,-0.21,-0.47,0.059130913091309134,1.01168588981922,0.3539294734463797,2017,3,4,3
2017-03-06,28979,-0.7370823122614474,-0.7408212593272716,-0.7358143960013278,-0.2531737832483926,-1.57,False,False,False,False,29442.0,29204.0,210.0,29507.428571428572,29164.133333333335,168.37048152139798,320.74210645067393,0.008149568552253017,-0.011006129567543765,258,-121,1028.0,142.0,0.81,-1.1,-0.21,0.033185840707964605,1.01177114485699,0.6466617359649836,2017,3,0,6
2017-03-07,28791,-0.7509328749821138,-0.765931813313851,-0.7565852930992881,-0.27812154886781454,-0.65,False,False,False,False,28979.0,29442.0,10370.0,29441.571428571428,29173.933333333334,262.8122632496714,309.9062075388355,-0.015725833842809567,0.008149568552253017,214,-178,258.0,-121.0,-1.57,0.81,-1.1,1.5324368257721295,1.009173877659215,0.08469540043645371,2017,3,1,7
2017-03-08,28660,-0.768906887673055,-0.7841080720572746,-0.7718172843044592,-0.3422729461748995,-0.46,False,False,False,False,28791.0,28979.0,10090.0,29324.14285714286,29171.1,344.4200093741251,313.09614585868655,-0.0064874564339694185,-0.015725833842809567,184,-139,214.0,-178.0,-0.65,-1.57,0.81,1.5012646927540545,1.0052463862227636,-0.029813062175431507,2017,3,2,8
2017-03-09,28491,-0.788889760605925,-0.8016539403240477,-0.7912034549292222,-0.21040618504366937,-0.59,False,False,False,False,28660.0,28791.0,9370.0,29171.0,29165.933333333334,370.2071492198161,320.3694993157036,-0.004550032996422537,-0.0064874564339694185,199,-119,184.0,-139.0,-0.46,-0.65,-1.57,1.386094674556213,1.0001737186534976,-0.04372382495941768,2017,3,3,9
2017-03-10,28417,-0.8089783630252122,-0.8138414895392913,-0.8055833067662717,-0.14625478773658443,-0.26,False,False,False,False,28491.0,28660.0,10850.0,29013.714285714286,29166.566666666666,394.611080384262,318.9660757370678,-0.005896720167480773,-0.004550032996422537,218,-3,199.0,-119.0,-0.59,-0.46,-0.65,1.6379830917874396,0.9947593289707606,-0.06937335071681228,2017,3,4,10
2017-03-13,28291,-0.8072866912425354,-0.8229821514507238,-0.8100570384489093,-0.7931147105830242,-0.44,False,False,False,False,28417.0,28491.0,11570.0,28854.85714285714,29165.5,375.9891082517415,321.4919691170174,-0.0025973114316801826,-0.005896720167480773,173,-145,218.0,-3.0,-0.26,-0.59,-0.46,1.6175031455333426,0.9893489617135706,-0.02026722063059463,2017,3,0,13
2017-03-14,28100,-0.8164851565608406,-0.8321228133621565,-0.8295497264946875,-0.26475667442883855,-0.68,False,False,False,False,28291.0,28417.0,4310.0,28724.428571428572,29153.8,392.67452898605023,346.6065442999695,-0.0044339655839814585,-0.0025973114316801826,269,-249,173.0,-145.0,-0.44,-0.26,-0.59,0.6341032808592026,0.9852721968123734,-0.010125323198877344,2017,3,1,14
2017-03-15,28019,-0.8480982729996137,-0.8626967514797073,-0.8453143048049344,-0.21664312644852485,-0.29,False,False,False,False,28100.0,28291.0,10240.0,28532.714285714286,29118.066666666666,300.79933193969936,396.3542418813244,-0.006751263652751804,-0.0044339655839814585,126,-31,269.0,-249.0,-0.68,-0.44,-0.26,1.4697861346347065,0.9798972786327717,-0.02086979054628879,2017,3,2,15
2017-03-16,28436,-0.8438690935429216,-0.8063818688989266,-0.8284845522845358,0.08273006098453818,1.49,False,False,False,False,28019.0,28100.0,10780.0,28395.571428571428,29086.0,281.6486328407867,443.8901697024546,-0.002882562277580103,-0.006751263652751804,504,346,126.0,-31.0,-0.29,-0.68,-0.44,1.378164152390693,0.9762625121560692,0.022907127245894082,2017,3,3,16
2017-03-17,28528,-0.8007314630846627,-0.8110047323943639,-0.7889665890879034,-0.5436370543888049,0.32,False,False,False,False,28436.0,28019.0,14140.0,28344.85714285714,29065.066666666666,224.80467712499913,459.4969463206666,0.014882758128412776,-0.002882562277580103,89,30,504.0,346.0,1.49,-0.29,-0.68,1.5381268356358098,0.9752207854167595,0.2437182403255895,2017,3,4,17
2017-03-20,28518,-0.792061645198444,-0.8025995260390234,-0.7861971361415087,-0.48126764034025016,-0.04,False,False,False,False,28528.0,28436.0,7110.0,28326.0,29043.8,197.88885769575955,469.32346025389324,0.003235335490223701,0.014882758128412776,143,-62,89.0,30.0,0.32,1.49,-0.29,0.7194171810179095,0.9752856031235583,0.3055878771781114,2017,3,0,20
2017-03-21,28853,-0.8045377245956856,-0.7749674101458419,-0.7964228085589661,0.15133641643794846,1.17,False,False,False,False,28518.0,28528.0,7810.0,28329.85714285714,29021.0,201.8641693250079,477.909023227876,-0.0003505328098709626,0.003235335490223701,502,391,143.0,-62.0,-0.04,0.32,1.49,0.8112599979225096,0.9761847332227401,0.31972350528448523,2017,3,1,21
2017-03-22,28886,-0.7686954287002205,-0.7644609022016664,-0.7527506659427416,-0.18634941105351252,0.11,False,False,False,False,28853.0,28518.0,14910.0,28392.14285714286,29004.5,283.84938997751703,474.7646059199752,0.011746966827968386,-0.0003505328098709626,192,85,502.0,391.0,1.17,-0.04,0.32,1.4749233356415075,0.9788875125288441,0.48166125744236626,2017,3,2,22
2017-03-23,28816,-0.765735003080536,-0.7679280498232444,-0.7580765369935007,-0.18991337757057278,-0.24,False,False,False,False,28886.0,28853.0,11120.0,28477.14285714286,28988.333333333332,333.294878734445,470.08879083024004,0.001143728555089485,0.011746966827968386,209,-13,192.0,85.0,0.11,1.17,-0.04,1.0812913263321664,0.9823656479207564,0.504620534858961,2017,3,3,23
2017-03-24,28809,-0.7740876325075028,-0.7805358593562549,-0.7620176815710624,-0.4687937575305392,-0.02,False,False,False,False,28816.0,28886.0,11080.0,28579.428571428572,28978.366666666665,307.1003403575956,470.48012771485224,-0.0024233192550023874,0.001143728555089485,126,59,209.0,-13.0,-0.24,0.11,1.17,1.0749975744639566,0.9862332442740127,0.4861771425632756,2017,3,4,24
2017-03-27,28839,-0.7635146838657727,-0.7653014228372005,-0.7528571833637568,-0.3672207117943214,0.1,False,False,False,False,28809.0,28816.0,7950.0,28692.285714285714,28965.5,189.44191219307743,469.62874185071655,-0.00024292059966690704,-0.0024233192550023874,185,-11,126.0,59.0,-0.02,-0.24,0.11,0.799396681749623,0.9905675964262903,0.5022218592977327,2017,3,0,27
2017-03-28,28872,-0.764677708216363,-0.7731813037953321,-0.7545614620999997,-0.5240352385449735,0.11,False,False,False,False,28839.0,28809.0,9090.0,28749.85714285714,28958.233333333334,157.04078936359397,469.8506500295682,0.0010413412475267503,-0.00024292059966690704,126,33,185.0,-11.0,0.1,-0.02,-0.24,0.8721097572675813,0.9928042505881624,0.5450416148113272,2017,3,1,28
2017-03-29,28762,-0.7696469940779762,-0.7855789831694592,-0.7648936519384724,-0.5810587028179378,-0.38,False,False,False,False,28872.0,28839.0,7330.0,28799.0,28953.066666666666,126.9934381512062,469.9206046903232,0.001144283782378075,0.0010413412475267503,105,-30,126.0,33.0,0.11,0.1,-0.02,0.7234504540071062,0.9946787444507894,0.5939404527744174,2017,3,2,29
2017-03-30,28559,-0.7776824350456911,-0.7885208053938283,-0.7821494741429318,-0.4447369835403824,-0.71,False,False,False,False,28762.0,28872.0,6690.0,28833.85714285714,28940.533333333333,42.16407859707327,469.832305617841,-0.0038099196453310613,0.001144283782378075,239,-157,105.0,-30.0,-0.38,0.11,0.1,0.6880592409750077,0.9963139521567378,0.5552039791727322,2017,3,3,30
2017-03-31,28612,-0.7993569797612379,-0.7965057514314017,-0.7869427580886149,-0.5596749037155763,0.19,False,False,False,False,28559.0,28762.0,8220.0,28791.85714285714,28913.266666666666,110.67885761942217,467.3583084803664,-0.00705792364925939,-0.0038099196453310613,208,101,239.0,-157.0,-0.71,-0.38,0.11,0.9002299857627861,0.9958009060266616,0.4272242968973437,2017,3,4,31
2017-04-03,28720,-0.7892069490651769,-0.7857891133283427,-0.7762910159870967,-1.0479383165528338,0.38,False,False,False,False,28612.0,28559.0,6930.0,28752.714285714286,28888.366666666665,119.90234121443305,462.66741486892687,0.001855807276165189,-0.00705792364925939,210,113,208.0,101.0,0.19,-0.71,-0.38,0.7604521013936135,0.9953042557747336,0.5000940179144941,2017,4,0,3
2017-04-04,28960,-0.75029849806361,-0.7570012815613019,-0.7445488245245726,-1.1691131781328832,0.84,False,False,False,True,28720.0,28612.0,1450.0,28739.0,28868.233333333334,116.9102219659638,456.1527030563747,0.003774640011184216,0.001855807276165189,186,-15,210.0,113.0,0.38,0.19,-0.71,0.1710510793912941,0.9955233376479568,0.6195743224245202,2017,4,1,4
2017-04-05,28617,-0.7684839697273859,-0.7617292101361808,-0.78108429993278,-1.1477293790305214,-1.18,False,False,False,True,28960.0,28720.0,90.0,28760.571428571428,28856.433333333334,142.99866799292235,448.7422794135019,0.008356545961002881,0.003774640011184216,484,-186,186.0,-15.0,0.84,0.38,0.19,0.012866333095067906,0.9966779711250325,0.8358328609764814,2017,4,2,5
2017-04-06,28697,-0.7605542582460882,-0.7646710323605499,-0.7661718609906545,-0.39216847741374333,0.28,False,False,False,False,28617.0,28960.0,330.0,28728.85714285714,28836.233333333334,147.25989335391742,445.2986354263162,-0.01184392265193368,0.008356545961002881,316,-181,484.0,-186.0,-1.18,0.84,0.38,0.055780933062880324,0.9962763447904248,0.5112031007306697,2017,4,3,6
2017-04-07,28650,-0.7740876325075028,-0.7648811625194334,-0.7734150456196869,0.04619940418467037,-0.16,False,False,False,False,28697.0,28617.0,8810.0,28703.85714285714,28811.466666666667,133.08071306769847,430.9926580166624,0.0027955411119264806,-0.01184392265193368,382,-100,316.0,-181.0,0.28,-1.18,0.84,1.5486025663561258,0.9962650452663687,0.5778605723602735,2017,4,4,7
2017-04-10,28699,-0.7845548516628157,-0.7884157403143865,-0.7784213644074004,-0.4670117742720091,0.17,False,False,False,False,28650.0,28697.0,13730.0,28687.85714285714,28779.366666666665,131.6503305120817,404.2698384727162,-0.0016378018608217415,0.0027955411119264806,205,48,382.0,-100.0,-0.16,0.28,-1.18,2.1908409127174084,0.996820307935563,0.5221469610404453,2017,4,0,10
2017-04-11,29149,-0.7740876325075028,-0.744498537107733,-0.7608459899398954,0.020360646935983384,1.57,False,False,False,False,28699.0,28650.0,7970.0,28707.85714285714,28744.933333333334,118.8211941978664,362.12818585193975,0.0017102966841187062,-0.0016378018608217415,458,399,205.0,48.0,0.17,-0.16,0.28,1.2948822095857027,0.9987101660648766,0.5524055787850689,2017,4,1,11
2017-04-12,29189,-0.7317958379405823,-0.7358832005935091,-0.7174933995867165,-0.28970444004826046,0.14,False,False,False,False,29149.0,28699.0,13440.0,28784.571428571428,28730.166666666668,195.33463350811635,334.36373785940975,0.01567998884978561,0.0017102966841187062,133,39,458.0,399.0,1.57,0.17,-0.16,1.9864026012415017,1.001893645885733,0.9799896731115131,2017,4,2,12
2017-04-13,29358,-0.7191082995705061,-0.7224348704249645,-0.7062025529591073,-0.31554319729694746,0.58,False,False,False,False,29189.0,29149.0,9960.0,28851.571428571428,28718.833333333332,243.89332172300993,311.3216634942632,0.0013722597687741978,0.01567998884978561,155,88,133.0,39.0,0.14,1.57,0.17,1.4042013252502468,1.0046219877283118,1.0432047758327592,2017,4,3,13
2017-04-17,29392,-0.7065264906868474,-0.7182322672472943,-0.6969355373307865,-0.46086393203008014,0.12,False,False,False,False,29358.0,29189.0,9670.0,28908.428571428572,28723.966666666667,310.6411955634402,320.72498513815367,0.005789852341635537,0.0013722597687741978,108,3,155.0,88.0,0.58,0.14,1.57,1.3360044211108042,1.006421881312652,1.1159223696082285,2017,4,0,17
2017-04-18,29518,-0.7085353509287761,-0.7069903037470265,-0.7073742445902743,0.006995772497007358,0.43,False,False,False,False,29392.0,29358.0,8039.0,29019.14285714286,28722.3,327.13270934582573,316.9729837284373,0.0011581170379453276,0.005789852341635537,313,148,108.0,3.0,0.12,0.58,0.14,1.093905210303583,1.0103349264210337,1.0436702824105981,2017,4,1,18
2017-04-19,29313,-0.7027202291758244,-0.7190727878828282,-0.7102502149576841,-0.2594107246532481,-0.69,False,False,False,False,29518.0,29392.0,13290.0,29136.428571428572,28740.266666666666,339.3340817656687,345.97408048541445,0.004286880783886726,0.0011581170379453276,225,-112,313.0,148.0,0.43,0.12,0.58,1.5575009668459727,1.0137842111681372,1.0555176709048164,2017,4,2,19
2017-04-20,29308,-0.7212228892988523,-0.7269526688409599,-0.7081198665373806,-0.3449459210626947,-0.02,False,False,False,False,29313.0,29518.0,10300.0,29231.14285714286,28757.666666666668,265.41001524171344,361.39627055038227,-0.006944914967138671,0.004286880783886726,130,58,225.0,-112.0,-0.69,0.43,0.12,1.0780937627565708,1.0164643465676233,0.8337281563455592,2017,4,3,20
2017-04-21,29432,-0.7178395457334986,-0.7153955101023669,-0.7059895181170769,-0.37702161971623716,0.42,False,False,False,False,29308.0,29313.0,9340.0,29318.14285714286,28779.266666666666,124.09865507170568,374.4854799755915,-0.00017057278340670834,-0.006944914967138671,220,150,130.0,58.0,-0.02,-0.69,0.43,0.8933610077571282,1.0187244587125057,0.7990321412286477,2017,4,4,21
2017-04-24,29128,-0.7169937098421602,-0.7332565736074652,-0.7384773315267072,-0.10526917279039127,-1.03,False,False,False,False,29432.0,29308.0,8980.0,29358.571428571428,28810.633333333335,104.33576750607715,388.64880728261477,0.004230926709430927,-0.00017057278340670834,355,-162,220.0,150.0,0.42,-0.02,-0.69,0.857533016931025,1.0190186063908613,0.8552342622414058,2017,4,0,24
2017-04-25,28827,-0.7381396071256204,-0.7542695894958162,-0.7526441485217265,-0.3110882391506221,-1.03,False,False,False,False,29128.0,29432.0,12030.0,29349.85714285714,28834.333333333332,121.9240591130644,385.48279923447075,-0.010328893721119892,0.004230926709430927,288,-263,355.0,-162.0,-1.03,0.42,-0.02,1.1677457556373096,1.0178788184059677,0.6079622229903852,2017,4,1,25
2017-04-26,28757,-0.7688011581866377,-0.7808510545945802,-0.7665979306747153,-0.36989368668211664,-0.24,False,False,False,False,28827.0,29128.0,9720.0,29274.0,28852.2,231.74195419358955,371.60318101144424,-0.010333699533095264,-0.010328893721119892,166,-43,288.0,-263.0,-1.03,-1.03,0.42,0.927755347478739,1.014619335787219,0.3752596473563446,2017,4,2,26
2017-04-27,28784,-0.7682725107545513,-0.7796953387207208,-0.7613785770449714,-0.49908747292555156,0.09,False,False,False,False,28757.0,28827.0,9060.0,29183.285714285714,28874.1,293.82177947757566,344.0854294481389,-0.00242827904395182,-0.010333699533095264,128,-21,166.0,-43.0,-0.24,-1.03,-1.03,0.9024893165585871,1.010708064122716,0.32721495408459733,2017,4,3,27
2017-04-28,28872,-0.7642547902706938,-0.7716053276037057,-0.7528571833637568,-0.6033334935495646,0.31,False,False,False,False,28784.0,28757.0,7610.0,29078.428571428572,28899.6,285.3120263519998,304.61186156612786,0.0009389018325973719,-0.00242827904395182,125,29,128.0,-21.0,0.09,-0.24,-1.03,0.7762217076877569,1.0061879254878467,0.34672273015285326,2017,4,4,28
2017-05-01,28654,-0.7652063556484495,-0.7775940371318858,-0.7741606675667931,-1.0310094755967976,-0.76,False,False,False,False,28872.0,28784.0,6440.0,29015.428571428572,28914.133333333335,273.320237781773,291.8646040997772,0.003057254030016665,0.0009389018325973719,268,-180,125.0,29.0,0.31,0.09,-0.24,0.6792604077671951,1.0035033122704204,0.3978396102025782,2017,5,0,1
2017-05-02,28571,-0.7831803683393908,-0.7973462720669356,-0.7816168870378558,-1.1334735129622804,-0.29,False,False,False,True,28654.0,28872.0,1640.0,28922.0,28918.333333333332,268.37598004814095,286.98219737307335,-0.007550568024383475,0.003057254030016665,150,-93,268.0,-180.0,-0.76,0.31,0.09,0.18549937789842777,1.0001267938447351,0.218556573413786,2017,5,1,2
2017-05-03,28571,-0.786775170877579,-0.8015488752446059,-0.7891796239299337,-1.1691131781328832,0.0,False,False,False,True,28571.0,28654.0,490.0,28799.0,28920.1,177.64759122149982,284.58588788991074,-0.0028966287429329496,-0.007550568024383475,181,-59,150.0,-93.0,-0.29,-0.76,0.31,0.06480624256050788,0.9958126009246165,0.16684660404737384,2017,5,2,3
2017-05-04,28060,-0.8110929527535583,-0.8181491577964032,-0.8354081846505226,-1.1700041697621482,-1.79,False,False,True,True,28571.0,28571.0,90.0,28719.428571428572,28910.7,121.63724367049034,291.4530955341445,0.0,-0.0028966287429329496,457,-340,181.0,-59.0,0.0,-0.29,-0.76,0.013761467889908258,0.9933840609680351,0.1954264871248621,2017,5,3,4
2017-05-05,28184,-0.8390055371677257,-0.8286556657405787,-0.8236912683388525,-1.1717861530206783,0.44,False,False,False,True,28060.0,28571.0,80.0,28609.85714285714,28883.166666666668,267.0851478285771,330.2945481015921,-0.017885268279024147,0.0,247,48,457.0,-340.0,-1.79,0.0,-0.29,0.014250089063056644,0.9905374113938502,-0.07989351196202181,2017,5,4,5
2017-05-08,28119,-0.8380539717899701,-0.8419989308296816,-0.8277389303374294,-0.4777036738231899,-0.23,False,False,False,False,28184.0,28060.0,60.0,28528.0,28862.1,300.22380540768404,354.0284763530423,0.004419101924447721,-0.017885268279024147,158,-26,247.0,48.0,0.44,-1.79,0.0,0.012706480304955527,0.9884242657325698,0.05672399979426663,2017,5,0,8
2017-05-09,27981,-0.8401685615183161,-0.848618030834512,-0.8437165434897067,-0.2772305572385495,-0.49,False,False,False,False,28119.0,28184.0,7850.0,28433.0,28839.1,310.7453405391703,379.1213389603217,-0.0023062730627306793,0.004419101924447721,245,-144,158.0,-26.0,-0.23,0.44,-1.79,1.8238847583643123,0.9859184232517659,0.06867662326477286,2017,5,1,9
2017-05-10,28007,-0.8470409781354407,-0.8534510244888328,-0.8400949511751905,-0.3502918708382851,0.09,False,False,False,False,27981.0,28119.0,10100.0,28305.714285714286,28810.5,282.1191912922214,410.21665848238143,-0.004907713645577738,-0.0023062730627306793,165,-53,245.0,-144.0,-0.49,-0.23,0.44,2.3261169967756796,0.9824791060798767,0.05454054651777629,2017,5,2,10
2017-05-11,28022,-0.8539133947525652,-0.8582840181431536,-0.8439295783317371,-0.3110882391506221,0.05,False,False,False,False,28007.0,27981.0,9280.0,28213.285714285714,28781.666666666668,253.53284750115475,435.373112544103,0.0009292019584719036,-0.004907713645577738,155,27,165.0,-53.0,0.09,-0.49,-0.23,2.1264894592117325,0.9802519791864861,0.1197710307199397,2017,5,3,11
2017-05-12,28019,-0.8440805525157562,-0.8483028355961868,-0.8396688814911298,-0.33247203825298377,-0.01,False,False,False,False,28022.0,28007.0,9720.0,28134.85714285714,28757.0,204.6325394227784,456.9537817116702,0.0005355803906166301,0.0009292019584719036,210,-69,155.0,27.0,0.05,0.09,-0.49,2.124590163934426,0.9783655159737504,0.1671473017694459,2017,5,4,12
2017-05-15,28008,-0.848204002486031,-0.8522953086149735,-0.8384971898599628,-0.3966234355600687,-0.04,False,False,False,False,28019.0,28022.0,9480.0,28056.0,28739.0,71.78672115002715,475.28996594084305,-0.00010705873956173839,0.0005355803906166301,161,-41,210.0,-69.0,-0.01,0.05,0.09,1.9430211108833777,0.9762343853300394,0.1981884927861301,2017,5,0,15
2017-05-16,28109,-0.8507415101600462,-0.85208517845609,-0.8354081846505226,-0.48839557337437073,0.36,False,False,False,False,28008.0,28019.0,8760.0,28048.571428571428,28718.866666666665,73.96137988453204,493.30648886258916,-0.00039259074199649024,-0.00010705873956173839,134,84,161.0,-41.0,-0.04,-0.01,0.05,1.5668037918082633,0.9766601082878652,0.22086984179963276,2017,5,1,16
2017-05-17,28614,-0.8354107346295375,-0.8017590054034894,-0.8199631586033213,0.24132657099372037,1.8,False,False,True,False,28109.0,28008.0,7730.0,28037.85714285714,28698.5,53.74144450311206,505.7149087830347,0.003606112539274564,-0.00039259074199649024,468,444,134.0,84.0,0.36,-0.04,-0.01,1.2240696753760887,0.9769798819749165,0.28706872335478223,2017,5,2,17
2017-05-18,28710,-0.7829689093665562,-0.7658267482344092,-0.779380021196537,0.9434279748545944,0.34,False,False,False,False,28614.0,28109.0,15920.0,28108.571428571428,28686.966666666667,226.4515085275977,503.4860189362615,0.01796577608595107,0.003606112539274564,429,44,468.0,444.0,1.8,0.36,-0.04,2.015700177260066,0.9798376996489031,0.5601834517098981,2017,5,3,18
2017-05-19,28634,-0.7836032862850599,-0.786944829202202,-0.7815103696168406,-0.004587118683438533,-0.26,False,False,False,False,28710.0,28614.0,23800.0,28212.714285714286,28690.066666666666,310.16216956410284,503.3266529204936,0.003355001048437778,0.01796577608595107,248,-26,429.0,44.0,0.34,1.8,0.36,2.317429406037001,0.9833617542092717,0.638253076597794,2017,5,4,19
2017-05-22,28783,-0.7910043503342711,-0.7848435276133668,-0.7775692250392789,-0.3476188959504899,0.52,False,False,False,False,28634.0,28710.0,13160.0,28302.285714285714,28687.966666666667,330.7076827482422,503.4281432361686,-0.002647161267850917,0.003355001048437778,231,193,248.0,-26.0,-0.26,0.34,1.8,1.1364421416234887,0.9865560024918362,0.6366262070435615,2017,5,0,22
2017-05-23,28808,-0.7683782402409686,-0.771080002206497,-0.7592482286246677,-0.06339256621493305,0.09,False,False,False,False,28783.0,28634.0,9310.0,28411.0,28692.4,347.85054261872506,503.6678297832188,0.005203604107005599,-0.002647161267850917,190,4,231.0,193.0,0.52,-0.26,0.34,0.79396213542555,0.9901925248497859,0.7684585026935947,2017,5,1,23
2017-05-24,28719,-0.7719730427791568,-0.7878904149171777,-0.768834796516034,-0.40286037696492416,-0.31,False,False,False,False,28808.0,28783.0,12500.0,28523.714285714286,28696.033333333333,326.8571116385781,504.11003747691205,0.0008685682520932492,0.005203604107005599,120,-51,190.0,4.0,0.09,0.52,-0.26,1.0446264415844895,0.9939950220430334,0.7883423027548837,2017,5,2,24
2017-05-25,28638,-0.7720787722655741,-0.7878904149171777,-0.7741606675667931,-0.2923774149360557,-0.28,False,False,False,False,28719.0,28808.0,8690.0,28625.285714285714,28681.7,238.38743974612936,496.84752049356956,-0.0030894196056651113,0.0008685682520932492,170,-131,120.0,-51.0,-0.31,0.09,0.52,0.7298227933148568,0.9980330912841886,0.7259649320259848,2017,5,3,25
2017-05-26,28847,-0.7800084837468717,-0.7778041672907693,-0.7662783784116697,-0.32890807173592346,0.73,False,False,False,False,28638.0,28719.0,9930.0,28700.85714285714,28663.333333333332,75.9439016025602,487.5449640330049,-0.0028204324663114733,-0.0030894196056651113,192,153,170.0,-131.0,-0.28,-0.31,0.09,0.8324949698189135,1.0013091223231938,0.6753811266272912,2017,5,4,26
2017-05-29,28874,-0.7642547902706938,-0.7712901323653805,-0.7521115614166506,-0.7708399198513974,0.09,False,False,False,False,28847.0,28638.0,9520.0,28734.14285714286,28646.3,82.32340406765336,471.0871615667604,0.007297995670088708,-0.0028204324663114733,121,31,192.0,153.0,0.73,-0.28,-0.31,0.7978545088836742,1.0030664643302227,0.8348759035546238,2017,5,0,29
2017-05-30,28704,-0.7560078903301444,-0.7679280498232444,-0.7656392738855786,-0.29683237308238103,-0.59,False,False,False,False,28874.0,28847.0,4560.0,28757.571428571428,28629.033333333333,96.43453244436044,451.91565304953815,0.0009359725448052636,0.007297995670088708,280,-217,121.0,31.0,0.09,0.73,-0.28,0.39610840861709523,1.004489781186165,0.8346321470559436,2017,5,1,30
2017-05-31,28905,-0.781171508097462,-0.7689787006176618,-0.771178179778368,-0.47948565708172003,0.7,False,False,False,False,28704.0,28874.0,9880.0,28767.571428571428,28601.9,84.35808031498293,420.01135863121675,-0.005887649788737237,0.0009359725448052636,322,222,280.0,-217.0,-0.59,0.09,0.73,0.8425002131832523,1.0057923224880665,0.7035152692041803,2017,5,2,31
2017-06-01,28749,-0.7606599877325055,-0.77664845141691,-0.7622307164130928,-1.0194265844163515,-0.54,False,False,False,False,28905.0,28704.0,7830.0,28785.0,28588.3,99.34787365688001,402.4294455188661,0.007002508361203974,-0.005887649788737237,165,-128,322.0,222.0,0.7,-0.59,0.09,0.7171643158087562,1.0068804371018913,0.8217315069735301,2017,6,3,1
2017-06-02,28949,-0.7809600491246275,-0.7625697307717149,-0.7656392738855786,-1.1495113622890516,0.7,False,False,False,True,28749.0,28905.0,1770.0,28776.571428571428,28569.666666666668,99.57385390299903,380.28912171121755,-0.005396990140114188,0.007002508361203974,331,264,165.0,-128.0,-0.54,0.7,-0.59,0.20309810671256454,1.007242113263651,0.6934063251995497,2017,6,4,2
2017-06-05,29111,-0.742897434014399,-0.7448137323460583,-0.7267604152150373,-1.1138716971184488,0.56,False,False,False,True,28949.0,28749.0,310.0,28809.428571428572,28553.566666666666,114.27285642018761,351.6695827083097,0.006956763713520386,-0.005396990140114188,135,66,331.0,264.0,0.7,-0.54,0.7,0.04172274562584118,1.0089607686405284,0.7992073858182905,2017,6,0,5
2017-06-06,29481,-0.7243947738913713,-0.7112979720041385,-0.7085459362214412,-0.18456742779498236,1.27,False,False,False,False,29111.0,28949.0,710.0,28877.0,28553.0,134.13053343717874,350.72447187550483,0.005596048222736627,0.006956763713520386,283,261,135.0,66.0,0.56,0.7,-0.54,0.1080669710806697,1.0113473190207685,0.8646257020048442,2017,6,1,6
2017-06-07,29376,-0.7012400163659823,-0.712768883116323,-0.6985332986460142,-0.3021783228579714,-0.36,False,False,False,False,29481.0,29111.0,11140.0,28967.571428571428,28574.8,262.8179706839441,386.8115820395436,0.012709972175466211,0.005596048222736627,175,-63,283.0,261.0,1.27,0.56,0.7,1.7314267951507616,1.0137453780453907,1.0223734688547659,2017,6,2,7
2017-06-08,29049,-0.7139275547360584,-0.7274779942381687,-0.7367730527904643,-0.02329794289800497,-1.11,False,False,False,False,29376.0,29481.0,9820.0,29039.285714285714,28595.433333333334,299.0254806791183,412.5206522171691,-0.0035616159560394323,0.012709972175466211,394,-270,175.0,-63.0,-0.36,1.27,0.56,1.499923629143119,1.0155217924407176,0.9112484243993191,2017,6,3,8
2017-06-09,28938,-0.7475495314167602,-0.7627798609305984,-0.7490225562072103,-0.37702161971623716,-0.38,False,False,False,False,29049.0,29376.0,12950.0,29088.571428571428,28604.266666666666,260.5032675055943,419.47626897098144,-0.011131535947712434,-0.0035616159560394323,173,-63,394.0,-270.0,-1.11,-0.36,1.27,1.8907869762009053,1.0169312070660121,0.6924569185020204,2017,6,4,9
2017-06-12,28917,-0.7576995621128212,-0.766772333949385,-0.7474247948919825,-0.48483160685731047,-0.07,False,False,False,False,28938.0,29049.0,8980.0,29093.285714285714,28606.466666666667,256.9012224481948,421.0987871101945,-0.003821129815139934,-0.011131535947712434,120,12,173.0,-63.0,-0.38,-1.11,-0.36,1.321559970566593,1.0170177971747314,0.6003901865620996,2017,6,0,12
2017-06-13,28862,-0.7574881031399865,-0.7725509133186815,-0.762337233834108,-0.49017755663290086,-0.19,False,False,False,False,28917.0,28938.0,7770.0,29117.285714285714,28615.233333333334,225.27813496958922,424.8434748949876,-0.0007256894049346707,-0.003821129815139934,205,-45,120.0,12.0,-0.07,-0.38,-1.11,1.0919055649241147,1.0175449340253169,0.5617938181452571,2017,6,1,13
2017-06-14,28946,-0.7592855044090806,-0.7610988196595303,-0.7526441485217265,-0.3422729461748995,0.29,False,False,False,False,28862.0,28917.0,7710.0,29104.85714285714,28624.933333333334,238.14241437414762,427.1146929332532,-0.0019019953660476263,-0.0007256894049346707,223,56,205.0,-45.0,-0.19,-0.07,-0.38,1.1175532685896508,1.0167659363232453,0.47677103419810557,2017,6,2,14
2017-06-15,28686,-0.7592855044090806,-0.7752826053841672,-0.7698999707261859,-0.1587286705462954,-0.9,False,False,False,False,28946.0,28862.0,9370.0,29081.285714285714,28637.433333333334,245.48571871980093,430.95200815550027,0.0029104012195966256,-0.0019019953660476263,250,-204,223.0,56.0,0.29,-0.19,-0.07,1.328512689635616,1.0154990279954923,0.5518767017967848,2017,6,3,15
2017-06-16,28616,-0.7796912952876198,-0.793353799048149,-0.7741606675667931,-0.5730397781545522,-0.24,False,False,False,False,28686.0,28946.0,11430.0,28967.714285714286,28658.3,211.25396586899652,416.95680335256657,-0.008982242796932272,0.0029104012195966256,118,-81,250.0,-204.0,-0.9,0.29,-0.19,1.425364758698092,1.0107966727166051,0.26124667538831714,2017,6,4,16
2017-06-19,28473,-0.7906871618750191,-0.8064869339783683,-0.7890731065089185,-0.504433422701142,-0.5,False,False,False,False,28616.0,28686.0,6780.0,28859.14285714286,28672.7,153.98098212859233,407.36090496815166,-0.0024402147388969953,-0.008982242796932272,133,-120,118.0,-81.0,-0.24,-0.9,0.29,0.7823678744518809,1.006502452058678,0.18535599739094005,2017,6,0,19
2017-06-20,28475,-0.8036918887043472,-0.8131060339831989,-0.7933338033495259,-0.491959539891431,0.01,False,False,False,False,28473.0,28616.0,7550.0,28776.85714285714,28684.5,186.15623238905442,395.7299453605836,-0.00499720436119655,-0.0024402147388969953,110,5,133.0,-120.0,-0.5,-0.24,-0.9,0.8074866310160428,1.003219757808473,0.07763866107527327,2017,6,1,20
2017-06-21,28495,-0.7963965541415534,-0.80837810540832,-0.7951445995067838,-0.3681117034235865,0.07,False,False,False,False,28475.0,28473.0,7690.0,28710.714285714286,28700.966666666667,201.01883351745326,375.1922250620902,7.024198363358991e-05,-0.00499720436119655,172,-44,110.0,5.0,0.01,-0.5,-0.24,0.8539700166574126,1.0003396268551101,0.12224842298202766,2017,6,2,21
2017-06-22,28557,-0.7973481195193091,-0.7983969228613532,-0.7827885786690228,-0.5106703641059974,0.22,False,False,False,False,28495.0,28475.0,9080.0,28650.428571428572,28717.233333333334,191.9156560777842,354.05052077956515,0.0007023705004389758,7.024198363358991e-05,151,27,172.0,-44.0,0.07,0.01,-0.5,1.0166834620983092,0.9976737048054272,0.16695598595388186,2017,6,3,22
2017-06-23,28648,-0.7903699734157672,-0.7866296339638768,-0.7745867372508538,-0.54452804601807,0.32,False,False,False,False,28557.0,28495.0,7480.0,28606.85714285714,28735.066666666666,169.1482865928323,330.51609938690433,0.0021758203193542602,0.0007023705004389758,186,52,151.0,27.0,0.22,0.07,0.01,0.892175572519084,0.9955382207636132,0.23210574949261667,2017,6,4,23
2017-06-26,28426,-0.8214544424224538,-0.8225618911329569,-0.8099505210278941,-0.7663849617050721,-0.77,False,False,False,False,28648.0,28557.0,7100.0,28564.285714285714,28756.033333333333,87.2309468903479,302.26883254206825,0.0031866092376651167,0.0021758203193542602,176,124,186.0,52.0,0.32,0.22,0.07,0.8662762323084432,0.9933319169293997,0.32660559639975306,2017,6,0,26
2017-06-27,28483,-0.809929928402968,-0.8086933006466452,-0.7953576343488142,-0.4973054896670214,0.2,False,False,False,False,28426.0,28648.0,4610.0,28527.14285714286,28769.966666666667,81.96224450293353,275.00288190740366,-0.00774923205808431,0.0031866092376651167,171,72,176.0,124.0,-0.77,0.32,0.22,0.5850253807106599,0.991559816097905,0.164777274305331,2017,6,1,27
2017-06-28,28485,-0.7932246695490344,-0.7994475736557708,-0.7889665890879034,-0.48839557337437073,0.01,False,False,False,False,28483.0,28426.0,7630.0,28508.14285714286,28782.433333333334,72.83869981421658,251.47710985597382,0.002005206501090484,-0.00774923205808431,199,-84,171.0,72.0,0.2,-0.77,0.32,0.9692581300813008,0.9904702124030349,0.2308531011230694,2017,6,2,28
2017-06-29,28527,-0.7981939554106475,-0.8110047323943639,-0.7975945001901331,-0.4696847491598043,0.15,False,False,False,False,28485.0,28483.0,7730.0,28509.85714285714,28778.133333333335,72.01025059410316,255.52673567277284,7.021732261347502e-05,0.002005206501090484,170,5,199.0,-84.0,0.01,0.2,-0.77,1.002854177477945,0.9906777765128549,0.25592865757070143,2017,6,3,29
2017-06-30,28295,-0.7999913566797416,-0.8157326609692428,-0.8201761934453515,-0.42869913421361117,-0.81,False,False,False,False,28527.0,28485.0,7940.0,28517.285714285714,28772.033333333333,70.48100048041806,259.3648054358116,0.0014744602422327446,7.021732261347502e-05,337,-210,170.0,5.0,0.15,0.01,0.2,1.0789509444217964,0.9911459987517641,0.3024017323759558,2017,6,4,30
2017-07-03,27952,-0.8216659013952884,-0.8372710022548026,-0.8460599267520407,-0.8884508149143865,-1.21,False,False,False,False,28295.0,28527.0,8400.0,28488.714285714286,28760.733333333334,110.30671524762643,272.63148467608994,-0.008132646264942034,0.0014744602422327446,375,-348,337.0,-210.0,-0.81,0.15,0.01,1.1168727562824092,0.9905419988959815,0.15950279456713165,2017,7,0,3
2017-07-04,28043,-0.85803684472284,-0.8510345276616724,-0.8427578867005701,-1.06486715750887,0.33,False,False,False,False,27952.0,28295.0,3240.0,28402.285714285714,28733.033333333333,225.1353032335343,309.95244166140293,-0.012122283088884966,-0.008132646264942034,213,87,375.0,-348.0,-1.21,-0.81,0.15,0.45698166431593795,0.988488941797039,-0.007714789362244838,2017,7,1,4
2017-07-05,28051,-0.8406972089504026,-0.852505438773857,-0.8545813204332552,-1.0969428561624126,0.03,False,False,False,True,28043.0,27952.0,1260.0,28315.85714285714,28707.533333333333,231.13374812857137,334.10010200662106,0.0032555809959931015,-0.012122283088884966,310,-69,213.0,87.0,0.33,-1.21,-0.81,0.19543973941368079,0.9863563272424593,0.07620594930895218,2017,7,2,5
2017-07-06,28143,-0.8322388500370185,-0.8438901022596331,-0.8262476864432169,-0.23535395066309128,0.33,False,False,False,False,28051.0,28043.0,900.0,28262.285714285714,28685.266666666666,244.42634492908422,354.9207714728834,0.00028527618300477897,0.0032555809959931015,126,-57,310.0,-69.0,0.03,0.33,-1.21,0.15988630307337004,0.9852544179806259,0.096489791039851,2017,7,3,6
2017-07-07,27812,-0.8427060691923314,-0.8540814149654833,-0.8642744057456367,0.28142119431064844,-1.18,False,False,False,False,28143.0,28051.0,10570.0,28213.714285714286,28668.766666666666,226.37190217735224,368.44245172049006,0.003279740472710513,0.00028527618300477897,386,-289,126.0,-57.0,0.33,0.03,0.33,1.7800606264735601,0.9841272425059892,0.19703669963565112,2017,7,4,7
2017-07-10,27840,-0.8708301125793335,-0.8806628800642473,-0.878547740161671,-0.007260093571233739,0.1,False,False,False,False,27812.0,28143.0,16370.0,28117.571428571428,28634.266666666666,234.71248876254646,398.41582274806484,-0.01176136161745367,0.003279740472710513,267,5,386.0,-289.0,-1.18,0.33,0.03,2.384559359067735,0.9819553528606085,-0.003123308213058358,2017,7,0,10
2017-07-11,27871,-0.8740019971718525,-0.8762501467276936,-0.8698133116384261,-0.1952593273461632,0.11,False,False,False,False,27840.0,27812.0,13130.0,28019.428571428572,28599.8,169.57285272445512,421.044219153629,0.0010067596720839678,-0.01176136161745367,227,66,267.0,5.0,0.1,-1.18,0.33,1.70143838279124,0.9797071507992564,0.07149845714204352,2017,7,1,11
2017-07-12,27889,-0.8619488357202801,-0.8653233784657511,-0.8551139075383312,-0.24426386695574195,0.06,False,False,False,False,27871.0,27840.0,11020.0,27958.85714285714,28572.033333333333,124.45806331438587,440.9328264840337,0.001113505747126542,0.0010067596720839678,193,-30,227.0,66.0,0.11,0.1,-1.18,1.3679245283018868,0.9785392875850795,0.134071934182316,2017,7,2,12
2017-07-13,27868,-0.8591998690734304,-0.8721526086294652,-0.8539422159071641,-0.49374152314996117,-0.08,False,False,False,False,27889.0,27871.0,10470.0,27949.85714285714,28538.166666666668,127.2824006843358,453.32070426959325,0.0006458325858418323,0.001113505747126542,117,-77,193.0,-30.0,0.06,0.11,0.1,1.2569027611044419,0.9793851675659079,0.1704231386271991,2017,7,3,13
2017-07-14,28022,-0.869244170283074,-0.8530307641710658,-0.8643809231666519,0.10411386008689982,0.55,False,False,False,False,27868.0,27889.0,7670.0,27924.85714285714,28508.8,123.05476906904012,467.505884159849,-0.0007529850478683597,0.0006458325858418323,397,172,117.0,-77.0,-0.08,0.06,0.11,0.9237624954835602,0.9795171014864583,0.1855006721580144,2017,7,4,14
2017-07-17,28147,-0.8480982729996137,-0.8506142673439054,-0.832745249125143,-0.5071063975889372,0.45,False,False,False,False,28022.0,27868.0,14380.0,27920.714285714286,28477.9,118.50416910554995,468.042316831263,0.005526051385101205,-0.0007529850478683597,123,97,397.0,172.0,0.55,-0.08,0.06,1.6155488147399168,0.9804344521792087,0.33271407156560623,2017,7,0,17
2017-07-18,28280,-0.8364680294937106,-0.8373760673342443,-0.821028332813473,-0.34405492943342963,0.47,False,False,False,False,28147.0,28022.0,7520.0,27921.285714285714,28445.766666666666,119.75769187014038,456.0152510556592,0.004460780815073839,0.005526051385101205,139,120,123.0,97.0,0.45,0.55,-0.08,0.8060885411083717,0.9815620735933425,0.45250165255121066,2017,7,1,18
2017-07-19,28270,-0.8248377859878074,-0.8388469784464289,-0.8220935070236248,-0.4224621928087557,-0.04,False,False,False,False,28280.0,28147.0,9350.0,27988.14285714286,28405.733333333334,169.06352708563287,412.65489742371363,0.004725192738124884,0.004460780815073839,135,0,139.0,120.0,0.47,0.45,0.55,0.9222726376011048,0.9852990777851017,0.5788294908484027,2017,7,2,19
2017-07-20,28345,-0.8301242603086725,-0.8288657958994622,-0.821560919918549,-0.17298453661453647,0.27,False,False,False,False,28270.0,28280.0,8470.0,28049.571428571428,28368.866666666665,183.7469792434978,370.20355382455864,-0.00035360678925033806,0.004725192738124884,225,125,135.0,0.0,-0.04,0.47,0.45,0.7774208352455255,0.9887448715577204,0.582427782446626,2017,7,3,20
2017-07-21,28541,-0.8181768283435175,-0.810059146679388,-0.8061158938713476,-0.32712608847739333,0.69,False,False,False,False,28345.0,28270.0,11270.0,28117.285714285714,28345.4,194.0238080633295,347.2024749633248,0.002652989034311881,-0.00035360678925033806,259,208,225.0,125.0,0.27,-0.04,0.47,1.0278157774737802,0.9919523349215644,0.6683991349793122,2017,7,4,21
2017-07-24,28530,-0.7972423900328918,-0.8044906974689751,-0.7869427580886149,-0.4670117742720091,-0.04,False,False,False,False,28541.0,28345.0,9540.0,28210.428571428572,28332.166666666668,220.81731298619437,331.02599995113474,0.006914799788322545,0.002652989034311881,132,-1,259.0,208.0,0.69,0.27,-0.04,0.9278350515463918,0.9957031844168374,0.8756042044464475,2017,7,0,24
2017-07-25,28490,-0.7968194720872226,-0.8074325196933442,-0.7943989775596776,-0.18545841942424743,-0.14,False,False,False,False,28530.0,28541.0,7970.0,28305.0,28319.266666666666,189.2194493178678,314.5814880816265,-0.0003854104621421328,0.006914799788322545,174,-45,132.0,-1.0,-0.04,0.69,0.27,0.8160966618881835,0.999496220476519,0.850081113202775,2017,7,1,25
2017-07-26,28396,-0.8045377245956856,-0.8202504593852382,-0.803985545451044,-0.45631987472082824,-0.33,False,False,False,False,28490.0,28530.0,11130.0,28371.85714285714,28306.866666666665,151.4765422674411,299.41675871980345,-0.001402032947774301,-0.0003854104621421328,142,-66,174.0,-45.0,-0.14,-0.04,0.69,1.1383860079779073,1.002295926177764,0.8103291914841213,2017,7,2,26
2017-07-27,28477,-0.8052778310006067,-0.8043856323895333,-0.7980205698741938,-0.24515485858500702,0.29,False,False,False,False,28396.0,28490.0,8090.0,28407.428571428572,28288.533333333333,114.62672338701194,274.7557828870248,-0.0032994032994032585,-0.001402032947774301,237,22,142.0,-66.0,-0.33,-0.14,-0.04,0.848097284830695,1.0042029481236887,0.7278963564431792,2017,7,3,27
2017-07-28,28596,-0.7970309310600572,-0.803650176833441,-0.7949315646647536,-0.44295500028185225,0.42,False,False,False,False,28477.0,28396.0,10460.0,28435.571428571428,28281.566666666666,101.5658360265685,266.86657951932784,0.0028525144386533086,-0.0032994032994032585,215,63,237.0,22.0,0.29,-0.33,-0.14,1.0653900998166632,1.0054454112715854,0.8149000131440024,2017,7,4,28
2017-07-31,28588,-0.7929074810897825,-0.8028096561979069,-0.7837472354581595,-0.6247172926519262,-0.03,False,False,False,False,28596.0,28477.0,8240.0,28482.14285714286,28280.9,86.6360751879138,266.0259709903476,0.004178810970256741,0.0028525144386533086,118,16,215.0,63.0,0.42,0.29,-0.33,0.8952629291612343,1.007115857597985,0.8925584351352394,2017,7,0,31
2017-08-01,28514,-0.7875152772825,-0.8033349815951157,-0.7904578329821159,-0.9784409694701585,-0.26,False,False,False,False,28588.0,28596.0,6200.0,28516.85714285714,28284.733333333334,69.51841140277432,269.69279244879334,-0.00027975940691005174,0.004178810970256741,176,-109,118.0,16.0,-0.03,0.42,0.29,0.6834215167548501,1.0082066819152313,0.8430642376664363,2017,8,1,1
2017-08-02,28486,-0.8057007489462759,-0.8072223895344607,-0.7983401221372394,-1.1254545882988947,-0.1,False,False,False,True,28514.0,28588.0,2230.0,28513.0,28286.033333333333,68.69983018044933,270.73354801901746,-0.0025884986707709334,-0.00027975940691005174,213,35,176.0,-109.0,-0.26,-0.03,0.42,0.26674641148325356,1.0080239835678622,0.7499489888013774,2017,8,2,2
2017-08-03,28447,-0.8110929527535583,-0.8162579863664515,-0.8062224112923628,-1.1343645045915454,-0.14,False,False,False,True,28486.0,28514.0,580.0,28506.714285714286,28285.733333333334,68.89778488500723,270.49889200270275,-0.0009819737672722706,-0.0025884986707709334,201,47,213.0,35.0,-0.1,-0.26,-0.03,0.07660810989301281,1.007812452651547,0.7041897374872318,2017,8,3,3
2017-08-04,28373,-0.7978767669513956,-0.8073274546139024,-0.8002574357155126,-1.1708951613914131,-0.26,False,False,False,True,28447.0,28486.0,480.0,28500.571428571428,28282.066666666666,72.46115544051897,267.4230709018062,-0.0013690935898336143,-0.0009819737672722706,230,-152,201.0,47.0,-0.14,-0.1,-0.26,0.07393715341959335,1.0077259121294093,0.6552311565093458,2017,8,4,4
2017-08-07,28419,-0.8182825578299348,-0.8228770863712821,-0.803985545451044,-0.8251904092365666,0.16,False,False,False,False,28373.0,28447.0,70.0,28497.285714285714,28272.9,78.28093485683982,259.0286031336279,-0.002601328786866808,-0.0013690935898336143,117,87,230.0,-152.0,-0.26,-0.14,-0.1,0.012623985572587917,1.0079364237232726,0.5706439709829211,2017,8,0,7
2017-08-08,28357,-0.8094012809708815,-0.8165731816047769,-0.8079266900286057,-0.517798297140118,-0.22,False,False,False,False,28419.0,28373.0,3950.0,28489.0,28272.666666666668,83.66998665485002,258.8890500385528,0.0016212596482572117,-0.002601328786866808,214,-59,117.0,87.0,0.16,-0.26,-0.14,0.7680342212716313,1.00765167770992,0.5947684852991783,2017,8,1,8
2017-08-09,28800,-0.8095070104572988,-0.7825320958656482,-0.7938663904546017,-0.14536379610731937,1.56,False,False,False,False,28357.0,28419.0,7400.0,28454.85714285714,28268.466666666667,81.46457015557533,256.3689062502196,-0.0021816390443013534,0.0016212596482572117,406,385,214.0,-59.0,-0.22,0.16,-0.26,1.551362683438155,1.00659358282104,0.5060679623937644,2017,8,2,9
2017-08-10,29130,-0.7640433312978592,-0.7455491879021505,-0.7480638994180736,-0.07230248250758374,1.15,False,False,False,False,28800.0,28357.0,11580.0,28485.14285714286,28278.966666666667,149.88598841774927,271.54468525812155,0.015622244948337194,-0.0021816390443013534,328,285,406.0,385.0,1.56,-0.22,0.16,2.2621605782379373,1.0072907964745126,0.9804603654477065,2017,8,3,10
2017-08-11,29158,-0.7321130263998342,-0.7322059228130476,-0.7281451416882346,-0.16852957846821115,0.1,False,False,False,False,29130.0,28800.0,12400.0,28573.14285714286,28299.066666666666,287.40066606968384,310.1154327168684,0.011458333333333348,0.015622244948337194,268,11,328.0,285.0,1.15,1.56,-0.22,2.333897986071899,1.0096849904523186,1.2255984948880942,2017,8,4,11
2017-08-14,29042,-0.7370823122614474,-0.7515378974303306,-0.7334710127389937,-0.4875045817451057,-0.4,False,False,False,False,29158.0,29130.0,11320.0,28669.14285714286,28327.833333333332,357.19902415501764,347.4984577820313,0.0009612083762444712,0.011458333333333348,134,-58,268.0,11.0,0.1,1.15,1.56,2.0138765344244796,1.0120485573249935,1.1267829428291105,2017,8,0,14
2017-08-16,28878,-0.7499813096043582,-0.7660368783932927,-0.7606329550978651,-0.24248188369721183,-0.56,False,False,False,False,29042.0,29158.0,7740.0,28754.14285714286,28364.166666666668,366.2073313356282,363.4641834399135,-0.00397832498799644,0.0009612083762444712,251,-100,134.0,-58.0,-0.4,0.1,1.15,1.3402597402597403,1.0137489035041698,0.9519893520081635,2017,8,2,16
2017-08-17,29093,-0.7582282095449077,-0.7454441228227088,-0.7528571833637568,-0.310197247521357,0.74,False,False,False,False,28878.0,29042.0,10490.0,28826.285714285714,28392.0,326.16085718868396,369.93550230010294,-0.005646994008677075,-0.00397832498799644,374,193,251.0,-100.0,-0.56,-0.4,0.1,1.5891531586123315,1.0152960592521032,0.7691712746250271,2017,8,3,17
2017-08-18,29109,-0.7402541968539664,-0.7238007164577073,-0.7301689726875231,-0.06962950761978853,0.05,False,False,False,False,29093.0,28878.0,9730.0,28922.571428571428,28426.733333333334,282.442830288014,385.4081520649451,0.007445113927557312,-0.005646994008677075,367,39,374.0,193.0,0.74,-0.56,-0.4,1.2945715806279936,1.0174426688224731,0.9154645054354149,2017,8,4,18
2017-08-21,29224,-0.7423687865823124,-0.7376693069440189,-0.728358176530265,-0.5160163138815879,0.4,False,False,False,False,29109.0,29093.0,12430.0,29030.0,28458.933333333334,137.07783676978656,400.92659344733335,0.00054996047159106,0.007445113927557312,218,174,367.0,39.0,0.05,0.74,-0.56,1.426931465962576,1.0200663412074473,0.8807307517809482,2017,8,0,21
2017-08-22,29061,-0.7265093636197173,-0.7427124307572232,-0.7336840475810241,-0.3975144271893337,-0.56,False,False,False,False,29224.0,29109.0,7420.0,29090.571428571428,28506.0,109.38899570387746,405.2188850825305,0.003950668178226646,0.00054996047159106,220,-139,218.0,174.0,0.4,0.05,0.74,0.7855176794410332,1.020506960940554,0.9171719648829667,2017,8,1,22
2017-08-23,29090,-0.7409943032588875,-0.7481758148881944,-0.7291037984773713,-0.5293811883205639,0.1,False,False,False,False,29061.0,29224.0,8750.0,29080.714285714286,28546.7,108.347764607253,397.25967794891386,-0.005577607445934829,0.003950668178226646,125,27,220.0,-139.0,-0.56,0.4,0.05,0.8815232722143864,1.0187066906407496,0.7590112965918501,2017,8,2,23
2017-08-24,29021,-0.7422630570958951,-0.7524834831453063,-0.7336840475810241,-0.5382911046132146,-0.24,False,False,False,False,29090.0,29061.0,7270.0,29071.0,28587.333333333332,103.18914671684576,387.99727454893565,0.0009979009669316419,-0.005577607445934829,127,-30,125.0,27.0,0.1,-0.56,0.4,0.7333804095631998,1.0169189151372404,0.7548100341291598,2017,8,3,24
2017-08-25,29086,-0.7475495314167602,-0.749646726000379,-0.761804646729032,-0.5498739957936605,0.22,False,False,False,False,29021.0,29090.0,7170.0,29068.0,28625.066666666666,104.47009141448446,372.4753112236967,-0.0023719491234100998,0.0009979009669316419,418,85,127.0,-30.0,-0.24,0.1,-0.56,0.7569679054054054,1.015473617528693,0.6809631768587701,2017,8,4,25
2017-08-28,29425,-0.7369765827750301,-0.7174968116912019,-0.7214345441642782,-0.3253441052188632,1.17,False,False,False,False,29086.0,29021.0,7040.0,29097.714285714286,28665.666666666668,62.61978996602084,352.98025082316383,0.0022397574170427426,-0.0023719491234100998,345,324,418.0,85.0,0.22,-0.24,0.1,0.7878245299910475,1.0150719543372775,0.710239314775646,2017,8,0,28
2017-08-29,29588,-0.6980681317734633,-0.6786227322977526,-0.6862837952292683,-0.19080436919983784,0.55,False,False,False,False,29425.0,29086.0,9560.0,29145.14285714286,28712.433333333334,138.3683833972188,357.67078711286365,0.011655091796740624,0.0022397574170427426,385,119,345.0,324.0,1.17,0.22,-0.24,1.091324200913242,1.0150704581108134,0.918552868553066,2017,8,1,29
2017-08-30,29540,-0.6799883895961047,-0.696483795802851,-0.688414143649572,-0.4233531844380207,-0.16,False,False,False,False,29588.0,29425.0,11070.0,29213.571428571428,28760.466666666667,214.83083045604894,375.4358141874829,0.005539507221750117,0.011655091796740624,235,-100,385.0,119.0,0.55,1.17,0.22,1.2174199934015177,1.0157544301056112,0.9618396598978539,2017,8,2,30
2017-08-31,29756,-0.702191581743738,-0.6763113005500341,-0.6867098649133291,-0.5587839120863112,0.73,False,False,False,False,29540.0,29588.0,8460.0,29258.714285714286,28802.466666666667,248.0240003750737,390.02711959925045,-0.0016222793024198712,0.005539507221750117,411,326,235.0,-100.0,-0.16,0.55,1.17,0.9516310461192351,1.0158405745010597,0.8805531018465694,2017,8,3,31
2017-09-01,29788,-0.6750191037344916,-0.6648592068908827,-0.6600805096595337,-1.0746680654307859,0.11,False,False,False,False,29756.0,29540.0,6940.0,29358.0,28852.0,291.05955862471916,413.713710774312,0.007312119160460373,-0.0016222793024198712,270,101,411.0,326.0,0.73,-0.16,0.55,0.8059458831726861,1.0175377790101205,0.9560612973660341,2017,9,4,1
2017-09-04,30174,-0.6221543605258409,-0.6323940973433805,-0.6463397623485753,-1.1530753288061117,1.3,False,False,False,True,29788.0,29756.0,1150.0,29457.714285714286,28900.1,303.25166352177024,436.01845500314994,0.0010754133620110018,0.007312119160460373,450,-13,270.0,101.0,0.11,0.73,-0.16,0.1536816784712014,1.0192945451992999,0.9239472160231289,2017,9,0,4
2017-09-05,30226,-0.6007970042695461,-0.6144279687588404,-0.6239711039353871,-1.1602032618402325,0.17,False,False,False,True,30174.0,29788.0,270.0,29622.428571428572,28954.533333333333,337.68814861412454,488.42567170603047,0.012958238216731477,0.0010754133620110018,411,-163,450.0,-13.0,1.3,0.11,0.73,0.0398936170212766,1.0230670351480449,1.0645810313279036,2017,9,1,5
2017-09-06,30088,-0.620779877202416,-0.6273509735301763,-0.6191778199897039,-0.07230248250758374,-0.46,False,False,False,False,30226.0,30174.0,190.0,29785.285714285714,29011.066666666666,309.59258942797715,533.6519551123862,0.0017233379730894338,0.012958238216731477,243,-112,411.0,-163.0,0.17,1.3,0.11,0.03213802435723951,1.0266870245246313,1.0197631450991371,2017,9,2,6
2017-09-07,30287,-0.6366393001650112,-0.6220977195580886,-0.6239711039353871,0.11124179312102038,0.66,False,False,False,False,30088.0,30226.0,12400.0,29880.0,29064.333333333332,281.1049626032027,558.9985709272546,-0.004565605769866976,0.0017233379730894338,338,237,243.0,-112.0,-0.46,0.17,1.3,1.9299610894941635,1.0280641794639478,0.9149445155022281,2017,9,3,7
2017-09-08,30271,-0.6049204542398209,-0.6092797798661944,-0.6014959281011838,0.015014697160392974,-0.05,False,False,False,False,30287.0,30088.0,14460.0,29979.85714285714,29127.366666666665,284.2255140857165,586.9544706146859,0.006613932464770045,-0.004565605769866976,249,-79,338.0,237.0,0.66,-0.46,0.17,2.0212468549063463,1.0292676810075683,0.9601609059106345,2017,9,4,8
2017-09-11,29942,-0.6221543605258409,-0.639013197348211,-0.6369662292992393,-0.056264633180812505,-1.09,False,False,False,False,30271.0,30287.0,13380.0,30084.285714285714,29187.166666666668,223.4790924494965,609.3690961988015,-0.0005282794598342466,0.006613932464770045,299,-245,249.0,-79.0,-0.05,0.66,-0.46,1.7180277349768875,1.0307367637929585,0.895272155579011,2017,9,0,11
2017-09-12,29953,-0.6514414282634334,-0.6610768640309795,-0.6431442397181197,-0.3404909629163694,0.04,False,False,False,False,29942.0,30271.0,12580.0,30110.85714285714,29232.033333333333,185.82646794959487,613.8767417184231,-0.010868487991807285,-0.0005282794598342466,147,43,299.0,-245.0,-1.09,-0.05,0.66,1.5550061804697157,1.0300637249384115,0.7064212259973162,2017,9,1,12
2017-09-13,29896,-0.6407627501352859,-0.6505703560868041,-0.6419725480869528,-0.231789984146031,-0.19,False,False,False,False,29953.0,29942.0,9390.0,30134.428571428572,29277.533333333333,143.74845754916657,615.0806357751636,0.00036737692872890193,-0.010868487991807285,236,-115,147.0,43.0,0.04,-1.09,-0.05,1.18530674072204,1.0292680134060215,0.6911824260709261,2017,9,2,13
2017-09-14,30020,-0.6597940576904002,-0.6524615275167557,-0.6490026978739548,-0.0731934741368488,0.41,False,False,False,False,29896.0,29953.0,10610.0,30094.714285714286,29323.6,167.4432384283812,607.6312175584382,-0.0019029813374286109,0.00036737692872890193,284,189,236.0,-115.0,-0.19,0.04,-1.09,1.3039203637704313,1.0262967127403964,0.6431003801879348,2017,9,3,14
2017-09-15,29869,-0.6352648168415863,-0.6485741195774107,-0.642079065507968,-0.14536379610731937,-0.5,False,False,False,False,30020.0,29896.0,12390.0,30065.285714285714,29374.733333333334,158.38109555346927,599.201073460821,0.004147712068504061,-0.0019029813374286109,256,-194,284.0,189.0,0.41,-0.19,0.04,1.4270905321354526,1.0235083795694842,0.6892639877777068,2017,9,4,15
2017-09-18,29561,-0.658313844880558,-0.6749454545172913,-0.6729691176023707,-0.21040618504366937,-1.03,False,False,False,False,29869.0,30020.0,11580.0,30034.0,29422.133333333335,174.00574703194715,579.1915729365643,-0.005029980013324442,0.004147712068504061,295,-284,256.0,-194.0,-0.5,0.41,-0.19,1.190745501285347,1.0207961353357562,0.5885567140385175,2017,9,0,18
2017-09-19,29628,-0.6925701984797635,-0.6912305418307633,-0.6760581228118109,-0.45462699062522466,0.23,False,False,False,False,29561.0,29869.0,10850.0,29930.285714285714,29461.733333333334,210.5910050992636,544.565054745878,-0.010311694398875138,-0.005029980013324442,169,107,295.0,-284.0,-1.03,-0.5,0.41,1.0062134841880739,1.015903761521806,0.3982257295435008,2017,9,1,19
2017-09-20,29780,-0.6778737998677588,-0.6778872767416604,-0.6612522012907006,-0.426917150955081,0.51,False,False,False,False,29628.0,29561.0,8109.0,29838.428571428572,29502.033333333333,174.31662489399307,508.26313327200785,0.002266499780115616,-0.010311694398875138,157,120,169.0,107.0,0.23,-1.03,-0.5,0.7005676074955292,1.0114024424789445,0.4152538186842108,2017,9,2,20
2017-09-21,29584,-0.6821029793244507,-0.6922811926251808,-0.6836208597038888,-0.002805135424908396,-0.66,False,False,False,False,29780.0,29628.0,8420.0,29815.285714285714,29549.466666666667,168.94546880197473,462.01498209252355,0.005130282165519029,0.002266499780115616,230,-36,157.0,120.0,0.51,0.23,-1.03,0.753339476956938,1.0089957308068407,0.4895442019199956,2017,9,3,21
2017-09-22,29608,-0.6778737998677588,-0.6831405307137481,-0.6691344904458241,-0.4162252514039002,0.08,False,False,False,False,29584.0,29780.0,13180.0,29762.571428571428,29575.6,176.22509955858618,439.79937432306855,-0.0065815983881799545,0.005130282165519029,181,-52,230.0,-36.0,-0.66,0.51,0.23,1.1928789291241662,1.0063218135412781,0.3088189435565939,2017,9,4,22
2017-09-25,30065,-0.6863321587811428,-0.642900605287556,-0.6756320531277502,0.021251638565248455,1.54,False,False,False,False,29608.0,29584.0,8540.0,29721.428571428572,29591.533333333333,173.47992885182367,431.6829722209748,0.0008112493239589291,-0.0065815983881799545,625,485,181.0,-52.0,0.08,-0.66,0.51,0.8083370405777622,1.004389608224489,0.27350641332055853,2017,9,0,25
2017-09-26,29885,-0.6282866707380445,-0.6381726767126771,-0.6461267275065449,-0.11685206397083717,-0.6,False,False,False,False,30065.0,29608.0,13450.0,29727.85714285714,29621.766666666666,186.71674498365394,432.0342166629853,0.01543501756282084,0.0008112493239589291,393,-244,625.0,485.0,1.54,0.08,-0.66,1.2626855302809827,1.003581504013056,0.6833864991510022,2017,9,1,26
2017-09-27,29673,-0.6566221730978812,-0.6645440116525575,-0.6629564800269435,-0.2531737832483926,-0.71,False,False,False,False,29885.0,30065.0,11900.0,29730.14285714286,29649.866666666665,188.81863305993983,420.2801802189065,-0.005987028105770786,0.01543501756282084,300,-188,393.0,-244.0,-0.6,1.54,0.08,1.091452732759174,1.0027074722250418,0.48853193898515757,2017,9,2,27
2017-09-28,29624,-0.6789310947319317,-0.6895495005596952,-0.6750994660226742,-0.46522979101347894,-0.17,False,False,False,False,29673.0,29885.0,10370.0,29746.14285714286,29676.366666666665,176.4364177939392,394.1869400144252,-0.007093859795884172,-0.005987028105770786,176,-26,300.0,-188.0,-0.71,-0.6,1.54,0.9532213734844516,1.0023512376450912,0.25271267435604067,2017,9,3,28
2017-09-29,29549,-0.6826316267565372,-0.6859772878586755,-0.6857512081241924,-0.5097793724767323,-0.25,False,False,False,False,29624.0,29673.0,7990.0,29745.571428571428,29694.066666666666,176.88871939094085,378.70668600218954,-0.0016513328615239686,-0.007093859795884172,310,-66,176.0,-26.0,-0.17,-0.71,-0.6,0.7654063167575128,1.0017345135808757,0.21466276627052186,2017,9,4,29
2017-10-03,29400,-0.703248876607911,-0.7158157704201339,-0.6940595669633766,-1.0408103835187132,-0.5,False,False,False,False,29549.0,29624.0,7490.0,29712.571428571428,29708.733333333334,190.42483831624276,363.4808663872905,-0.0025317310288954786,-0.0016513328615239686,104,-20,310.0,-66.0,-0.25,-0.17,-0.71,0.7467671661731423,1.0001291908071284,0.16461162007508223,2017,10,1,3
2017-10-04,29331,-0.6970108369092902,-0.7098270608919539,-0.7040722045388036,-1.1566392953231721,-0.23,False,False,False,True,29400.0,29549.0,1530.0,29686.285714285714,29714.6,221.3230777891296,356.7453066164611,-0.005042471826457784,-0.0025317310288954786,255,-148,104.0,-20.0,-0.5,-0.25,-0.17,0.16817067674957958,0.999047125463096,0.07527959377377064,2017,10,2,4
2017-10-05,29412,-0.6980681317734633,-0.7144499243873911,-0.6931009101742399,-1.1717861530206783,0.28,False,False,False,True,29331.0,29400.0,230.0,29646.714285714286,29723.6,259.1786477098757,342.8217190235338,-0.0023469387755101767,-0.005042471826457784,108,-57,255.0,-148.0,-0.23,-0.5,-0.25,0.027677496991576414,0.9974133108275676,0.06523949679702282,2017,10,3,5
2017-10-06,29510,-0.7132931778175546,-0.7069903037470265,-0.7023679258025607,-0.17031156172674128,0.33,False,False,False,False,29412.0,29331.0,60.0,29553.428571428572,29734.333333333332,192.46372571067573,326.9748839168079,0.0027615833077632157,-0.0023469387755101767,266,185,108.0,-57.0,0.28,-0.23,-0.5,0.008027829810008028,0.993915963748817,0.1767848794555066,2017,10,4,6
2017-10-09,29670,-0.6905613382378348,-0.6882887196063942,-0.6740342918125224,-0.6273902675397214,0.54,False,False,False,False,29510.0,29412.0,11300.0,29499.85714285714,29750.633333333335,125.24034037518219,301.37472188003676,0.0033319733442132016,0.0027615833077632157,178,130,266.0,185.0,0.33,0.28,-0.23,1.5509195717814988,0.9915707276659815,0.2828207163222012,2017,10,0,9
2017-10-10,29768,-0.6736446204110667,-0.6798835132510537,-0.6569915044500934,-0.5552199455692509,0.33,False,False,False,False,29670.0,29510.0,6170.0,29499.428571428572,29770.1,124.55234126436268,274.63899188176055,0.00542189088444589,0.0033319733442132016,98,68,178.0,130.0,0.54,0.33,0.28,0.8753014612001703,0.9909079435886535,0.46761253487262805,2017,10,1,10
2017-10-11,29659,-0.6718472191419725,-0.6828253354754229,-0.6635955845530347,-0.6933236481053365,-0.37,False,False,False,False,29768.0,29670.0,6980.0,29520.0,29781.533333333333,156.38094513126714,266.8048147900658,0.003302999662959216,0.00542189088444589,132,-58,98.0,68.0,0.33,0.54,0.33,1.0902842861605748,0.9912182717254316,0.5940556549814824,2017,10,2,11
2017-10-12,29756,-0.6710013832506341,-0.6754707799145,-0.6578436438182148,-0.5641298618619015,0.33,False,False,False,False,29659.0,29768.0,5430.0,29535.714285714286,29783.9,165.06636472053594,265.3397756678836,-0.00366165009406072,0.003302999662959216,148,31,132.0,-58.0,-0.37,0.33,0.54,0.9435273675065161,0.9916671183328672,0.48048027511171076,2017,10,3,12
2017-10-13,29800,-0.6683581460902016,-0.6778872767416604,-0.6612522012907006,-0.5258172218035037,0.15,False,False,False,False,29756.0,29659.0,6880.0,29586.571428571428,29791.1,171.01837829436147,261.3945821664338,0.0032705081088371113,-0.00366165009406072,157,50,148.0,31.0,0.33,-0.37,0.33,1.272660007399186,0.9931345747075948,0.6139168248313968,2017,10,4,13
2017-10-16,29808,-0.6621201063915808,-0.6695871354657618,-0.647404936558727,-0.6630299327103242,0.03,False,False,False,False,29800.0,29756.0,7310.0,29653.571428571428,29792.566666666666,143.93037337927996,261.31427548924694,0.001478693372765072,0.0032705081088371113,106,-1,157.0,50.0,0.15,0.33,-0.37,1.3694267515923566,0.9953345665161923,0.7007352432227155,2017,10,0,16
2017-10-17,29565,-0.6682524166037843,-0.6848215719848162,-0.6729691176023707,-0.44028202539405703,-0.82,False,False,False,False,29808.0,29800.0,5770.0,29710.14285714286,29793.233333333334,105.97551379425035,261.32773495599076,0.00026845637583883253,0.001478693372765072,201,-186,106.0,-1.0,0.03,0.15,0.33,1.1169183120402633,0.9972110957122096,0.7203091769735719,2017,10,1,17
2017-10-18,29536,-0.6799883895961047,-0.6961686005645257,-0.677868918969069,-0.7245083551296139,-0.1,False,False,False,False,29565.0,29808.0,8270.0,29718.0,29772.933333333334,89.40730768126531,254.2885861717581,-0.008152173913043459,0.00026845637583883253,139,-104,201.0,-186.0,-0.82,0.03,0.15,1.4160958904109588,0.9981549237114694,0.37332730190594593,2017,10,2,18
2017-10-19,29654,-0.6842175690527967,-0.69343690849904,-0.6683888684987178,-1.025663525821207,0.4,False,False,False,False,29536.0,29565.0,5080.0,29698.85714285714,29749.933333333334,112.70674125337646,242.84349058458238,-0.0009808895653644623,-0.008152173913043459,76,54,139.0,-104.0,-0.1,-0.82,0.03,0.8031620553359684,0.9982831494140202,0.3402428577934359,2017,10,3,19
2017-10-20,29541,-0.6842175690527967,-0.6983749672328026,-0.6757385705487653,-0.8902327981729167,-0.38,False,False,False,False,29654.0,29536.0,1700.0,29682.571428571428,29735.466666666667,109.23347646714637,234.80376742115615,0.003995124593716204,-0.0009808895653644623,98,-59,76.0,54.0,0.4,-0.1,-0.82,0.26198181537987364,0.9982211398029097,0.5159846341617752,2017,10,4,20
2017-10-23,29499,-0.6945790587216923,-0.705939652952609,-0.6927813579111944,-0.5347271380961542,-0.14,False,False,False,False,29541.0,29654.0,3220.0,29665.714285714286,29710.6,121.85334667289455,212.85653254726702,-0.0038106157685303677,0.003995124593716204,186,-3,98.0,-59.0,-0.38,0.4,-0.1,0.5668016194331984,0.9984892356840417,0.3579059797935829,2017,10,0,23
2017-10-24,29498,-0.6932045753982674,-0.7073054989853518,-0.6842599642299799,-0.687086706700481,0.0,False,False,False,False,29499.0,29541.0,7210.0,29629.0,29684.866666666665,128.64421220358298,187.98289234892053,-0.0014217528181171835,-0.0038106157685303677,93,-17,186.0,-3.0,-0.14,-0.38,0.4,1.2463267070008643,0.998118008502649,0.3088023673800445,2017,10,1,24
2017-10-25,29362,-0.6974337548549594,-0.7138195339107406,-0.7022614083815456,-0.45462699062522466,-0.46,False,False,False,False,29498.0,29499.0,5500.0,29585.85714285714,29670.066666666666,111.19566624029913,184.48622662916637,-3.3899454218833114e-05,-0.0014217528181171835,200,-113,93.0,-17.0,0.0,-0.14,-0.38,0.9756962923540891,0.9971618020021461,0.31712851843613965,2017,10,2,25
2017-10-26,29236,-0.7080067034966896,-0.7171816164528767,-0.7090785233265172,-0.43137210910140633,-0.43,False,False,False,False,29362.0,29498.0,8109.0,29522.14285714286,29650.366666666665,88.06707400588559,184.7860801090766,-0.004610482066580768,-3.3899454218833114e-05,232,-139,200.0,-113.0,-0.46,0.0,-0.14,1.373266270385612,0.9956754730568659,0.11832596037964485,2017,10,3,26
2017-10-27,29272,-0.7240775854321193,-0.7323109878924894,-0.7135522550091548,-0.595314568886179,0.12,False,False,False,False,29236.0,29362.0,8370.0,29475.14285714286,29628.366666666665,136.0838327060153,193.61132115127856,-0.004291260813296116,-0.004610482066580768,130,49,232.0,-139.0,-0.43,-0.46,0.0,1.3825798245758933,0.9948284759923607,-0.0022309433327246694,2017,10,4,27
2017-10-30,29349,-0.7198484059754273,-0.7249564323315666,-0.7098241452736235,-0.7476741374905057,0.26,False,False,False,False,29272.0,29236.0,6530.0,29437.428571428572,29603.433333333334,152.05246588300403,189.55895877104084,0.0012313585989875975,-0.004291260813296116,165,86,130.0,49.0,0.12,-0.43,-0.46,1.092722435114376,0.9943923814499638,0.10880107853184713,2017,10,0,30
2017-10-31,29040,-0.7159364149779871,-0.7283185148737027,-0.7360274308433581,-0.6603569578225289,-1.05,False,False,False,False,29349.0,29272.0,4820.0,29393.85714285714,29586.1,119.9630895621361,188.20776304062105,0.0026305001366493386,0.0012313585989875975,379,-260,165.0,86.0,0.26,0.12,-0.43,0.8196024418031255,0.9935022575755893,0.24303447787024826,2017,10,1,31
2017-11-01,29120,-0.742580245555147,-0.7364085259907178,-0.7325123559498571,-0.9846779108750139,0.28,False,False,False,False,29040.0,29349.0,5800.0,29322.285714285714,29568.733333333334,160.23598668439817,213.00719322973046,-0.010528467750178905,0.0026305001366493386,269,72,379.0,-260.0,-1.05,0.26,0.12,1.0294822414313354,0.9916652628886948,-0.07120133323062902,2017,11,2,1
2017-11-02,29242,-0.7158306854915698,-0.7303147513830961,-0.71365877243017,-1.1468383874012564,0.42,False,False,False,True,29120.0,29040.0,2160.0,29268.14285714286,29551.8,154.5018107465467,227.81093189188564,0.0027548209366390353,-0.010528467750178905,150,-59,269.0,72.0,0.28,-1.05,0.26,0.4043505119901159,0.9904013581962134,0.06854875640375001,2017,11,3,2
2017-11-03,29191,-0.7233374790271982,-0.7158157704201339,-0.7313406643186902,-1.1726771446499433,-0.17,False,False,False,True,29242.0,29120.0,340.0,29231.571428571428,29533.866666666665,116.69883910207501,230.38868706217684,0.004189560439560536,0.0027548209366390353,454,-39,150.0,-59.0,0.42,0.28,-1.05,0.0653105130717071,0.9897644544310068,0.22412972589120708,2017,11,4,3
2017-11-06,29363,-0.7339104276689283,-0.7229601958221732,-0.7177064344287469,-0.4946325147792262,0.59,False,False,False,False,29191.0,29242.0,50.0,29207.14285714286,29520.766666666666,101.79133652049987,238.4710903219486,-0.0017440667533000775,0.004189560439560536,258,233,454.0,-39.0,-0.17,0.42,0.28,0.010227249483523902,0.9893761631239091,0.1986681105813072,2017,11,0,6
2017-11-07,29457,-0.7107556701435394,-0.7122435577191142,-0.696083397962665,-0.44562797516964747,0.32,False,False,False,False,29363.0,29191.0,7660.0,29225.285714285714,29512.6,117.84412626597579,239.57327005310466,0.005892227056284449,-0.0017440667533000775,157,108,258.0,233.0,0.59,-0.17,0.42,1.5525243722004907,0.990264690819708,0.39377332188588654,2017,11,1,7
2017-11-08,29562,-0.6999712625289747,-0.7006863989805212,-0.684899068756071,-0.47324871567686455,0.36,False,False,False,False,29457.0,29363.0,8210.0,29251.714285714286,29492.333333333332,147.16398368959304,215.76557095375088,0.0032013077682797597,0.005892227056284449,162,111,157.0,108.0,0.32,0.59,-0.17,1.5773597955772447,0.9918413017749569,0.5107136519115059,2017,11,2,8
2017-11-09,29670,-0.6916186331020079,-0.691335606910205,-0.6819165809676458,-0.34316393780416454,0.37,False,False,False,False,29562.0,29457.0,7900.0,29282.14285714286,29481.566666666666,187.20526040675747,203.18815525661387,0.0035645177716672194,0.0032013077682797597,223,140,162.0,111.0,0.36,0.32,0.59,1.5239197530864197,0.9932356440965776,0.635610036653919,2017,11,3,9
2017-11-10,29508,-0.6799883895961047,-0.6901798910363457,-0.6817035461256156,-0.31465220566768237,-0.55,False,False,False,False,29670.0,29562.0,9360.0,29372.14285714286,29481.466666666667,202.22712361095552,203.09140685916304,0.0036533387456869626,0.0035645177716672194,232,-132,223.0,140.0,0.37,0.36,0.32,1.7717206132879046,0.9962917784667946,0.7700642739722419,2017,11,4,10
2017-11-13,29619,-0.6943675997488576,-0.696904056120618,-0.6811709590205396,-0.6256082842811913,0.38,False,False,False,False,29508.0,29670.0,9680.0,29427.571428571428,29477.6,172.60248853295724,201.38119625898864,-0.005460060667340727,0.0036533387456869626,163,115,232.0,-132.0,-0.55,0.37,0.36,1.729188996070025,0.9983028275223027,0.6065511324597509,2017,11,0,13
2017-11-14,29620,-0.6895040433736619,-0.6943824942140159,-0.6877750391234808,-0.2665386576873687,0.0,False,False,False,False,29619.0,29508.0,6190.0,29481.428571428572,29479.933333333334,163.63257330913433,202.63861723572515,0.003761691744611717,-0.005460060667340727,249,70,163.0,115.0,0.38,-0.55,0.37,1.079337401918047,1.0000507205385551,0.7805416390404598,2017,11,1,14
2017-11-15,29528,-0.6842175690527967,-0.6859772878586755,-0.6770167796009475,-0.3003963395994413,-0.31,False,False,False,False,29620.0,29619.0,10220.0,29542.714285714286,29487.266666666666,107.40532930005958,203.6245587333307,3.37621121577758e-05,0.003761691744611717,228,-72,249.0,70.0,0.0,0.38,-0.55,1.6545248502509309,1.0018803919561083,0.7739637702813904,2017,11,2,15
2017-11-16,29491,-0.6901384202921657,-0.7054143275554001,-0.6834078248618585,-0.48304962359878034,-0.13,False,False,False,False,29528.0,29620.0,9840.0,29566.285714285714,29493.833333333332,74.43725385889783,201.57758553050556,-0.003106009453072267,3.37621121577758e-05,103,-53,228.0,-72.0,-0.31,0.0,0.38,1.4168466522678185,1.0024565264248135,0.6505861160711481,2017,11,3,16
2017-11-17,29658,-0.6988082381783843,-0.691335606910205,-0.6931009101742399,-0.29505038982385084,0.57,False,False,False,False,29491.0,29528.0,7790.0,29571.14285714286,29496.466666666667,66.83918155262951,200.98682978476134,-0.001253047954483888,-0.003106009453072267,328,196,103.0,-53.0,-0.13,-0.31,0.0,1.013003901170351,1.0025316995191353,0.616369325337239,2017,11,4,17
2017-11-20,29339,-0.6736446204110667,-0.6871330037325348,-0.7030070303286519,-0.22822601762897074,-1.08,False,False,False,False,29658.0,29491.0,9900.0,29584.85714285714,29501.4,74.10449507705533,203.135354907989,0.0056627445661388,-0.001253047954483888,461,-361,328.0,196.0,0.57,-0.13,-0.31,1.1412103746397695,1.0028289214361739,0.8314228250619511,2017,11,0,20
2017-11-21,29334,-0.704306171472084,-0.7190727878828282,-0.7020483735395152,-0.4946325147792262,-0.02,False,False,False,False,29339.0,29658.0,10650.0,29537.571428571428,29490.366666666665,108.39258453003923,202.65062228487398,-0.010755951176748213,0.0056627445661388,148,-76,461.0,-361.0,-1.08,0.57,-0.13,1.1867617561845332,1.0016006841297813,0.40836134173487787,2017,11,1,21
2017-11-22,29504,-0.7116015060348778,-0.7085662799386528,-0.7017288212764696,-0.48215863196951525,0.58,False,False,False,False,29334.0,29339.0,7660.0,29512.714285714286,29475.9,133.3763026005281,197.57518865540447,-0.0001704216230955513,-0.010755951176748213,245,163,148.0,-76.0,-0.02,-1.08,0.57,0.8588406772059648,1.001248962227253,0.4124101982707149,2017,11,2,22
2017-11-23,29420,-0.6974337548549594,-0.7101422561302791,-0.6896923527017541,-0.6621389410810591,-0.28,False,False,False,False,29504.0,29334.0,7800.0,29496.285714285714,29470.733333333334,124.91692477557947,194.62659798569084,0.00579532283357187,-0.0001704216230955513,117,-55,245.0,163.0,0.58,-0.02,-1.08,0.8755191379503873,1.0008670425897912,0.6342402449127743,2017,11,3,23
2017-11-24,29375,-0.6974337548549594,-0.7111929069246967,-0.6935269798583007,-0.6603569578225289,-0.15,False,False,False,False,29420.0,29504.0,5780.0,29467.714285714286,29459.533333333333,114.3280576326507,187.1694296676299,-0.002847071583514049,0.00579532283357187,143,-100,117.0,-55.0,-0.28,0.58,-0.02,0.6759443339960238,1.000277701356922,0.5078585884383955,2017,11,4,24
2017-11-27,29460,-0.700076992015392,-0.7101422561302791,-0.6887336959126175,-0.5935325856276488,0.29,False,False,False,False,29375.0,29420.0,5800.0,29445.85714285714,29445.366666666665,115.50097917605011,176.2782837820421,-0.00152957171991841,-0.002847071583514049,108,10,143.0,-100.0,-0.15,-0.28,0.58,0.71052309200049,1.0000166571602258,0.43711117249323134,2017,11,0,27
2017-11-28,29381,-0.700076992015392,-0.7158157704201339,-0.6933139450162703,-0.6603569578225289,-0.27,False,False,False,False,29460.0,29375.0,6550.0,29441.428571428572,29433.766666666666,114.06702290511463,162.5042563539297,0.002893617021276551,-0.00152957171991841,97,-69,108.0,10.0,0.29,-0.15,-0.28,0.7988779119404805,1.0002603100326464,0.5495571844201764,2017,11,1,28
2017-11-29,29215,-0.702191581743738,-0.7173917466117602,-0.7115284240098664,-0.6523380331591433,-0.56,False,False,False,False,29381.0,29460.0,5800.0,29401.85714285714,29427.633333333335,63.05402068036753,160.8442131982106,-0.002681602172437181,0.002893617021276551,253,-215,97.0,-69.0,-0.27,0.29,-0.15,0.7477117442310172,0.9991240821107079,0.3994511098491199,2017,11,2,29
2017-11-30,28992,-0.717310898301412,-0.7335717688457905,-0.7393294708948287,-0.5944235772569139,-0.76,False,False,False,False,29215.0,29381.0,5890.0,29384.14285714286,29416.933333333334,93.65082055501219,164.03215272089022,-0.0056499098056567165,-0.002681602172437181,360,-295,253.0,-215.0,-0.56,-0.27,0.29,0.8000543330616681,0.9988853196960092,0.09327080857494946,2017,11,3,30
2017-12-01,29217,-0.742897434014399,-0.7275830593176105,-0.7275060371621436,-0.9846779108750139,0.78,False,False,False,False,28992.0,29215.0,6540.0,29335.285714285714,29394.866666666665,176.6236245864534,175.18950002598893,-0.007633065206229639,-0.0056499098056567165,306,172,360.0,-295.0,-0.76,-0.56,-0.27,0.9036893740500207,0.9979730830877177,-0.15136547076975987,2017,12,4,1
2017-12-04,29059,-0.7454349416884142,-0.7427124307572232,-0.734749221791176,-1.1691131781328832,-0.54,False,False,False,True,29217.0,28992.0,2160.0,29294.285714285714,29384.066666666666,163.77597940089922,175.85572717835058,0.007760761589403975,-0.007633065206229639,230,38,306.0,172.0,0.78,-0.76,-0.56,0.3342101191397184,0.9969445702189752,0.17444535839831438,2017,12,0,4
2017-12-05,28893,-0.7376109596935339,-0.7458643831404758,-0.74593355099777,-1.1726771446499433,-0.57,False,False,False,True,29059.0,29217.0,90.0,29242.714285714286,29369.4,174.10410131697466,184.09491554862072,-0.005407810521271816,0.007760761589403975,305,-202,230.0,38.0,-0.54,0.78,-0.76,0.01664508969853893,0.9956864725092881,0.017941150390841043,2017,12,1,5
2017-12-06,28972,-0.7529417352240426,-0.7596279085473457,-0.7398620579999047,-0.608679443325155,0.27,False,False,False,False,28893.0,29059.0,50.0,29173.85714285714,29349.233333333334,205.5419085992698,201.80695509882446,-0.005712515915895278,-0.005407810521271816,117,22,305.0,-202.0,-0.57,-0.54,0.78,0.01076194575979337,0.9940245052235485,-0.06457850972712115,2017,12,2,6
2017-12-07,28670,-0.754844865979554,-0.7708698720476135,-0.7685152442529884,-0.5195802803986481,-1.04,False,False,False,False,28972.0,28893.0,6380.0,29104.14285714286,29336.233333333334,172.4011103714185,213.19631285722554,0.0027342262831828723,-0.005712515915895278,279,-262,117.0,22.0,0.27,-0.57,-0.54,1.4165186500888098,0.9920886068244228,0.08621647178111412,2017,12,3,7
2017-12-08,28588,-0.784660581149233,-0.8004982244501884,-0.7848124096683112,-0.426917150955081,-0.29,False,False,False,False,28670.0,28972.0,7380.0,29002.571428571428,29317.366666666665,190.58931164795757,245.03827756310068,-0.010423857517603219,0.0027342262831828723,150,-62,279.0,-262.0,-1.04,0.27,-0.57,1.5823327615780447,0.989262499539116,-0.0931352334327766,2017,12,4,8
2017-12-11,28429,-0.7952335297909631,-0.8085882355672035,-0.7941859427176473,-0.6496650582713481,-0.56,False,False,False,False,28588.0,28670.0,8420.0,28913.0,29294.566666666666,219.2897626433073,278.88888942284586,-0.002860132542727545,-0.010423857517603219,161,-121,150.0,-62.0,-0.29,-1.04,0.27,1.7092976045473,0.9869748315102801,-0.04538238173336521,2017,12,0,11
2017-12-12,28318,-0.8077096091882047,-0.8188846133524954,-0.8092048990807879,-0.5017604478133467,-0.39,False,False,False,False,28429.0,28588.0,5920.0,28832.571428571428,29263.9,280.25634524088616,320.21655926485295,-0.005561774170980804,-0.002860132542727545,204,-114,161.0,-121.0,-0.56,-0.29,-1.04,1.2173555418465967,0.9852607283571714,-0.053669116849775635,2017,12,1,12
2017-12-13,28377,-0.8163794270744233,-0.8220365657357481,-0.803985545451044,-0.7619300035587467,0.21,False,False,False,False,28318.0,28429.0,7580.0,28704.14285714286,29239.833333333332,280.71422513053864,362.0268692001011,-0.003904463751802756,-0.005561774170980804,125,27,204.0,-114.0,-0.39,-0.56,-0.29,1.503669906764531,0.9816794278516018,-0.0290361942921508,2017,12,2,13
2017-12-14,28500,-0.80749815021537,-0.8069071942961354,-0.7932272859285107,-0.5864046525935283,0.43,False,False,False,False,28377.0,28318.0,4660.0,28606.714285714286,29215.066666666666,254.1178953991027,394.46864595747104,0.002083480471784638,-0.003904463751802756,168,66,125.0,27.0,0.21,-0.39,-0.56,0.9475396502643351,0.979176758763091,0.07242206103295713,2017,12,3,14
2017-12-15,28441,-0.803268970758678,-0.810059146679388,-0.7959967388749053,-0.6835227401834207,-0.21,False,False,False,False,28500.0,28377.0,6630.0,28550.571428571428,29190.333333333332,221.66781238552542,415.426771283095,0.004334496246960473,0.002083480471784638,164,-33,168.0,66.0,0.43,0.21,-0.39,1.345646437994723,0.9780830901293155,0.18284474467054712,2017,12,4,15
2017-12-18,28663,-0.8013658400031666,-0.7970310768286104,-0.7880079322987668,-0.6273902675397214,0.78,False,False,False,False,28441.0,28500.0,5540.0,28474.714285714286,29165.333333333332,121.7534589326776,437.37274668191213,-0.0020701754385964444,0.004334496246960473,213,171,164.0,-33.0,-0.21,0.43,0.21,1.0522317188983856,0.9763205501639259,0.17870690878993348,2017,12,0,18
2017-12-19,28555,-0.7840262042307291,-0.7973462720669356,-0.78108429993278,-0.646992083383553,-0.38,False,False,False,False,28663.0,28441.0,6170.0,28473.714285714286,29142.0,119.89678100518192,445.06822413848516,0.007805632713336452,-0.0020701754385964444,145,-101,213.0,171.0,0.78,-0.21,0.43,1.0505704069470458,0.9770679529790092,0.3313150192250972,2017,12,1,19
2017-12-20,28617,-0.7880439247145866,-0.7996577038146543,-0.778740916670446,-0.6363001838323721,0.22,False,False,False,False,28555.0,28663.0,5950.0,28469.0,29111.933333333334,115.21139989963311,453.4431442389772,-0.0037679238042075403,0.007805632713336452,101,-1,145.0,-101.0,-0.38,0.78,-0.21,0.9206250967043169,0.9779151275879994,0.2881109927363061,2017,12,2,20
2017-12-21,28596,-0.7851892285813195,-0.7989222482585621,-0.7803386779856737,-0.6755038155200351,-0.07,False,False,False,False,28617.0,28555.0,6070.0,28495.85714285714,29080.433333333334,125.7622473451754,453.92318075072154,0.0021712484678690913,-0.0037679238042075403,123,-49,101.0,-1.0,0.22,-0.38,0.78,0.9437189054726368,0.9798979546220817,0.3451022862449451,2017,12,3,21
2017-12-22,28757,-0.79417623492679,-0.7857891133283427,-0.7784213644074004,-0.635409192203107,0.56,False,False,False,False,28596.0,28617.0,5630.0,28535.571428571428,29044.633333333335,101.8591464447419,448.13710058352643,-0.0007338295418807261,0.0021712484678690913,230,197,123.0,-49.0,-0.07,0.22,-0.38,0.8997922326993767,0.9824731164990237,0.3505383156299441,2017,12,4,22
2017-12-26,28924,-0.7692240761323069,-0.7707648069681717,-0.7552005666260908,-0.791332727324494,0.58,False,False,False,False,28757.0,28596.0,6080.0,28589.85714285714,29019.6,104.48991749115196,442.2981986755063,0.005630158064064972,-0.0007338295418807261,155,128,230.0,197.0,0.56,-0.07,0.22,1.0094637223974763,0.9851912894339392,0.4796236662612771,2017,12,1,26
2017-12-27,29092,-0.7592855044090806,-0.7521682879069811,-0.7434836503144209,-0.7173804220954934,0.58,False,False,False,False,28924.0,28757.0,4330.0,28650.428571428572,28996.433333333334,154.59825046805418,427.783435649359,0.005807281705323852,0.005630158064064972,222,202,155.0,128.0,0.58,0.56,-0.07,0.7384038199181446,0.9880673337328352,0.6349816097101937,2017,12,2,27
2017-12-28,29171,-0.7317958379405823,-0.740611129168388,-0.7210084744802175,-0.726290338388144,0.27,False,False,False,False,29092.0,28924.0,5160.0,28743.428571428572,28978.833333333332,197.47814827920112,411.80704247227885,0.0058083252662148865,0.005807281705323852,121,21,222.0,202.0,0.58,0.58,0.56,0.9178228388473852,0.9918766653164749,0.8087259610364046,2017,12,3,28
2017-12-29,29372,-0.7262979046468827,-0.7216994148688721,-0.7172803647446861,-0.5596749037155763,0.69,False,False,False,False,29171.0,29092.0,5060.0,28816.0,28966.933333333334,249.4888107046667,400.39040717879556,0.002715523167881262,0.0058083252662148865,266,170,121.0,21.0,0.27,0.58,0.58,0.8936771458848464,0.9947894610866643,0.8858033250387869,2017,12,4,29
2018-01-01,29324,-0.7125530714126335,-0.7232753910604985,-0.7022614083815456,-1.036355425372388,-0.16,False,False,False,False,29372.0,29171.0,6930.0,28932.714285714286,28962.966666666667,294.14492702645657,395.58001791621814,0.006890404854136056,0.002715523167881262,110,-8,266.0,170.0,0.69,0.27,0.58,1.2174982431482784,0.9989554805866211,0.9967903683146817,2018,1,0,1
2018-01-02,29392,-0.7125530714126335,-0.7150803148640417,-0.6961899153836802,-1.025663525821207,0.23,False,False,False,False,29324.0,29372.0,1580.0,29033.714285714286,28951.833333333332,289.00675556475323,379.7266787764552,-0.0016342094511779814,0.006890404854136056,131,60,110.0,-8.0,-0.16,0.69,0.27,0.2983383685800604,1.0028281784935078,0.9403524851717354,2018,1,1,2
2018-01-03,29481,-0.7069494086325165,-0.7120334275602307,-0.6905444920698756,-1.1602032618402325,0.3,False,False,False,True,29392.0,29324.0,1700.0,29147.428571428572,28953.6,240.62685991893107,381.7081932936081,0.0023189196562543035,-0.0016342094511779814,107,96,131.0,60.0,0.23,-0.16,0.69,0.350587750051557,1.0066944549703172,0.946944796825776,2018,1,2,3
2018-01-04,29472,-0.7090639983608625,-0.7138195339107406,-0.7021548909605304,-1.1593122702109673,-0.03,False,False,False,True,29481.0,29392.0,190.0,29250.85714285714,28958.5,196.36736708857876,387.65695375291136,0.0030280348394120526,0.0023189196562543035,199,107,107.0,96.0,0.3,0.23,-0.16,0.0444652468991341,1.01009572812325,0.9464942949065632,2018,1,3,4
2018-01-05,29465,-0.6947905176945269,-0.705939652952609,-0.6846860339140406,-1.1602032618402325,-0.02,False,False,False,True,29472.0,29481.0,200.0,29329.14285714286,28957.433333333334,147.4951169495666,386.1452900882708,-0.00030528136766050373,0.0030280348394120526,110,-35,199.0,107.0,-0.03,0.3,0.23,0.05425935973955507,1.0128364112775714,0.8953544761096909,2018,1,4,5
2018-01-08,29270,-0.7228088315951118,-0.7332565736074652,-0.7128066330620485,-0.6514470415298783,-0.66,False,False,False,False,29465.0,29472.0,190.0,29382.428571428572,28958.933333333334,110.2071642307127,388.0866356646316,-0.00023751357220413993,-0.00030528136766050373,114,35,110.0,-35.0,-0.02,-0.03,0.3,0.06047103755569701,1.0146239929910599,0.8477342538489955,2018,1,0,8
2018-01-09,29173,-0.7196369470025927,-0.7345173545607663,-0.7152565337453977,-0.6942146397346015,-0.33,False,False,False,False,29270.0,29465.0,5900.0,29396.571428571428,28955.433333333334,81.04701751313914,384.66328162403147,-0.0066180213812998545,-0.00023751357220413993,125,-92,114.0,35.0,-0.66,-0.02,-0.03,1.8886043533930859,1.0152350714340805,0.7108311063303147,2018,1,1,9
2018-01-10,29343,-0.7312671905084959,-0.717076551373435,-0.7184520563758532,-0.2121881683021995,0.58,False,False,False,False,29173.0,29270.0,5420.0,29368.14285714286,28945.866666666665,117.71070267382606,375.13268763628,-0.003313973351554478,-0.0066180213812998545,321,188,125.0,-92.0,-0.33,-0.66,-0.02,1.676461490875348,1.014588479776371,0.6358824592333167,2018,1,2,10
2018-01-11,29404,-0.7119186944941297,-0.7195981132800371,-0.6980007115409383,-0.6594659661932639,0.21,False,False,False,False,29343.0,29173.0,10830.0,29370.85714285714,28944.6,116.73820935737301,373.6740788993331,0.005827306070681715,-0.003313973351554478,105,66,321.0,188.0,0.58,-0.33,-0.66,2.85,1.0147266551569945,0.7176358093365197,2018,1,3,11
2018-01-12,29553,-0.7027202291758244,-0.7017370497749388,-0.6862837952292683,-0.35474682898461046,0.51,False,False,False,False,29404.0,29343.0,5810.0,29372.571428571428,28950.9,117.18768015925856,379.9309692288785,0.002078860375558156,0.005827306070681715,165,128,105.0,66.0,0.21,0.58,-0.33,1.4993548387096773,1.0145650542322147,0.7349626104483585,2018,1,4,12
2018-01-15,29763,-0.6852748639169698,-0.6812493592837965,-0.6687084207617634,-0.6425371252372276,0.71,False,False,False,False,29553.0,29404.0,9230.0,29382.85714285714,28969.6,130.67444097437607,395.5102858419466,0.005067337777173275,0.002078860375558156,195,173,165.0,128.0,0.51,0.21,0.58,2.248477466504263,1.0142652001704249,0.8051136613102099,2018,1,0,15
2018-01-16,29830,-0.6651862614976826,-0.673369478325665,-0.6512395637152736,-0.40286037696492416,0.23,False,False,False,False,29763.0,29553.0,6000.0,29424.428571428572,28987.8,194.47352617029404,419.1437412892478,0.007105877575880548,0.005067337777173275,106,50,195.0,173.0,0.71,0.51,0.21,1.3195513525401363,1.015062494270989,0.910006408269687,2018,1,1,16
2018-01-17,29761,-0.6550362308016217,-0.6708479164190628,-0.6564589173450175,-0.5685848200082269,-0.23,False,False,False,False,29830.0,29763.0,8690.0,29476.571428571428,29013.5,248.57249589293056,446.41018326648054,0.0022511171588885937,0.007105877575880548,179,-115,106.0,50.0,0.23,0.71,0.51,1.6565001906214258,1.0159605503841806,0.9069297203058194,2018,1,2,17
2018-01-18,29644,-0.6734331614382321,-0.6899697608774622,-0.6781884712321146,-0.3280170801066584,-0.39,False,False,False,False,29761.0,29830.0,6830.0,29546.714285714286,29042.433333333334,249.83909107408746,466.0287606435859,-0.002313107609788756,0.0022511171588885937,201,-58,179.0,-115.0,-0.23,0.23,0.71,1.155668358714044,1.0173635916313584,0.8354771037697628,2018,1,3,18
2018-01-19,29743,-0.6826316267565372,-0.6823000100782141,-0.6676432465516116,-0.646992083383553,0.33,False,False,False,False,29644.0,29761.0,9530.0,29614.0,29064.833333333332,188.24983399768024,478.50954541925057,-0.003931319512113118,-0.002313107609788756,175,128,201.0,-58.0,-0.39,-0.23,0.23,1.3926640362414147,1.0188945403666516,0.7356694684364178,2018,1,4,19
2018-01-22,29806,-0.6735388909246494,-0.6770467561061263,-0.6568849870290782,-0.6853047234419509,0.21,False,False,False,False,29743.0,29644.0,5950.0,29671.14285714286,29100.6,148.86843024618466,487.98704052874064,0.0033396302793144983,-0.003931319512113118,124,105,175.0,128.0,0.33,-0.39,-0.23,0.8019948780159051,1.0196058795056755,0.8051882450795522,2018,1,0,22
2018-01-23,29876,-0.6592654102583136,-0.6666453132413926,-0.651452598557304,-0.5516559790521905,0.23,False,False,False,False,29806.0,29743.0,5520.0,29728.571428571428,29141.2,97.21600887253817,494.4934294042663,0.0021181454459873184,0.0033396302793144983,172,40,124.0,105.0,0.21,0.33,-0.39,0.7478661427990787,1.0201560480890088,0.8503069636911273,2018,1,1,23
2018-01-24,30244,-0.6517586167226853,-0.6281914941657103,-0.6379248860883759,-0.18991337757057278,1.23,False,False,False,False,29876.0,29806.0,7020.0,29774.714285714286,29189.433333333334,73.8370148506668,493.1984760534599,0.002348520432127854,0.0021181454459873184,411,337,172.0,40.0,0.23,0.21,0.33,0.9309110197586526,1.0200511241755619,0.8952367165239847,2018,1,2,24
2018-01-25,30367,-0.6091496336965129,-0.6086493893895439,-0.6053305552577303,-0.29683237308238103,0.41,False,False,False,False,30244.0,29876.0,11080.0,29843.428571428572,29253.633333333335,191.3773385603384,501.1422458489686,0.012317579327888684,0.002348520432127854,291,57,411.0,337.0,1.23,0.23,0.21,1.4644462067142479,1.0201614353805135,1.1303177072833168,2018,1,3,25
2018-01-29,30074,-0.6117928708569454,-0.6287168195629191,-0.6246102084614782,-0.40820632674051455,-0.96,False,False,False,False,30367.0,30244.0,9880.0,29920.14285714286,29319.966666666667,274.6218178828756,512.6758391925435,0.004066922364766468,0.012317579327888684,281,-211,291.0,57.0,0.41,1.23,0.23,1.2391822400602033,1.0204698797000518,1.1009800218360584,2018,1,0,29
2018-01-30,30052,-0.6419257744858763,-0.6379625465537935,-0.6292969749861462,-0.570366803266757,-0.07,False,False,False,False,30074.0,30367.0,8630.0,29964.85714285714,29372.433333333334,269.83107590483684,506.3696811844139,-0.009648631738400248,0.004066922364766468,237,52,281.0,-211.0,-0.96,0.41,1.23,1.0906103879691647,1.0201693813651964,0.8279739516391313,2018,1,1,30
2018-01-31,30064,-0.6329387681404057,-0.6405891735398374,-0.6275926962499033,-0.6888686899590112,0.04,False,False,False,False,30052.0,30074.0,6810.0,30023.14285714286,29426.133333333335,230.1147746755117,489.32146780044565,-0.000731528895391409,-0.009648631738400248,196,-21,237.0,52.0,-0.07,-0.96,0.41,0.8518889166875157,1.0202884122438622,0.7807787636351848,2018,1,2,31
2018-02-01,30512,-0.6287095886837136,-0.600874573510854,-0.6197104070947799,-1.0158626178992913,1.49,False,False,False,False,30064.0,30052.0,5480.0,30069.0,29472.833333333332,194.15886965786154,480.7574543206353,0.00039930786636488413,-0.000731528895391409,500,387,196.0,-21.0,0.04,-0.07,-0.96,0.7141926234849472,1.0202276672868236,0.7620081713992264,2018,2,3,1
2018-02-02,30399,-0.5594567750803813,-0.5728221972999055,-0.6037327939425026,-1.1183266552647741,-0.37,False,False,False,True,30512.0,30064.0,1810.0,30169.85714285714,29538.066666666666,216.81822538083392,484.67877263551344,0.014901543374135073,0.00039930786636488413,617,-381,500.0,387.0,1.49,0.04,-0.07,0.25240552224236507,1.021389026009053,1.0033922371258328,2018,2,4,2
2018-02-05,30286,-0.6012199222152153,-0.6063379576418253,-0.6241841387774175,-1.1602032618402325,-0.37,False,False,False,True,30399.0,30512.0,660.0,30244.571428571428,29597.466666666667,186.69927436326554,477.0412931833875,-0.0037034609334032353,0.014901543374135073,490,-99,617.0,-381.0,-0.37,1.49,0.04,0.10502864417568428,1.0218635185636866,0.8764501513026972,2018,2,0,5
2018-02-06,30182,-0.6080923388323399,-0.5903680655666785,-0.6079934907831098,-0.101705206273331,-0.34,False,False,False,False,30286.0,30399.0,190.0,30250.571428571428,29653.8,187.35159206094264,453.92627382509596,-0.0037172275403796196,-0.0037034609334032353,490,-138,490.0,-99.0,-0.37,-0.37,1.49,0.03328661527680449,1.0201246190562905,0.7738006283583049,2018,2,1,6
2018-02-07,29976,-0.6187710169604873,-0.6314485116284048,-0.630362149196298,-0.3992964104478639,-0.68,False,False,False,False,30182.0,30286.0,12070.0,30224.14285714286,29701.3,181.13570287851564,430.81639820842463,-0.0034339298685861497,-0.0037172275403796196,309,-243,490.0,-138.0,-0.34,-0.37,-0.37,1.8969039761118969,1.0176033660864292,0.6874273162196907,2018,2,2,7
2018-02-08,30103,-0.6519700756955199,-0.6432158005258812,-0.6481505585058334,-0.18813139431204265,0.42,False,False,False,False,29976.0,30182.0,8730.0,30210.14285714286,29736.366666666665,197.7038429671025,407.55177232615955,-0.0068252600887946935,-0.0034339298685861497,364,198,309.0,-243.0,-0.68,-0.34,-0.37,1.3360881542699725,1.0159325514037085,0.5243624447234827,2018,2,3,8
2018-02-09,29999,-0.6355820053008382,-0.6471032084652262,-0.6368597118782241,-0.3574198038724057,-0.35,False,False,False,False,30103.0,29976.0,11100.0,30217.428571428572,29770.066666666666,191.75492791869382,394.0066456055794,0.00423672271150255,-0.0068252600887946935,221,-61,364.0,198.0,0.42,-0.68,-0.34,1.6982864137086904,1.015027238929996,0.6014567227932285,2018,2,4,9
2018-02-12,30133,-0.6311413668713115,-0.6402739783015121,-0.6232254819882809,-0.6068974600666248,0.45,False,False,False,False,29999.0,30103.0,9200.0,30208.14285714286,29797.666666666668,201.73698105196468,379.32211162488676,-0.00345480516892005,0.00423672271150255,158,31,221.0,-61.0,-0.35,0.42,-0.68,1.4223871366728509,1.0137754474223772,0.48804007138598093,2018,2,0,12
2018-02-13,30195,-0.6239517617949351,-0.6354409846471915,-0.6153431928331574,-0.8626120576656995,0.21,False,False,False,False,30133.0,29999.0,6400.0,30154.0,29823.033333333333,151.09820206348792,375.298730055608,0.004466815560518755,-0.00345480516892005,130,25,158.0,31.0,0.45,-0.35,0.42,1.0248198558847077,1.0110976862402774,0.5947661547836013,2018,2,1,13
2018-02-14,30605,-0.61866528747407,-0.5858502671506831,-0.618006128358537,-0.03042587593212552,1.36,False,False,False,False,30195.0,30133.0,3530.0,30124.85714285714,29852.066666666666,110.07183801482554,368.99966669731134,0.002057544884346063,0.004466815560518755,627,385,130.0,25.0,0.21,0.45,-0.35,0.5965861078249113,1.0091380767447862,0.6401993045427921,2018,2,2,14
2018-02-15,30549,-0.5772193287984879,-0.5909984560433291,-0.571671050216933,-0.4973054896670214,-0.18,False,False,False,False,30605.0,30195.0,12870.0,30170.428571428572,29892.5,209.2557105101419,383.0397251385484,0.013578407021030081,0.002057544884346063,143,-63,627.0,385.0,1.36,0.21,0.45,1.93359375,1.0092976021218891,0.986467242098025,2018,2,3,15
2018-02-16,30785,-0.5784880826354956,-0.573452587776556,-0.56112582553643,-0.4046423602234543,0.77,False,False,False,False,30549.0,30605.0,7630.0,30222.85714285714,29928.1,253.85982258711346,392.977260901866,-0.0018297663780427742,0.013578407021030081,211,185,143.0,-63.0,-0.18,1.36,0.21,1.0541586073500968,1.0098488424877337,0.886280976004678,2018,2,4,16
2018-02-19,30715,-0.5661177327246713,-0.5770248004775757,-0.5528174666972459,-0.8180624762024461,-0.23,False,False,False,False,30785.0,30549.0,8670.0,30338.428571428572,29971.866666666665,302.2795930609641,413.03283106788183,0.007725293790304066,-0.0018297663780427742,99,-2,211.0,185.0,0.77,-0.18,1.36,1.0784923497947505,1.0122301993679153,1.0349519929296784,2018,2,0,19
2018-02-20,30524,-0.571298477559119,-0.5812274036552458,-0.5712449805328722,-0.35296484572608033,-0.62,False,False,False,False,30715.0,30785.0,4030.0,30425.85714285714,30013.533333333333,311.210233642723,423.06506659664757,-0.002273834659736851,0.007725293790304066,232,-144,99.0,-2.0,-0.23,0.77,-0.18,0.4784518580078357,1.0137379296514175,0.9248889004063763,2018,2,1,20
2018-02-21,30459,-0.5890610312772256,-0.6044467862118738,-0.5855183149489066,-0.5463100292766002,-0.21,False,False,False,False,30524.0,30715.0,9250.0,30500.85714285714,30055.333333333332,248.04598268054488,408.7767566549206,-0.006218460035813167,-0.002273834659736851,145,-41,232.0,-144.0,-0.62,-0.23,0.77,1.1362240510993735,1.0148234526159687,0.730935685683128,2018,2,2,21
2018-02-22,30564,-0.5943475055980907,-0.5977226211276014,-0.58455965815977,-0.595314568886179,0.34,False,False,False,False,30459.0,30524.0,7080.0,30547.428571428572,30098.2,191.66451344584584,379.43527911118576,-0.002129471890971013,-0.006218460035813167,200,114,145.0,-41.0,-0.21,-0.62,-0.23,0.8876629889669007,1.0149254298073829,0.6500123367197271,2018,2,3,22
2018-02-23,30492,-0.5893782197364775,-0.6052873068474077,-0.5796598567930715,-0.7191624053540234,-0.24,False,False,False,False,30564.0,30459.0,6530.0,30600.14285714286,30138.9,113.30552880283214,360.6560449490837,0.0034472569683836607,-0.002129471890971013,82,-5,200.0,114.0,0.34,-0.21,-0.62,0.8684665514031121,1.0153039048254202,0.7348495379714746,2018,2,4,23
2018-02-26,30518,-0.5869464415488796,-0.5935200179499311,-0.5726297070060696,-0.6567929913054686,0.09,False,False,False,False,30492.0,30564.0,5140.0,30584.0,30175.166666666668,120.33010152692496,338.2130611202548,-0.002355712603062443,0.0034472569683836607,128,-2,82.0,-5.0,-0.24,0.34,-0.21,0.7226205539153663,1.013548668607188,0.655669988665434,2018,2,0,26
2018-02-27,30306,-0.5871579005217142,-0.5959365147770915,-0.5962765744714399,-0.47681268219392486,-0.69,False,False,False,False,30518.0,30492.0,5840.0,30579.571428571428,30207.333333333332,122.3858068340952,322.5254155533261,0.0008526826708645796,-0.002355712603062443,327,-212,128.0,-2.0,0.09,-0.24,0.34,0.8275471163383874,1.0123227724582804,0.6622596770198078,2018,2,1,27
2018-02-28,30423,-0.6081980683187572,-0.6087544544689857,-0.5955309525243336,-0.7209443886125536,0.39,False,False,False,False,30306.0,30518.0,7860.0,30511.14285714286,30225.433333333334,122.29258436480633,311.7874699798947,-0.006946719968543125,0.0008526826708645796,198,104,327.0,-212.0,-0.69,0.09,-0.24,1.0493991989319091,1.0094526196087463,0.43516977525567635,2018,2,2,28
2018-03-01,30181,-0.6094668221557648,-0.6195761576514864,-0.6132128444128537,-1.0461563332943036,-0.8,False,False,False,False,30423.0,30306.0,5120.0,30469.428571428572,30245.2,85.4046391076011,304.56723395611556,0.0038606216590773013,-0.006946719968543125,261,-126,198.0,104.0,0.39,-0.69,0.09,0.7624720774385704,1.0074136911453246,0.5400360604446443,2018,3,3,1
2018-03-02,30473,-0.5948761530301773,-0.5982479465248102,-0.5824293097394663,-1.1637672283572926,0.97,False,False,False,True,30181.0,30423.0,1470.0,30420.428571428572,30259.2,133.64736827849035,290.88846067075497,-0.007954508102422486,0.0038606216590773013,175,28,261.0,-126.0,-0.8,0.39,-0.69,0.2410231185440236,1.0053282496374185,0.2965347179252767,2018,3,4,2
2018-03-05,30429,-0.5996339799189557,-0.6024505497024804,-0.5920158776308326,-1.1610942534694975,-0.14,False,False,False,True,30473.0,30181.0,150.0,30422.428571428572,30286.833333333332,134.4232831311839,268.9826405536487,0.009674961068221632,-0.007954508102422486,225,29,175.0,28.0,0.97,-0.8,0.39,0.02858776443682104,1.0044770358327955,0.6068954657533551,2018,3,0,5
2018-03-06,30568,-0.5996339799189557,-0.5883718290572852,-0.5861574194749977,-0.21397015156072963,0.46,False,False,False,False,30429.0,30473.0,180.0,30403.14285714286,30309.7,119.59296045597182,249.6182119233444,-0.0014439011584025385,0.009674961068221632,304,168,225.0,29.0,-0.14,0.97,-0.8,0.03702180172768408,1.0030829357315598,0.5521398870397575,2018,3,1,6
2018-03-07,30461,-0.5763734929071496,-0.5915237814405379,-0.5820032400554056,-0.2772305572385495,-0.35,False,False,False,False,30568.0,30429.0,10810.0,30414.0,30335.1,131.8281709909305,234.9334975594751,0.004568010779191001,-0.0014439011584025385,235,-159,304.0,168.0,0.46,-0.14,0.97,2.1542447190115586,1.0026009474173483,0.6820004868676413,2018,3,2,7
2018-03-08,30436,-0.5900125966549814,-0.6026606798613638,-0.5834944839496181,-0.4866135901158406,-0.08,False,False,False,False,30461.0,30568.0,10100.0,30405.85714285714,30354.6,125.96352457738278,219.26909935213686,-0.0035003925673907643,0.004568010779191001,143,-55,235.0,-159.0,-0.35,0.46,-0.14,1.8984962406015038,1.0016886120343258,0.5442447904620237,2018,3,3,8
2018-03-09,30408,-0.5982594965955309,-0.6088595195484274,-0.5941462260511362,-0.2006052771217536,-0.09,False,False,False,False,30436.0,30461.0,7750.0,30424.428571428572,30361.0,118.12684868860049,218.73097946786626,-0.0008207215784117317,-0.0035003925673907643,184,-5,143.0,-55.0,-0.08,-0.35,0.46,1.4241087835354649,1.0020891463202324,0.4938890004299047,2018,3,4,9
2018-03-12,30340,-0.6017485696473018,-0.6132722528849811,-0.5947853305772274,-0.5204712720279132,-0.22,False,False,False,False,30408.0,30436.0,10960.0,30422.285714285714,30362.366666666665,118.29301794858921,218.8977848895384,-0.0009199632014719183,-0.0008207215784117317,148,-40,184.0,-5.0,-0.09,-0.08,-0.35,1.8193891102257636,1.0019734643309222,0.41921791745864434,2018,3,0,12
2018-03-13,30387,-0.6049204542398209,-0.6156887497121415,-0.6013894106801686,-0.19882329386322348,0.15,False,False,False,False,30340.0,30408.0,7370.0,30445.0,30371.233333333334,69.40220937991575,212.09605555330188,-0.0022362536174690417,-0.0009199632014719183,187,37,148.0,-40.0,-0.22,-0.09,-0.08,1.1931358264529708,1.0024288334246112,0.2787628665708076,2018,3,1,13
2018-03-14,30413,-0.5997397094053731,-0.6013998989080628,-0.5862639368960129,-0.3253441052188632,0.09,False,False,False,False,30387.0,30340.0,10980.0,30432.714285714286,30382.4,71.20794498311605,203.34743497276568,0.001549110085695471,-0.0022362536174690417,181,14,187.0,37.0,0.15,-0.22,-0.09,1.6920943134535367,1.001656033944464,0.32625061648810955,2018,3,2,14
2018-03-15,30314,-0.5937131286795869,-0.6088595195484274,-0.5943592608931666,-0.43493607561846664,-0.33,False,False,False,False,30413.0,30387.0,9560.0,30430.428571428572,30394.033333333333,71.60274003904769,194.28498146445847,0.0008556290518972887,0.001549110085695471,186,-142,181.0,14.0,0.09,0.15,-0.22,1.3789124477138324,1.0011974468046438,0.3899521138117108,2018,3,3,15
2018-03-16,30251,-0.6128501657211184,-0.6204166782870204,-0.6054370726787455,-0.2843584902726701,-0.21,False,False,False,False,30314.0,30413.0,8330.0,30394.14285714286,30387.433333333334,51.92118569482633,193.50090141968911,-0.003255186926643172,0.0008556290518972887,180,-24,186.0,-142.0,-0.33,0.09,0.15,1.0933193332458329,1.0002207992934422,0.23228269079777095,2018,3,4,16
2018-03-19,30432,-0.6184538285012354,-0.6110658862167042,-0.6112955308345805,-0.14179982959025908,0.6,False,False,False,False,30251.0,30314.0,10020.0,30364.14285714286,30382.5,65.69482113497754,195.07606827453597,-0.0020782476743418377,-0.003255186926643172,324,210,180.0,-24.0,-0.21,-0.33,0.09,1.1643039739716476,0.9993957988033525,0.12213414033763047,2018,3,0,19
2018-03-20,30284,-0.6003740863238769,-0.6173697909832095,-0.601602445522199,-0.36365674527726116,-0.49,False,False,False,False,30432.0,30251.0,11620.0,30363.571428571428,30387.366666666665,64.97911752580879,194.4056341116949,0.005983273280222079,-0.0020782476743418377,173,-109,324.0,210.0,0.6,-0.21,-0.33,1.1917948717948719,0.9992169364869204,0.5324277100551207,2018,3,1,20
2018-03-21,30464,-0.6091496336965129,-0.6020302893847134,-0.5947853305772274,-0.16852957846821115,0.59,False,False,False,False,30284.0,30432.0,9130.0,30345.85714285714,30390.766666666666,67.69398932418981,191.56122336868592,-0.004863301787591978,0.005983273280222079,255,154,173.0,-109.0,-0.49,0.6,-0.21,0.9528282195783762,0.9985222642027395,0.1978399291579899,2018,3,2,21
2018-03-22,30506,-0.5867349825760451,-0.59404534334714,-0.5747600554263732,-0.16763858683894606,0.14,False,False,False,False,30464.0,30284.0,11320.0,30363.571428571428,30407.033333333333,80.85142163932234,175.14220494694467,0.005943732664112966,-0.004863301787591978,143,-16,255.0,154.0,0.59,-0.49,0.6,1.1665292662819455,0.9985706627711602,0.6393980251708984,2018,3,3,22
2018-03-23,30901,-0.5837745569563606,-0.5591637369724773,-0.5664516965871891,0.038180479521284755,1.29,False,False,False,False,30506.0,30464.0,11330.0,30380.571428571428,30420.466666666667,97.41296481697158,166.24799367797323,0.0013786764705883137,0.005943732664112966,397,351,143.0,-16.0,0.14,0.59,-0.49,1.1260186841582192,0.998688539576582,0.7596592884020433,2018,3,4,23
2018-03-26,30889,-0.5531130058953433,-0.5625258195146134,-0.5429113465428339,-0.5240352385449735,-0.04,False,False,False,False,30901.0,30506.0,13640.0,30450.285714285714,30450.533333333333,220.87305123543354,168.9390286521941,0.012948272470989286,0.0013786764705883137,144,49,397.0,351.0,1.29,0.14,0.59,1.3204259438528558,0.9999918681540021,1.3077379959798099,2018,3,0,26
2018-03-27,30717,-0.549835391816407,-0.5653625766595409,-0.5520718447501395,-0.3342540215115139,-0.56,False,False,False,False,30889.0,30901.0,7330.0,30532.428571428572,30475.733333333334,264.3777960566349,176.17055476855467,-0.00038833694702433696,0.012948272470989286,203,-154,144.0,49.0,-0.04,1.29,0.14,0.7098586093356576,1.001860340405106,1.1204544677274242,2018,3,1,27
2018-03-28,30518,-0.5645317904284117,-0.579861557622503,-0.5728427418480999,-0.41444326814537,-0.65,False,False,False,False,30717.0,30889.0,9460.0,30599.0,30493.133333333335,239.1707897440875,173.24105854980724,-0.005568325293793919,-0.00038833694702433696,260,-214,203.0,-154.0,-0.56,-0.04,1.29,0.929821112640063,1.0034718198851325,0.839465490451453,2018,3,2,28
2018-03-29,30426,-0.590964162032737,-0.5979327512864849,-0.5821097574764208,-0.8920147814314467,-0.3,False,False,False,False,30518.0,30717.0,8560.0,30611.285714285714,30490.233333333334,231.23992899594248,172.02780114696046,-0.006478497249080339,-0.005568325293793919,175,-56,260.0,-214.0,-0.65,-0.56,-0.04,0.8497121302362517,1.0039702018554262,0.5662030091018617,2018,3,3,29
2018-04-02,30961,-0.5806026723638416,-0.545190081406724,-0.5707123934277963,-1.0541752579576893,1.76,False,False,True,False,30426.0,30518.0,3200.0,30631.571428571428,30486.133333333335,202.14092208431225,172.04464803992866,-0.0030146143259716096,-0.006478497249080339,570,381,175.0,-56.0,-0.3,-0.65,-0.56,0.3346930237422864,1.0047706310816096,0.4213328878319486,2018,4,0,2
2018-04-03,30625,-0.5475093431152263,-0.5648372512623321,-0.5662386617451587,-1.1477293790305214,-1.09,False,False,False,True,30961.0,30426.0,1380.0,30702.571428571428,30492.0,219.97034432190063,185.09326633084484,0.017583645566291883,-0.0030146143259716096,341,-268,570.0,381.0,1.76,-0.3,-0.65,0.1586754053121766,1.0069057926200784,1.0567002240486292,2018,4,1,3
2018-04-04,30886,-0.5721443134504575,-0.5565371099864335,-0.56112582553643,-1.1708951613914131,0.85,False,False,False,True,30625.0,30961.0,330.0,30719.571428571428,30489.0,206.4282418850727,182.05872489388435,-0.010852362649785174,0.017583645566291883,372,226,341.0,-268.0,-1.09,1.76,-0.3,0.0436046511627907,1.0075624464092436,0.6337504396526501,2018,4,2,4
2018-04-05,30505,-0.4833315448599244,-0.5010627480411869,-0.5771034386887072,-1.1717861530206783,-1.23,False,False,False,True,30886.0,30625.0,70.0,30717.428571428572,30501.066666666666,204.29786843665832,195.92678670045805,0.008522448979591868,-0.010852362649785174,1050,-995,372.0,226.0,0.85,-1.09,1.76,0.010507355148604023,1.007093584861357,0.9007249938550832,2018,4,3,5
2018-04-06,30605,-0.5815542377415973,-0.5903680655666785,-0.581044583266269,0.01857866367745325,0.33,False,False,False,False,30505.0,30886.0,60.0,30662.571428571428,30502.6,202.0930950026804,195.76615184075274,-0.012335686071359153,0.008522448979591868,237,34,1050.0,-995.0,-1.23,0.85,-1.09,0.01083815028901734,1.005244517797546,0.4681548654521219,2018,4,4,6
2018-04-09,30675,-0.5784880826354956,-0.5858502671506831,-0.5658125920610979,-0.49997846455481665,0.23,False,False,False,False,30605.0,30505.0,13420.0,30646.571428571428,30503.966666666667,201.4984343556111,196.35181010872608,0.003278151122766859,-0.012335686071359153,137,75,237.0,34.0,0.33,-1.23,0.85,2.3359442993907744,1.004674957964093,0.571943713145133,2018,4,0,9
2018-04-10,30798,-0.5771135993120706,-0.572612067141022,-0.5627235868516577,-0.3966234355600687,0.4,False,False,False,False,30675.0,30605.0,7600.0,30669.0,30510.066666666666,193.37614468562725,198.79463208740162,0.002287207972553551,0.003278151122766859,234,185,137.0,75.0,0.23,0.33,-1.23,1.4783116125267457,1.005209209637912,0.6364958070484663,2018,4,1,10
2018-04-11,31244,-0.5552275956236893,-0.5092578242376438,-0.53769199291309,0.43734472943203545,1.45,False,False,False,False,30798.0,30675.0,8760.0,30722.14285714286,30519.4,164.41251835130777,205.63519757666992,0.004009779951100301,0.002287207972553551,602,424,234.0,185.0,0.4,0.23,0.33,1.6578349735049205,1.0066430813562146,0.7499847814902747,2018,4,2,11
2018-04-12,30897,-0.51758789845913,-0.5307961655232035,-0.5337508483355283,-0.0001321605371131905,-1.11,False,False,False,False,31244.0,30798.0,18120.0,30762.571428571428,30550.666666666668,246.99180630355946,240.43542875776703,0.014481459835054222,0.004009779951100301,360,-279,602.0,424.0,1.45,0.4,0.23,2.946341463414634,1.0069361747230205,1.0976596267063647,2018,4,3,12
2018-04-13,31005,-0.5444431880091245,-0.5457154068039327,-0.5430178639638491,-0.29594138145311594,0.35,False,False,False,False,30897.0,31244.0,13210.0,30801.428571428572,30566.466666666667,243.10687440114634,247.23473884465315,-0.011106132377416422,0.014481459835054222,305,83,360.0,-279.0,-1.11,1.45,0.4,1.99697656840514,1.0076869174093366,0.7397432618591369,2018,4,4,13
2018-04-16,31167,-0.5303811663156235,-0.529745514728786,-0.5131929860795983,-0.45631987472082824,0.52,False,False,False,False,31005.0,30897.0,9890.0,30818.428571428572,30593.933333333334,253.92640478642866,248.70144590457753,0.0034954849985435743,-0.011106132377416422,177,112,305.0,83.0,0.35,-1.11,1.45,1.35777045579352,1.007337900480114,0.810029835486234,2018,4,0,16
2018-04-17,31257,-0.5214998894565702,-0.524177065518373,-0.5090388066600062,-0.3583107955016707,0.29,False,False,False,False,31167.0,31005.0,8090.0,30913.0,30617.066666666666,240.66920589640858,268.54947959012515,0.005224963715529718,0.0034954849985435743,191,118,177.0,112.0,0.52,0.35,-1.11,1.0169704588309239,1.0096656331109446,0.9187465869315711,2018,4,1,17
2018-04-18,31410,-0.5105040228691708,-0.5028488543916967,-0.4996652736106702,-0.29505038982385084,0.49,False,False,False,False,31257.0,31167.0,9190.0,31006.14285714286,30644.666666666668,227.40304056296955,290.2281306415844,0.002887669650591951,0.005224963715529718,306,167,191.0,118.0,0.29,0.52,0.35,1.0394751724917997,1.0117957292343265,0.9387301334129192,2018,4,2,18
2018-04-19,31479,-0.4887237486672068,-0.49927664169067704,-0.486031043720727,-0.39484145230153855,0.22,False,False,False,False,31410.0,31257.0,9900.0,31111.14285714286,30672.733333333334,218.53407710762897,321.5782130773923,0.004894903541606599,0.002887669650591951,212,30,306.0,167.0,0.49,0.29,0.52,1.0077361563517915,1.0142931351779167,1.0055310711705558,2018,4,3,19
2018-04-20,31314,-0.493375846069568,-0.5073666528076922,-0.4881613921410306,-0.6407551419786974,-0.52,False,False,False,False,31479.0,31410.0,8780.0,31208.428571428572,30706.666666666668,207.18418307010216,350.8440397519835,0.0021967526265520565,0.004894903541606599,155,-91,212.0,30.0,0.22,0.49,0.29,0.8208676140613314,1.0163404875628064,0.9847446892781448,2018,4,4,20
2018-04-23,31164,-0.5044774421433846,-0.5220757639295379,-0.5068019408186873,-0.582840686076468,-0.48,False,False,False,False,31314.0,31479.0,6020.0,31218.428571428572,30735.933333333334,210.84422143949212,363.8658272351039,-0.005241589631182708,0.0021967526265520565,190,-136,155.0,-91.0,-0.52,0.22,0.49,0.6046605062274005,1.0156980831804436,0.8180479111444818,2018,4,0,23
2018-04-24,31262,-0.5192795702418068,-0.524177065518373,-0.511275672501325,-0.6113524182129502,0.31,False,False,False,False,31164.0,31314.0,6670.0,31256.571428571428,30761.133333333335,161.34523765647845,366.54027706684684,-0.0047901896915117925,-0.005241589631182708,212,102,190.0,-136.0,-0.48,-0.52,0.22,0.6762648281455946,1.0161059766514269,0.6854557981038404,2018,4,1,24
2018-04-25,31301,-0.5046889011162192,-0.5195542020229358,-0.4956176116120933,-0.6273902675397214,0.12,False,False,False,False,31262.0,31164.0,6350.0,31293.285714285714,30791.866666666665,117.96851880358281,368.6592420938355,0.003144654088050425,-0.0047901896915117925,109,3,212.0,102.0,0.31,-0.48,-0.52,0.6599459571814592,1.0162841393491047,0.7412013299424556,2018,4,2,25
2018-04-26,31158,-0.5096581869778324,-0.5245973258361399,-0.506588905976657,-0.6184803512470707,-0.46,False,False,False,False,31301.0,31262.0,6170.0,31312.428571428572,30822.333333333332,104.11989426181844,371.80049649642626,0.0012475209519544617,0.003144654088050425,164,-93,109.0,3.0,0.12,0.31,-0.48,0.7321704046517147,1.015900653360504,0.7452853886279761,2018,4,3,26
2018-04-27,31129,-0.5255176099404276,-0.5337379877475726,-0.5135125383426438,-0.6336272089445769,-0.09,False,False,False,False,31158.0,31301.0,6270.0,31298.285714285714,30847.166666666668,118.61803444408422,368.3818374465578,-0.004568544135970076,0.0012475209519544617,142,28,164.0,-93.0,-0.46,0.12,0.31,0.8108108108108109,1.014624326846411,0.6193376222245751,2018,4,4,27
2018-04-30,30947,-0.526680634291018,-0.5441394306123064,-0.5300227385999969,-0.608679443325155,-0.58,False,False,False,False,31129.0,31158.0,6100.0,31258.14285714286,30874.333333333332,122.01014790014756,357.6008498531148,-0.0009307400988509684,-0.004568544135970076,198,-143,142.0,28.0,-0.09,-0.46,0.12,0.8294805548001087,1.0124313461173637,0.5759361398462407,2018,4,0,30
2018-05-01,30874,-0.5515270635990838,-0.56231568935573,-0.5467459736993805,-1.1005068226794728,-0.24,False,False,False,True,30947.0,31129.0,6380.0,31182.14285714286,30897.533333333333,127.09501507644693,337.79515659000504,-0.005846638183044761,-0.0009307400988509684,182,19,198.0,-143.0,-0.58,-0.09,-0.46,0.888208269525268,1.0092113995230318,0.41757519384467945,2018,5,1,1
2018-05-02,30926,-0.534081698340229,-0.5168225099574502,-0.5334312960724827,-1.1325825213330152,0.17,False,False,False,True,30874.0,30947.0,860.0,31119.285714285714,30912.266666666666,156.43285491026901,326.23145298868985,-0.0023588716192199932,-0.005846638183044761,490,-94,182.0,19.0,-0.24,-0.58,-0.09,0.13543307086614173,1.0066969869874434,0.3348996713896592,2018,5,2,2
2018-05-03,31003,-0.5441259995498726,-0.5382557861635682,-0.5333247786514675,-1.1584212785817023,0.25,False,False,False,True,30926.0,30874.0,500.0,31085.285714285714,30933.666666666668,170.34055524755072,303.8893098535156,0.0016842650774113732,-0.0023588716192199932,285,78,490.0,-94.0,0.17,-0.24,-0.58,0.09242144177449169,1.0049014250154324,0.38029225767380126,2018,5,3,3
2018-05-04,31068,-0.546029130305384,-0.5374152655280341,-0.5284249772847692,-1.1655492116158228,0.21,False,False,False,True,31003.0,30926.0,210.0,31048.285714285714,30951.633333333335,152.78275893801134,290.8162689713477,0.0024898143956542107,0.0016842650774113732,247,161,285.0,78.0,0.25,0.17,-0.24,0.04612343509773775,1.0031226908096087,0.41863047995853436,2018,5,4,4
2018-05-07,31247,-0.5229801022664123,-0.5220757639295379,-0.5052041795034596,-0.6282812591689865,0.58,False,False,False,False,31068.0,31003.0,130.0,31015.0,30970.366666666665,107.10119825102636,278.9804693852456,0.002096571299551764,0.0024898143956542107,175,122,247.0,161.0,0.21,0.25,0.17,0.03279515640766902,1.001441162573686,0.45749988130253527,2018,5,0,7
2018-05-08,31200,-0.5129358010567687,-0.5285897988549266,-0.5105300505542187,-0.40286037696492416,-0.15,False,False,False,False,31247.0,31068.0,6160.0,31027.714285714286,30981.9,129.78663809772746,283.13495624495965,0.005761555298055887,0.002096571299551764,163,-20,175.0,122.0,0.58,0.21,0.25,1.5742397137745976,1.0014787435797767,0.652723350946757,2018,5,1,8
2018-05-09,31303,-0.513041530543186,-0.5153515988452656,-0.501902139451989,-0.2923774149360557,0.33,False,False,False,False,31200.0,31247.0,8690.0,31037.85714285714,30992.266666666666,141.28626799497795,285.3014054532164,-0.0015041443978621727,0.005761555298055887,208,84,163.0,-20.0,-0.15,0.58,0.21,2.0954907161803713,1.0014710274882705,0.5695188344744733,2018,5,2,9
2018-05-10,31352,-0.5004597216595272,-0.5042147004244395,-0.4939133328758504,-0.22109808459485017,0.16,False,False,False,False,31303.0,31200.0,9930.0,31088.714285714286,31011.8,165.18243882258804,285.8650996046351,0.003301282051282106,-0.0015041443978621727,239,14,208.0,84.0,0.33,-0.15,0.58,2.1954455007738227,1.002480161929146,0.7135479790907355,2018,5,3,10
2018-05-11,31500,-0.5002482626866926,-0.4963348194663079,-0.4823029339851956,-0.3894955025259481,0.47,False,False,False,False,31352.0,31303.0,10730.0,31157.0,31039.6,160.35793297123678,276.59002400458974,0.0015653451745838431,0.003301282051282106,205,160,239.0,14.0,0.16,0.33,-0.15,2.1593882068826726,1.0037822652353767,0.7606076747471253,2018,5,4,11
2018-05-14,31496,-0.48861801918078945,-0.49643988454574967,-0.4780422371445883,-0.47324871567686455,-0.01,False,False,False,False,31500.0,31352.0,8840.0,31239.0,31075.4,169.0700052250811,263.6333137854051,0.0047205919877519875,0.0015653451745838431,164,46,205.0,160.0,0.47,0.16,0.33,1.6860576006103376,1.0052646144538766,0.9217298372627106,2018,5,0,14
2018-05-15,31186,-0.49126125634122203,-0.5011678131206286,-0.5001978607157461,0.11569675126734572,-0.98,False,False,False,False,31496.0,31500.0,7900.0,31309.428571428572,31093.233333333334,156.59912424540937,273.53682010574505,-0.00012698412698408656,0.0047205919877519875,327,-239,164.0,46.0,-0.01,0.47,0.16,1.464318813716404,1.006953128218527,0.8686969571224027,2018,5,1,15
2018-05-16,31007,-0.5181165458912165,-0.5356291591775243,-0.524803384970253,-0.22109808459485017,-0.57,False,False,False,False,31186.0,31496.0,14510.0,31326.285714285714,31111.933333333334,130.44630349451003,259.22443123028154,-0.009842519685039353,-0.00012698412698408656,230,-164,327.0,-239.0,-0.98,-0.01,0.47,2.146449704142012,1.0068897158738355,0.4600473486508171,2018,5,2,16
2018-05-17,30986,-0.5360905585821577,-0.5534902226826226,-0.5342834354406042,-0.4162252514039002,-0.07,False,False,False,False,31007.0,31186.0,10730.0,31292.0,31115.966666666667,177.7291947509191,256.5150373123414,-0.005739755018277393,-0.009842519685039353,149,-15,230.0,-164.0,-0.57,-0.98,-0.01,1.3786457664139793,1.0056573313379304,0.24774468329577778,2018,5,3,17
2018-05-18,31093,-0.5392624431746768,-0.5415128036262625,-0.5238447281811164,-0.5195802803986481,0.35,False,False,False,False,30986.0,31007.0,8540.0,31261.428571428572,31132.0,211.40628904496262,230.74825810875058,-0.0006772664237107984,-0.005739755018277393,165,122,149.0,-15.0,-0.07,-0.57,-0.98,0.9911792014856081,1.004157412675979,0.24311176726609712,2018,5,4,18
2018-05-21,31114,-0.5324957560439695,-0.5389912417196604,-0.5265076637064959,-0.4617549236593452,0.07,False,False,False,False,31093.0,30986.0,7380.0,31231.428571428572,31148.266666666666,219.2774932540093,208.43851873270455,0.003453172400438964,-0.0006772664237107984,214,79,165.0,122.0,0.35,-0.07,-0.57,0.7900653035006958,1.0026698726337444,0.40561185376995607,2018,5,0,21
2018-05-22,31111,-0.5335530509081425,-0.5354190290186407,-0.5179862700252814,-0.5240352385449735,-0.01,False,False,False,False,31114.0,31093.0,8029.0,31197.428571428572,31162.9,215.89183799863414,188.5261072185379,0.0006753931753127329,0.003453172400438964,168,86,214.0,79.0,0.07,0.35,-0.07,0.8426830676224562,1.001108002510311,0.43876998461662964,2018,5,1,22
2018-05-23,31186,-0.5234030202120816,-0.5148262734480568,-0.5075475627657936,-0.10972413093671662,0.24,False,False,False,False,31111.0,31114.0,7330.0,31141.85714285714,31173.333333333332,170.27372920472868,175.8718838807253,-9.641961817830058e-05,0.0006753931753127329,266,65,168.0,86.0,-0.01,0.07,0.35,0.780459757876468,0.9989902847366492,0.44470483424639906,2018,5,2,23
2018-05-24,31461,-0.5107154818420054,-0.5025336591533714,-0.49348726319178965,-0.1916953608291029,0.88,False,False,False,False,31186.0,31111.0,11980.0,31097.571428571428,31171.4,78.27485152393872,175.38639116653937,0.002410722895438866,-9.641961817830058e-05,251,220,266.0,65.0,0.24,-0.01,0.07,1.2483197699257051,0.9976315285348565,0.560184003824411,2018,5,3,24
2018-05-25,31194,-0.4970763780941736,-0.508732498840435,-0.5001978607157461,-0.28168551538487485,-0.85,False,False,False,False,31461.0,31186.0,11060.0,31136.85714285714,31190.2,158.22918880730757,175.18667875530755,0.008818059385621746,0.002410722895438866,255,-176,251.0,220.0,0.88,0.24,-0.01,1.1485062150178091,0.9982897558482197,0.9027781594327685,2018,5,4,25
2018-05-28,30971,-0.5203368651059799,-0.5378355258458011,-0.5307683605471032,-0.570366803266757,-0.71,False,False,False,False,31194.0,31461.0,10050.0,31163.571428571428,31196.5,148.11353431662312,171.65979787480117,-0.008486697816344035,0.008818059385621746,265,-179,255.0,-176.0,-0.85,0.88,0.24,1.0306740916223118,0.9989444786617546,0.5418054491576473,2018,5,0,28
2018-05-29,31184,-0.534081698340229,-0.5199744623407028,-0.5163885087100537,-0.07408446576611388,0.69,False,False,False,False,30971.0,31194.0,6810.0,31161.428571428572,31189.966666666667,151.18736404793037,176.48336510969477,-0.007148810668718308,-0.008486697816344035,300,164,265.0,-179.0,-0.71,-0.85,0.88,0.7062923282755473,0.99908502322099,0.24043655436414552,2018,5,1,29
2018-05-30,31030,-0.5235087496984989,-0.5406722829907284,-0.5252294546543138,-0.36276575364799607,-0.49,False,False,False,False,31184.0,30971.0,12380.0,31174.428571428572,31187.533333333333,148.20577715154988,176.0299216975798,0.006877401440056774,-0.007148810668718308,186,-90,300.0,164.0,0.69,-0.71,-0.85,1.312984547508193,0.999579807682618,0.5066546243642601,2018,5,2,30
2018-05-31,30882,-0.53090981374771,-0.5409874782290538,-0.5358811967558319,-0.6363001838323721,-0.48,False,False,False,False,31030.0,31184.0,9140.0,31162.428571428572,31174.866666666665,157.05079554429128,173.11760669166935,-0.004938429964084112,0.006877401440056774,283,-168,186.0,-90.0,-0.49,0.69,-0.71,0.9859869038500955,0.9996010217021588,0.26748395132179426,2018,5,3,31
2018-06-01,30568,-0.5577651032977045,-0.5705107655521868,-0.5762512993205857,-0.9926968355383995,-1.02,False,False,False,False,30882.0,31030.0,6070.0,31129.714285714286,31154.966666666667,189.9532523948465,171.2544957026804,-0.004769577827908433,-0.004938429964084112,381,-228,283.0,-168.0,-0.48,-0.49,0.69,0.6727327134291636,0.9991894589000027,0.07670834287688062,2018,6,4,1
2018-06-04,30708,-0.5732016083146305,-0.5733475226971143,-0.5632561739567336,-1.1468383874012564,0.46,False,False,False,True,30568.0,30882.0,2070.0,31041.428571428572,31130.1,281.15467696820167,199.24016870882147,-0.010167735250307675,-0.004769577827908433,232,58,381.0,-228.0,-1.02,-0.48,-0.49,0.2437617023281009,0.9971515854889182,-0.16135004948462672,2018,6,0,4
2018-06-05,30699,-0.5707698301270325,-0.5604245179257784,-0.5551608499595798,-1.1700041697621482,-0.03,False,False,False,True,30708.0,30568.0,340.0,30933.85714285714,31114.9,233.9589911158584,213.45198119342515,0.004579952891913042,-0.010167735250307675,279,26,232.0,58.0,0.46,-1.02,-0.48,0.04402434287194096,0.9941814739194772,0.06627979986084788,2018,6,1,5
2018-06-06,30755,-0.5493067443843204,-0.562735949673497,-0.5483437350146082,-0.6131344014714804,0.18,False,False,False,False,30699.0,30708.0,80.0,30863.14285714286,31096.133333333335,216.37192406583225,224.5347271085269,-0.0002930832356389246,0.004579952891913042,193,-121,279.0,26.0,-0.03,0.46,-1.02,0.011431837667905115,0.9925074132628341,0.11090543870593476,2018,6,2,6
2018-06-07,31055,-0.5552275956236893,-0.5457154068039327,-0.5409940329645606,-0.44562797516964747,0.98,False,False,False,False,30755.0,30699.0,6330.0,30832.285714285714,31077.933333333334,213.813559194404,229.43137105141395,0.0018241636535392125,-0.0002930832356389246,286,235,193.0,-121.0,0.18,-0.03,0.46,0.9839888077102441,0.9920957543600833,0.19905890791228495,2018,6,3,7
2018-06-08,31076,-0.5350332637179848,-0.5330025321914804,-0.5238447281811164,-0.44830095005744264,0.07,False,False,False,False,31055.0,30755.0,8210.0,30813.85714285714,31074.5,181.5759056812063,228.96208841329647,0.00975451146155093,0.0018241636535392125,246,65,286.0,235.0,0.98,0.18,-0.03,1.3353936239427455,0.991612323379528,0.49581607895599444,2018,6,4,8
2018-06-11,31035,-0.528795224019364,-0.5448748861683986,-0.5270402508115719,-0.5071063975889372,-0.13,False,False,False,False,31076.0,31055.0,8180.0,30820.428571428572,31072.733333333334,191.2754184792876,228.73142409244983,0.000676219610368678,0.00975451146155093,163,-35,246.0,65.0,0.07,0.98,0.18,1.3722529776883072,0.9918801877131903,0.5402787704449531,2018,6,0,11
2018-06-12,30952,-0.5360905585821577,-0.5534902226826226,-0.5320465695992854,-0.5578929204570461,-0.27,False,False,False,False,31035.0,31076.0,7520.0,30842.285714285714,31075.666666666668,207.5345065976074,227.62496883322157,-0.001319346119191711,0.000676219610368678,128,-49,163.0,-35.0,-0.13,0.07,0.98,1.246684350132626,0.9924899132532113,0.5238470922970493,2018,6,1,12
2018-06-13,30952,-0.5429629751992823,-0.5542256782387148,-0.5270402508115719,-0.8287543757536269,0.0,False,False,False,False,30952.0,31035.0,6950.0,30897.14285714286,31078.266666666666,170.37353919339643,225.67919454419743,-0.0026743998711132866,-0.001319346119191711,74,16,128.0,-49.0,-0.27,-0.13,0.07,1.2661687010384406,0.9941720105736117,0.43755880386771334,2018,6,2,13
2018-06-14,31145,-0.5390509842018422,-0.534893703621432,-0.5213948274977672,-0.41177029325757486,0.62,False,False,False,False,30952.0,30952.0,3910.0,30932.0,31079.133333333335,148.82428117349497,225.1235267545207,0.0,-0.0026743998711132866,205,172,74.0,16.0,0.0,-0.27,-0.13,0.7873540072492952,0.9952658482540268,0.4409935342092253,2018,6,3,14
2018-06-15,30804,-0.5171649805134608,-0.5331075972709222,-0.5446156252790768,-0.18189445290718717,-1.09,False,False,False,False,31145.0,30952.0,8590.0,30995.714285714286,31083.866666666665,126.19787938806915,224.96033877670618,0.006235461359524352,0.0,440,-376,205.0,172.0,0.62,0.0,-0.27,1.6462246071291682,0.9971640471278012,0.6637104060398363,2018,6,4,15
2018-06-18,30773,-0.5574479148384526,-0.5708259607905122,-0.548237217593593,-0.7485651291197707,-0.1,False,False,False,False,30804.0,31145.0,11170.0,31002.714285714286,31075.066666666666,111.07312048996805,230.69294913619012,-0.010948787927436143,0.006235461359524352,115,-26,440.0,-376.0,-1.09,0.62,0.0,1.822780678851175,0.9976716902419396,0.27602835947896415,2018,6,0,18
2018-06-19,30702,-0.5522671700040048,-0.5642068607856816,-0.5533500538023217,-0.5293811883205639,-0.23,False,False,False,False,30773.0,30804.0,4810.0,30962.428571428572,31059.266666666666,137.05091163904487,234.70831983942438,-0.0010063628100246413,-0.010948787927436143,226,-146,115.0,-26.0,-0.1,-1.09,0.62,0.7315589353612167,0.9968821512665648,0.26352604082549835,2018,6,1,19
2018-06-20,30605,-0.5700297237221115,-0.5849046814357073,-0.5632561739567336,-0.7378732295685899,-0.32,False,False,False,False,30702.0,30773.0,7270.0,30909.0,31042.666666666668,156.86512253145247,241.91182966709854,-0.0023072173658726935,-0.0010063628100246413,122,-75,226.0,-146.0,-0.23,-0.1,-1.09,0.9967096243487799,0.9956940984451507,0.21284771366987923,2018,6,2,20
2018-06-21,30451,-0.581131319795928,-0.5982479465248102,-0.5859443846329673,-0.5587839120863112,-0.5,False,False,False,False,30605.0,30702.0,4930.0,30847.571428571428,31019.4,181.55151440044025,249.45853086283537,-0.0031594032962022345,-0.0023072173658726935,208,-124,122.0,-75.0,-0.32,-0.23,-0.1,0.6891249650545149,0.994460609443491,0.14631761406280916,2018,6,3,21
2018-06-22,30498,-0.5985766850547828,-0.6004543131930871,-0.5838140362126637,-0.570366803266757,0.15,False,False,False,False,30451.0,30605.0,6940.0,30776.0,30989.366666666665,226.6686274428094,261.95899696615606,-0.005031857539617657,-0.0031594032962022345,167,88,208.0,-124.0,-0.5,-0.32,-0.23,0.9876191831507044,0.9931148426180594,0.004845518528932624,2018,6,4,22
2018-06-25,30540,-0.5890610312772256,-0.590578195725562,-0.5717775676379482,-0.7334182714222646,0.14,False,False,False,False,30498.0,30451.0,6810.0,30711.14285714286,30955.966666666667,232.78561565801903,258.4623608063467,0.0015434632688582361,-0.005031857539617657,148,40,167.0,88.0,0.15,-0.5,-0.32,0.988388969521045,0.9920912238936013,0.10416785252515658,2018,6,0,25
2018-06-26,30480,-0.587792277440218,-0.5983530116042519,-0.5893529421054531,-0.6060064684373597,-0.2,False,False,False,False,30540.0,30498.0,4980.0,30624.714285714286,30924.1,137.78209158684078,248.3190869931078,0.0013771394845563112,0.0015434632688582361,239,-32,148.0,40.0,0.14,0.15,-0.5,0.7504520795660036,0.9903186927255535,0.18840045861344043,2018,6,1,26
2018-06-27,30606,-0.5926558338154139,-0.5923643020760719,-0.5787012000039349,-0.6425371252372276,0.41,False,False,False,False,30480.0,30540.0,6410.0,30578.428571428572,30900.566666666666,120.90334589149721,255.97867412886825,-0.0019646365422396617,0.0013771394845563112,196,140,239.0,-32.0,-0.2,0.14,0.15,0.9738681251899118,0.989575010105378,0.15347545980107757,2018,6,2,27
2018-06-28,30431,-0.5797568364725032,-0.5952010592209993,-0.5815771703713448,-0.7922237189537591,-0.57,False,False,False,False,30606.0,30480.0,6000.0,30554.571428571428,30887.2,88.15111484127166,260.6562540170506,0.004133858267716617,-0.0019646365422396617,196,-157,196.0,140.0,0.41,-0.2,0.14,0.8835223089383006,0.9892308603101423,0.3167780875662845,2018,6,3,28
2018-06-29,30363,-0.5992110619732866,-0.6114861465344713,-0.5943592608931666,-0.6772857987785652,-0.22,False,False,False,False,30431.0,30606.0,4320.0,30515.85714285714,30868.7,70.31696943566433,272.8140897860502,-0.00571783310462004,0.004133858267716617,161,-41,196.0,-157.0,-0.57,0.41,-0.2,0.6788183532369579,0.9885695589013188,0.1567878127177465,2018,6,4,29
2018-07-02,30153,-0.6017485696473018,-0.6153735544738163,-0.625036278145539,-0.9757679945823632,-0.69,False,False,False,False,30363.0,30431.0,5610.0,30481.285714285714,30844.366666666665,78.22982015858585,284.4266444824448,-0.0022345634385988467,-0.00571783310462004,412,-227,161.0,-41.0,-0.22,-0.57,0.41,0.9659090909090909,0.9882286137917907,0.11442426844376215,2018,7,0,2
2018-07-03,30469,-0.6223658194986755,-0.5956213195387663,-0.6143845360440208,-1.1602032618402325,1.05,False,False,False,True,30153.0,30363.0,2260.0,30438.714285714286,30812.333333333332,147.6975674434462,306.288047131597,-0.006916312617330278,-0.0022345634385988467,500,284,412.0,-227.0,-0.69,-0.22,-0.57,0.40698721411849453,0.9878743669433545,-0.006625582739148829,2018,7,1,3
2018-07-04,30510,-0.5929730222746658,-0.600874573510854,-0.5757187122155099,-1.1735681362792083,0.13,False,False,False,True,30469.0,30153.0,190.0,30434.571428571428,30790.933333333334,146.156146116949,307.12773186047633,0.01047988591516602,-0.006916312617330278,87,47,500.0,284.0,1.05,-0.69,-0.22,0.0392156862745098,0.9884264013401595,0.2983687907219659,2018,7,2,4
2018-07-05,30541,-0.5784880826354956,-0.5914187163610961,-0.572310154743024,-1.1753501195377385,0.1,False,False,False,True,30510.0,30469.0,40.0,30430.285714285714,30768.4,142.95420512193647,301.8968309726492,0.0013456299845744368,0.01047988591516602,145,-59,87.0,47.0,0.13,1.05,-0.69,0.009182736455463728,0.9890109890109889,0.34782938835023663,2018,7,3,5
2018-07-06,30582,-0.5732016083146305,-0.5809122084169206,-0.5643213481668854,-0.7458921542319755,0.13,False,False,False,False,30541.0,30510.0,20.0,30439.0,30737.733333333334,148.25091343217142,274.6101855769351,0.0010160603080957564,0.0013456299845744368,170,-68,145.0,-59.0,0.1,0.13,1.05,0.0054585152838427945,0.990281217873363,0.3936413953212355,2018,7,4,6
2018-07-09,30638,-0.5771135993120706,-0.5758690846037163,-0.5597410990632327,-0.530272179949829,0.18,False,False,False,False,30582.0,30541.0,4840.0,30435.571428571428,30717.333333333332,143.96047738097758,261.98846162112324,0.0013424576798402033,0.0010160603080957564,175,25,170.0,-68.0,0.13,0.1,0.13,1.396019613498702,0.9908272667518262,0.4518961660866245,2018,7,0,9
2018-07-10,30551,-0.5718271249912056,-0.5873211782628677,-0.5785946825829198,-0.5071063975889372,-0.28,False,False,False,False,30638.0,30582.0,7260.0,30465.14285714286,30706.233333333334,162.88178593880892,257.89274479075283,0.0018311425021253491,0.0013424576798402033,243,-112,175.0,25.0,0.18,0.13,0.1,1.9648173207036537,0.9921484841995011,0.5309305064502574,2018,7,1,10
2018-07-11,30344,-0.5888495723043911,-0.6013998989080628,-0.5904181163156049,-0.6407551419786974,-0.68,False,False,False,False,30551.0,30638.0,7520.0,30492.0,30685.133333333335,158.67787075331705,242.91558535593384,-0.002839610940661874,0.0018311425021253491,220,-158,243.0,-112.0,-0.28,0.18,0.13,1.975827640567525,0.9937059640173199,0.45475716371068975,2018,7,2,11
2018-07-12,30175,-0.6086209862644264,-0.6255648671796664,-0.6078869733620946,-0.4866135901158406,-0.56,False,False,False,False,30344.0,30551.0,6020.0,30519.285714285714,30662.266666666666,93.8468864447713,241.61695723316626,-0.0067755556282936835,-0.002839610940661874,154,-140,220.0,-158.0,-0.68,-0.28,0.18,1.5808823529411764,0.9953369085875055,0.23426189249202772,2018,7,3,12
2018-07-13,30131,-0.6240574912813524,-0.6365967005210507,-0.6213081684100076,-0.5382911046132146,-0.15,False,False,False,False,30175.0,30344.0,7750.0,30477.285714285714,30638.7,161.5030590898441,253.62668058206782,-0.005569470076456584,-0.0067755556282936835,175,-38,154.0,-140.0,-0.56,-0.68,-0.28,1.8670199951818838,0.9947316862101105,0.0006872292540678361,2018,7,4,13
2018-07-16,30103,-0.6259606220368638,-0.632604227502264,-0.6171539889904155,-0.6817407569248906,-0.09,False,False,False,False,30131.0,30175.0,7170.0,30423.14285714286,30624.133333333335,206.08366308520328,269.85714398650344,-0.0014581607290803378,-0.005569470076456584,174,-48,175.0,-38.0,-0.15,-0.56,-0.68,1.6647318319015556,0.9934368599430141,0.00156706825788664,2018,7,0,16
2018-07-17,29757,-0.6311413668713115,-0.6460525576708086,-0.6527308076094861,-0.3502918708382851,-1.15,False,False,False,False,30103.0,30131.0,5560.0,30360.571428571428,30603.966666666667,229.49862537226215,285.524862535776,-0.0009292754969963957,-0.0014581607290803378,380,-345,174.0,-48.0,-0.09,-0.15,-0.56,1.199051110631874,0.9920469382042446,0.021856169616472982,2018,7,1,17
2018-07-18,29799,-0.6420315039722936,-0.658765432283261,-0.6600805096595337,-0.4714667324183344,0.14,False,False,False,False,29757.0,30103.0,9280.0,30242.714285714286,30572.566666666666,298.34360184532545,323.92801279128,-0.011493871042753234,-0.0009292754969963957,328,-200,380.0,-345.0,-1.15,-0.09,-0.15,1.6732780382257484,0.9892108377896836,-0.21008951607515705,2018,7,2,18
2018-07-19,29913,-0.6767107755171684,-0.6620224497459554,-0.6650868284472472,-0.42869913421361117,0.38,False,False,False,False,29799.0,29757.0,7920.0,30122.85714285714,30540.7,281.10640249546924,351.23478246529453,0.0014114326040930436,-0.011493871042753234,344,242,328.0,-200.0,0.14,-1.15,-0.09,1.250394695295232,0.9863184911562977,-0.04436136784639365,2018,7,3,19
2018-07-20,29957,-0.6643404256063441,-0.6610768640309795,-0.6498548372420763,-0.5472010209058653,0.15,False,False,False,False,29913.0,29799.0,8400.0,30031.714285714286,30502.633333333335,214.75157297531342,355.4327603444764,0.0038256317326084144,0.0014114326040930436,210,169,344.0,242.0,0.38,0.14,-1.15,1.1712214166201895,0.9845613641788616,0.11893660851541771,2018,7,4,20
2018-07-23,29914,-0.6501726744264258,-0.6541425687878237,-0.6397356822456339,-0.54452804601807,-0.14,False,False,False,False,29957.0,29913.0,7070.0,29976.428571428572,30465.333333333332,165.0119764777219,351.88500603312013,0.0014709323705413002,0.0038256317326084144,181,-8,210.0,169.0,0.15,0.38,0.14,0.9560513860716701,0.9839520954339984,0.19412085946340515,2018,7,0,23
2018-07-24,29912,-0.6567279025842985,-0.6609717989515378,-0.6484701107688788,-0.491959539891431,-0.01,False,False,False,False,29914.0,29957.0,7100.0,29939.14285714286,30427.966666666667,140.3025642101402,348.8122193494492,-0.0014353907267082855,0.0014709323705413002,198,52,181.0,-8.0,-0.14,0.15,0.38,0.9621899986448028,0.9839350484743594,0.19126610434188093,2018,7,1,24
2018-07-25,29959,-0.6559877961793773,-0.6549830894233578,-0.6426116526130439,-0.5017604478133467,0.16,False,False,False,False,29912.0,29914.0,7690.0,29907.85714285714,30393.3,111.94109845780443,346.6085091574771,-6.685832720465523e-05,-0.0014353907267082855,200,92,198.0,52.0,-0.01,-0.14,0.15,1.039751216873986,0.9840279648099134,0.22011922738492273,2018,7,2,25
2018-07-26,29836,-0.6512299692905988,-0.6637034910170234,-0.6446354836123324,-0.6630299327103242,-0.41,False,False,False,False,29959.0,29912.0,7580.0,29887.285714285714,30360.2,78.27028871396867,338.7394889572166,0.0015712757421770807,-6.685832720465523e-05,136,-76,200.0,92.0,0.16,-0.01,-0.14,1.003707627118644,0.9844232157326274,0.28249269248516407,2018,7,3,26
2018-07-27,29805,-0.6461549539425683,-0.6628629703814894,-0.6589088180283666,-0.5062154059596721,-0.1,False,False,False,False,29836.0,29959.0,5770.0,29898.571428571428,30316.566666666666,59.89117114469048,317.8238162262456,-0.0041056110017023695,0.0015712757421770807,278,-155,136.0,-76.0,-0.41,0.16,-0.01,0.7846070165896111,0.9862123161012547,0.20840779773352638,2018,7,4,27
2018-07-30,29755,-0.6708956537642168,-0.6815645545221218,-0.6569915044500934,-0.7405462044563851,-0.17,False,False,False,False,29805.0,29836.0,7530.0,29899.428571428572,30283.266666666666,58.249054765572524,317.326649209536,-0.0010390132725566215,-0.0041056110017023695,82,29,278.0,-155.0,-0.1,-0.41,0.16,1.0189445196211095,0.9873250762718874,0.213626172535633,2018,7,0,30
2018-07-31,29638,-0.6704727358185476,-0.6859772878586755,-0.6717974259712036,-0.5864046525935283,-0.39,False,False,False,False,29755.0,29805.0,4900.0,29876.85714285714,30249.333333333332,79.02199814359305,317.58097890243283,-0.0016775708773695275,-0.0010390132725566215,179,-92,82.0,29.0,-0.17,-0.1,-0.41,0.6690333151283452,0.9876864661322721,0.20137013899982423,2018,7,1,31
2018-08-01,29462,-0.6851691344305525,-0.6933318434195983,-0.6845795164930254,-0.9864598941335441,-0.59,False,False,False,False,29638.0,29755.0,6630.0,29831.285714285714,30213.866666666665,110.7244542187211,324.6195368086704,-0.003932112250041975,-0.0016775708773695275,229,-129,179.0,-92.0,-0.39,-0.17,-0.1,0.9392265193370166,0.9873375706392776,0.15049765662158462,2018,8,2,1
2018-08-02,29520,-0.6914071741291733,-0.6966939259617345,-0.6807448893364789,-1.0951608729038824,0.2,False,False,False,True,29462.0,29638.0,2140.0,29766.714285714286,30175.766666666666,170.24659985454238,343.64814436594725,-0.005938322423915232,-0.003932112250041975,161,-12,229.0,-129.0,-0.59,-0.39,-0.17,0.33019595741397934,0.9864443417305372,0.07248236279317778,2018,8,3,2
2018-08-03,29800,-0.6926759279661808,-0.6691668751479947,-0.6862837952292683,-1.167331194874353,0.95,False,False,False,True,29520.0,29462.0,920.0,29710.714285714286,30144.733333333334,178.75095737374897,359.6028396697929,0.0019686375670355805,-0.005938322423915232,475,280,161.0,-12.0,0.2,-0.59,-0.39,0.1604744461887319,0.9856021599919373,0.1504460959032484,2018,8,4,3
2018-08-06,29563,-0.6782967178134279,-0.6948027545317829,-0.6742473266545528,-0.8190425669946376,-0.8,False,False,False,False,29800.0,29520.0,110.0,29688.0,30121.466666666667,149.68077142191655,358.5370401996634,0.009485094850948617,0.0019686375670355805,118,-93,475.0,280.0,0.95,0.2,-0.59,0.021838395870557872,0.9856093771440966,0.3786035510062819,2018,8,0,6
2018-08-07,29534,-0.6837946511071276,-0.6935419735784819,-0.6761646402328261,-0.6443191084957577,-0.1,False,False,False,False,29563.0,29800.0,4019.0,29649.0,30088.9,139.94046353167252,363.5463590412547,-0.007953020134228161,0.009485094850948617,148,-70,118.0,-93.0,-0.8,0.95,0.2,0.84988052189727,0.985379990627773,0.19352926780312038,2018,8,1,7
2018-08-08,29544,-0.6884467485094888,-0.6975344465972686,-0.6782949886531296,-0.6024425019202995,0.03,False,False,False,False,29534.0,29563.0,5980.0,29610.285714285714,30057.366666666665,126.4235134855466,369.4327882811925,-0.0009809559246355404,-0.007953020134228161,130,-16,148.0,-70.0,-0.1,-0.8,0.95,1.3120077228548237,0.9851257444692665,0.1687022170041461,2018,8,2,8
2018-08-09,29605,-0.6879181010774024,-0.6938571688168071,-0.6752059834436894,-0.6799587736663605,0.21,False,False,False,False,29544.0,29534.0,6450.0,29580.14285714286,30021.966666666667,110.2941953320045,365.9135457840521,0.0003385928082888512,-0.0009809559246355404,136,40,130.0,-16.0,0.03,-0.1,-0.8,1.4511012621206327,0.9852833155659197,0.19222699457727246,2018,8,3,9
2018-08-10,29706,-0.6815743318923643,-0.6855570275409085,-0.6740342918125224,-0.5258172218035037,0.34,False,False,False,False,29605.0,29544.0,5580.0,29575.428571428572,29994.433333333334,108.09233266553701,365.14991567751633,0.002064717032223218,0.0003385928082888512,204,81,136.0,40.0,0.21,0.03,-0.1,1.2607605232834,0.9860305825001496,0.2830320774709791,2018,8,4,10
2018-08-13,29665,-0.6683581460902016,-0.675891040232267,-0.6629564800269435,-0.4892865650036358,-0.14,False,False,False,False,29706.0,29605.0,7310.0,29610.285714285714,29972.533333333333,104.70707439660906,361.97082501312286,0.0034115858807632904,0.002064717032223218,192,-85,204.0,81.0,0.34,0.21,0.03,1.65989236812825,0.9879140139734284,0.43240573413275035,2018,8,0,13
2018-08-14,29664,-0.6773451524356722,-0.6859772878586755,-0.6703061820769911,-0.7325272797929995,0.0,False,False,False,False,29665.0,29706.0,7720.0,29631.0,29956.266666666666,97.99659858107042,364.53720621139365,-0.0013801925536928161,0.0034115858807632904,165,-1,192.0,-85.0,-0.14,0.34,0.21,1.6474956785249366,0.9891419491525424,0.39407402208638864,2018,8,1,14
2018-08-16,29275,-0.6826316267565372,-0.6991104227888949,-0.7079068316953502,-0.2620836995410433,-1.31,False,False,False,False,29664.0,29665.0,4990.0,29611.571428571428,29929.433333333334,67.70735347369117,354.99671521841105,-3.370975897520889e-05,-0.0013801925536928161,393,-340,165.0,-1.0,0.0,-0.14,0.34,1.1035184325173049,0.9893796216847215,0.4002029841298761,2018,8,3,16
2018-08-17,29275,-0.7168879803557429,-0.724326041854916,-0.711954493693927,-0.6425371252372276,0.0,False,False,False,False,29275.0,29664.0,10270.0,29570.428571428572,29888.266666666666,145.24560480238415,356.95270944676554,-0.013113538295577154,-3.370975897520889e-05,191,-16,393.0,-340.0,-1.31,0.0,-0.14,1.9250595137678308,0.9893657903021668,-0.06866429555733616,2018,8,4,17
2018-08-20,29435,-0.7066322201732647,-0.7155005751818087,-0.694272601805407,-0.67283084063224,0.55,False,False,False,False,29275.0,29275.0,6000.0,29533.428571428572,29846.066666666666,183.913799684552,351.9233785465272,0.0,-0.013113538295577154,109,47,191.0,-16.0,0.0,-1.31,0.0,1.0268873333447432,0.9895249816758179,0.014583570400886594,2018,8,0,20
2018-08-21,29542,-0.6990196971512189,-0.7043636767609827,-0.6851121035981014,-0.6184803512470707,0.36,False,False,False,False,29435.0,29275.0,5660.0,29517.85714285714,29807.833333333332,187.44992982287215,330.8909689506911,0.00546541417591806,0.0,129,82,109.0,47.0,0.55,0.0,-1.31,0.884665280795261,0.99027181253889,0.2365624287998516,2018,8,1,21
2018-08-22,29627,-0.700076992015392,-0.6867127434147677,-0.6836208597038888,-0.7663849617050721,0.29,False,False,False,False,29542.0,29435.0,6270.0,29508.85714285714,29771.3,184.05020019168543,294.58482181059577,0.0036351282486835057,0.00546541417591806,283,177,129.0,82.0,0.36,0.55,0.0,0.946700890834969,0.991184702813016,0.3900708537270721,2018,8,2,22
2018-08-23,29576,-0.6772394229492549,-0.6937521037373654,-0.6793601628632815,-0.6443191084957577,-0.17,False,False,False,False,29627.0,29542.0,4610.0,29497.571428571428,29740.5,171.97272762779014,256.0345814462546,0.00287725949495643,0.0036351282486835057,176,-90,283.0,177.0,0.29,0.36,0.55,0.7107616404563676,0.991831725376891,0.5234818888851263,2018,8,3,23
2018-08-24,29882,-0.6895040433736619,-0.6691668751479947,-0.6729691176023707,-0.3725666615699118,1.03,False,False,False,False,29576.0,29627.0,5980.0,29484.85714285714,29714.9,160.4342321864809,230.75921919002758,-0.0017214027744962834,0.00287725949495643,350,332,176.0,-90.0,-0.17,0.29,0.36,0.9287156390743905,0.9922583331209979,0.4753027159154595,2018,8,4,24
2018-08-27,29973,-0.6493268385350873,-0.6539324386289402,-0.6396291648246188,-0.582840686076468,0.3,False,False,False,False,29882.0,29576.0,9030.0,29516.0,29705.133333333335,213.4150885015481,216.36602661018233,0.010346226670273184,-0.0017214027744962834,182,43,350.0,332.0,1.03,-0.17,0.29,1.331073113207547,0.993632974772037,0.9520163886549005,2018,8,0,27
2018-08-28,29981,-0.6403398321896168,-0.6407993036987208,-0.6302556317752828,-0.5730397781545522,0.03,False,False,False,False,29973.0,29882.0,6670.0,29615.714285714286,29699.866666666665,243.05123896419647,207.37866969264925,0.0030453115587978363,0.010346226670273184,219,-34,182.0,43.0,0.3,1.03,-0.17,0.9925595238095238,0.9971665737797124,1.0302959984751439,2018,8,1,28
2018-08-29,30144,-0.6443575526734742,-0.6410094338576044,-0.6274861788288881,-0.635409192203107,0.54,False,False,False,False,29981.0,29973.0,6780.0,29716.571428571428,29695.8,223.824974137712,200.2752244214369,0.0002669068828613508,0.0030453115587978363,191,167,219.0,-34.0,0.03,0.3,1.03,1.0232417748264413,1.0006994736148354,0.9792900113110766,2018,8,2,29
2018-08-30,30131,-0.6302955309799732,-0.6303978608339872,-0.6163018496222941,-0.6149163847300104,-0.04,False,False,False,False,30144.0,29981.0,6080.0,29817.85714285714,29708.7,235.29657071578134,216.18481078375072,0.005436776625195927,0.0002669068828613508,187,21,191.0,167.0,0.54,0.03,0.3,0.902746844840386,1.0036742483803445,1.0600377179021432,2018,8,3,30
2018-08-31,30116,-0.6182423695284008,-0.6273509735301763,-0.6191778199897039,-0.6621389410810591,-0.05,False,False,False,False,30131.0,30144.0,6310.0,29902.0,29719.766666666666,225.31015659929568,229.07982095249452,-0.0004312632696390484,0.005436776625195927,243,-108,187.0,21.0,-0.04,0.54,0.03,0.9954251459220698,1.0061317215366203,0.9651646583628208,2018,8,4,31
2018-09-03,30327,-0.6339960630045787,-0.611591211613913,-0.6184321980425976,-1.0488293081820987,0.7,False,False,False,False,30116.0,30131.0,5780.0,29971.85714285714,29726.533333333333,200.24936834842623,237.8160305101942,-0.000497826159105208,-0.0004312632696390484,386,252,243.0,-108.0,-0.05,-0.04,0.54,0.914991293335444,1.0082526881548182,0.893980462898525,2018,9,0,3
2018-09-04,30221,-0.6167621567185586,-0.6271408433712927,-0.608632595309201,-1.1619852450987624,-0.35,False,False,False,True,30327.0,30116.0,1440.0,30079.14285714286,29738.866666666665,146.8847945067135,258.84487876752553,0.007006242528888373,-0.000497826159105208,146,-17,386.0,252.0,0.7,-0.05,-0.04,0.24427480916030533,1.0114421371295093,1.0035252363532732,2018,9,1,4
2018-09-05,30310,-0.6147532964766299,-0.6067582179595923,-0.5984069228917436,-1.1726771446499433,0.29,False,False,False,True,30221.0,30327.0,170.0,30127.571428571428,29749.1,125.36062266287347,271.75411680378494,-0.0034952352689022748,0.007006242528888373,244,53,146.0,-17.0,-0.35,0.7,-0.05,0.03216650898770104,1.012722113562139,0.8661573509991886,2018,9,2,5
2018-09-06,30565,-0.6032287824571441,-0.5858502671506831,-0.5860509020539825,0.1415355085160327,0.84,False,False,False,False,30310.0,30221.0,50.0,30175.714285714286,29762.366666666665,120.73071175986344,289.1396850504389,0.002944972039310434,-0.0034952352689022748,327,199,244.0,53.0,0.29,-0.35,0.7,0.010354110581901015,1.0138882644541358,0.8842350127668953,2018,9,3,6
2018-09-07,30509,-0.5739417147195516,-0.5911035211227709,-0.5818967226343904,-0.33603600477004403,-0.18,False,False,False,False,30565.0,30310.0,14800.0,30259.14285714286,29782.566666666666,159.35435207094162,322.5846783597175,0.008413064995051123,0.002944972039310434,238,-134,327.0,199.0,0.84,0.29,-0.35,2.5914901068114164,1.0160018508750486,0.9862737077949144,2018,9,4,7
2018-09-10,30725,-0.5838802864427779,-0.5800716877813865,-0.5690081146915534,-0.15961966217556045,0.71,False,False,False,False,30509.0,30565.0,9440.0,30311.285714285714,29805.0,174.40442873403796,348.7671884279429,-0.001832160968427976,0.008413064995051123,222,176,238.0,-134.0,-0.18,0.84,0.29,1.6411682892906816,1.0169866033982793,0.8926944859813714,2018,9,0,10
2018-09-11,30732,-0.5721443134504575,-0.5804919480991536,-0.5654930397980524,-0.16140164543409058,0.02,False,False,False,False,30725.0,30509.0,11420.0,30396.14285714286,29835.666666666668,212.42757869593953,387.1070718254312,0.007079878068766643,-0.001832160968427976,185,72,222.0,176.0,0.71,-0.18,0.84,1.8339489320700177,1.0187854421601503,0.9536954826283023,2018,9,1,11
2018-09-12,30664,-0.5698182647492769,-0.5768146703186922,-0.5778490606358134,0.2377626044766601,-0.22,False,False,False,False,30732.0,30725.0,11400.0,30484.14285714286,29868.233333333334,204.47691684871168,419.8026369888241,0.00022782750203420576,0.007079878068766643,336,-18,185.0,72.0,0.02,0.71,-0.18,1.7042906264015547,1.0206208889871689,0.9000685474625106,2018,9,2,12
2018-09-13,30470,-0.5810255903095107,-0.5861654623890084,-0.5771034386887072,-0.5864046525935283,-0.63,False,False,False,False,30664.0,30732.0,15880.0,30532.285714285714,29902.433333333334,200.95415255405402,441.6247965403611,-0.0022126773395808597,0.00022782750203420576,240,-106,336.0,-18.0,-0.22,0.02,0.71,2.070674142652236,1.021063582817197,0.824405990426923,2018,9,3,13
2018-09-14,30453,-0.5889553017908083,-0.590578195725562,-0.5823227923184511,-0.12397999700495771,-0.06,False,False,False,False,30470.0,30664.0,6630.0,30567.85714285714,29936.033333333333,152.98085781329107,445.2904115007205,-0.006326637098878152,-0.0022126773395808597,247,-48,240.0,-106.0,-0.63,-0.22,0.02,0.8609271523178808,1.0211057958978247,0.7024370798875514,2018,9,4,14
2018-09-17,30778,-0.58810946589947,-0.5746083036504153,-0.5708189108488115,0.04976337070173065,1.07,False,False,False,False,30453.0,30470.0,11820.0,30588.285714285714,29967.133333333335,118.46196898324021,447.80604894421253,-0.0005579258286839694,-0.006326637098878152,291,269,247.0,-48.0,-0.06,-0.63,-0.22,1.4232390126429861,1.0207277878081669,0.6756624258632967,2018,9,0,17
2018-09-18,30811,-0.5668578391295924,-0.561475168720196,-0.5555869196436405,-0.11150611419524675,0.11,False,False,False,False,30778.0,30453.0,13770.0,30618.714285714286,29999.733333333334,137.33622280879575,470.2554649322071,0.010672183364528909,-0.0005579258286839694,273,101,291.0,269.0,1.07,-0.06,-0.63,1.4436988886559028,1.0206328818160924,0.8501455550264112,2018,9,1,18
2018-09-19,30649,-0.555121866137272,-0.5603194528463367,-0.5575042332219138,-0.009933068459028945,-0.53,False,False,False,False,30811.0,30778.0,11960.0,30661.85714285714,30041.333333333332,144.38077962097276,485.2502612999828,0.001072194424589057,0.010672183364528909,302,-172,273.0,101.0,0.11,1.07,-0.06,1.1159839507324811,1.0206556680636836,0.8448559456646753,2018,9,2,19
2018-09-20,30623,-0.5679151339937654,-0.5851148115945908,-0.5627235868516577,-0.8234084259780365,-0.08,False,False,False,False,30649.0,30811.0,13100.0,30651.0,30078.5,141.67333317700755,487.7463126636446,-0.005257862451721773,0.001072194424589057,115,-77,302.0,-172.0,-0.53,0.11,1.07,1.0896689402761603,1.0190335289326262,0.7177134301693119,2018,9,3,20
2018-09-21,30609,-0.564637519914829,-0.5630511449118223,-0.5765708515836313,0.20479591419385257,-0.05,False,False,False,False,30623.0,30649.0,3970.0,30635.428571428572,30114.466666666667,137.2064832570551,486.75489359277634,-0.000848314790042104,-0.005257862451721773,455,-122,115.0,-77.0,-0.08,-0.53,0.11,0.36292165645854285,1.0172993900416158,0.6866977938658705,2018,9,4,21
2018-09-24,30862,-0.5763734929071496,-0.5642068607856816,-0.5589954771161263,-0.24248188369721183,0.83,False,False,False,False,30609.0,30623.0,15510.0,30627.571428571428,30147.933333333334,136.87202921379352,485.0306021862931,-0.00045717271332001985,-0.000848314790042104,279,242,455.0,-122.0,-0.05,-0.08,-0.53,1.3433223627230209,1.0159094850693389,0.6566098115797279,2018,9,0,24
2018-09-25,30838,-0.555121866137272,-0.567884138566143,-0.5446156252790768,-0.491959539891431,-0.08,False,False,False,False,30862.0,30609.0,10490.0,30683.571428571428,30186.466666666667,141.76254458696332,494.5366158006253,0.008265542814204885,-0.00045717271332001985,109,17,279.0,242.0,0.83,-0.05,-0.08,0.9159172269274426,1.016467802190764,0.8596889621071476,2018,9,1,25
2018-09-26,30608,-0.5548046776780201,-0.5714563512671627,-0.5625105520096273,-0.3645477369065262,-0.75,False,False,False,False,30838.0,30862.0,7690.0,30738.571428571428,30225.566666666666,108.08153888510839,498.24282151889946,-0.000777655369062269,0.008265542814204885,243,-216,109.0,17.0,-0.08,0.83,-0.05,0.6939180653311676,1.0169725440572306,0.8165861622076201,2018,9,2,26
2018-09-27,30356,-0.563897413509908,-0.5811223385758041,-0.5908441859996656,-0.2611927079117783,-0.82,False,False,False,False,30608.0,30838.0,9120.0,30714.285714285714,30257.033333333333,116.51568461824291,491.31508840219783,-0.0074583306310396225,-0.000777655369062269,417,-382,243.0,-216.0,-0.75,-0.08,0.83,0.8764174514703056,1.01511226748224,0.5632662256366289,2018,9,3,27
2018-09-28,30479,-0.5998454388917904,-0.6040265258941067,-0.596915678997531,-0.3886045108966831,0.41,False,False,False,False,30356.0,30608.0,10280.0,30649.285714285714,30293.066666666666,168.76780329411696,455.1156680054712,-0.008233141662310484,-0.0074583306310396225,256,81,417.0,-382.0,-0.82,-0.75,-0.08,0.9544146318819051,1.011759094961852,0.25816985715745566,2018,9,4,28
2018-10-01,30614,-0.5997397094053731,-0.589317414772261,-0.5849857278438306,-0.9793319610994234,0.44,False,False,False,False,30479.0,30356.0,8850.0,30625.0,30333.2,180.63037765969096,413.42008359165635,0.004051917248649284,-0.008233141662310484,284,215,256.0,81.0,0.41,-0.82,-0.75,0.8449493985105977,1.0096198225047144,0.36502812801868656,2018,10,0,1
2018-10-03,31025,-0.5478265315744781,-0.5359443544158495,-0.5303422908630425,-1.1602032618402325,1.34,False,False,False,True,30614.0,30479.0,2220.0,30623.714285714286,30372.5,180.67901029741657,379.7603373086592,0.004429279175826029,0.004051917248649284,279,135,284.0,215.0,0.44,0.41,-0.82,0.2382229852988518,1.0082711099091048,0.5286317269980443,2018,10,2,3
2018-10-04,31136,-0.5285837650465294,-0.5363646147336165,-0.5169210958151296,-1.1735681362792083,0.36,False,False,False,True,31025.0,30614.0,190.0,30683.14285714286,30421.933333333334,235.21651626525102,364.1255877823398,0.013425230286796985,0.004429279175826029,149,64,279.0,135.0,1.34,0.44,0.41,0.023335789732252518,1.0085862236613121,1.0474729028903005,2018,10,3,4
2018-10-05,31233,-0.5255176099404276,-0.5233365448828389,-0.5201166184455851,-1.1708951613914131,0.31,False,False,False,True,31136.0,31025.0,40.0,30722.285714285714,30472.233333333334,287.03235258194223,354.6297421574397,0.003577759871071784,0.013425230286796985,303,132,149.0,64.0,0.36,1.34,0.44,0.005851375073142188,1.0082059092360274,1.0922230559691544,2018,10,4,5
2018-10-08,31096,-0.4971821075805909,-0.5127249718592217,-0.5096779111860973,-0.28970444004826046,-0.44,False,False,False,False,31233.0,31136.0,70.0,30778.714285714286,30527.466666666667,346.2839462474781,338.91894395912055,0.0031153648509762988,0.003577759871071784,306,-273,303.0,132.0,0.31,0.36,1.34,0.01085944771951598,1.0082302151629883,1.0727268570411892,2018,10,0,8
2018-10-09,31161,-0.5150503907851148,-0.5247023909155817,-0.5062693537136115,-0.5258172218035037,0.21,False,False,False,False,31096.0,31233.0,9960.0,30848.428571428572,30567.933333333334,355.19518443776263,331.5892695456319,-0.004386386194089598,0.0031153648509762988,160,-39,306.0,-273.0,-0.44,0.31,0.36,1.690714649465286,1.0091761269902197,0.8739484742866063,2018,10,1,9
2018-10-10,31247,-0.5113498587605092,-0.5257530417099993,-0.5024347265570649,-0.5908596107398536,0.28,False,False,False,False,31161.0,31096.0,7310.0,30963.428571428572,30607.533333333333,294.2849283394916,329.017841810322,0.002090301003344397,-0.004386386194089598,114,12,160.0,-39.0,0.21,-0.44,0.31,1.311681320653149,1.0116277007434522,0.8898595686842325,2018,10,2,10
2018-10-11,31793,-0.5044774421433846,-0.4679672480170341,-0.49188950187656194,0.37141134886642035,1.75,False,False,False,False,31247.0,31161.0,6580.0,31073.14285714286,30649.733333333334,216.44970822489094,327.07047994309045,0.0027598600815121888,0.002090301003344397,565,493,114.0,12.0,0.28,0.21,-0.44,1.2046869278652508,1.0138144602827275,0.9132207827310612,2018,10,3,11
2018-10-12,31670,-0.4622913770628815,-0.4779484305640008,-0.45737785746764315,-0.231789984146031,-0.39,False,False,False,False,31793.0,31247.0,17380.0,31241.571428571428,30704.7,254.92080936594598,374.3007411523575,0.01747367747303752,0.0027598600815121888,146,-29,565.0,493.0,1.75,0.28,0.21,2.763994910941476,1.017484991827682,1.1665703077136167,2018,10,4,12
2018-10-15,31877,-0.45975386938886625,-0.4406503273621778,-0.44150676173638104,0.09787691868204434,0.65,False,False,False,False,31670.0,31793.0,10610.0,31333.714285714286,30756.0,279.0231258553273,397.693869443208,-0.0038687761456924763,0.01747367747303752,352,154,146.0,-29.0,-0.39,1.75,0.28,1.678531877867426,1.01878379131598,0.9920993493491083,2018,10,0,15
2018-10-16,31701,-0.44347152848060184,-0.4530480067363049,-0.4460870108400339,-0.22288006785338033,-0.55,False,False,False,False,31877.0,31670.0,14310.0,31439.571428571428,30814.7,327.8088147804994,428.72394059694824,0.006536154089043178,-0.0038687761456924763,277,-176,352.0,154.0,0.65,-0.39,1.75,2.083879423328965,1.0202783550893382,1.0234755297300648,2018,10,1,16
2018-10-17,31702,-0.4653575321689832,-0.46544568611043197,-0.45088029478571706,-0.40820632674051455,0.0,False,False,False,False,31701.0,31877.0,10710.0,31506.428571428572,30860.5,326.378030890252,447.79419148825696,-0.005521222197822917,0.006536154089043178,204,32,277.0,-176.0,-0.55,0.65,-0.39,1.3880248833592534,1.020930593199351,0.871919503645978,2018,10,2,17
2018-10-18,31885,-0.4653575321689832,-0.4580911305495091,-0.4505607425226715,-0.6835227401834207,0.58,False,False,False,False,31702.0,31701.0,8630.0,31593.0,30909.866666666665,275.82301088472656,456.4147942030294,3.154474622246717e-05,-0.005521222197822917,271,215,204.0,32.0,0.0,-0.55,0.65,1.0081775700934579,1.0221008178618263,0.8325615459059509,2018,10,3,18
2018-10-19,31737,-0.4510840515026475,-0.46250386388606285,-0.4436371101566847,-0.5008694561840817,-0.46,False,False,False,False,31885.0,31702.0,5540.0,31696.428571428572,30962.366666666665,216.11251478756645,475.2305054738179,0.005772506466469096,3.154474622246717e-05,164,-68,271.0,215.0,0.58,0.0,-0.55,0.6081229418221734,1.0237081975245834,0.8777710055679506,2018,10,4,19
2018-10-22,31729,-0.45816792709260673,-0.4749015432601899,-0.45024119025962595,-0.5774947363008776,-0.03,False,False,False,False,31737.0,31885.0,7590.0,31766.428571428572,31001.433333333334,87.16623418011255,489.39960988999457,-0.004641681041241963,0.005772506466469096,108,-9,164.0,-68.0,-0.46,0.58,0.0,0.7696207665787873,1.0246761248059038,0.7747390770459054,2018,10,0,22
2018-10-23,31871,-0.45996532836170084,-0.44296175910989644,-0.4417197965784114,0.02303362182377859,0.45,False,False,False,False,31729.0,31737.0,6730.0,31757.285714285714,31042.1,87.27106104217793,497.68764265824774,-0.00025207171440277953,-0.004641681041241963,332,150,108.0,-9.0,-0.03,-0.46,0.58,0.7055246881224447,1.0230392181677694,0.7453891653981951,2018,10,1,23
2018-10-24,31723,-0.449498109206388,-0.4649203607132232,-0.4562061658364761,-0.3021783228579714,-0.46,False,False,False,False,31871.0,31729.0,13470.0,31786.0,31080.3,86.83125397492194,516.1476098675237,0.004475401052664862,-0.00025207171440277953,259,-97,332.0,150.0,0.45,-0.03,-0.46,1.326440177252585,1.0227057010389218,0.7848961225889899,2018,10,2,24
2018-10-25,31683,-0.45161269893473405,-0.4577759353111839,-0.447897806997292,-0.32712608847739333,-0.13,False,False,False,False,31723.0,31871.0,9820.0,31764.0,31113.333333333332,79.09698688017875,524.7283917008951,-0.0046437199962348075,0.004475401052664862,249,-117,259.0,-97.0,-0.46,0.45,-0.03,0.9371123198778509,1.0209127919434327,0.691975991915173,2018,10,3,25
2018-10-26,31764,-0.4538330181494974,-0.4492656638764017,-0.4412937268943507,0.008777755755537495,0.26,False,False,False,False,31683.0,31723.0,9540.0,31761.428571428572,31147.3,81.73505397201856,527.6121975788776,-0.0012609147936828435,-0.0046437199962348075,268,-15,249.0,-117.0,-0.13,-0.46,0.45,0.9840123775141826,1.0197169119451308,0.653249724413229,2018,10,4,26
2018-10-29,31730,-0.4466434130731209,-0.46460516547489794,-0.4448088017878517,-0.582840686076468,-0.11,False,False,False,False,31764.0,31683.0,13310.0,31770.285714285714,31190.433333333334,77.46980978911411,523.2073949787409,0.00255657608181048,-0.0012609147936828435,155,-117,268.0,-15.0,0.26,-0.13,-0.46,1.3356748620170598,1.0185907125673912,0.680621530112488,2018,10,0,29
2018-10-30,31725,-0.4563705258235126,-0.4706989400825197,-0.44917601604947416,-0.6461010917542879,-0.02,False,False,False,False,31730.0,31764.0,6670.0,31748.14285714286,31233.0,59.21832084751186,512.9898836128904,-0.0010703941569072395,0.00255657608181048,138,-30,155.0,-117.0,-0.11,0.26,-0.13,0.724921204216933,1.016493543916462,0.6458809369650638,2018,10,1,30
2018-10-31,31631,-0.46747212189732923,-0.4716445257974955,-0.4556735787314002,-0.6719398490029749,-0.3,False,False,False,False,31725.0,31730.0,5960.0,31746.428571428572,31264.566666666666,59.76581281252403,513.1627881344689,-0.00015757957768669506,-0.0010703941569072395,190,-19,138.0,-30.0,-0.02,-0.11,0.26,0.6830162732065093,1.015412396720523,0.6277673748222649,2018,10,2,31
2018-11-01,31783,-0.4652518026825659,-0.4676520527787088,-0.45258457352195997,-1.036355425372388,0.48,False,False,False,False,31631.0,31725.0,5670.0,31732.428571428572,31291.9,74.25150311256031,509.9994151445422,-0.002962962962962945,-0.00015757957768669506,199,112,190.0,-19.0,-0.3,-0.02,-0.11,0.6725978647686833,1.0140780384517583,0.5248245973317535,2018,11,3,1
2018-11-02,31737,-0.458273656579024,-0.4486352733997512,-0.46206462399231113,-1.129018554815955,-0.14,False,False,False,True,31783.0,31631.0,1580.0,31719.85714285714,31329.7,50.54512364212748,502.6782168093855,0.004805412411874377,-0.002962962962962945,469,0,199.0,112.0,0.48,-0.3,-0.02,0.19666417724670152,1.0124532677573401,0.6500141273631126,2018,11,4,2
2018-11-05,31783,-0.45319864123099357,-0.45924684642336844,-0.4514128818907929,-1.1610942534694975,0.14,False,False,False,True,31737.0,31783.0,540.0,31721.85714285714,31366.833333333332,50.965441140685535,489.6507610691269,-0.001447314602145755,0.004805412411874377,268,-2,469.0,0.0,-0.14,0.48,-0.3,0.07367990176013099,1.0113184460079534,0.5832206790883926,2018,11,0,5
2018-11-06,31657,-0.4602825168209527,-0.4622937337271793,-0.45024119025962595,-0.36098377038946594,-0.4,False,False,False,False,31783.0,31737.0,180.0,31736.14285714286,31405.966666666667,52.2571480660632,473.64758347616237,0.0014494123578157048,-0.001447314602145755,228,-61,268.0,-2.0,0.14,-0.14,0.48,0.02697033263410249,1.0105131675767405,0.6187711071295858,2018,11,1,6
2018-11-07,31602,-0.46641482703315623,-0.4823611639005545,-0.46206462399231113,-1.0167536095285563,-0.17,False,False,False,False,31657.0,31783.0,9160.0,31720.85714285714,31432.466666666667,58.07589451741579,464.3114838365057,-0.003964383475442812,0.0014494123578157048,148,-58,228.0,-61.0,-0.4,0.14,-0.14,1.4672433125100113,1.009174923471606,0.37798400235042184,2018,11,2,7
2018-11-08,31408,-0.4779393410526421,-0.4957044289896574,-0.49359378061280484,-0.6327362173153118,-0.61,False,False,False,False,31602.0,31657.0,1800.0,31702.571428571428,31457.933333333334,72.96085056023985,451.35290369911735,-0.0017373724610670882,-0.003964383475442812,317,-143,148.0,-58.0,-0.17,-0.4,0.14,0.3308215401580592,1.0077766740950802,0.05677556076568996,2018,11,3,8
2018-11-09,31023,-0.50426598317055,-0.5133553623358722,-0.5222469668658887,-0.22288006785338033,-1.23,False,False,False,False,31408.0,31602.0,6110.0,31657.285714285714,31484.6,131.56331085105583,422.0899234141157,-0.006138851971394188,-0.0017373724610670882,418,-279,317.0,-143.0,-0.61,-0.17,-0.4,1.1985092193016869,1.005484767609743,-0.2363555111741964,2018,11,4,9
2018-11-12,31014,-0.5249889625083412,-0.534893703621432,-0.5211817926557368,-0.48483160685731047,-0.03,False,False,False,False,31023.0,31408.0,10710.0,31570.428571428572,31506.833333333332,274.6730523995216,375.59810540132224,-0.012258023433520115,-0.006138851971394188,203,-92,418.0,-279.0,-1.23,-0.61,-0.17,2.2137246796196774,1.0020184585807916,-0.38124192003142393,2018,11,0,12
2018-11-13,30778,-0.5245660445626719,-0.5420381290234713,-0.5445091078580616,-0.43939103376479194,-0.76,False,False,False,False,31014.0,31023.0,7770.0,31460.571428571428,31524.666666666668,324.7095405350265,335.69519562732194,-0.0002901073397156839,-0.012258023433520115,354,-332,203.0,-92.0,-0.03,-1.23,-0.61,1.5703314470493128,0.9979668226543689,-0.16854921356218097,2018,11,1,13
2018-11-14,30838,-0.5679151339937654,-0.5675689433278177,-0.5589954771161263,-0.504433422701142,0.19,False,False,False,False,30778.0,31014.0,8280.0,31323.571428571428,31530.133333333335,385.2976585893888,321.38426171424396,-0.007609466692461431,-0.0002901073397156839,247,138,354.0,-332.0,-0.76,-0.03,-1.23,1.5984555984555984,0.9934487462333839,-0.17362994324746023,2018,11,2,14
2018-11-15,30831,-0.5541703007595162,-0.5600042576080114,-0.5448286601211072,-0.40107839370639403,-0.02,False,False,False,False,30838.0,30778.0,7550.0,31188.571428571428,31523.9,362.3662314764752,333.1185302138922,0.001949444408343659,-0.007609466692461431,186,1,247.0,138.0,0.19,-0.76,-0.03,1.4064828614008942,0.9893627193517117,-0.016289434291691725,2018,11,3,15
2018-11-16,31017,-0.5514213341126664,-0.5369950052102671,-0.5366268187029382,-0.2772305572385495,0.6,False,False,False,False,30831.0,30838.0,8710.0,31070.571428571428,31513.733333333334,315.9165803095177,349.61130469032054,-0.00022699267137948897,0.001949444408343659,328,161,186.0,1.0,-0.02,0.19,-0.76,1.4323302088472292,0.9859374990555894,0.050625348244614676,2018,11,4,16
2018-11-19,30888,-0.5290066829921986,-0.546450862360025,-0.5414201026486214,-0.45097392494523786,-0.42,False,False,False,False,31017.0,30831.0,10100.0,30987.0,31506.533333333333,212.28283020577183,357.722270746398,0.006032888975382011,-0.00022699267137948897,283,-180,328.0,161.0,0.6,-0.02,0.19,1.4352707119511154,0.9835102983931375,0.20762857466256252,2018,11,0,19
2018-11-20,30830,-0.5561791610014449,-0.5542256782387148,-0.5398223413333937,-0.43315409235993646,-0.19,False,False,False,False,30888.0,31017.0,8150.0,30912.714285714286,31499.6,103.53375341118856,367.8265708270019,-0.004159009575394168,0.006032888975382011,194,19,283.0,-180.0,-0.42,0.6,-0.02,1.0403369925963748,0.9813684708921474,0.16454437041454964,2018,11,1,20
2018-11-21,30839,-0.5573421853520353,-0.5630511449118223,-0.5451482123841528,-0.4875045817451057,0.03,False,False,False,False,30830.0,30888.0,8350.0,30885.14285714286,31488.566666666666,94.58052754476597,382.9854308316991,-0.0018777518777518543,-0.004159009575394168,160,39,194.0,19.0,-0.19,-0.42,0.6,1.077002450664259,0.9808367330303864,0.16624742139820384,2018,11,2,21
2018-11-22,30613,-0.5518442520583356,-0.5642068607856816,-0.5659191094821131,-0.3030693144872365,-0.73,False,False,False,False,30839.0,30830.0,7740.0,30860.14285714286,31474.966666666667,76.18273770336067,398.77791618423595,0.0002919234511840063,-0.0018777518777518543,344,-239,160.0,39.0,0.03,-0.19,-0.42,0.9272792620103031,0.9804662601859104,0.20469550078706844,2018,11,3,22
2018-11-23,30513,-0.5836688274699433,-0.599193532239786,-0.5795533393720563,-0.7619300035587467,-0.33,False,False,False,False,30613.0,30839.0,9810.0,30836.571428571428,31435.633333333335,119.2096991906332,423.74028181924075,-0.007328382891792828,0.0002919234511840063,139,-38,344.0,-239.0,-0.73,0.03,-0.19,1.1253871744866353,0.9809432213943442,0.1192506184920389,2018,11,4,23
2018-11-26,30574,-0.5920214568969101,-0.5880566338189599,-0.5749730902684036,-0.4928505315206961,0.2,False,False,False,False,30513.0,30613.0,4660.0,30790.14285714286,31397.066666666666,170.72046213223533,453.2952857591063,-0.0032665860908763777,-0.007328382891792828,202,102,139.0,-38.0,-0.33,-0.73,0.03,0.5744575936883629,0.9806694104271798,0.11164526745348823,2018,11,0,26
2018-11-27,30423,-0.5800740249317551,-0.590578195725562,-0.5836010013706333,-0.47681268219392486,-0.49,False,False,False,False,30574.0,30513.0,7680.0,30753.428571428572,31353.633333333335,187.29909871945281,467.9128627489538,0.001999147904171883,-0.0032665860908763777,259,-162,202.0,102.0,0.2,-0.33,-0.73,0.9477971121806739,0.980856931140205,0.18061975156216103,2018,11,1,27
2018-11-28,30457,-0.5996339799189557,-0.5963567750948586,-0.5962765744714399,-0.42869913421361117,0.11,False,False,False,False,30423.0,30574.0,7860.0,30668.571428571428,31311.033333333333,182.48000542831397,492.7160113245609,-0.004938836920259093,0.001999147904171883,323,57,259.0,-162.0,-0.49,0.2,-0.33,0.9750651283959807,0.979481293449426,0.13900502191649666,2018,11,2,28
2018-11-29,30253,-0.5997397094053731,-0.6167394005065591,-0.6026676197323508,-0.5810587028179378,-0.67,False,False,False,False,30457.0,30423.0,8400.0,30607.0,31269.533333333333,168.26071040748175,510.7517605638195,0.001117575518522207,-0.004938836920259093,189,-146,323.0,57.0,0.11,-0.49,0.2,1.0311809477043947,0.9788121771351455,0.19065560977838195,2018,11,3,29
2018-11-30,30186,-0.6172908041506451,-0.6250395417824577,-0.6085260778881858,-0.4973054896670214,-0.22,False,False,False,False,30253.0,30457.0,6690.0,30524.571428571428,31215.133333333335,181.61117544848588,529.5057378690937,-0.006697967626489776,0.001117575518522207,165,-47,189.0,-146.0,-0.67,0.11,-0.49,0.8421450151057401,0.9778773360540323,0.11815082140653067,2018,11,4,30
2018-12-03,30787,-0.6078808798595052,-0.5693550496783276,-0.5976613009446372,-1.0345734421138577,1.99,False,False,True,False,30186.0,30253.0,7630.0,30431.285714285714,31163.433333333334,159.55428991014492,552.0337747867147,-0.0022146563977126776,-0.006697967626489776,593,465,165.0,-47.0,-0.22,-0.67,0.11,0.9912953098609848,0.9765061952187247,0.11694903671258937,2018,12,0,3
2018-12-04,30964,-0.549518203357155,-0.5446647560095151,-0.5319400521782702,-1.1700041697621482,0.57,False,False,False,True,30787.0,30186.0,1600.0,30456.14285714286,31132.033333333333,200.8037421396892,545.5068812313857,0.019909892002915264,-0.0022146563977126776,211,90,593.0,465.0,1.99,-0.22,-0.67,0.2272081794944618,0.978289549257716,0.4750898077820482,2018,12,1,4
2018-12-05,30926,-0.5541703007595162,-0.556747240145317,-0.5371594058080141,-1.1735681362792083,-0.12,False,False,False,True,30964.0,30787.0,80.0,30520.571428571428,31101.8,279.15399402679986,527.9921890744911,0.00574917984863732,0.019909892002915264,145,96,211.0,90.0,0.57,1.99,-0.22,0.012872083668543845,0.9813120600277614,0.6236966314624589,2018,12,2,5
2018-12-06,31005,-0.5320728380983003,-0.5330025321914804,-0.521288310076752,-0.2371359339216214,0.26,False,False,False,False,30926.0,30964.0,40.0,30570.85714285714,31075.233333333334,319.2122744987107,515.5626108889852,-0.0012272316238212122,0.00574917984863732,222,-34,145.0,96.0,-0.12,0.57,1.99,0.0073461891643709825,0.9837691905619526,0.6429779896299089,2018,12,3,6
2018-12-07,31440,-0.5350332637179848,-0.503164049630022,-0.524803384970253,-0.1756575115023317,1.4,False,False,False,False,31005.0,30926.0,10550.0,30654.0,31052.633333333335,348.7138272760349,502.70197404843077,0.002554484899437437,-0.0012272316238212122,539,429,222.0,-34.0,0.26,-0.12,0.57,1.9115781844537054,0.9871626560925052,0.7584313221685308,2018,12,4,7
2018-12-10,31895,-0.48766645380303375,-0.4521024210213291,-0.47378154030398106,0.07827510283821283,1.45,False,False,False,False,31440.0,31005.0,11240.0,30794.428571428572,31041.833333333332,441.6925239512858,490.21741013039326,0.014029995162070596,0.002554484899437437,546,436,539.0,429.0,1.4,0.26,-0.12,1.8196535535049376,0.9920299565026306,1.0742609767008815,2018,12,0,10
2018-12-11,31812,-0.446326224613869,-0.46428997023657265,-0.4526910909429751,-0.23891791718015154,-0.26,False,False,False,False,31895.0,31440.0,14090.0,31029.0,31047.333333333332,532.8383119360375,499.0505698462978,0.014472010178117056,0.014029995162070596,232,-38,546.0,436.0,1.45,1.4,0.26,2.066588442358463,0.9994095037684396,1.2039962999200495,2018,12,1,11
2018-12-12,31626,-0.4570049027420164,-0.4749015432601899,-0.4565257180995217,-0.5026514394426118,-0.58,False,False,False,False,31812.0,31895.0,10530.0,31261.285714285714,31050.233333333334,452.4458399581387,503.35849179676507,-0.0026022887599936873,0.014472010178117056,167,-123,232.0,-38.0,-0.26,1.45,1.4,1.4862385321100917,1.0067971270517253,1.0336688290234188,2018,12,2,12
2018-12-13,31414,-0.47804507053905937,-0.4905562400970114,-0.48262248624824117,-0.42602615932581595,-0.67,False,False,False,False,31626.0,31812.0,7570.0,31381.14285714286,31050.066666666666,415.4822212690554,503.1603524021257,-0.005846850245190494,-0.0026022887599936873,263,-136,167.0,-123.0,-0.58,-0.26,1.45,1.0811196800914025,1.0106626563488708,0.8809068103667882,2018,12,3,13
2018-12-14,31437,-0.4896753140449625,-0.49959183692900233,-0.4776161674605276,-0.5757127530423475,0.07,False,False,False,False,31414.0,31626.0,8430.0,31445.428571428572,31037.766666666666,372.8037272450662,488.9347099299265,-0.006703345348763712,-0.005846850245190494,130,-3,263.0,-136.0,-0.67,-0.58,-0.26,1.1747491638795986,1.013134382674502,0.74846059981558,2018,12,4,14
2018-12-17,31501,-0.4971821075805909,-0.4979107956579342,-0.4875222876149395,-0.6452101001250228,0.2,False,False,False,False,31437.0,31414.0,6750.0,31518.428571428572,31027.766666666666,296.3268787130468,477.0642032499811,0.0007321576367225191,-0.006703345348763712,239,132,130.0,-3.0,0.07,-0.67,-0.58,0.952313769751693,1.0158136391198607,0.7430943586512874,2018,12,0,17
2018-12-18,31075,-0.4739216205687846,-0.4853029861249237,-0.5141516428687349,-0.27010262420442893,-1.35,False,False,False,False,31501.0,31437.0,5970.0,31589.285714285714,31018.366666666665,195.10998119549245,464.2769300919922,0.0020358176670802752,0.0007321576367225191,609,-514,239.0,132.0,0.2,0.07,-0.67,0.7933554817275748,1.0184058385070474,0.7522048354073835,2018,12,1,18
2018-12-19,31139,-0.5185394638368858,-0.5010627480411869,-0.5220339320238583,-0.3966234355600687,0.21,False,False,False,False,31075.0,31501.0,10180.0,31537.14285714286,30998.966666666667,274.3412890130494,448.5648750470698,-0.013523380210152092,0.0020358176670802752,533,-28,609.0,-514.0,-1.35,0.2,0.07,1.1927357937902754,1.0173611009767913,0.542230741618065,2018,12,2,19
2018-12-20,31219,-0.533341591935308,-0.5273290179016256,-0.527679355337663,-0.021515959639474835,0.26,False,False,False,False,31139.0,31075.0,8760.0,31429.14285714286,30983.533333333333,258.32371717931244,434.85699062842525,0.0020595333869670718,-0.013523380210152092,336,192,533.0,-28.0,0.21,-1.35,0.2,0.9312214308493675,1.0143821403135491,0.5657666347066572,2018,12,3,20
2018-12-21,31126,-0.5240373971305854,-0.5229162845650719,-0.5105300505542187,-0.2941593981945858,-0.3,False,False,False,False,31219.0,31139.0,12970.0,31344.428571428572,30977.233333333334,203.19601139739507,429.8355486114844,0.0025691255338964325,0.0020595333869670718,217,11,336.0,192.0,0.26,0.21,-1.35,1.3441807441185616,1.0118537131493959,0.5907105651630904,2018,12,4,21
2018-12-24,31375,-0.5044774421433846,-0.5120945813825711,-0.4996652736106702,-0.413552276516105,0.8,False,False,False,False,31126.0,31219.0,9910.0,31273.0,30980.666666666668,173.41952985036485,430.62435292595063,-0.002978955123482452,0.0025691255338964325,218,75,217.0,11.0,-0.3,0.26,0.21,1.0414039512400168,1.0094359923393084,0.5315224618803862,2018,12,0,24
2018-12-26,31463,-0.4907326089091355,-0.48603844168101595,-0.4759118887242847,-0.283467498643405,0.28,False,False,False,False,31375.0,31126.0,8570.0,31267.428571428572,30992.7,168.69682583797194,436.59048515021,0.007999742980145275,-0.002978955123482452,243,33,218.0,75.0,0.8,-0.3,0.26,0.9560464078536368,1.0088642993810986,0.6385465852721653,2018,12,2,26
2018-12-27,31611,-0.4834372743463417,-0.4856181813632489,-0.47314243577789,-0.4634478077549488,0.47,False,False,False,False,31463.0,31375.0,10030.0,31271.14285714286,31015.533333333333,173.27668488287063,442.8423657681062,0.0028047808764939397,0.007999742980145275,221,112,243.0,33.0,0.28,0.8,-0.3,1.1251963203948845,1.0082413389788405,0.6639664209915329,2018,12,3,27
2018-12-28,31506,-0.4752961038922095,-0.4875093527932005,-0.46930780862134347,-0.5855136609642632,-0.33,False,False,False,False,31611.0,31463.0,8010.0,31286.85714285714,31041.3,200.45317705305865,454.4916182219759,0.004703937958872251,0.0028047808764939397,167,-70,221.0,112.0,0.47,0.28,0.8,0.8941728064300067,1.0079106591172773,0.7213711732499993,2018,12,4,28
2018-12-31,31489,-0.48840656020795487,-0.49234234644752123,-0.4882679095620458,-0.5890776274813235,-0.05,False,False,False,False,31506.0,31611.0,6640.0,31348.428571428572,31063.8,190.47822022778143,460.39146760970567,-0.0033216285470247797,0.004703937958872251,299,37,167.0,-70.0,-0.33,0.47,0.28,0.7563503815924365,1.0091627093732438,0.6468184193516243,2018,12,0,31
2019-01-01,31560,-0.47804507053905937,-0.4851979210454819,-0.4748467145141329,-1.116544672006244,0.23,False,False,False,True,31489.0,31506.0,6600.0,31398.428571428572,31079.533333333333,171.31438657570894,466.7579844967771,-0.0005395797625848964,-0.0033216285470247797,241,10,299.0,37.0,-0.05,-0.33,0.47,0.7530807850296668,1.0102606186095213,0.6239376066819351,2019,1,1,1
2019-01-02,31934,-0.48015966026740536,-0.395997668599432,-0.46419497241261476,-1.1414924376256659,1.19,False,False,False,True,31560.0,31489.0,680.0,31447.14285714286,31101.933333333334,159.89103432443227,473.3278322485846,0.002254755628949834,-0.0005395797625848964,990,404,241.0,10.0,0.23,-0.05,-0.33,0.08257437765634487,1.0110992947000998,0.6655716086990218,2019,1,2,2
2019-01-03,31939,-0.4304668016512738,-0.44380227974543046,-0.4294702931616656,-1.1619852450987624,0.02,False,False,False,True,31934.0,31560.0,400.0,31562.571428571428,31138.733333333334,179.82478244432886,493.9250908810225,0.011850443599493055,0.002254755628949834,209,-61,990.0,404.0,1.19,0.23,-0.05,0.05511919525974921,1.013611282472572,0.9497444605283045,2019,1,3,3
2019-01-04,31679,-0.35793637396900513,-0.37645556382326556,-0.4695208434633738,-1.1717861530206783,-0.81,False,False,False,True,31939.0,31934.0,170.0,31643.14285714286,31175.4,206.19362144356074,511.4263758651429,0.00015657293167148367,0.011850443599493055,1226,-1007,209.0,-61.0,0.02,1.19,0.23,0.026570803376055017,1.0150035879938304,0.9149555118506185,2019,1,4,4
2019-01-07,31652,-0.4795252833489016,-0.47500660833963165,-0.46994691314743453,-0.036662817336981,-0.09,False,False,False,False,31679.0,31939.0,60.0,31674.0,31210.933333333334,190.29100521797875,508.0249744964871,-0.008140517862174734,0.00015657293167148367,292,116,1226.0,-1007.0,-0.81,0.02,1.19,0.011748580379870765,1.0148366811630112,0.6622979864124396,2019,1,0,7
2019-01-08,31736,-0.47106692443551745,-0.47395595754521413,-0.4575908923096735,-0.21129717667293443,0.27,False,False,False,False,31652.0,31679.0,12800.0,31679.85714285714,31248.9,188.65261600097654,496.49727227731603,-0.000852299630670128,-0.008140517862174734,186,120,292.0,116.0,-0.09,-0.81,0.02,2.3721275018532246,1.013791114018642,0.6251524585416981,2019,1,1,8
2019-01-09,31993,-0.4637715898727237,-0.4468491670492414,-0.45045422510165634,0.12638865081852654,0.81,False,False,False,False,31736.0,31652.0,10840.0,31712.714285714286,31287.633333333335,172.67861697995113,487.27054605934086,0.002653860735498448,-0.000852299630670128,377,308,186.0,120.0,0.27,-0.09,-0.81,1.9277965498844034,1.0135862290334399,0.7225179773672549,2019,1,2,9
2019-01-10,31878,-0.4209511478737167,-0.4360274638667406,-0.4274464621623771,0.010559739014067631,-0.36,False,False,False,False,31993.0,31736.0,14630.0,31784.714285714286,31339.966666666667,168.88429400661357,475.37038070336365,0.008098058986639733,0.002653860735498448,264,-212,377.0,308.0,0.81,0.27,-0.09,2.4050632911392404,1.0141910686688973,0.9461673060191981,2019,1,3,10
2019-01-11,31924,-0.4402996438880828,-0.44170097815659537,-0.4239313872688761,-0.23624494229235635,0.14,False,False,False,False,31878.0,31993.0,13330.0,31830.14285714286,31387.333333333332,138.37801917459993,454.7024289027398,-0.0035945363048166534,0.008098058986639733,177,17,264.0,-212.0,-0.36,0.81,0.27,2.015117157974301,1.0141079052210933,0.8118494203451717,2019,1,4,11
2019-01-14,32130,-0.4251803273304087,-0.428147582908609,-0.4159425806927375,0.039071471150549826,0.65,False,False,False,False,31924.0,31878.0,10560.0,31828.714285714286,31443.033333333333,137.1735084802497,411.22604601241517,0.0014430014430013571,-0.0035945363048166534,231,80,177.0,17.0,0.14,-0.36,0.81,1.5070643642072215,1.012266022437857,0.8172271508220722,2019,1,0,14
2019-01-15,32169,-0.4234886555477319,-0.41984744163271037,-0.40518432117020414,-0.05537364155154744,0.12,False,False,False,False,32130.0,31924.0,13650.0,31856.0,31507.833333333332,176.20915602453184,355.7371252741297,0.0064528254604685475,0.0014430014430013571,209,103,231.0,80.0,0.65,0.14,-0.36,1.7699688796680497,1.0110501621289945,0.9296437671022914,2019,1,1,15
2019-01-16,32272,-0.41481883766151323,-0.41711574956722475,-0.4010301417506121,-0.16496561195115086,0.32,False,False,False,False,32169.0,32130.0,12590.0,31926.0,31553.9,190.89176689129727,348.58307771377423,0.00121381886087768,0.0064528254604685475,196,124,209.0,103.0,0.12,0.65,0.14,1.4141300685162306,1.0117925201005264,0.9027809487268099,2019,1,2,16
2019-01-17,32253,-0.3987479557260834,-0.41039158448295243,-0.39176312612229125,-0.025970917785800178,-0.06,False,False,False,False,32272.0,32169.0,11360.0,32014.571428571428,31597.5,186.35258440522014,354.01400225490517,0.0032018402810158886,0.00121381886087768,173,-47,196.0,124.0,0.32,0.12,0.65,1.136113611361136,1.0131995071942852,0.9316963764882942,2019,1,3,17
2019-01-18,32089,-0.39927660315816993,-0.4164853590905742,-0.4064625302223863,-0.05180967503448716,-0.51,False,False,False,False,32253.0,32272.0,12920.0,32088.428571428572,31641.733333333334,157.81091760238866,350.0995851749229,-0.0005887456618740572,0.0032018402810158886,253,-206,173.0,-47.0,-0.06,0.32,0.12,1.1459996452013483,1.0141172809147172,0.8805688145015944,2019,1,4,18
2019-01-21,32039,-0.42496886835757414,-0.4291982337030265,-0.41359919743040346,-0.3841495527503577,-0.16,False,False,False,False,32089.0,32253.0,12630.0,32102.14285714286,31677.866666666665,152.20756504643776,337.8416006442256,-0.005084798313335193,-0.0005887456618740572,199,-13,253.0,-206.0,-0.51,-0.06,0.32,1.0079004069906632,1.0133934584339495,0.7362765737659595,2019,1,0,21
2019-01-22,32154,-0.4272949170587548,-0.4286729083058178,-0.41743382458695005,-0.10437818116112621,0.36,False,False,False,False,32039.0,32089.0,8900.0,32125.14285714286,31697.833333333332,121.82422935264744,340.9847891566325,-0.0015581663498395182,-0.005084798313335193,240,124,199.0,-13.0,-0.16,-0.51,-0.06,0.7330532905032534,1.0134807170987352,0.682085549116267,2019,1,1,22
2019-01-23,32135,-0.41936520557745716,-0.4276222575114002,-0.40561039085426487,-0.20506023526807896,-0.06,False,False,False,False,32154.0,32039.0,12040.0,32158.0,31706.466666666667,83.5304335769798,349.32572817819437,0.003589375448671994,-0.0015581663498395182,139,30,240.0,124.0,0.36,-0.16,-0.51,0.9819753690563575,1.0142410486188937,0.7623355831821097,2019,1,2,23
2019-01-24,32016,-0.4198938530095437,-0.43308564164237145,-0.4134926800093883,-0.3262350968481283,-0.37,False,False,False,False,32135.0,32154.0,10910.0,32158.714285714286,31717.233333333334,83.27207272227004,357.5708932191884,-0.0005909062636063611,0.003589375448671994,161,-84,139.0,30.0,-0.06,0.36,-0.16,0.9176549751871478,1.0139192768720144,0.7234803257053383,2019,1,3,24
2019-01-25,32339,-0.4244402209254876,-0.4099713241651854,-0.4099776051158873,-0.016170009863884425,1.01,False,False,False,False,32016.0,32135.0,9550.0,32136.85714285714,31730.233333333334,98.76137668154227,361.2105779301042,-0.0037031274311498663,-0.0005909062636063611,348,282,161.0,-84.0,-0.37,-0.06,0.36,0.8296412127530188,1.0128150273983847,0.5900479087836042,2019,1,4,25
2019-01-28,32536,-0.38997240835344743,-0.3886431130385091,-0.3712052638663612,-0.20595122689734402,0.61,False,False,False,False,32339.0,32016.0,13030.0,32146.428571428572,31761.066666666666,115.81574035730269,372.5861097716877,0.010088705647176344,-0.0037031274311498663,187,153,348.0,282.0,1.01,-0.37,-0.06,1.1081816635482225,1.0121331537383895,0.883019447488849,2019,1,0,28
2019-01-29,32891,-0.3702009943934121,-0.3469322765001325,-0.35554720297712955,-0.014388026605354287,1.09,False,False,False,False,32536.0,32339.0,10900.0,32186.85714285714,31797.7,186.836317465411,393.0883159511624,0.006091715884845028,0.010088705647176344,437,321,187.0,153.0,0.61,1.01,-0.37,0.9492292954802752,1.0122385311785802,1.0242470102819865,2019,1,1,29
2019-01-30,32903,-0.3353102638757027,-0.3460917558645984,-0.3260418773559242,-0.3021783228579714,0.04,False,False,False,False,32891.0,32536.0,13050.0,32301.428571428572,31844.033333333333,317.2280237429394,436.4395509215164,0.01091099090238501,0.006091715884845028,168,3,437.0,321.0,1.09,0.61,1.01,1.131928181108509,1.0143636088213879,1.1920267007743668,2019,1,2,30
2019-01-31,33100,-0.3313982728782625,-0.3177241844153246,-0.3158162049384668,-0.2513917999898625,0.6,False,False,False,False,32903.0,32891.0,9820.0,32424.85714285714,31904.966666666667,362.9000911968939,452.67469352757644,0.00036484144598825097,0.01091099090238501,342,163,168.0,3.0,0.04,1.09,0.61,0.8632967032967033,1.016294970047207,1.064144322890659,2019,1,3,31
2019-02-01,33405,-0.3121555063503137,-0.2909325891576771,-0.30580356736303976,-0.8991427144655673,0.92,False,False,False,False,33100.0,32903.0,10390.0,32560.0,31970.333333333332,417.2904663823234,479.0699562567627,0.0059872959912470325,0.00036484144598825097,503,286,342.0,163.0,0.6,0.04,1.09,0.934184499190793,1.0184441826276445,1.0683113337470032,2019,2,4,1
2019-02-04,33455,-0.19289264567159792,-0.19637401766009768,-0.27512655011066744,-1.139710454367136,0.15,False,False,False,True,33405.0,33100.0,3120.0,32741.428571428572,32043.2,473.95036911179136,524.9043525345152,0.009214501510574014,0.0059872959912470325,1115,-792,503.0,286.0,0.92,0.6,0.04,0.3067544980827844,1.0217902260519727,1.107575363391381,2019,2,0,4
2019-02-05,33381,-0.2666918271908742,-0.2857844002650311,-0.2788546598461988,-1.1655492116158228,-0.22,False,False,False,True,33455.0,33405.0,420.0,32947.0,32120.833333333332,415.3099244342616,555.8878628745814,0.001496781918874479,0.009214501510574014,299,-168,1115.0,-792.0,0.15,0.92,0.6,0.04504987664914727,1.025720586327669,1.0343976637247212,2019,2,1,5
2019-02-06,33222,-0.3036971474369296,-0.3037505288495712,-0.28684346642233743,-0.5293811883205639,-0.48,False,False,False,False,33381.0,33455.0,130.0,33095.857142857145,32187.7,341.19321435819023,583.0640320895645,-0.0022119264683904127,0.001496781918874479,203,23,299.0,-168.0,-0.22,0.15,0.92,0.015986227250368912,1.028214415533174,0.9363650270037794,2019,2,2,6
2019-02-07,33056,-0.30686903202944865,-0.32245211299020354,-0.3107033687297381,-0.23268097577529606,-0.5,False,False,False,False,33222.0,33381.0,7270.0,33193.857142857145,32246.333333333332,235.83923095492813,595.9749088286419,-0.004763188640244498,-0.0022119264683904127,249,-113,203.0,23.0,-0.48,-0.22,0.15,0.935890834191555,1.0293839240489506,0.8236579124298327,2019,2,3,7
2019-02-08,33125,-0.32473731523397253,-0.3285458875978253,-0.31507058299136054,-0.33692699639930906,0.21,False,False,False,False,33056.0,33222.0,10600.0,33217.42857142857,32294.5,207.00793635644985,601.2259744996603,-0.004996688941063199,-0.004763188640244498,232,125,249.0,-113.0,-0.5,-0.48,-0.22,1.3463736822050045,1.0285785062914297,0.724382796885551,2019,2,4,8
2019-02-11,32931,-0.3183935460489345,-0.33484979236433066,-0.3256158076718635,-0.1836764361657173,-0.59,False,False,False,False,33125.0,33056.0,9430.0,33249.142857142855,32348.466666666667,163.1721264720607,600.6701276891588,0.002087366892546072,-0.004996688941063199,271,-129,232.0,125.0,0.21,-0.5,-0.48,1.2551577266072143,1.0278429330130905,0.7325967474784064,2019,2,0,11
2019-02-12,32747,-0.33372432157944315,-0.34924370824785106,-0.33520237556322985,-0.34316393780416454,-0.56,False,False,False,False,32931.0,33125.0,11150.0,33225.0,32396.533333333333,197.7548988022042,587.0640999673819,-0.005856603773584879,0.002087366892546072,224,-168,271.0,-129.0,-0.59,0.21,-0.5,1.4791721942159723,1.0255726950208663,0.6241646619336119,2019,2,1,12
2019-02-13,32909,-0.3536014650258958,-0.3405233066541854,-0.3395695898248523,-0.21040618504366937,0.49,False,False,False,False,32747.0,32931.0,9360.0,33131.0,32436.1,247.94959165174058,568.444844623072,-0.0055874404056968086,-0.005856603773584879,348,182,224.0,-168.0,-0.56,-0.59,0.21,1.3056214255823686,1.021423660674372,0.5220681913253225,2019,2,2,13
2019-02-14,32970,-0.33932798435956013,-0.3434651288785545,-0.33051560903856186,-0.15694668728776526,0.19,False,False,False,False,32909.0,32747.0,10850.0,33053.0,32468.6,212.36525139546873,566.6172824992337,0.0049470180474546765,-0.0055874404056968086,235,108,348.0,182.0,0.49,-0.56,-0.59,1.492024202420242,1.017998928195241,0.5880334555931365,2019,2,3,14
2019-02-15,33263,-0.32558315112531094,-0.3140469066348632,-0.30633615446811563,-0.12665297189275293,0.89,False,False,False,False,32970.0,32909.0,11450.0,32994.28571428572,32502.966666666667,155.867159558481,564.6510355549211,0.0018535962806527362,0.0049470180474546765,288,271,235.0,108.0,0.19,0.49,-0.56,1.5519110870154513,1.015116129326217,0.602952624008487,2019,2,4,15
2019-02-18,33463,-0.28952939625701124,-0.29261363042874516,-0.27001371390193873,-0.38593153600888785,0.6,False,False,False,False,33263.0,32970.0,11790.0,33000.142857142855,32555.766666666666,166.27329768807652,558.9765082548802,0.008886866848650365,0.0018535962806527362,151,130,288.0,271.0,0.89,0.19,0.49,1.4299575500303214,1.0136496920814702,0.7312712349135827,2019,2,0,18
2019-02-19,33753,-0.27197830151173924,-0.25972826056347587,-0.2592554543794054,-0.1159610723415721,0.87,False,False,False,False,33463.0,33263.0,8880.0,33058.28571428572,32616.133333333335,242.67036234811746,555.7890156203625,0.006012686769082842,0.008886866848650365,363,254,151.0,130.0,0.6,0.89,0.19,0.976790232097679,1.013556247653075,0.812176521552047,2019,2,1,19
2019-02-20,33719,-0.24015372610013155,-0.2513230542081355,-0.23305216880967072,-0.3672207117943214,-0.1,False,False,False,False,33753.0,33463.0,11910.0,33148.0,32683.366666666665,359.437059859258,567.5222300565619,0.008666288139138834,0.006012686769082842,197,-81,363.0,254.0,0.87,0.6,0.89,1.1598013438504235,1.0142162017172853,0.9262850786088035,2019,2,2,20
2019-02-21,33302,-0.25812773879107276,-0.2743323066058798,-0.2772568985309711,0.11480575963808065,-1.24,False,False,False,False,33719.0,33753.0,9090.0,33260.57142857143,32740.9,401.1266870302876,582.4144365151267,-0.001007317868041313,0.008666288139138834,393,-328,197.0,-81.0,-0.1,0.87,0.6,0.86977322744235,1.0158722401818956,0.8783486715357581,2019,2,3,21
2019-02-22,33369,-0.2928070103359476,-0.30007325106910976,-0.28524570510710967,-0.3262350968481283,0.2,False,False,False,False,33302.0,33719.0,14500.0,33339.857142857145,32788.36666666667,331.50486601369414,567.5001129163514,-0.012366914795812423,-0.001007317868041313,223,67,393.0,-328.0,-1.24,-0.1,0.87,1.3375149893921225,1.016819699553718,0.6230378681436033,2019,2,4,22
2019-02-25,33159,-0.28403146296331155,-0.30164922726073606,-0.2916367503680206,-0.42513516769655085,-0.63,False,False,False,False,33369.0,33302.0,9550.0,33405.57142857143,32836.53333333333,272.13835766861683,552.7373719027789,0.002011891177706948,-0.012366914795812423,268,-226,223.0,67.0,0.2,-1.24,-0.1,0.879941030129918,1.0173294205408843,0.6537282606427177,2019,2,0,25
2019-02-26,33228,-0.3009481807900798,-0.2961858431297648,-0.28364794379188196,-0.374348644828442,0.21,False,False,False,False,33159.0,33369.0,8440.0,33432.57142857143,32870.833333333336,227.42314243404087,539.1417242708143,-0.006293266205160464,0.002011891177706948,245,3,268.0,-226.0,-0.63,0.2,-1.24,0.7975807975807976,1.0170892562881406,0.45753087841111567,2019,2,1,26
2019-02-27,33171,-0.29301846930878217,-0.29450480185869676,-0.29078461099989916,-0.3395999712871043,-0.17,False,False,False,False,33228.0,33159.0,9010.0,33427.57142857143,32906.13333333333,232.10906713850497,526.1163981163668,0.002080883018185098,-0.006293266205160464,328,-129,245.0,3.0,0.21,-0.63,0.2,0.8542713567839196,1.0158462281166862,0.5046735757305327,2019,2,2,27
2019-02-28,32902,-0.3047544423011026,-0.31614820822369827,-0.31858565788486154,-0.452755908203768,-0.81,False,False,False,False,33171.0,33228.0,9400.0,33385.857142857145,32936.1,250.21352785989455,514.2200220076991,-0.001715420729505257,0.002080883018185098,383,-287,328.0,-129.0,-0.17,0.21,-0.63,0.9036723706979427,1.013655446238539,0.4364055362481139,2019,2,3,28
2019-03-01,32533,-0.33985663179164666,-0.34840318761231703,-0.4210554169014662,-1.038137408630918,-1.12,False,False,False,False,32902.0,33171.0,8130.0,33264.28571428572,32957.73333333333,248.83308614848622,497.88316960289274,-0.008109493232040021,-0.001715420729505257,1038,-324,383.0,-287.0,-0.81,-0.17,0.21,0.8073485600794439,1.0093013793713277,0.19533375599859584,2019,3,4,1
2019-03-04,32505,-0.3888093840028571,-0.38538609557581477,-0.37844844849539355,-1.1637672283572926,-0.09,False,False,False,True,32533.0,32902.0,1560.0,33094.857142857145,32972.53333333333,288.26459406374994,477.3443586979066,-0.011215123700686891,-0.008109493232040021,286,111,1038.0,-324.0,-1.12,-0.81,-0.17,0.17243285066872996,1.0037098699177036,-0.03410727309784072,2019,3,0,4
2019-03-05,32015,-0.2787449886424465,-0.2972364939241824,-0.41200143611517576,-1.1557483036939071,-1.51,False,False,False,True,32505.0,32533.0,150.0,32981.0,32988.066666666666,344.6877814296868,452.87342627823494,-0.0008606645559893211,-0.011215123700686891,1440,-1420,286.0,111.0,-0.09,-1.12,-0.81,0.01835086860778077,0.9997857811208498,0.025791721605664893,2019,3,1,5
2019-03-06,31954,-0.4160875914985208,-0.41701068448778295,-0.42425093953192167,0.3117149097056608,-0.19,False,False,False,False,32015.0,32505.0,240.0,32787.57142857143,32983.433333333334,453.42542832075003,462.31364807293573,-0.015074603907091255,-0.0008606645559893211,415,-182,1440.0,-1420.0,-1.51,-0.09,-1.12,0.0342514628228914,0.9940618096732833,-0.14088562887106595,2019,3,2,6
2019-03-07,31946,-0.43480171059438316,-0.4506315099091445,-0.4333049203182121,0.13708055036970737,-0.03,False,False,False,False,31954.0,32015.0,16710.0,32615.428571428572,32977.4,513.6499641920632,474.7807188940893,-0.0019053568639699758,-0.015074603907091255,180,-13,415.0,-182.0,-0.19,-1.51,-0.09,2.1508559660187925,0.9890236516956634,-0.0494063275067907,2019,3,3,7
2019-03-08,32174,-0.4325813913796198,-0.423839914651497,-0.41679472006085894,0.3036959850422752,0.71,False,False,False,False,31946.0,31954.0,14750.0,32432.285714285714,32975.066666666666,486.6757011557541,479.8138240466112,-0.00025035989234523104,-0.0019053568639699758,280,194,180.0,-13.0,-0.03,-0.19,-1.51,1.8924813959455993,0.9835396556474705,0.02955762923133771,2019,3,4,8
2019-03-11,31915,-0.4078406915579713,-0.4260462813197739,-0.4229727304797395,-0.07141149087831868,-0.8,False,False,False,False,32174.0,31946.0,16620.0,32289.85714285714,32969.566666666666,365.1782343696533,488.2282312056869,0.007137043761347384,-0.00025035989234523104,317,-299,280.0,194.0,0.71,-0.03,-0.19,1.9550641101046935,0.9793837289194118,0.17433691195034665,2019,3,0,11
2019-03-12,32015,-0.4404053733745001,-0.44264656387157114,-0.42425093953192167,-0.10259619790259607,0.31,False,False,False,False,31915.0,32174.0,12410.0,32148.85714285714,32948.86666666667,266.6967244968053,519.4132454407973,-0.008049978243302003,0.007137043761347384,171,109,317.0,-299.0,-0.8,0.71,-0.03,1.3946954371768936,0.9757196649006786,0.11022677374217568,2019,3,1,12
2019-03-13,32225,-0.42116260684655127,-0.41385873210453034,-0.4026279030658398,0.05421832884805599,0.66,False,False,False,False,32015.0,31915.0,12060.0,32074.85714285714,32919.666666666664,207.6787812720683,546.6857089470462,0.003133322888923651,-0.008049978243302003,242,137,171.0,109.0,0.31,-0.8,0.71,1.3104422470933392,0.9743372394270035,0.18217131419517912,2019,3,2,13
2019-03-14,31832,-0.4014969223729333,-0.41974237655326857,-0.43192019384501473,0.35626449116891423,-1.22,False,False,False,False,32225.0,32015.0,13820.0,32034.85714285714,32897.066666666666,119.09579977472468,561.2195423466358,0.006559425269405006,0.003133322888923651,461,-442,242.0,137.0,0.66,0.31,-0.8,1.4328667703473301,0.9737906867944804,0.28387708169443904,2019,3,3,14
2019-03-15,31853,-0.44156839772509043,-0.4527328114979796,-0.4367134777906979,-0.001023152166378259,0.07,False,False,False,False,31832.0,32225.0,17210.0,32008.714285714286,32854.8,142.05364513241986,592.2966637844314,-0.012195500387897629,0.006559425269405006,192,-42,461.0,-442.0,-1.22,0.66,0.31,1.6308158817397895,0.9742477289685003,0.16922484105461869,2019,3,4,15
2019-03-18,31685,-0.45161269893473405,-0.4679672480170341,-0.4556735787314002,-0.08388537368802963,-0.53,False,False,False,False,31853.0,31832.0,13200.0,31994.285714285714,32803.066666666666,153.22718893440407,610.0943360249464,0.0006597134958532536,-0.012195500387897629,225,-115,192.0,-42.0,0.07,-1.22,0.66,1.126568234189639,0.9753443493378378,0.2093056680556763,2019,3,0,18
2019-03-19,31985,-0.4568991732555991,-0.4467441019697996,-0.4449153192088669,0.1299526173355868,0.95,False,False,False,False,31685.0,31853.0,12270.0,31957.0,32744.066666666666,193.41923379065747,630.1303605314758,-0.0052742284871126754,0.0006597134958532536,326,235,225.0,-115.0,-0.53,0.07,-1.22,0.949029313945394,0.9759630752441664,0.18259812985334092,2019,3,1,19
2019-03-20,31740,-0.4345902516215485,-0.45262774641853787,-0.4435305927356695,0.10411386008689982,-0.77,False,False,False,False,31985.0,31685.0,14670.0,31930.0,32697.533333333333,169.83227019669366,633.0114523843515,0.00946820261953607,-0.0052742284871126754,257,-221,326.0,235.0,0.95,-0.53,0.07,1.0207347620372946,0.9765262619198594,0.3095788607722405,2019,3,2,20
2019-03-21,31842,-0.4411454797794212,-0.4418060432360371,-0.432665815792121,-0.33870897965783925,0.32,False,False,False,False,31740.0,31985.0,14380.0,31905.0,32648.133333333335,184.64289859120117,648.3133412979643,-0.007659840550257924,0.00946820261953607,258,-57,257.0,-221.0,-0.77,0.95,-0.53,1.017045052691138,0.9772381065175753,0.2312230896112437,2019,3,3,21
2019-03-22,32155,-0.44431736437194025,-0.4291982337030265,-0.43884382621100154,0.5344628170219279,0.98,False,False,False,False,31842.0,31740.0,9410.0,31880.285714285714,32607.666666666668,178.95596691755378,659.7639250374353,0.0032136105860114395,-0.007659840550257924,436,286,258.0,-57.0,0.32,-0.77,0.95,0.6916574788680632,0.9776929468821968,0.2944215812500157,2019,3,4,22
2019-03-25,32223,-0.40942663385423084,-0.4227892638570795,-0.4031604901709157,0.07203816143335735,0.21,False,False,False,False,32155.0,31842.0,19210.0,31870.285714285714,32575.333333333332,157.10475728653932,657.3005051132927,0.00982978456127137,0.0032136105860114395,162,24,436.0,286.0,0.98,0.32,-0.77,1.3856030005770341,0.9783563958706705,0.4567243075316467,2019,3,0,25
2019-03-26,32113,-0.40932090436781354,-0.42751719243195846,-0.40869939606370514,-0.015279018234619355,-0.34,False,False,False,False,32223.0,32155.0,14020.0,31926.14285714286,32551.733333333334,203.7943641450989,656.8001288022174,0.0021147566474888357,0.00982978456127137,169,-87,162.0,24.0,0.21,0.98,0.32,0.9996434937611408,0.9807816539357718,0.5155427245060572,2019,3,1,26
2019-03-27,32019,-0.4197881235231264,-0.42940836386191006,-0.41200143611517576,0.4017050642614327,-0.29,False,False,False,False,32113.0,32223.0,13040.0,31963.285714285714,32530.6,211.77874797864754,660.4900270717803,-0.003413710703534689,0.0021147566474888357,182,-82,169.0,-87.0,-0.34,0.21,0.98,0.9233165757983431,0.9825605956940762,0.48284314667510375,2019,3,2,27
2019-03-28,31624,-0.4312069080561949,-0.44537825593705677,-0.45556706131038505,0.16470129087692448,-1.23,False,False,False,False,32019.0,32113.0,17720.0,32011.0,32500.933333333334,172.639315723571,662.8910002105465,-0.0029271634540528613,-0.003413710703534689,439,-369,182.0,-82.0,-0.29,-0.34,0.21,1.2209742989044305,0.9849255611120911,0.4468074177900547,2019,3,3,28
2019-03-29,31703,-0.47275859621819427,-0.47080400516196147,-0.46419497241261476,-0.16496561195115086,0.25,False,False,False,False,31624.0,32019.0,15060.0,31959.428571428572,32456.066666666666,227.04687999276925,675.4795963289353,-0.01233642524750933,-0.0029271634540528613,278,103,439.0,-369.0,-1.23,-0.29,-0.34,1.053294167016366,0.9846981428668263,0.09035917579112192,2019,3,4,29
2019-04-01,31570,-0.4740273500552019,-0.47689777976958325,-0.46078641494012895,-0.7744038863684577,-0.42,False,False,False,False,31703.0,31624.0,11360.0,31954.14285714286,32404.066666666666,233.34982934921487,671.250913224697,0.00249810270680495,-0.01233642524750933,188,-18,278.0,103.0,0.25,-1.23,-0.29,0.8048745926030891,0.9861152054107261,0.18546597886694002,2019,4,0,1
2019-04-02,31535,-0.47804507053905937,-0.49160689089142895,-0.48027910298590715,-1.142383429254931,-0.11,False,False,False,True,31570.0,31703.0,4520.0,31915.285714285714,32340.966666666667,274.20595318494867,657.1000807268339,-0.004195186575402965,0.00249810270680495,231,-15,188.0,-18.0,-0.42,0.25,-1.23,0.3388559862058625,0.9868377171044892,0.04383618147898491,2019,4,1,2
2019-04-03,31450,-0.4834372743463417,-0.4898207845409191,-0.4846463172475296,-1.1619852450987624,-0.27,False,False,False,True,31535.0,31570.0,390.0,31826.714285714286,32267.033333333333,283.8348782221667,616.2566350386508,-0.0011086474501108556,-0.004195186575402965,289,-49,231.0,-15.0,-0.11,-0.42,0.25,0.03274284275039879,0.9863539035934804,0.06821094658196195,2019,4,2,3
2019-04-04,31503,-0.4834372743463417,-0.4959145591485409,-0.4812377597750438,-1.1708951613914131,0.17,False,False,False,True,31450.0,31535.0,170.0,31716.285714285714,32191.4,252.61414204681716,569.365018364516,-0.0026954177897574594,-0.0011086474501108556,199,4,289.0,-49.0,-0.27,-0.11,-0.42,0.016205910390848427,0.985240956102739,0.04598044737833028,2019,4,3,4
2019-04-05,31566,-0.4796310128353189,-0.4884549385081763,-0.4759118887242847,-1.1717861530206783,0.2,False,False,False,True,31503.0,31450.0,70.0,31629.14285714286,32131.433333333334,190.54083426905342,542.4625004247995,0.0016852146263910406,-0.0026954177897574594,220,31,199.0,4.0,0.17,-0.27,-0.11,0.007325240686479699,0.9843676293248519,0.14596295274934248,2019,4,4,5
2019-04-08,32076,-0.4521413463668206,-0.43224512100683743,-0.43383750742328797,-0.027752901044330314,1.62,False,False,False,False,31566.0,31503.0,60.0,31564.428571428572,32071.333333333332,82.17634928058436,498.7392611114921,0.0019998095419484496,0.0016852146263910406,360,281,220.0,31.0,0.2,0.17,-0.27,0.007852375343541421,0.9841944593747867,0.23541385284944805,2019,4,0,8
2019-04-09,32098,-0.41661623893060734,-0.4305640797357693,-0.4098710876948721,-0.19615031897542826,0.07,False,False,False,False,32076.0,31566.0,12900.0,31629.0,32035.233333333334,211.9308063184862,454.53239961325517,0.01615662421592856,0.0019998095419484496,151,-33,360.0,281.0,1.62,0.2,0.17,1.7133749501925886,0.9873191704550303,0.737658684263126,2019,4,1,9
2019-04-10,32174,-0.42306573760206273,-0.4278323876702837,-0.41540999358766156,-0.13110793003907825,0.24,False,False,False,False,32098.0,32076.0,11010.0,31685.428571428572,31997.566666666666,277.3937376986492,395.2334694856209,0.000685871056241405,0.01615662421592856,229,104,151.0,-33.0,0.07,1.62,0.2,1.502866502866503,0.9902449427329966,0.7515782221864001,2019,4,2,10
2019-04-11,31663,-0.41481883766151323,-0.4329805765629297,-0.4505607425226715,0.34735457487626353,-1.59,False,False,False,False,32174.0,32098.0,11740.0,31771.714285714286,31964.333333333332,325.30637573737465,329.6353610638855,0.0023677487693938293,0.000685871056241405,510,-485,229.0,104.0,0.24,0.07,1.62,1.7449464922711058,0.9939739382138724,0.8330684972347999,2019,4,3,11
2019-04-12,31760,-0.45996532836170084,-0.4620836035682958,-0.44342407531465433,-0.19615031897542826,0.31,False,False,False,False,31663.0,32174.0,17110.0,31790.0,31923.033333333333,313.1533170831011,282.32635594950756,-0.01588238950705534,0.0023677487693938293,166,39,510.0,-485.0,-1.59,0.24,0.07,2.467907110918794,0.9958326850727427,0.3378596967479085,2019,4,4,12
2019-04-15,31760,-0.46112835271229113,-0.47048880992363623,-0.45780392715170387,-0.4162252514039002,0.0,False,False,False,False,31760.0,31663.0,11010.0,31834.285714285714,31897.266666666666,276.87585321835263,259.0526418775424,0.0030635126172504634,-0.01588238950705534,221,50,166.0,39.0,0.31,-1.59,0.24,1.5961148158886633,0.9980255062905823,0.43732987763996434,2019,4,0,15
2019-04-16,31474,-0.4621856475764642,-0.47290530675079656,-0.4702664654104801,0.11302377637955051,-0.9,False,False,False,False,31760.0,31760.0,8540.0,31871.0,31872.433333333334,240.24085136966661,233.20417032472565,0.0,0.0030635126172504634,315,-226,221.0,50.0,0.0,0.31,-1.59,1.16986301369863,0.999955029058549,0.4332518585715529,2019,4,1,16
2019-04-17,31410,-0.4833315448599244,-0.498436121055143,-0.476657510671391,-0.673721832261505,-0.2,False,False,False,False,31474.0,31760.0,14480.0,31857.85714285714,31854.4,261.30086654524814,242.53042468096348,-0.009005037783375358,0.0,132,-90,315.0,-226.0,-0.9,0.0,0.31,1.6626478355723964,1.000108529523618,0.18830642202033163,2019,4,2,17
2019-04-18,31403,-0.4860805115067742,-0.49643988454574967,-0.4807051726699679,-0.29772336471164607,-0.02,False,False,False,False,31410.0,31474.0,5650.0,31762.714285714286,31836.266666666666,288.47109288231843,254.8505895380407,-0.002033424413801832,-0.009005037783375358,189,-71,132.0,-90.0,-0.2,-0.9,0.0,0.6103489251377336,0.9976896668908295,0.16131999039741565,2019,4,3,18
2019-04-22,31531,-0.4836487333191763,-0.48036492739116116,-0.4655796988858121,-0.29594138145311594,0.41,False,False,False,False,31403.0,31410.0,9870.0,31663.428571428572,31818.166666666668,273.0286048159778,265.83415666531675,-0.00022285896211393652,-0.002033424413801832,200,34,189.0,-71.0,-0.02,-0.2,-0.9,0.9641496532187164,0.9951368004052791,0.1887170544192021,2019,4,0,22
2019-04-23,31525,-0.4843888397240974,-0.4941284527980311,-0.47580537130326955,-0.2932684065653207,-0.02,False,False,False,False,31531.0,31403.0,9890.0,31571.571428571428,31796.733333333334,155.48725257852868,262.04973643796427,0.0040760436900932895,-0.00022285896211393652,165,35,200.0,34.0,0.41,-0.02,-0.2,0.8814616755793226,0.9929187095290112,0.31919443477718634,2019,4,1,23
2019-04-24,31759,-0.48544613458827046,-0.46964828928810215,-0.47058601767352565,-0.0509186834052221,0.74,False,False,False,False,31525.0,31531.0,9920.0,31551.85714285714,31783.733333333334,150.635795404926,265.62962720669583,-0.00019028892201322645,0.0040760436900932895,349,279,165.0,35.0,-0.02,0.41,-0.02,0.9082585607031679,0.9927045640597226,0.33199698442620473,2019,4,2,24
2019-04-25,31843,-0.4568991732555991,-0.4563050241989993,-0.45024119025962595,-0.14001784633172895,0.26,False,False,False,False,31759.0,31525.0,12640.0,31551.714285714286,31775.2,150.40580029386015,262.0316379938505,0.007422680412371152,-0.00019028892201322645,285,93,349.0,279.0,0.74,-0.02,0.41,1.140279657194407,0.9929666622307424,0.5825996632055501,2019,4,3,25
2019-04-26,31868,-0.44622049512745166,-0.45546450356346524,-0.44342407531465433,-0.31554319729694746,0.08,False,False,False,False,31843.0,31759.0,11640.0,31563.571428571428,31762.466666666667,171.3727488480931,248.34413460921675,0.0026449195503637224,0.007422680412371152,229,17,285.0,93.0,0.26,0.74,-0.02,1.0510158013544018,0.993738041815752,0.6877770457885255,2019,4,4,26
2019-04-30,31625,-0.45161269893473405,-0.46702166230205827,-0.45492795678429393,-0.6033334935495646,-0.76,False,False,False,False,31868.0,31843.0,9670.0,31619.85714285714,31763.666666666668,199.45294229620376,248.7783022644039,0.0007851019062274922,0.0026449195503637224,227,-175,229.0,17.0,0.08,0.26,0.74,0.9360178104733327,0.9954725150179075,0.6984620479376308,2019,4,1,30
2019-05-01,31563,-0.4723356782725251,-0.48456753056883134,-0.464940594359721,-1.039028400260183,-0.2,False,False,False,False,31625.0,31868.0,6440.0,31650.571428571428,31756.066666666666,177.04599886590054,249.43687382259364,-0.007625203966361238,0.0007851019062274922,154,-41,227.0,-175.0,-0.76,0.08,0.26,0.6522179461211262,0.9966779500999734,0.44127696251041104,2019,5,2,1
2019-05-02,31203,-0.4917899037733085,-0.5089426289993185,-0.5014760697679282,-1.1343645045915454,-1.14,False,False,False,True,31563.0,31625.0,1550.0,31673.428571428572,31752.0,147.6435540338941,251.6204037545601,-0.001960474308300375,-0.007625203966361238,265,-217,154.0,-41.0,-0.2,-0.76,0.08,0.16893732970027248,0.99752546521254,0.37512819852926094,2019,5,3,2
2019-05-03,31341,-0.5097639164642497,-0.5010627480411869,-0.5011565175048828,-1.1700041697621482,0.44,False,False,False,True,31203.0,31563.0,480.0,31626.571428571428,31725.933333333334,229.65180683175532,266.70401175172555,-0.01140575990875392,-0.001960474308300375,337,91,265.0,-217.0,-1.14,-0.2,-0.76,0.06173633440514469,0.9968681172050025,0.04842048386932166,2019,5,4,3
2019-05-06,31578,-0.48386019229201094,-0.48435740040994785,-0.46579273372784247,-0.101705206273331,0.76,False,False,False,False,31341.0,31203.0,80.0,31600.285714285714,31712.633333333335,252.59896693251542,275.7728304644942,0.004422651668108735,-0.01140575990875392,164,83,337.0,91.0,0.44,-1.14,-0.2,0.011083402604599613,0.9964573229265848,0.1963679253486883,2019,5,0,6
2019-05-07,31739,-0.47275859621819427,-0.47395595754521413,-0.46078641494012895,-0.07497545739537895,0.51,False,False,False,False,31578.0,31341.0,12070.0,31574.428571428572,31703.833333333332,242.71509851625095,275.7145054311784,0.007561979515650519,0.004422651668108735,216,139,164.0,83.0,0.76,0.44,-1.14,1.6227480505512235,0.9959183244327523,0.4197554715955219,2019,5,1,7
2019-05-08,31697,-0.45795646811977214,-0.4558847638812323,-0.4465130805240946,0.30815094318860053,-0.13,False,False,False,False,31739.0,31578.0,12370.0,31559.571428571428,31689.966666666667,226.15323502974522,262.37988822800764,0.005098486287921977,0.007561979515650519,254,-43,216.0,139.0,0.51,0.76,0.44,1.6094197241738226,0.9958852832044031,0.5671650872177277,2019,5,2,8
2019-05-09,31926,-0.4570049027420164,-0.4433820194276634,-0.4419328314204418,0.48813125230014437,0.72,False,False,False,False,31697.0,31739.0,16670.0,31535.14285714286,31672.433333333334,194.2733714570142,242.34169142291253,-0.0013232931094236955,0.005098486287921977,330,177,254.0,-43.0,-0.13,0.51,0.76,1.9937806482478173,0.9956653006497614,0.5482277961778075,2019,5,3,9
2019-05-10,31917,-0.44156839772509043,-0.4481099480025424,-0.4343700945283639,0.2377626044766601,-0.03,False,False,False,False,31926.0,31697.0,18690.0,31578.14285714286,31666.2,244.3374910322689,232.83757843281046,0.007224658485030178,-0.0013232931094236955,214,22,330.0,177.0,0.72,-0.13,0.51,2.0845416016060674,0.9972192071401955,0.8143319257874676,2019,5,4,10
2019-05-13,32499,-0.4410397502930039,-0.3920051955806453,-0.42425093953192167,1.0512379619956675,1.82,False,False,True,False,31917.0,31926.0,15880.0,31628.714285714286,31662.8,275.3474860887158,228.2068632035735,-0.0002819018981394805,0.007224658485030178,653,599,214.0,22.0,-0.03,0.72,-0.13,1.691160809371672,0.9989234775735022,0.8601508406682185,2019,5,0,13
2019-05-14,32248,-0.3827828032770709,-0.401145857492078,-0.3869698421766081,0.40437803914922793,-0.77,False,False,False,False,32499.0,31917.0,25010.0,31813.85714285714,31691.966666666667,363.115421765528,274.3315994124564,0.01823479650343085,-0.0002819018981394805,216,-203,653.0,599.0,1.82,-0.03,0.72,2.2894544123031855,1.0038461001007766,1.2420291804164727,2019,5,1,14
2019-05-15,32261,-0.3987479557260834,-0.4054535257491899,-0.3944260616476708,0.3963591144858423,0.04,False,False,False,False,32248.0,32499.0,17750.0,31943.428571428572,31710.133333333335,326.21100387291364,292.52924797180714,-0.007723314563525041,0.01823479650343085,245,-39,216.0,-203.0,-0.77,1.82,-0.03,1.4724180837826628,1.007357119430652,0.9498653436351869,2019,5,2,15
2019-05-16,31985,-0.40287140569635815,-0.41490938289894785,-0.4193511381652233,0.4818943108952889,-0.86,False,False,False,False,32261.0,32248.0,17660.0,32041.0,31733.166666666668,299.7649078864307,307.91446229652763,0.0004031257752419304,-0.007723314563525041,389,-276,245.0,-39.0,0.04,-0.77,1.82,1.292258158934582,1.0097006812010567,0.9069687149276981,2019,5,3,16
2019-05-17,31809,-0.4314183670290295,-0.444432670222081,-0.4349026816334398,0.3687383739786252,-0.55,False,False,False,False,31985.0,32261.0,18620.0,32076.14285714286,31748.166666666668,271.55136320281093,308.8872222856692,-0.008555221474845776,0.0004031257752419304,254,-182,389.0,-276.0,-0.86,0.04,-0.77,1.202842377260982,1.010330555270158,0.6800829899037852,2019,5,4,17
2019-05-20,31566,-0.454044477122332,-0.4719597210358208,-0.507760597607824,0.1246066675599964,-0.76,False,False,False,False,31809.0,31985.0,17350.0,32092.14285714286,31760.133333333335,247.74478034993822,303.8505455357753,-0.00550257933406284,-0.008555221474845776,676,-211,254.0,-182.0,-0.55,-0.86,0.04,1.0083105712791305,1.010453656485789,0.533352704221429,2019,5,0,20
2019-05-21,31442,-0.47815080002547666,-0.4959145591485409,-0.4748467145141329,-0.15338272077070497,-0.39,False,False,False,False,31566.0,31809.0,14610.0,32040.714285714286,31762.233333333334,315.9571248794133,302.22550193917755,-0.007639347354522319,-0.00550257933406284,139,-107,676.0,-211.0,-0.76,-0.55,-0.86,0.8367218372372717,1.008767675416851,0.33460194558194967,2019,5,1,21
2019-05-22,31452,-0.48756072431661646,-0.49391832263914753,-0.4742076099880418,-0.32088914707253785,0.03,False,False,False,False,31442.0,31566.0,11490.0,31972.85714285714,31758.1,389.42154904075295,305.82825358206424,-0.0039282772603433935,-0.007639347354522319,152,-8,139.0,-107.0,-0.39,-0.76,-0.55,0.6613710930754619,1.0067622793195168,0.2430537556184447,2019,5,2,22
2019-05-23,31696,-0.49379876401523726,-0.4740610226246559,-0.49029174056133423,0.3348806920665526,0.78,False,False,False,False,31452.0,31442.0,9610.0,31823.285714285714,31737.3,353.024887831892,304.67927172699876,0.0003180459258316226,-0.0039282772603433935,492,295,152.0,-8.0,0.03,-0.39,-0.76,0.5765884682306354,1.0027092951916425,0.2563161132791511,2019,5,3,23
2019-05-24,31554,-0.4641945078183929,-0.47899908135841834,-0.4633428330444933,-0.22466205111191045,-0.45,False,False,False,False,31696.0,31452.0,16970.0,31744.428571428572,31723.9,300.01380920622665,297.01205710942634,0.007757853236678214,0.0003180459258316226,192,-127,492.0,295.0,0.78,0.03,-0.39,1.0287966050318278,1.0006471011265503,0.4481508297174903,2019,5,4,24
2019-05-27,31630,-0.4740273500552019,-0.4783686908817678,-0.45673875294155203,-0.4322631007306714,0.24,False,False,False,False,31554.0,31696.0,10690.0,31643.428571428572,31703.233333333334,199.18990699269563,285.9787408694871,-0.004480060575466904,0.007757853236678214,136,42,192.0,-127.0,-0.45,0.78,0.03,0.6691286930395594,0.9981136068590871,0.3505403997162187,2019,5,0,27
2019-05-28,31569,-0.4696924411120926,-0.4781585607228843,-0.46419497241261476,-0.13734487144393373,-0.19,False,False,False,False,31630.0,31554.0,8360.0,31592.714285714286,31702.133333333335,131.38076252648986,286.20221128869514,0.002408569436521457,-0.004480060575466904,208,-60,136.0,42.0,0.24,-0.45,0.78,0.5841660261337432,0.9965485273035554,0.4180396448627361,2019,5,1,28
2019-05-29,31760,-0.46736639241091193,-0.46428997023657265,-0.4505607425226715,-0.02507992615653511,0.61,False,False,False,False,31569.0,31630.0,11670.0,31558.428571428572,31695.766666666666,90.47993726652625,286.9938943631253,-0.0019285488460322187,0.002408569436521457,212,109,208.0,-60.0,-0.19,0.24,-0.45,0.8516383273735678,0.9956669893275518,0.3737567731774622,2019,5,2,29
2019-05-30,31831,-0.45996532836170084,-0.45945697658225193,-0.45886910136185566,-0.22109808459485017,0.22,False,False,False,False,31760.0,31569.0,12930.0,31586.14285714286,31695.766666666666,118.54454658037345,286.9938943631253,0.0060502391586683135,-0.0019285488460322187,336,110,212.0,109.0,0.61,-0.19,0.24,0.9773242630385488,0.9965413737841813,0.5126624026934169,2019,5,3,30
2019-05-31,32131,-0.45055540407056105,-0.43119447021241986,-0.43223974610806026,-0.4295901258428762,0.94,False,False,False,False,31831.0,31760.0,10730.0,31641.714285714286,31707.666666666668,130.30568456023295,284.8749675311047,0.0022355163727960647,0.0060502391586683135,355,321,336.0,110.0,0.22,0.61,-0.19,0.8624708624708625,0.9979199863034477,0.5469743815399153,2019,5,4,31
2019-06-03,32405,-0.4149245671479305,-0.3961027336788737,-0.39996496754046024,-1.0621941826210748,0.85,False,False,False,False,32131.0,31831.0,8390.0,31738.714285714286,31731.7,199.75961744569213,289.27592721892916,0.009424774590807594,0.0022355163727960647,386,258,355.0,321.0,0.94,0.22,0.61,0.7267215244694673,1.000221049792929,0.7731060260600763,2019,6,0,3
2019-06-04,32465,-0.3776020584426232,-0.36447814476690554,-0.3800462098106213,-1.1664402032450878,0.19,False,False,False,True,32405.0,32131.0,1290.0,31840.0,31765.1,318.7799659119382,307.29962352740955,0.008527590177709987,0.009424774590807594,500,-35,386.0,258.0,0.85,0.94,0.22,0.12630960540487615,1.002357933707119,0.9395643376063822,2019,6,1,4
2019-06-05,32607,-0.37337287898593113,-0.3575438495237497,-0.3544820287669777,-0.1524917291414399,0.44,False,False,False,False,32465.0,32405.0,120.0,31970.14285714286,31796.233333333334,365.1467415400266,329.29063604648195,0.0018515661163400754,0.008527590177709987,326,67,500.0,-35.0,0.19,0.85,0.94,0.013221683561040106,1.0054695008049022,0.922362570909074,2019,6,2,5
2019-06-06,32734,-0.3637514957219567,-0.3686807479445757,-0.3447889434545962,-0.2825765070141399,0.39,False,False,False,False,32607.0,32465.0,11500.0,32109.714285714286,31832.3,398.6480127824555,356.6746948276781,0.004373941167411077,0.0018515661163400754,129,103,326.0,67.0,0.44,0.19,0.85,1.24123043712898,1.0087148677825444,0.9509750231330008,2019,6,3,6
2019-06-07,32867,-0.3626942008577837,-0.3493487733272928,-0.34702580929591503,0.4729843946026382,0.41,False,False,False,False,32734.0,32607.0,10040.0,32276.14285714286,31864.8,377.93139967104395,392.3971773942337,0.0038948691998650364,0.004373941167411077,334,226,129.0,103.0,0.39,0.44,0.19,1.1712552496500233,1.0129090048311258,0.9592601596839737,2019,6,4,7
2019-06-10,32611,-0.3458832125174328,-0.36447814476690554,-0.34968874482129453,-0.31999815544327276,-0.78,False,False,False,False,32867.0,32734.0,18520.0,32434.285714285714,31898.933333333334,356.98679447390157,432.88398806817116,0.0040630537056272065,0.0038948691998650364,215,-189,334.0,226.0,0.41,0.39,0.44,1.9796900053447355,1.0167827674787155,0.9608563700703766,2019,6,0,10
2019-06-11,32576,-0.362799930344201,-0.3789771257298677,-0.3660924276576325,-0.19882329386322348,-0.11,False,False,False,False,32611.0,32867.0,9620.0,32545.714285714286,31923.7,239.79068253115568,451.8905993627945,-0.007788967657528789,0.0040630537056272065,231,-64,215.0,-189.0,-0.78,0.41,0.39,1.014660900748866,1.019484404555684,0.8129511654578319,2019,6,1,11
2019-06-12,32685,-0.3652317085317989,-0.3669997066735076,-0.3462801873488087,-0.16229263706335567,0.33,False,False,False,False,32576.0,32611.0,10980.0,32609.285714285714,31955.4,155.7976404253097,463.4233634512382,-0.0010732574898040248,-0.007788967657528789,159,68,231.0,-64.0,-0.11,-0.78,0.41,1.1665958351041223,1.0204624481084796,0.7770251402761178,2019,6,2,12
2019-06-13,32884,-0.3523327111888882,-0.35208046539277843,-0.34148690340312554,-0.10526917279039127,0.61,False,False,False,False,32685.0,32576.0,11390.0,32649.285714285714,31992.8,128.08683810380182,475.7734465196008,0.003346021611001948,-0.0010732574898040248,256,145,159.0,68.0,0.33,-0.11,-0.78,1.2302873190753942,1.0205197955254217,0.8106538869265243,2019,6,3,13
2019-06-14,32984,-0.33002378955483763,-0.3181444447330916,-0.3108098861507533,0.7028602349530259,0.3,False,False,False,False,32884.0,32685.0,12030.0,32709.14285714286,32048.833333333332,125.4902766113932,478.5290740508638,0.006088419764417985,0.003346021611001948,291,34,256.0,145.0,0.61,0.33,-0.11,1.2814230933106092,1.020603231229723,0.8649565359578234,2019,6,4,14
2019-06-17,32961,-0.323151372937713,-0.33505992252321415,-0.3240180463566358,0.20746888908164776,-0.07,False,False,False,False,32984.0,32884.0,21100.0,32763.0,32103.6,152.36797563857408,488.637768663903,0.003040992579978141,0.006088419764417985,254,-54,291.0,34.0,0.3,0.61,0.33,1.9795477999812365,1.0205397525511157,0.8645286498620564,2019,6,0,17
2019-06-18,32939,-0.3274862818808224,-0.32781043204173305,-0.32188769793633215,0.743845849899219,-0.07,False,False,False,False,32961.0,32984.0,15540.0,32795.42857142857,32149.7,168.4724083675162,502.38610992700234,-0.0006973077855929599,0.003040992579978141,303,-35,254.0,-54.0,-0.07,0.3,0.61,1.2859980139026812,1.02008505744777,0.8186528437811209,2019,6,1,18
2019-06-19,32976,-0.33457015747078156,-0.3435701939579963,-0.3187986927268919,-0.23624494229235635,0.11,False,False,False,False,32939.0,32961.0,21560.0,32805.71428571428,32189.7,175.6167363762271,516.1422652044062,-0.0006674554776857633,-0.0006973077855929599,124,69,303.0,-35.0,-0.07,-0.07,0.3,1.5153219004779308,1.019136999901033,0.7820153772250424,2019,6,2,19
2019-06-20,33838,-0.32473731523397253,-0.25142811928757725,-0.3054840150999942,1.2044885222292594,2.61,False,False,True,False,32976.0,32939.0,10560.0,32857.857142857145,32232.333333333332,161.8120602963339,526.75547774335,0.0011232885029903716,-0.0006674554776857633,876,838,124.0,69.0,0.11,-0.07,-0.07,0.7471345691240979,1.0194067181874458,0.7746685892128156,2019,6,3,20
2019-06-21,33960,-0.23063807232257444,-0.20719572084259844,-0.22996316360023045,1.2802228107167903,0.36,False,False,False,False,33838.0,32976.0,26730.0,33038.142857142855,32296.066666666666,367.60822831380995,599.1124431519571,0.02614022319262488,0.0011232885029903716,588,70,876.0,838.0,2.61,0.11,-0.07,1.691450990318294,1.022977293121645,1.0624283639166041,2019,6,4,21
2019-06-24,34214,-0.2084348801749412,-0.21118819386138513,-0.195664554033342,0.20835988071091285,0.75,False,False,False,False,33960.0,33838.0,27580.0,33220.28571428572,32364.166666666668,466.13542892109655,666.8244396635409,0.0036054140315622263,0.02614022319262488,228,114,588.0,70.0,0.36,2.61,0.11,1.6506074570590699,1.0264526831923901,1.0272543046570064,2019,6,0,24
2019-06-25,34300,-0.1825311560027024,-0.17546606685118846,-0.18192380672238356,1.5724680651157328,0.25,False,False,False,False,34214.0,33960.0,15550.0,33410.28571428572,32421.333333333332,566.4764526693019,747.4243743694395,0.0074793875147232125,0.0036054140315622263,439,-45,228.0,114.0,0.75,0.36,2.61,0.898740030054329,1.0305031372641178,1.0352342369821361,2019,6,1,25
2019-06-26,34135,-0.20209111098990312,-0.22022379069337605,-0.20280122124135916,0.6449457790507964,-0.48,False,False,False,False,34300.0,34214.0,30860.0,33598.28571428572,32489.733333333334,617.4999903607046,821.2614323278059,0.0025135909276903234,0.0074793875147232125,209,-25,439.0,-45.0,0.25,0.75,0.36,1.5997926386728876,1.034120082475871,0.9992090812751352,2019,6,2,26
2019-06-27,33931,-0.19046086748399998,-0.2100324779875258,-0.2227199789711981,0.03283452974569435,-0.6,False,False,False,False,34135.0,34300.0,20450.0,33766.0,32552.2,573.4210204264458,872.9095383074846,-0.00481049562682212,0.0025135909276903234,493,-339,209.0,-25.0,-0.48,0.25,0.75,1.0125767478708656,1.0372878023605163,0.8988319587196635,2019,6,3,27
2019-06-28,33947,-0.2190078288166713,-0.21738703354844865,-0.20961833618633077,-0.17743949476086182,0.05,False,False,False,False,33931.0,34135.0,13580.0,33907.71428571428,32617.066666666666,442.6408304281835,901.1545059962621,-0.005976270689907692,-0.00481049562682212,300,-53,493.0,-339.0,-0.6,-0.48,0.25,0.6672890767038475,1.0395697023352075,0.8017397730926484,2019,6,4,28
2019-07-01,33348,-0.2425855042877295,-0.26182956215231096,-0.28311535668680604,-0.8349913171584824,-1.76,False,False,True,False,33947.0,33931.0,11220.0,34046.42857142857,32688.333333333332,170.46295506025402,919.4017295116842,0.0004715451946597504,-0.005976270689907692,567,-429,300.0,-53.0,0.05,-0.6,-0.48,0.5794556628621598,1.041546787480607,0.7810972694239665,2019,7,0,1
2019-07-02,33779,-0.2687006874328029,-0.2589928050073836,-0.25147968264529713,-1.1459473957719912,1.29,False,False,False,True,33348.0,33947.0,3840.0,33976.42857142857,32747.733333333334,312.0912564959214,901.7868061118098,-0.01764515273809175,0.0004715451946597504,297,249,567.0,-429.0,-1.76,0.05,-0.6,0.2110701918320233,1.0375200086549066,0.5392102048444953,2019,7,1,2
2019-07-03,34077,-0.24004799661371426,-0.15960123985548347,-0.22016356086683375,-1.1602032618402325,0.88,False,False,False,True,33779.0,33348.0,350.0,33950.57142857143,32825.63333333333,321.0487279441154,885.902675565366,0.01292431330214705,-0.01764515273809175,949,276,297.0,249.0,1.29,-1.76,0.05,0.02177700348432056,1.0342701109165122,0.6877463008359518,2019,7,2,3
2019-07-04,34023,-0.19796766101962837,-0.20688052560427317,-0.2084466445551638,-1.1610942534694975,-0.16,False,False,False,True,34077.0,33779.0,190.0,33931.0,32913.13333333333,306.14321267490857,875.120592017955,0.008822049202167115,0.01292431330214705,389,-176,949.0,276.0,0.88,1.29,-1.76,0.012637179913535085,1.0309258512812516,0.7788315318105445,2019,7,3,4
2019-07-05,34370,-0.17724468168183732,-0.12944756205569982,-0.20961833618633077,-1.1735681362792083,1.02,False,False,False,True,34023.0,34077.0,180.0,33891.42857142857,32990.7,265.73285905434534,866.6053132566433,-0.0015846465357866046,0.008822049202167115,1137,-25,389.0,-176.0,-0.16,0.88,1.29,0.014539579967689823,1.0273024995355835,0.7326440975146363,2019,7,4,5
2019-07-08,34535,-0.16085661128715564,-0.15865565414050767,-0.14837081910260136,0.9532288827765101,0.48,False,False,False,False,34370.0,34023.0,40.0,33925.0,33084.566666666666,312.3827780148052,858.0887215329756,0.01019898304088418,-0.0015846465357866046,284,-15,1137.0,-25.0,1.02,-0.16,0.88,0.00415541242468315,1.0254025794504387,0.8344079270787013,2019,7,0,8
2019-07-09,34533,-0.166248815094438,-0.17735723828114006,-0.16701136778025816,1.1011334932345116,-0.01,False,False,False,False,34535.0,34370.0,23910.0,34011.28571428572,33181.4,388.4682373487263,852.1749698914142,0.004800698283386584,0.01019898304088418,281,34,284.0,-15.0,0.48,1.02,-0.16,2.285413878799465,1.0250105696048304,0.8618813524189909,2019,7,1,9
2019-07-10,34765,-0.16942069968695703,-0.15371759540674518,-0.16360281030777232,1.6170176465789863,0.67,False,False,False,False,34533.0,34535.0,25570.0,34095.0,33280.2,432.9053014231429,830.3304037004855,-5.7912262921622215e-05,0.004800698283386584,474,296,281.0,34.0,-0.01,0.48,1.02,2.5742474579683883,1.0244830259433537,0.8325598344269665,2019,7,2,10
2019-07-11,34612,-0.13442423968283032,-0.13386029539225353,-0.1360147982648403,1.9065899260901336,-0.44,False,False,False,False,34765.0,34533.0,31360.0,34297.42857142857,33380.36666666667,348.44696255609006,821.8278821110514,0.0067182115657487,-5.7912262921622215e-05,404,-188,474.0,296.0,0.67,-0.01,0.48,2.8447024673439767,1.0274730926091855,0.8905200556583799,2019,7,3,11
2019-07-12,34812,-0.14520864729739505,-0.14783395095800692,-0.13388444984453668,0.8819495524353046,0.58,False,False,False,False,34612.0,34765.0,34610.0,34416.42857142857,33473.066666666666,276.7525110658288,797.5223673576847,-0.004400977995110078,0.0067182115657487,251,114,404.0,-188.0,-0.44,0.67,-0.01,2.6365506208577743,1.0281827152007357,0.8002683361619015,2019,7,4,12
2019-07-15,34792,-0.1407680088678684,-0.14909473191130798,-0.1257891258473829,0.5763394235973861,-0.06,False,False,False,False,34812.0,34612.0,23110.0,34521.42857142857,33562.433333333334,265.719687605662,792.1429548500348,0.005778342771293188,-0.004400977995110078,163,52,251.0,114.0,0.58,-0.44,0.67,1.614277731209835,1.0285734716720552,0.8527486450349168,2019,7,0,15
2019-07-16,34738,-0.13347267430507462,-0.15025044778516727,-0.1309019620561116,1.0931145685711259,-0.16,False,False,False,False,34792.0,34812.0,19680.0,34631.28571428572,33642.0,165.29742313643547,791.7566675997375,-0.0005745145352177294,0.005778342771293188,200,-71,163.0,52.0,-0.06,0.58,-0.44,1.2377358490566037,1.0294062693741668,0.8207171306843619,2019,7,1,16
2019-07-17,35039,-0.14499718832456043,-0.12492976363970434,-0.13388444984453668,1.2793318190875251,0.87,False,False,False,False,34738.0,34792.0,25480.0,34683.857142857145,33717.76666666667,120.90689058440356,783.9587728128521,-0.0015520809381467382,-0.0005745145352177294,469,339,200.0,-71.0,-0.16,-0.06,0.58,1.383804920436648,1.0286522676825316,0.783278258951454,2019,7,2,17
2019-07-18,35117,-0.10270539375763994,-0.11757520807878151,-0.1083202688008931,1.5938518642180945,0.22,False,False,False,False,35039.0,34738.0,27570.0,34755.857142857145,33798.833333333336,160.93003507983133,790.8496122489738,0.008664862686395214,-0.0015520809381467382,299,17,469.0,339.0,0.87,-0.16,-0.06,1.3034844688194411,1.0283152912434987,0.9319333715584199,2019,7,3,18
2019-07-19,35033,-0.09424703484425585,-0.09341023980717789,-0.0921296208065855,1.4530751867942135,-0.24,False,False,False,False,35117.0,35039.0,31100.0,34839.28571428572,33878.26666666667,176.7424814871415,799.8330400483306,0.0022260909272524554,0.008664862686395214,377,-147,299.0,17.0,0.22,0.87,-0.16,1.2828445324423545,1.0283668304838218,0.9171685244708139,2019,7,4,19
2019-07-22,35143,-0.10270539375763994,-0.11347766998055306,-0.0887210633340997,0.2573644203204916,0.31,False,False,False,False,35033.0,35117.0,29520.0,34877.57142857143,33950.46666666667,186.71444966744536,803.1536432785188,-0.002392003872768167,0.0022260909272524554,154,43,377.0,-147.0,-0.24,0.22,0.87,1.0856533411790665,1.027307570496962,0.8317999229485833,2019,7,0,22
2019-07-23,35030,-0.10640592578224549,-0.11915118427040783,-0.10235529322404294,0.6413818125337362,-0.32,False,False,False,False,35143.0,35033.0,16100.0,34953.42857142857,34034.86666666667,167.73874243782606,790.4795896214458,0.003139896668855169,-0.002392003872768167,228,-35,154.0,43.0,0.31,-0.24,0.22,0.6096175691026127,1.0269888498097608,0.8469074397909229,2019,7,1,23
2019-07-24,35036,-0.11200958856236246,-0.1238791128452868,-0.10086404932983038,0.19677698953046696,0.02,False,False,False,False,35030.0,35143.0,20410.0,34984.57142857143,34116.666666666664,156.99772518933517,760.7197741031304,-0.003215434083601254,0.003139896668855169,169,24,228.0,-35.0,-0.32,0.31,-0.24,0.7882134857495945,1.0254393188638427,0.7640522234617332,2019,7,2,24
2019-07-25,34850,-0.1152872026412988,-0.1206220953825924,-0.11353962243063699,0.7349359336065683,-0.53,False,False,False,False,35036.0,35030.0,15420.0,35019.42857142857,34195.03333333333,132.25336434773908,728.5651218528536,0.00017128175849268068,-0.003215434083601254,319,-131,169.0,24.0,0.02,-0.32,0.31,0.6345679012345679,1.024108625076017,0.7417852298263078,2019,7,3,25
2019-07-26,34815,-0.12702317563361923,-0.14331615254201147,-0.11801335411327463,0.09787691868204434,-0.1,False,False,False,False,34850.0,35036.0,21460.0,35035.42857142857,34260.566666666666,93.68183236162028,694.1812683529936,-0.005308825208357071,0.00017128175849268068,145,-55,319.0,-131.0,-0.53,0.02,-0.32,0.9336523819882532,1.0226167276303635,0.6343252629206049,2019,7,4,26
2019-07-29,34788,-0.13030078971255557,-0.14583771444861357,-0.12067628963865416,-0.22109808459485017,-0.08,False,False,False,False,34815.0,34850.0,14310.0,35003.42857142857,34321.6,125.21029928868039,657.601787059349,-0.0010043041606886405,-0.005308825208357071,146,-51,145.0,-55.0,-0.1,-0.53,0.02,0.6473648495815426,1.019865873718841,0.599475191676296,2019,7,0,29
2019-07-30,34737,-0.1319924614952324,-0.14405160809810375,-0.1435775351569182,0.44536365409542106,-0.15,False,False,False,False,34788.0,34815.0,10730.0,34956.42857142857,34382.5,136.6953512302309,610.1383534442283,-0.0007755277897457669,-0.0010043041606886405,378,-86,146.0,-51.0,-0.08,-0.1,-0.53,0.5058934464875059,1.0166924619044158,0.5614986531113865,2019,7,1,30
2019-07-31,34714,-0.13125235509031127,-0.15119603350014307,-0.13239320595032414,-0.41978921792096047,-0.07,False,False,False,False,34737.0,34788.0,18210.0,34914.142857142855,34442.433333333334,153.77627534010418,548.6665140838759,-0.001466022766471231,-0.0007755277897457669,205,-116,378.0,-86.0,-0.15,-0.08,-0.1,0.8890299272567495,1.0136955922725994,0.49581833308843815,2019,7,2,31
2019-08-01,35134,-0.16402849587967466,-0.0808024302741673,-0.15316410304828454,-0.9356733712654351,1.21,False,False,False,False,34714.0,34737.0,8500.0,34852.857142857145,34500.36666666667,131.19505652832066,475.3454992707272,-0.0006621182024930672,-0.001466022766471231,1070,614,205.0,-116.0,-0.07,-0.15,-0.08,0.4575796726959518,1.0102170066653535,0.44484003814948175,2019,8,3,1
2019-08-02,35705,-0.09213244511590983,-0.045080303263970625,-0.08179743096811289,-1.1040707891965331,1.63,False,False,False,True,35134.0,34714.0,2710.0,34867.71428571428,34543.566666666666,157.7917554739975,471.95197617433126,0.012098865011234583,-0.0006621182024930672,740,505,1070.0,614.0,1.21,-0.07,-0.15,0.1722056300438457,1.0093837333641753,0.8470266350873141,2019,8,4,2
2019-08-05,36711,0.03601169242185928,0.0531555460140702,0.039632428989194106,-1.1512933455475818,2.82,False,False,True,True,35705.0,35134.0,820.0,34963.28571428572,34601.73333333333,355.4760724656088,503.99431669723856,0.016252063528206406,0.012098865011234583,535,299,740.0,505.0,1.63,1.21,-0.07,0.06372891893992384,1.0104489673239603,1.2502939472093901,2019,8,0,5
2019-08-06,37182,0.09849781889448432,0.09854366033290832,0.0802155663959783,1.2570570283558984,1.28,False,False,False,False,36711.0,35705.0,290.0,35229.142857142855,34684.96666666667,742.1916707905291,628.5487654696637,0.028175325584651967,0.016252063528206406,586,179,535.0,299.0,2.82,1.63,1.21,0.025695552011341487,1.0156891080711101,1.3959340383849497,2019,8,1,6
2019-08-07,37899,0.12461300203955772,0.19499340326043932,0.1472150242145275,2.753031973891949,1.93,False,True,True,False,37182.0,36711.0,27320.0,35567.28571428572,34781.03333333333,1012.1629832997733,771.6360801754832,0.012829941979243253,0.028175325584651967,875,649,586.0,179.0,1.28,2.82,1.63,2.2810386574267345,1.0226057798058248,1.265506625496243,2019,8,2,7
2019-08-08,37311,0.19323143872438622,0.17124869530660272,0.13922621763838888,1.833528612490398,-1.55,False,False,False,False,37899.0,37182.0,44110.0,36011.71428571428,34906.5,1264.5046084385529,948.6714030859943,0.01928352428594482,0.012829941979243253,724,-588,875.0,649.0,1.93,1.28,2.82,2.971170685706588,1.0316621341502092,1.2217722337591157,2019,8,3,8
2019-08-09,37558,0.14248128524408163,0.14865970322662542,0.15839935342112157,0.8605657533329429,0.66,False,False,False,False,37311.0,37899.0,33790.0,36379.42857142857,35019.166666666664,1204.8915382921764,1026.3519623274215,-0.015514921238027335,0.01928352428594482,329,139,724.0,-588.0,-1.55,1.93,1.28,2.101498849430935,1.0388433544895483,0.9741655954128435,2019,8,4,9
2019-08-12,37812,0.16373291201395918,0.17229934610102027,0.18662646999014468,-0.3592017871309358,0.68,False,False,False,False,37558.0,37311.0,22870.0,36785.71428571428,35139.53333333333,1014.1074424154544,1105.0049378361537,0.006620031626062062,-0.015514921238027335,289,192,329.0,139.0,0.66,-1.55,1.93,1.3504576321228225,1.0468469782101342,0.9577501421197181,2019,8,0,12
2019-08-13,37268,0.18910798875411147,0.19730483500815793,0.10567323001860668,2.5347390247220067,-1.44,False,True,False,False,37812.0,37558.0,9180.0,37168.28571428572,35288.333333333336,760.5983859846518,1154.8739991971215,0.0067628734224398634,0.006620031626062062,1287,-592,289.0,192.0,0.68,0.66,-1.55,0.5470798569725864,1.0532740484849303,0.9436878706364961,2019,8,1,13
2019-08-14,37688,0.12715050971357295,0.16547011593730618,0.14061094411158623,1.7916520059149397,1.13,False,False,False,False,37268.0,37812.0,41660.0,37391.57142857143,35404.63333333333,406.36636062572416,1173.1699904256482,-0.014386967100391446,0.0067628734224398634,656,414,1287.0,-592.0,-1.44,0.68,0.66,2.1783006535947713,1.0561208493964942,0.7954358910873074,2019,8,2,14
2019-08-16,37487,0.1912225784824575,0.17566142864315643,0.15051706426599812,0.9870865646885827,-0.53,False,False,False,False,37688.0,37268.0,33320.0,37531.142857142855,35525.0,282.5871125707393,1216.6944478006171,0.011269722013523609,-0.014386967100391446,660,-393,656.0,414.0,1.13,-1.44,0.68,1.5420928402832415,1.0564712978787574,0.8405849874322054,2019,8,4,16
2019-08-19,37484,0.13412865581711483,0.13195435559538637,0.14934537263483114,0.8712576528841238,-0.01,False,False,False,False,37487.0,37688.0,24290.0,37574.71428571428,35640.46666666667,240.10116915410399,1233.4906939059154,-0.005333262576947551,0.011269722013523609,255,144,660.0,-393.0,-0.53,1.13,-1.44,1.0220913107511045,1.0542711080956932,0.7713528565920735,2019,8,0,19
2019-08-20,37640,0.1404724250021529,0.14823944290885838,0.15786676631604565,0.5879223147778321,0.42,False,False,False,False,37484.0,37487.0,22990.0,37515.42857142857,35744.26666666667,193.37171211997088,1253.7499044813333,-8.002774295090553e-05,-0.005333262576947551,330,240,255.0,144.0,-0.01,-0.53,1.13,0.8848433530906011,1.049550936973442,0.744922462276465,2019,8,1,20
2019-08-21,37598,0.1568604953968346,0.14361657941342118,0.16755985162842718,0.22885268818400942,-0.11,False,False,False,False,37640.0,37484.0,19810.0,37562.42857142857,35847.76666666667,174.46093845962662,1278.399961247637,0.004161775690961544,-8.002774295090553e-05,195,43,330.0,240.0,0.42,-0.01,-0.53,0.7091716188157801,1.047831763710856,0.7487752211746567,2019,8,2,21
2019-08-22,37779,0.1573891428289211,0.16084725244186898,0.17395089688933807,0.6101971055094587,0.48,False,False,False,False,37598.0,37640.0,15780.0,37568.142857142855,35949.933333333334,174.9461141544391,1292.104029475529,-0.0011158342189160342,0.004161775690961544,299,219,195.0,43.0,-0.11,0.42,-0.01,0.5892457057505601,1.0450128657765574,0.7177143752146143,2019,8,3,22
2019-08-23,38357,0.1721912709273433,0.22661799217240755,0.18396353446476515,1.4031796555553697,1.53,False,False,False,False,37779.0,37598.0,20060.0,37563.42857142857,36050.4,167.5687492191795,1313.7871448858573,0.004814085855630701,-0.0011158342189160342,831,657,299.0,219.0,0.48,-0.11,0.42,0.822974358974359,1.0419698136894062,0.7288004477827623,2019,8,4,23
2019-08-26,38415,0.2620613343820493,0.27316182236510494,0.26544936154137905,1.3586300740921162,0.15,False,False,False,False,38357.0,37779.0,28960.0,37719.0,36175.23333333333,300.4263636910228,1349.827209460764,0.015299505016014292,0.004814085855630701,509,-135,831.0,657.0,1.53,0.48,-0.11,1.2121212121212122,1.0426746844295869,0.8107198807021111,2019,8,0,26
2019-08-27,38644,0.2427128383676832,0.25319945727117155,0.26236035633193877,0.6093061138801936,0.6,False,False,False,False,38415.0,38357.0,28460.0,37822.857142857145,36295.333333333336,397.8037324164162,1384.2015084843163,0.0015121099147483719,0.015299505016014292,348,277,509.0,-135.0,0.15,1.53,0.48,1.1639605742096437,1.0420859562163312,0.795805500593372,2019,8,1,27
2019-08-28,38772,0.26174414592279743,0.2742124731595225,0.2766336907479731,0.5291168672463376,0.33,False,False,False,False,38644.0,38415.0,20050.0,37988.142857142855,36423.73333333333,468.99304492829805,1418.182759812061,0.0059612130678119435,0.0015121099147483719,414,225,348.0,277.0,0.6,0.15,1.53,0.7851045500822305,1.0429502794096577,0.8182931236194971,2019,8,2,28
2019-08-29,38426,0.2821499368013366,0.2867152176130913,0.2578866246493012,1.042328045703017,-0.89,False,False,False,False,38772.0,38644.0,19150.0,38172.142857142855,36558.2,490.40915861941534,1443.8484111848416,0.003312286512783258,0.0059612130678119435,709,-314,414.0,225.0,0.33,0.6,0.15,0.8223472323614034,1.0441472188768282,0.8293456053639787,2019,8,3,29
2019-08-30,38300,0.2487394190934694,0.24363853504197183,0.25096299228331437,0.32953474229096213,-0.33,False,False,False,False,38426.0,38772.0,24910.0,38284.42857142857,36671.1,435.1278958133552,1453.3500503883163,-0.008923965748478313,0.003312286512783258,364,-124,709.0,-314.0,-0.89,0.33,0.6,1.1097745700793014,1.0439945507887294,0.7454267524010523,2019,8,4,30
2019-09-02,38708,0.2588894497895303,0.2659123318836239,0.2697100583819863,-0.9704220448067727,1.07,False,False,False,False,38300.0,38426.0,16910.0,38384.71428571428,36777.2,314.82149137130915,1452.1676639204265,-0.0032790298235569892,-0.008923965748478313,400,188,364.0,-124.0,-0.33,-0.89,0.33,0.7789754929058411,1.043709534323284,0.7101795742310023,2019,9,0,2
2019-09-03,39314,0.2939916392800743,0.3322083970113712,0.2946351348995388,-1.0702131072844605,1.57,False,False,False,False,38708.0,38300.0,2320.0,38517.42857142857,36899.7,186.6403467857823,1454.9618350243616,0.010652741514360242,-0.0032790298235569892,797,462,400.0,188.0,1.07,-0.33,-0.89,0.1181202586426353,1.0438412391273797,0.8748365019287535,2019,9,1,3
2019-09-04,39337,0.3452704401924654,0.33840723669843475,0.3315966799918068,-1.012298651382231,0.06,False,False,False,False,39314.0,38708.0,1200.0,38654.142857142855,37038.73333333333,338.36884636619357,1480.370944503926,0.0156556784127313,0.010652741514360242,509,0,797.0,462.0,1.57,1.07,-0.33,0.06749156355455568,1.0436140596189267,1.0611154172247563,2019,9,2,4
2019-09-05,38504,0.33057404158046055,0.32579942716542415,0.2647037395942728,-1.1209996301525693,-2.12,False,False,True,True,39337.0,39314.0,1850.0,38785.857142857145,37182.3,403.0353287135037,1487.6749308898357,0.000585033321463202,0.0156556784127313,1017,-694,509.0,0.0,0.06,1.57,1.07,0.11289436748642216,1.0431268948628014,0.9912338079560336,2019,9,3,5
2019-09-06,38551,0.290714025201138,0.2829328747531882,0.2681122970667586,2.426929037580934,0.12,False,True,False,False,38504.0,39337.0,630.0,38765.857142857145,37297.9,414.55696374708265,1449.393579492441,-0.02117599206853593,0.000585033321463202,577,-270,1017.0,-694.0,-2.12,0.06,1.57,0.04361672666851288,1.039357635224963,0.6500718411979499,2019,9,4,6
2019-09-09,38459,0.2650217600017338,0.3603658383017615,0.2553302065449368,1.649984336861794,-0.24,False,False,False,False,38551.0,38504.0,40450.0,38734.28571428572,37421.26666666667,422.3532148521648,1390.1497794099096,0.0012206523997506658,-0.02117599206853593,1434,-119,577.0,-270.0,0.12,-2.12,0.06,2.594112742897454,1.0350875094452276,0.6495563721355018,2019,9,0,9
2019-09-10,38248,0.24429878066394273,0.2330269620183546,0.24840657417894998,0.4810033192660238,-0.55,False,False,False,False,38459.0,38551.0,31730.0,38739.0,37542.73333333333,418.5052767497539,1311.548385616817,-0.0023864491193483772,0.0012206523997506658,287,-134,1434.0,-119.0,-0.24,0.12,-2.12,1.9930904522613064,1.0318641334940983,0.596381530595383,2019,9,1,10
2019-09-11,37965,0.2250560141359939,0.20917718898507623,0.21975338792586616,1.2944786767850314,-0.74,False,False,False,False,38248.0,38459.0,18610.0,38731.57142857143,37658.066666666666,427.9512655840699,1209.0806976092588,-0.005486362099898612,-0.0023864491193483772,329,-235,287.0,-134.0,-0.55,-0.24,0.12,1.1796399594320486,1.028506635016794,0.49959976016226965,2019,9,2,11
2019-09-12,37747,0.19333716821080352,0.20444926041019726,0.1911002016727823,2.5347390247220067,-0.57,False,True,False,False,37965.0,38248.0,27740.0,38625.42857142857,37765.666666666664,517.5367481783297,1076.5310294966862,-0.00739907969044129,-0.005486362099898612,553,-153,329.0,-235.0,-0.74,-0.55,-0.24,1.6675683799218515,1.0227657017775027,0.3555524940835763,2019,9,3,12
2019-09-13,37517,0.1721912709273433,0.17040817467106867,0.168625025838579,1.3212084256629835,-0.61,False,False,False,False,37747.0,37965.0,41660.0,38401.57142857143,37866.76666666667,508.8856640231856,909.5223332665051,-0.005742130910048715,-0.00739907969044129,440,-183,553.0,-153.0,-0.57,-0.74,-0.55,2.275259421081376,1.014123327893626,0.25401183833626473,2019,9,4,13
2019-09-16,38161,0.17737201576179104,0.20161250326526986,0.2003672173011031,1.1234082839661381,1.72,False,False,False,False,37517.0,37747.0,28040.0,38141.57142857143,37946.2,405.79709919486356,753.2625315102256,-0.006093199459559662,-0.005742130910048715,439,412,440.0,-183.0,-0.61,-0.57,-0.74,1.4436492817793338,1.0051486427777072,0.14704918780972945,2019,9,0,16
2019-09-17,37995,0.21109972192891013,0.1991960064381095,0.21144502908668197,0.9986694558690286,-0.43,False,False,False,False,38161.0,37517.0,25820.0,38092.57142857143,38028.066666666666,374.2200142273201,623.5832457384322,0.017165551616600494,-0.006093199459559662,312,-73,439.0,412.0,1.72,-0.61,-0.57,1.1858724107839986,1.0016962408967611,0.42161974554730297,2019,9,1,17
2019-09-18,37837,0.21099399244249284,0.18889962865281754,0.1981303514597843,0.5531736412364944,-0.42,False,False,False,False,37995.0,38161.0,24420.0,38013.142857142855,38070.86666666667,315.0250934838053,571.9988987994084,-0.0043499908283325395,0.017165551616600494,339,-230,312.0,-73.0,-0.43,1.72,-0.61,1.0134882755758456,0.9984837799982538,0.32576931657395114,2019,9,2,18
2019-09-19,37672,0.1721912709273433,0.15738010482029105,0.17650731499370242,0.8748216194011841,-0.44,False,False,False,False,37837.0,37995.0,19420.0,37924.28571428572,38092.7,249.13631763066851,548.9365361200694,-0.004158441900250054,-0.0043499908283325395,242,-28,339.0,-230.0,-0.42,-0.43,1.72,0.7511991335293208,0.9955788304395782,0.23107875396502345,2019,9,3,19
2019-09-20,37669,0.1721912709273433,0.15548893339033948,0.16713378194436646,0.6672205697824232,-0.01,False,False,False,False,37672.0,37837.0,23030.0,37842.0,38085.13333333333,217.51398422628492,553.2462028043095,-0.004360810846525842,-0.004158441900250054,312,-31,242.0,-28.0,-0.44,-0.42,-0.43,0.8198063505624377,0.9936160566590289,0.1529619712030512,2019,9,4,20
2019-09-23,37905,0.17747774524820834,0.17765766515254974,0.19781079919673875,0.6030691724753382,0.63,False,False,False,False,37669.0,37672.0,20700.0,37799.71428571428,38097.066666666666,218.38705264406337,539.6669428390499,-7.963474198346976e-05,-0.004360810846525842,235,155,312.0,-31.0,-0.01,-0.44,-0.42,0.7925872037370295,0.992194874646017,0.18408925760083059,2019,9,0,23
2019-09-24,38091,0.19323143872438622,0.19656937945206565,0.20132587409023975,1.1046974597515717,0.49,False,False,False,False,37905.0,37669.0,19980.0,37822.28571428572,38108.63333333333,220.18833929743553,531.3695696387505,0.006265098622209253,-7.963474198346976e-05,382,192,235.0,155.0,0.63,-0.01,-0.44,0.8010584556170315,0.9924860171042359,0.31520538512062046,2019,9,1,24
2019-09-25,37571,0.20496741171670665,0.1997213318353183,0.16905109552263972,1.27665884419973,-1.37,False,False,False,False,38091.0,37905.0,25610.0,37904.28571428572,38117.933333333334,192.71629777793996,528.4322899438583,0.004907004352987743,0.006265098622209253,715,-439,382.0,192.0,0.49,0.63,-0.01,0.9987520474221979,0.9943950891256534,0.4178264692547662,2019,9,2,25
2019-09-26,37773,0.15865789666592872,0.16347387942791283,0.16606860773421464,1.069057794580969,0.54,False,False,False,False,37571.0,38091.0,27540.0,37820.0,38128.03333333333,190.73804025589143,514.3348220694749,-0.013651518731458867,0.004907004352987743,398,201,715.0,-439.0,-1.37,0.49,0.63,1.074857544297869,0.9919210799403064,0.19690196783348496,2019,9,3,26
2019-09-27,37706,0.18530172724308863,0.1633688143484711,0.15264741268630175,1.265966944648549,-0.18,False,False,False,False,37773.0,37571.0,25210.0,37788.28571428572,38130.86666666667,174.5610822297666,512.0562828239142,0.005376487184264533,-0.013651518731458867,523,-118,398.0,201.0,0.54,-1.37,0.49,1.0514242816032031,0.9910156526108956,0.3121685545085322,2019,9,4,27
2019-09-30,36873,0.16161832228561315,0.1419355381423531,0.10045387638886279,0.3375536669543478,-2.21,False,False,True,False,37706.0,37773.0,27420.0,37769.57142857143,38138.166666666664,175.48775564582013,504.0592523532237,-0.001773753739443551,0.005376487184264533,809,-727,523.0,-118.0,-0.18,0.54,-1.37,1.1465607359397867,0.9903352659471858,0.29774672726877205,2019,9,0,30
2019-10-01,37377,0.09596031122046908,0.13006318416543478,0.09395631370693672,-0.8501381748559885,1.37,False,False,False,False,36873.0,37706.0,17000.0,37655.42857142857,38117.8,384.6850907538089,542.296038249669,-0.022091974752028842,-0.001773753739443551,757,398,809.0,-727.0,-2.21,-0.18,0.54,0.7380714626839752,0.9878699340315698,-0.0015482009423259345,2019,10,1,1
2019-10-03,38012,0.15982092101651904,0.20444926041019726,0.18268532541258295,-1.143274420884196,1.7,False,False,False,True,37377.0,36873.0,3670.0,37613.71428571428,38109.03333333333,398.55017011147123,552.3195903486474,0.013668537954600879,-0.022091974752028842,632,429,757.0,398.0,1.37,-2.21,-0.18,0.17511212901994466,0.9870025816901054,0.2252944368827988,2019,10,3,3
2019-10-04,38002,0.198412183558834,0.20444926041019726,0.21421448203307672,-1.1637672283572926,-0.03,False,False,False,True,38012.0,37377.0,380.0,37629.0,38122.833333333336,413.36061737984403,544.2235268015099,0.016989057441742172,0.013668537954600879,336,54,632.0,429.0,1.7,1.37,-2.21,0.019943318988138975,0.9870462583665957,0.5804747188025462,2019,10,4,4
2019-10-07,37978,0.22769925129642643,0.21358992232162993,0.202071496037346,0.23063467144253955,-0.06,False,False,False,False,38002.0,38012.0,150.0,37616.28571428572,38130.26666666667,397.8599897315847,540.8779538097069,-0.00026307481847842595,0.016989057441742172,537,-247,336.0,54.0,-0.03,1.7,1.37,0.008946677800310152,0.9865203944972598,0.5959265785563431,2019,10,0,7
2019-10-08,38242,0.22283569492123056,0.2238863001069219,0.2461697083376312,-0.23980890880941663,0.7,False,False,False,False,37978.0,38002.0,15800.0,37674.42857142857,38117.63333333333,419.30055137288144,539.8246511792757,-0.0006315457081206288,-0.00026307481847842595,221,63,537.0,-247.0,-0.06,-0.03,1.7,0.9707544851314819,0.9883727103928779,0.6091372775253635,2019,10,1,8
2019-10-09,38384,0.2334086435629607,0.2257774715368735,0.24350677281225164,0.6075241306216635,0.37,False,False,False,False,38242.0,37978.0,10520.0,37741.42857142857,38111.86666666667,471.8537404552475,537.4573428655882,0.006951392911685783,-0.0006315457081206288,264,105,221.0,63.0,0.7,-0.06,-0.03,0.6862361382909328,0.9902802426740728,0.8260599820917425,2019,10,2,9
2019-10-10,38120,0.24620191141945416,0.22745851280794158,0.23029861260636914,0.6618746200068327,-0.69,False,False,False,False,38384.0,38242.0,20030.0,37838.28571428572,38103.2,529.4414397229418,530.6336095499873,0.0037131949165838396,0.006951392911685783,404,-280,264.0,105.0,0.37,0.7,-0.06,1.3559436772271867,0.9930474530823059,0.9161187802465345,2019,10,3,10
2019-10-11,37839,0.20919659117339873,0.2094923842234015,0.19898249082790576,1.2356732292535368,-0.74,False,False,False,False,38120.0,38384.0,20640.0,38016.42857142857,38081.46666666667,318.1434986212401,515.4311040152237,-0.006877865777407233,0.0037131949165838396,527,-211,404.0,-280.0,-0.69,0.37,0.7,1.4657008947592671,0.9982921326059371,0.7110042853127061,2019,10,4,11
2019-10-14,38250,0.1822355721369869,0.21190888105056185,0.20121935666922455,0.7821584899576169,1.09,False,False,False,False,37839.0,38120.0,27080.0,38082.42857142857,38061.9,182.305473628656,513.0372272550751,-0.007371458551941212,-0.006877865777407233,529,455,527.0,-211.0,-0.74,-0.69,0.37,1.897820449926414,1.00053934699604,0.5020520689103674,2019,10,0,14
2019-10-15,38067,0.23129405383461468,0.22451669058357243,0.2293399558172325,0.9211531841229676,-0.48,False,False,False,False,38250.0,37839.0,21990.0,38116.42857142857,38060.23333333333,189.05013192705783,512.3177679918496,0.010861809244430365,-0.007371458551941212,385,-192,529.0,455.0,1.09,-0.74,-0.69,1.6020690660061199,1.0014764817021242,0.7737887366616091,2019,10,1,15
2019-10-16,38248,0.22241277697556136,0.21033290485893552,0.22497274155561003,1.184886706385428,0.48,False,False,False,False,38067.0,38250.0,23550.0,38125.71428571428,38038.86666666667,184.0223847686048,497.52364236335626,-0.0047843137254901524,0.010861809244430365,291,73,385.0,-192.0,-0.48,1.09,-0.74,1.6375773590153675,1.0022831284593376,0.645842442217467,2019,10,2,16
2019-10-17,38216,0.22399871927182088,0.20812653819065868,0.22720960739692886,0.6306899129825553,-0.08,False,False,False,False,38248.0,38067.0,26510.0,38164.28571428572,38003.333333333336,176.02340212576308,437.794498579381,0.004754774476580792,-0.0047843137254901524,249,26,291.0,73.0,0.48,-0.48,1.09,1.5907590759075907,1.0042352174621274,0.7620001069188365,2019,10,3,17
2019-10-18,38121,0.22283569492123056,0.204134065171872,0.22976602550129321,0.2689473115009375,-0.25,False,False,False,False,38216.0,38248.0,20290.0,38160.57142857143,37965.96666666667,174.37684971054904,361.1728484183945,-0.000836645053336138,0.004754774476580792,187,-58,249.0,26.0,-0.08,0.48,-0.48,1.0875857632933104,1.0051257686552104,0.7208123416011737,2019,10,4,18
2019-10-21,37969,0.21427160652142918,0.19698963976983266,0.22071204471500278,-0.24960981673133237,-0.4,False,False,False,False,38121.0,38216.0,16230.0,38123.0,37953.2,143.87957928079732,348.02867499470165,-0.0024858697927570006,-0.000836645053336138,204,-129,187.0,-58.0,-0.25,-0.08,0.48,0.8009277536517962,1.0044739310519273,0.6391781542348547,2019,10,0,21
2019-10-22,38025,0.19344289769722084,0.18816417309672526,0.21645134787439552,0.056000312106586125,0.15,False,False,False,False,37969.0,38121.0,10410.0,38101.42857142857,37933.8,155.27272474038313,329.27238488242284,-0.003987303585950008,-0.0024858697927570006,160,124,204.0,-129.0,-0.4,-0.25,-0.08,0.5277566539923955,1.004418976517738,0.5225744842573024,2019,10,1,22
2019-10-23,38124,0.21342577063009077,0.2080214731112169,0.23668965786728002,-0.05448264992228237,0.26,False,False,False,False,38025.0,37969.0,13840.0,38128.0,37919.333333333336,113.05455910320376,314.6093728246987,0.0014748874081487173,-0.003987303585950008,159,34,160.0,124.0,0.15,-0.4,-0.25,0.6900334047963305,1.0055029096854726,0.557995757724305,2019,10,2,23
2019-10-24,38452,0.22241277697556136,0.23176618106505353,0.23871348886656846,0.12906162570632174,0.86,False,False,False,False,38124.0,38025.0,12600.0,38110.0,37915.2,99.62596716728984,310.9355626746768,0.0026035502958579038,0.0014748874081487173,366,277,159.0,34.0,0.26,0.15,-0.4,0.65237651444548,1.0051377811537325,0.6267273182228115,2019,10,3,24
2019-10-25,38362,0.25148838574031923,0.2543551731450308,0.2617212518058477,0.5665385156754704,-0.23,False,False,False,False,38452.0,38124.0,14660.0,38165.0,37931.433333333334,159.943740110985,325.9741562955502,0.008603504354212532,0.0026035502958579038,365,-88,366.0,277.0,0.86,0.26,0.15,0.7832870271425518,1.0061576019185494,0.8222924636715254,2019,10,4,25
2019-10-27,38280,0.2331971845901261,0.21810772073762538,0.25373244522970906,-1.1174356636355092,-0.21,False,False,False,True,38362.0,38452.0,19570.0,38181.28571428572,37951.933333333334,174.90732240036033,333.23285151859164,-0.002340580463955022,0.008603504354212532,95,3,365.0,-88.0,-0.23,0.86,0.26,1.0893403840801559,1.0060432331322353,0.7355742078415293,2019,10,6,27
2019-10-28,38103,0.24493315758244652,0.22262551915362086,0.2345593094469764,-0.5071063975889372,-0.46,False,False,False,False,38280.0,38362.0,670.0,38190.42857142857,37977.36666666667,178.6568938355835,327.9684050492003,-0.0021375319326416564,-0.002340580463955022,318,-285,95.0,3.0,-0.21,-0.23,0.86,0.04231668035116529,1.0056102337645467,0.6611484569490695,2019,10,0,28
2019-10-29,38110,0.21057107449682363,0.2022428937419204,0.2258248809237315,-0.18189445290718717,0.02,False,False,False,False,38103.0,38280.0,7520.0,38187.857142857145,37975.433333333334,179.94761142575862,327.01815654565235,-0.00462382445141063,-0.0021375319326416564,206,47,318.0,-285.0,-0.46,-0.21,-0.23,0.5284609978917779,1.0055937165393016,0.49404234322323326,2019,10,1,29
2019-10-30,38369,0.2244216372174901,0.22220525883585385,0.23541144881509785,-0.6095704349544201,0.68,False,False,False,False,38110.0,38103.0,11170.0,38208.0,37979.26666666667,157.90820118250727,327.9281810883218,0.00018371256856419826,-0.00462382445141063,306,175,206.0,47.0,0.02,-0.46,-0.21,0.8798046628859484,1.0060225842521093,0.4439604229114899,2019,10,2,30
2019-10-31,38842,0.23562896277772402,0.27620870966891586,0.25905831628046816,-0.9722040280653029,1.23,False,False,False,False,38369.0,38110.0,6370.0,38257.142857142855,37997.0,144.41656019253426,334.29225289063424,0.006796116504854455,0.00018371256856419826,598,542,306.0,175.0,0.68,0.02,-0.46,0.563517338995046,1.0068464051673252,0.8191527223850436,2019,10,3,31
2019-11-01,38652,0.2841587970432653,0.2659123318836239,0.28227911406177775,-1.1129807054891838,-0.49,False,False,False,True,38842.0,38369.0,2300.0,38359.71428571428,38036.0,250.27365974592428,362.15628175092115,0.012327660350804015,0.006796116504854455,282,-107,598.0,542.0,1.23,0.68,0.02,0.23206538189890022,1.008510734191668,1.233994712954939,2019,11,4,1
2019-11-04,38734,0.3625043464784855,0.3394578874928523,0.2958068265307058,-1.1610942534694975,0.21,False,False,False,True,38652.0,38842.0,720.0,38388.28571428572,38068.76666666667,272.9534235529736,372.1380614495932,-0.004891612172390758,0.012327660350804015,855,-766,282.0,-107.0,-0.49,1.23,0.68,0.08051889957503915,1.0083932072298738,0.9459470481157671,2019,11,0,4
2019-11-05,38458,0.2926171559566494,0.2920735366646208,0.25905831628046816,-1.1619852450987624,-0.71,False,False,False,True,38734.0,38652.0,180.0,38441.42857142857,38096.4,301.6840826344844,389.91259851485205,0.0021214943599296987,-0.004891612172390758,749,-381,855.0,-766.0,0.21,-0.49,1.23,0.02375923970432946,1.009056723769925,0.9582004721190283,2019,11,1,5
2019-11-06,38239,0.20179552712418763,0.21054303501781904,0.22252284087226087,0.6324718962410855,-0.57,False,False,False,False,38458.0,38734.0,170.0,38466.857142857145,38108.63333333333,293.1918760661765,395.4551705969536,-0.007125522796509576,0.0021214943599296987,316,259,749.0,-381.0,-0.71,0.21,-0.49,0.026843518079898942,1.0094000697004917,0.6842116529288044,2019,11,2,6
2019-11-07,37595,0.2237872602989863,0.2076012127934499,0.17767900662486943,1.3069525595947422,-1.68,False,False,True,False,38239.0,38458.0,20310.0,38486.28571428572,38130.9,268.5310126645252,382.741053182097,-0.0056945238961984,-0.007125522796509576,709,-593,316.0,259.0,-0.57,-0.71,0.21,2.9443316903450274,1.009320150174418,0.46691933423364845,2019,11,3,7
2019-11-08,37705,0.16743344403856472,0.16925245879720938,0.17256617041614072,1.2730948776826696,0.29,False,False,False,False,37595.0,38239.0,27880.0,38412.71428571428,38124.96666666667,417.844354709533,389.79530289468386,-0.01684144459844661,-0.0056945238961984,392,50,709.0,-593.0,-1.68,-0.57,-0.71,3.607193686117221,1.0075474851312907,-0.08795389631567815,2019,11,4,8
2019-11-11,37688,0.1732485657915163,0.1661005064139567,0.1772529369408087,0.3625014325737697,-0.05,False,False,False,False,37705.0,37595.0,27500.0,38317.857142857145,38124.933333333334,497.24689661292507,389.83240725338004,0.0029259210001328917,-0.01684144459844661,318,-22,392.0,50.0,0.29,-1.68,-0.57,2.641183250096043,1.0050603054918692,0.07267406433819283,2019,11,0,11
2019-11-12,37740,0.16690479660647822,0.16084725244186898,0.17831811115096052,-0.027752901044330314,0.14,False,False,False,False,37688.0,37705.0,17280.0,38153.0,38152.1,485.67410197993917,322.09137169748965,-0.00045086858506826477,0.0029259210001328917,258,90,318.0,-22.0,-0.05,0.29,-1.68,1.5173867228661748,1.0000235897892908,0.10205186654938599,2019,11,1,12
2019-11-13,38107,0.18487880929741943,0.1976200302464832,0.20579960577287737,0.8810585608060396,0.97,False,False,False,False,37740.0,37688.0,12900.0,38022.71428571428,38164.2,450.55954630056794,297.87736425542755,0.0013797495223943912,-0.00045086858506826477,350,287,258.0,90.0,0.14,-0.05,0.29,1.1158204307585848,0.9962927111196955,0.17657211999637004,2019,11,2,13
2019-11-14,38269,0.2151174424127676,0.21285446676553765,0.23349413523682458,0.6574196618605074,0.43,False,False,False,False,38107.0,37740.0,23100.0,37933.142857142855,38167.36666666667,332.42514374086164,296.7062268562966,0.009724430312665566,0.0013797495223943912,235,163,350.0,287.0,0.97,0.14,-0.05,1.7455040048360284,0.9938632441800505,0.44480489368152026,2019,11,3,14
2019-11-15,38002,0.22886227564701675,0.2066556270784741,0.2187947311367295,0.3616104409445046,-0.7,False,False,False,False,38269.0,38107.0,20590.0,37906.142857142855,38176.26666666667,287.30380469309625,295.5771599245975,0.004251187445876159,0.009724430312665566,314,-234,235.0,163.0,0.43,0.97,0.14,1.3669255792338844,0.9929243000138703,0.5559589502768288,2019,11,4,15
2019-11-18,38228,0.19788353612674747,0.2080214731112169,0.20686477998302918,0.8926414519864855,0.59,False,False,False,False,38002.0,38269.0,17270.0,37872.28571428572,38177.066666666666,253.5190422089681,295.0540492042933,-0.006976926494029145,0.004251187445876159,439,285,314.0,-234.0,-0.7,0.43,0.97,1.0330183036248355,0.9920166482395815,0.3624436432773357,2019,11,0,18
2019-11-19,38206,0.22748779232359184,0.2060252366018236,0.21858169629469915,1.0387640791859567,-0.06,False,False,False,False,38228.0,38002.0,23230.0,37962.71428571428,38176.6,251.00977025319995,294.9588632882718,0.005947055418135783,-0.006976926494029145,310,-17,439.0,285.0,0.59,-0.7,0.43,1.2211533406928454,0.9943974656128174,0.5181753110818172,2019,11,1,19
2019-11-20,38155,0.22695914489150532,0.2160064191487903,0.22923343839621732,0.9220441757522327,-0.13,False,False,False,False,38206.0,38228.0,24870.0,38034.28571428572,38170.666666666664,236.27294547318175,292.4223838432017,-0.0005754944020089914,0.005947055418135783,305,-63,310.0,-17.0,-0.06,0.59,-0.7,1.157120923091239,0.9964270743927026,0.49923705041542343,2019,11,2,20
2019-11-21,37971,0.22040391673363263,0.20287328421857093,0.2212446318200787,0.6075241306216635,-0.48,False,False,False,False,38155.0,38206.0,23560.0,38101.0,38171.833333333336,181.86625122328326,292.28305639448064,-0.0013348688687641053,-0.0005754944020089914,255,-185,305.0,-63.0,-0.13,-0.06,0.59,1.0798423320194335,0.9981443560042089,0.4725912160010642,2019,11,3,21
2019-11-22,37927,0.2012668796921011,0.1976200302464832,0.21698393497947144,0.6378178460166759,-0.12,False,False,False,False,37971.0,38155.0,20030.0,38134.0,38176.23333333333,113.5840364400511,288.062934132136,-0.004822434805399012,-0.0013348688687641053,245,-48,255.0,-185.0,-0.48,-0.13,-0.06,0.9523130319022488,0.9988937270745237,0.3518463597648908,2019,11,4,22
2019-11-25,37782,0.19238560283304781,0.17187908578325323,0.19898249082790576,0.1504454248086834,-0.38,False,False,False,False,37927.0,37971.0,20370.0,38108.28571428572,38165.46666666667,138.3831809237776,291.2295851423705,-0.0011587790682362487,-0.004822434805399012,169,-109,245.0,-48.0,-0.12,-0.48,-0.13,1.00246062992126,0.9985017620017499,0.33408515845020015,2019,11,0,25
2019-11-26,37775,0.17716055678895642,0.16399920482512162,0.18609388288506878,0.22617971329621422,-0.02,False,False,False,False,37782.0,37927.0,14900.0,38038.71428571428,38155.96666666667,164.1398938788922,299.0945512251007,-0.0038231339151527655,-0.0011587790682362487,215,28,169.0,-109.0,-0.38,-0.12,-0.48,0.7419579723135146,0.9969270237083309,0.24753311351761495,2019,11,1,26
2019-11-27,37578,0.17779493370746025,0.1559091937081065,0.17703990209877835,-0.12665297189275293,-0.52,False,False,False,False,37775.0,37782.0,15750.0,38006.28571428572,38140.2,192.56489320720738,306.4522688793214,-0.00018527341061880254,-0.0038231339151527655,223,-175,215.0,28.0,-0.02,-0.38,-0.12,0.7733097657976138,0.9964888939828769,0.2606986330557529,2019,11,2,27
2019-11-28,37780,0.15220839799447333,0.1647346603812139,0.17501607109948988,-0.3306900549944536,0.54,False,False,False,False,37578.0,37775.0,11790.0,37913.42857142857,38118.933333333334,222.261750454141,322.7164799551186,-0.005215089344804746,-0.00018527341061880254,326,269,223.0,-175.0,-0.52,-0.02,-0.38,0.6129132875857767,0.9946088532932515,0.16555534603909766,2019,11,3,28
2019-11-29,37961,0.17959233497655436,0.1892148238911428,0.1963195553025262,-0.7966786771000844,0.48,False,False,False,False,37780.0,37578.0,9500.0,37852.57142857143,38107.566666666666,183.7941395010478,328.5929966829907,0.005375485656501144,-0.005215089344804746,359,191,326.0,269.0,0.54,-0.52,-0.02,0.5240801015060407,0.9933085405235731,0.3150677308551346,2019,11,4,29
2019-12-02,37915,0.22928519359268595,0.20707588739624114,0.19674562498658693,-1.0978338477916776,-0.12,False,False,False,True,37961.0,37780.0,4270.0,37824.857142857145,38107.3,139.9993197285278,328.71255129239285,0.004790894653255773,0.005375485656501144,525,-325,359.0,191.0,0.48,0.54,-0.52,0.25375883995958876,0.9925882217542871,0.4720379926603793,2019,12,0,2
2019-12-03,38267,0.1905882015639537,0.2238863001069219,0.21006030261348463,-1.1637672283572926,0.93,False,False,False,True,37915.0,37961.0,890.0,37816.857142857145,38103.63333333333,131.6047473476907,330.2720386864054,-0.0012117699744474963,0.004790894653255773,560,393,525.0,-325.0,-0.12,0.48,0.54,0.06098814500102789,0.9924737835899414,0.4608668496955814,2019,12,1,3
2019-12-04,38188,0.26343581770547425,0.24101190805592795,0.23573100107814338,-1.1726771446499433,-0.21,False,False,False,True,38267.0,37915.0,150.0,37865.42857142857,38108.4,215.2137365076839,331.60535330822233,0.009283924568112889,-0.0012117699744474963,482,-375,560.0,393.0,0.93,-0.12,0.48,0.01237521656628991,0.9936242028379195,0.8471905284090371,2019,12,2,4
2019-12-05,38095,0.22981384102477245,0.2076012127934499,0.20579960577287737,-1.1744591279084735,-0.24,False,False,False,True,38188.0,38267.0,50.0,37923.42857142857,38099.6,242.0212505441199,325.62159124895385,-0.002064441947369766,0.009283924568112889,445,-150,482.0,-375.0,-0.21,0.93,-0.12,0.00511770726714432,0.9953760294446287,0.7685246234171235,2019,12,3,5
2019-12-06,37748,0.21310858217083886,0.1997213318353183,0.1963195553025262,0.327752759032432,-0.91,False,False,False,False,38095.0,38188.0,30.0,37969.142857142855,38090.7,239.5213480905958,321.82905614185654,-0.002435319995810148,-0.002064441947369766,459,-339,445.0,-150.0,-0.24,-0.21,0.93,0.003861003861003861,0.9968087448417293,0.6481120689372764,2019,12,4,6
2019-12-09,37638,0.18001525292222356,0.15811556037638336,0.18556129577999286,-0.3556378206138755,-0.29,False,False,False,False,37748.0,38095.0,16890.0,37993.42857142857,38072.96666666667,198.32873144088188,325.67272373712535,-0.009108806930043345,-0.002435319995810148,164,-136,459.0,-339.0,-0.91,-0.24,-0.21,2.2756669361358126,0.9979109036620535,0.24121348550466562,2019,12,0,9
2019-12-10,37604,0.16204124023128236,0.1532825667220626,0.17917025051908197,-0.07230248250758374,-0.09,False,False,False,False,37638.0,37748.0,9220.0,37973.142857142855,38057.46666666667,228.72940969146092,335.122492613264,-0.002914061672141588,-0.009108806930043345,178,0,164.0,-136.0,-0.29,-0.91,-0.24,1.3451998832798366,0.9977843031365599,0.12197993123680292,2019,12,1,10
2019-12-11,37693,0.16182978125844777,0.15464841275480543,0.1795963202031427,-0.20595122689734402,0.24,False,False,False,False,37604.0,37638.0,12400.0,37922.142857142855,38040.6,268.27065224842977,344.9759211956054,-0.0009033423667570428,-0.002914061672141588,187,91,178.0,0.0,-0.09,-0.29,-0.91,1.9021322288694584,0.996886033793969,0.10764012882878218,2019,12,2,11
2019-12-12,37559,0.17737201576179104,0.18648313182565718,0.1738443794683229,0.8373999709720512,-0.36,False,False,False,False,37693.0,37604.0,10900.0,37890.42857142857,38018.066666666666,282.02532814436483,344.8632845858438,0.002366769492607279,-0.0009033423667570428,544,-190,187.0,91.0,0.24,-0.09,-0.29,1.6951788491446345,0.9966426989473928,0.23412893587938777,2019,12,3,12
2019-12-13,37776,0.15231412748089065,0.16189790323628653,0.16319263736680473,0.7777035318112916,0.58,False,False,False,False,37559.0,37693.0,22610.0,37789.28571428572,37975.3,249.55274278037672,317.6419747700338,-0.0035550367442230835,0.002366769492607279,410,264,544.0,-190.0,-0.36,0.24,-0.09,2.9208112646944837,0.9951017033252065,0.12961056294090867,2019,12,4,13
2019-12-16,37873,0.17642045038403534,0.1763968841992487,0.19887597340689056,-0.014388026605354287,0.26,False,False,False,False,37776.0,37559.0,21940.0,37730.42857142857,37946.1,178.23847054320888,292.56385686326746,0.005777576612795876,-0.0035550367442230835,213,133,410.0,264.0,0.58,-0.36,0.24,2.3075305006310476,0.9943163743159,0.37524151276434936,2019,12,0,16
2019-12-17,37961,0.18942517721336338,0.18049442229747714,0.21112547682363644,-0.10883313930745155,0.23,False,False,False,False,37873.0,37776.0,13050.0,37698.71428571428,37917.4,108.77149486820491,252.03045792528255,0.002567767894959827,0.005777576612795876,137,98,213.0,133.0,0.26,0.58,-0.36,1.2168966803431556,0.9942325762239573,0.4982325843366718,2019,12,1,17
2019-12-18,37932,0.19724915920824368,0.18122987785356942,0.20761040193013544,-0.09992322301480086,-0.08,False,False,False,False,37961.0,37873.0,11990.0,37729.142857142855,37900.833333333336,147.68821728370784,230.7020893292521,0.0023235550392100013,0.002567767894959827,177,-5,137.0,98.0,0.23,0.26,0.58,1.0068861269734632,0.9954700078839829,0.6196597568007557,2019,12,2,18
2019-12-19,38110,0.20369865787969904,0.19656937945206565,0.2143209994540919,-0.01260604334682415,0.47,False,False,False,False,37932.0,37961.0,12090.0,37771.142857142855,37890.6,158.83264628043443,221.82263806139557,-0.0007639419404125158,0.0023235550392100013,260,112,177.0,-5.0,-0.08,0.23,0.26,0.9220561317876754,0.9968473145619984,0.6034999908871714,2019,12,3,19
2019-12-20,38002,0.21194555782024854,0.19446807786323053,0.22337498024038233,-0.10348718953186113,-0.28,False,False,False,False,38110.0,37932.0,13070.0,37843.42857142857,37907.76666666667,183.33835491134698,218.0532493179638,0.004692607824528183,-0.0007639419404125158,155,-74,260.0,112.0,0.47,-0.08,0.23,0.9066315205327414,0.9983027727324629,0.8115521832261229,2019,12,4,20
2019-12-23,38231,0.20380438736611636,0.21022783977949377,0.2269965725548985,-0.2683206409458988,0.6,False,False,False,False,38002.0,38110.0,12050.0,37887.57142857143,37917.666666666664,178.21041603005546,215.2540332919796,-0.002833901863028121,0.004692607824528183,271,232,155.0,-74.0,-0.28,0.47,-0.08,0.864915302899799,0.9992063003675885,0.6716144093629899,2019,12,0,23
2019-12-24,38624,0.22928519359268595,0.2495221794907101,0.25266727101955727,0.0595642786236464,1.03,False,False,False,False,38231.0,38002.0,10200.0,37983.57142857143,37935.76666666667,150.56876296768473,218.08708847340216,0.006025998631650875,-0.002833901863028121,404,384,271.0,232.0,0.6,-0.28,0.47,0.7270135424091233,1.0012601501460299,0.8956605172990297,2019,12,1,24
2019-12-26,38767,0.27263428302377946,0.26759337315469195,0.2930373735843111,0.29122210223256423,0.37,False,False,False,False,38624.0,38231.0,13880.0,38104.71428571428,37965.23333333333,258.31486877308225,248.34551616684845,0.010279616018414428,0.006025998631650875,197,117,404.0,384.0,1.03,0.6,-0.28,0.9789815206658203,1.003673912686281,1.1396578173230478,2019,12,3,26
2019-12-27,38978,0.28902235341846116,0.2864000223747661,0.30006752337131304,-0.15070974588290978,0.54,False,False,False,False,38767.0,38624.0,16480.0,38232.42857142857,37987.23333333333,334.44324737537556,287.4862135588077,0.003702361226180617,0.010279616018414428,310,173,197.0,117.0,0.37,1.03,0.6,1.1183496199782845,1.0064546748099206,1.1133079094891403,2019,12,4,27
2019-12-30,38823,0.3088994968649138,0.28629495729532434,0.30177180210755594,-0.6808497652956256,-0.4,False,False,False,False,38978.0,38767.0,11520.0,38377.71428571428,38010.86666666667,409.3819383281246,336.4249912097988,0.005442773492919217,0.003702361226180617,293,-170,310.0,173.0,0.54,0.37,1.03,0.8453804946062963,1.0096511248287143,1.1075309785136163,2019,12,0,30
2019-12-31,38999,0.3116484635117636,0.2973267906367086,0.3196667288381065,-1.1209996301525693,0.45,False,False,False,True,38823.0,38978.0,5570.0,38505.0,38038.23333333333,385.52302136284885,367.62449763614967,-0.003976602185848388,0.005442773492919217,230,-20,293.0,-170.0,-0.4,0.54,0.37,0.4645537948290242,1.0122709869981694,0.9366790721317308,2019,12,1,31
2020-01-01,38938,0.30752501354148887,0.2939647080945724,0.3229687688895771,-1.1664402032450878,-0.16,False,False,False,True,38999.0,38823.0,630.0,38632.0,38063.933333333334,380.1043716324406,406.26693563021325,0.004533395152358066,-0.003976602185848388,167,-42,230.0,-20.0,0.45,-0.4,0.54,0.058615556382582805,1.014924013808347,0.9609209162448179,2020,1,2,1
2020-01-02,39220,0.30467031740822176,0.35889492718957694,0.323501355994653,-1.154857312064642,0.72,False,False,False,True,38938.0,38999.0,120.0,38765.71428571428,38088.333333333336,270.3255532921069,435.9880046833146,-0.0015641426703248973,0.004533395152358066,780,267,167.0,-42.0,-0.16,0.45,-0.4,0.012550988390335738,1.0177844734358101,0.8831362015343014,2020,1,3,2
2020-01-03,39925,0.36461893620683156,0.3922005573726133,0.3853879776044735,-1.1584212785817023,1.8,False,False,True,True,39220.0,38938.0,250.0,38907.0,38123.833333333336,191.12822920960377,482.48273746515366,0.00724228260311266,-0.0015641426703248973,516,405,780.0,267.0,0.72,-0.16,0.45,0.029843619434164977,1.0205427051319602,0.9517389372487203,2020,1,4,3
2020-01-06,40448,0.4418014612914615,0.5022036955481306,0.4667672872600722,1.7782871314759636,1.31,False,False,False,False,39925.0,39220.0,210.0,39092.857142857145,38188.96666666667,394.4647971508991,582.6358348829784,0.017975522692503798,0.00724228260311266,799,198,516.0,405.0,1.8,0.72,-0.16,0.029615004935834157,1.0236688906531592,1.1029900942060944,2020,1,0,6
2020-01-07,40635,0.44497334588398046,0.4619637701219385,0.4594175852100247,1.2704219027948744,0.46,False,False,False,False,40448.0,39925.0,33170.0,39333.0,38273.0,613.7540223907752,711.172611084281,0.013099561678146632,0.017975522692503798,485,355,799.0,198.0,1.31,1.8,0.72,3.604259480604151,1.0276957646382567,1.1205264382030842,2020,1,1,7
2020-01-08,40078,0.4991068429296387,0.5254230781047585,0.4287405679576524,3.073788960427373,-1.37,False,True,False,False,40635.0,40448.0,27470.0,39569.71428571428,38368.1,756.8693665991028,824.9110861164331,0.004623219936708889,0.013099561678146632,1377,-714,485.0,355.0,0.46,1.31,1.8,2.5132662397072276,1.0313180555126338,1.055066872674276,2020,1,2,8
2020-01-09,39806,0.43281445494599086,0.4093261653216193,0.3968918590741131,1.2748768609411998,-0.68,False,False,False,False,40078.0,40635.0,47710.0,39749.0,38444.86666666667,696.7634701491224,873.5395193989796,-0.013707395102743991,0.004623219936708889,571,-359,1377.0,-714.0,-1.37,0.46,1.31,3.3333333333333335,1.0339221707969681,0.8593279429980368,2020,1,3,9
2020-01-10,39849,0.3858705629767091,0.3802231383162532,0.39220509254944513,1.1946876143073437,0.11,False,False,False,False,39806.0,40078.0,27520.0,39864.28571428572,38519.13333333333,613.8117828478319,891.8177381946836,-0.006786765806677031,-0.013707395102743991,338,128,571.0,-359.0,-0.68,-1.37,0.46,1.7850424855678797,1.0349216678711806,0.7598132463231145,2020,1,4,10
2020-01-13,39541,0.39432892189009316,0.3710824764048205,0.3879443957088379,0.6351448711288806,-0.77,False,False,False,False,39849.0,39806.0,26620.0,39994.42857142857,38588.1,462.64776275466704,912.4495772546721,0.0010802391599256111,-0.006786765806677031,291,-260,338.0,128.0,0.11,-0.68,-1.37,1.5726354345129083,1.0364446181965055,0.7471700226471724,2020,1,0,13
2020-01-14,39443,0.3625043464784855,0.34208451447889615,0.3634453888753461,0.5246619091000122,-0.25,False,False,False,False,39541.0,39849.0,20340.0,40040.28571428572,38640.76666666667,381.9675877560695,920.5679162905275,-0.007729177645612206,0.0010802391599256111,245,-57,291.0,-260.0,-0.77,0.11,-0.68,1.105194522929798,1.0362187184248168,0.6438716674579692,2020,1,1,14
2020-01-15,39598,0.37307729512021565,0.3603658383017615,0.3830445943421395,0.44358167083689093,0.39,False,False,False,False,39443.0,39541.0,19100.0,39971.42857142857,38691.7,444.5345345211054,921.2983398618543,-0.002478440100149193,-0.007729177645612206,235,-2,245.0,-57.0,-0.25,-0.77,0.11,0.9431633005777492,1.033075015350284,0.598008557944449,2020,1,2,15
2020-01-16,39676,0.3690595746363582,0.36698493830659207,0.3934833016016273,0.2324166547010697,0.2,False,False,False,False,39598.0,39443.0,18190.0,39850.0,38736.066666666666,407.1813682716757,932.1255995471051,0.0039297213700784095,-0.002478440100149193,200,114,235.0,-2.0,0.39,-0.25,-0.77,0.8246441200471484,1.028757006820517,0.62590145122642,2020,1,3,16
2020-01-17,39920,0.38883098859639353,0.3876827589566178,0.4064784269654795,0.2039049225645875,0.61,False,False,False,False,39676.0,39598.0,15820.0,39713.0,38785.666666666664,215.03798114342976,941.4987806793457,0.001969796454366346,0.0039297213700784095,275,171,200.0,114.0,0.2,0.39,-0.25,0.6699131907685792,1.0239091760701977,0.6316344392399178,2020,1,4,17
2020-01-20,39927,0.4143117948229631,0.3909397764193122,0.4262906672743032,-0.2852494819019351,0.02,False,False,False,False,39920.0,39676.0,15500.0,39690.42857142857,38846.5,174.88363478379364,954.2075517002739,0.006149813489263023,0.001969796454366346,120,-63,275.0,171.0,0.61,0.2,0.39,0.6164492523067133,1.0217247003315246,0.6940855730935327,2020,1,0,20
2020-01-21,39892,0.41536908968713615,0.407750189129993,0.40392200886111507,1.0209442466006553,-0.09,False,False,False,False,39927.0,39920.0,10010.0,39707.71428571428,38919.13333333333,193.22846088541462,950.6324476749097,0.00017535070140284326,0.006149813489263023,490,-108,120.0,-63.0,0.02,0.61,0.2,0.438496583143508,1.02026203784208,0.680179561897997,2020,1,1,21
2020-01-22,39893,0.3955976757271008,0.3855814573677827,0.4120173328582689,0.18252112346222585,0.0,False,False,False,False,39892.0,39927.0,24670.0,39713.857142857145,38994.26666666667,199.0640002395837,934.8275862904426,-0.0008765997946251769,0.00017535070140284326,203,80,490.0,-108.0,-0.09,0.02,0.61,1.094110342380699,1.0184537507101166,0.6490180613521879,2020,1,2,22
2020-01-23,40255,0.4065935423145001,0.4207782589807706,0.4194735523293316,0.7242440340553875,0.91,False,False,False,False,39893.0,39892.0,15260.0,39764.142857142855,39070.566666666666,192.4711481185127,910.5399187711678,2.5067682743351583e-05,-0.0008765997946251769,468,338,203.0,80.0,0.0,-0.09,0.02,0.7905506916023416,1.017751884593676,0.6306941860040974,2020,1,3,23
2020-01-24,40322,0.430065488299141,0.43391139391098993,0.43257519511419895,0.9104612845717869,0.17,False,False,False,False,40255.0,39893.0,21340.0,39880.142857142855,39155.96666666667,210.51003822005217,896.9258410623705,0.009074273682099676,2.5067682743351583e-05,470,183,468.0,338.0,0.91,0.0,-0.09,1.1420925876371422,1.0184946574462348,0.778866680978716,2020,1,4,24
2020-01-27,40557,0.45766088425405665,0.46774234949123505,0.48274490041234946,0.612870080397254,0.58,False,False,False,False,40322.0,40255.0,23430.0,39983.57142857143,39248.066666666666,226.06699386516286,868.7022002051577,0.0016643895168302336,0.009074273682099676,321,157,470.0,183.0,0.17,0.91,0.0,1.2757268866383535,1.0187398978948796,0.7848315333516949,2020,1,0,27
2020-01-28,40200,0.47066561108338467,0.45093193678055427,0.45398519673825044,0.5513916579779642,-0.88,False,False,False,False,40557.0,40322.0,20090.0,40109.42857142857,39340.76666666667,267.69936940888675,854.4647319570906,0.005828083924408478,0.0016643895168302336,431,-323,321.0,157.0,0.58,0.17,0.91,1.0953601221307454,1.0195385593594237,0.8761350367773595,2020,1,1,28
2020-01-29,40321,0.42594203832886623,0.4319151574015966,0.442587832689626,0.002540814350682015,0.3,False,False,False,False,40200.0,40557.0,19400.0,40149.42857142857,39418.333333333336,255.30952270121244,821.6181399005615,-0.008802426214956749,0.005828083924408478,357,221,431.0,-323.0,-0.88,0.58,0.17,1.0560121931304773,1.0185470865019297,0.6692989829591639,2020,1,2,29
2020-01-30,40897,0.45766088425405665,0.4960048558610671,0.48274490041234946,-0.7360912463100597,1.43,False,False,False,False,40321.0,40200.0,13240.0,40205.71428571428,39497.0,241.13738427753998,789.6303805759909,0.003009950248756166,-0.008802426214956749,590,497,357.0,221.0,0.3,-0.88,0.58,0.7406578652942493,1.0179434966127625,0.728560620356082,2020,1,3,30
2020-01-31,41012,0.46717653803161374,0.5139709844456072,0.4923314683037158,-1.0746680654307859,0.28,False,False,False,False,40897.0,40321.0,4950.0,40349.28571428572,39595.833333333336,311.99717642349356,772.3609609635363,0.014285359986111468,0.003009950248756166,671,522,590.0,497.0,1.43,0.3,-0.88,0.2948359044612544,1.01902857744171,1.0403503306499675,2020,1,4,31
2020-02-01,41099,0.5474252182223454,0.5301510066796374,0.5361101283409554,-0.5240352385449735,0.21,False,False,False,False,41012.0,40897.0,1150.0,40509.142857142855,39692.566666666666,325.61911725945106,761.5050742827835,0.0028119421962491398,0.014285359986111468,414,-150,671.0,522.0,0.28,1.43,0.3,0.07489904910772437,1.020572521735208,1.0099910870643338,2020,2,5,1
2020-02-03,40633,0.539918424686717,0.515757090796117,0.502983210405234,-1.1602032618402325,-1.13,False,False,False,True,41099.0,41012.0,7330.0,40629.71428571428,39795.8,369.17643220588525,733.8405069581936,0.0021213303423388563,0.0028119421962491398,588,-545,414.0,-150.0,0.21,0.28,1.43,0.4858809492244465,1.0209548315579604,0.9882292064422277,2020,2,0,3
2020-02-04,40056,0.4807099122930283,0.4801400288653621,0.4135085767524814,-1.168222186503618,-1.42,False,False,False,True,40633.0,41099.0,190.0,40674.142857142855,39875.86666666667,343.815080420919,686.7494515417332,-0.01133847538869559,0.0021213303423388563,1089,-562,588.0,-545.0,-1.13,0.21,0.28,0.01503402437094477,1.0200190304865144,0.7495863917401507,2020,2,1,4
2020-02-05,40213,0.48832243531507397,0.46553598282295816,0.45078967410779497,-1.1735681362792083,0.39,False,False,False,True,40056.0,40633.0,100.0,40602.57142857143,39923.6,416.68807564169293,645.249035054558,-0.014200280560135892,-0.01133847538869559,600,-477,1089.0,-562.0,-1.42,-1.13,0.21,0.008991188635137565,1.0170067686423927,0.45448660807326374,2020,2,2,5
2020-02-06,40287,0.4199154576030801,0.4282378796211352,0.43715544421785174,0.21370583048650324,0.18,False,False,False,False,40213.0,40056.0,40.0,40604.42857142857,39971.8,414.6186429101376,608.8534957670803,0.003919512682244886,-0.014200280560135892,373,244,600.0,-477.0,0.39,-1.42,-1.13,0.004448398576512456,1.015826872230637,0.524812428812067,2020,2,3,6
2020-02-07,40563,0.4518457625011051,0.4584966225003606,0.464849973681799,0.6021781808460731,0.69,False,False,False,False,40287.0,40213.0,15610.0,40599.57142857143,40015.433333333334,418.67165223116893,581.4657865403437,0.001840200930047553,0.003919512682244886,401,218,373.0,244.0,0.18,0.39,-1.42,1.9013398294762485,1.014597820055381,0.5524234755246784,2020,2,4,7
2020-02-10,40607,0.4717229059475577,0.4587067526592441,0.4881772888841237,-0.015279018234619355,0.11,False,False,False,False,40563.0,40287.0,19970.0,40551.857142857145,40073.433333333334,397.6289847644766,543.9949089072151,0.006850845185792043,0.001840200930047553,184,74,401.0,218.0,0.69,0.18,0.39,2.4359599902415225,1.0119386778154058,0.6773269460237646,2020,2,0,10
2020-02-11,40353,0.4692911277599598,0.44557361772902476,0.46602166531296596,0.4079420056662882,-0.63,False,False,False,False,40607.0,40563.0,13040.0,40494.0,40127.03333333333,345.57440105956783,512.8043576187907,0.00108473239158835,0.006850845185792043,267,-157,184.0,74.0,0.11,0.69,0.18,1.7244115313409152,1.0091451232793187,0.6830255666565996,2020,2,1,11
2020-02-12,40427,0.45258586890602615,0.44074062407470405,0.4668738046810874,0.08183906935527312,0.18,False,False,False,False,40353.0,40607.0,17790.0,40387.42857142857,40174.2,220.1831488752495,462.2508947017643,-0.006255079173541511,0.00108473239158835,213,75,267.0,-157.0,-0.63,0.11,0.69,2.219034551577897,1.0053075996890686,0.5120480804143869,2020,2,2,12
2020-02-13,40580,0.4654848662489369,0.4576561018648266,0.48913594567326035,0.15311839969647859,0.38,False,False,False,False,40427.0,40353.0,14130.0,40358.0,40214.433333333334,194.1142275422686,427.5612223389491,0.0018338165687805663,-0.006255079173541511,165,106,213.0,75.0,0.18,-0.63,0.11,1.5814213766088416,1.003570028339742,0.5384676936702025,2020,2,3,13
2020-02-14,40879,0.46707080854519645,0.4878097796646102,0.49222495088270063,0.1638102992476594,0.74,False,False,False,False,40580.0,40427.0,14930.0,40432.857142857145,40236.26666666667,155.42246574465526,428.9930417646132,0.0037845994013900874,0.0018338165687805663,423,390,165.0,106.0,0.38,0.18,-0.63,1.4476873848540677,1.0048859025072856,0.6267435576869882,2020,2,4,14
2020-02-17,40686,0.5027016454678269,0.48056028918312915,0.5104394298762966,-0.1890223859413077,-0.47,False,False,False,False,40879.0,40580.0,15050.0,40528.0,40250.63333333333,196.75619431422047,443.3065012160138,0.007368161655988192,0.0037845994013900874,183,-140,423.0,390.0,0.74,0.38,0.18,1.3576905728461885,1.00689098887885,0.8118587828767919,2020,2,0,17
2020-02-18,41311,0.5020672685493232,0.5330928289040066,0.5253518688184221,0.8071062555770389,1.54,False,False,False,False,40686.0,40879.0,11090.0,40585.0,40252.333333333336,171.47302995229666,444.9261336055807,-0.004721250519826858,0.007368161655988192,543,491,183.0,-140.0,-0.47,0.74,0.38,0.9108829568788501,1.008264531248706,0.6520840728269008,2020,2,1,18
2020-02-19,41463,0.5633903706713579,0.5481171352641775,0.5711543598549501,0.522879925841482,0.37,False,False,False,False,41311.0,40686.0,22270.0,40691.857142857145,40293.433333333334,322.252710655539,483.5402977391005,0.015361549427321375,-0.004721250519826858,256,63,543.0,491.0,1.54,-0.47,0.74,1.5473874374652585,1.0098880580919425,1.0567936550032702,2020,2,2,19
2020-02-20,41886,0.5726945654760803,0.6007547400644967,0.5881971472173793,1.3131895009995977,1.02,False,False,False,False,41463.0,41311.0,19080.0,40814.142857142855,40348.666666666664,429.3143481469692,519.2600393859767,0.003679407421752101,0.015361549427321375,597,398,256.0,63.0,0.37,1.54,-0.47,1.170839469808542,1.011536346276858,1.0482029264478738,2020,2,3,20
2020-02-21,42511,0.6268280625217386,0.6621127464584816,0.65317277403664,0.5754484319681211,1.49,False,False,False,False,41886.0,41463.0,27950.0,41033.142857142855,40416.566666666666,533.2858609834724,581.1615410356893,0.010201866724549591,0.003679407421752101,571,511,597.0,398.0,1.02,0.37,1.54,1.594409583571021,1.0152555311182507,1.1322912097075668,2020,2,4,21
2020-02-24,43456,0.7061251773347146,0.7686487370124211,0.7330608397980262,2.3066451676301494,2.22,False,True,True,False,42511.0,41886.0,19670.0,41330.857142857145,40515.566666666666,695.5308353036925,672.6355104232969,0.014921453468939472,0.010201866724549591,835,706,571.0,511.0,1.49,1.02,0.37,1.124,1.0201228945629246,1.1937489333913147,2020,2,0,24
2020-02-25,42675,0.7494742667658081,0.7281986814273455,0.6805477512375416,1.7880880393978795,-1.8,False,False,True,False,43456.0,42511.0,39100.0,41741.71428571428,40649.333333333336,972.4024739940389,832.1070195301515,0.022229540589494556,0.014921453468939472,943,-485,835.0,706.0,2.22,1.49,1.02,1.9446931264299214,1.0268732808831866,1.2424553746394968,2020,2,1,25
2020-02-26,42349,0.6765209211378702,0.6793434194869294,0.653811878562731,1.2258723213316212,-0.76,False,False,False,False,42675.0,43456.0,33280.0,41998.28571428572,40751.9,943.3401143965821,885.945563438647,-0.017972201767304852,0.022229540589494556,729,-121,943.0,-485.0,-1.8,2.22,1.49,1.536827522512122,1.0305847264614831,0.939500916185344,2020,2,2,26
2020-02-27,42193,0.6754636262736972,0.6793434194869294,0.669576456872978,0.46229249505145736,-0.37,False,False,False,False,42349.0,42675.0,26970.0,42235.857142857145,40841.0,746.6780717674485,908.1449451362961,-0.0076391329818394915,-0.017972201767304852,581,-267,729.0,-121.0,-0.76,-1.8,2.22,1.1757269279393172,1.0341533542973274,0.8151907809230431,2020,2,3,27
2020-02-28,41763,0.663833382767794,0.7071856655389944,0.5730716734332234,-0.778858844514783,-1.02,False,False,False,False,42193.0,42349.0,18400.0,42361.857142857145,40916.76666666667,629.8826421313494,923.3472721867721,-0.003683676119861201,-0.0076391329818394915,1752,-587,581.0,-267.0,-0.37,-0.76,-1.8,0.7901743536889118,1.0353178071953504,0.751357987507227,2020,2,4,28
2020-03-02,42017,0.734037761748882,0.708656576651179,0.6200458561009186,-1.1495113622890516,0.61,False,False,False,True,41763.0,42193.0,4470.0,42404.71428571428,40977.96666666667,565.4410415152079,916.3015044862184,-0.010191263953736374,-0.003683676119861201,1325,-997,1752.0,-587.0,-1.02,-0.37,-0.76,0.2010977145942055,1.034817433247809,0.6317752402696816,2020,3,0,2
2020-03-03,43100,0.6321145368426037,0.7362886925443606,0.6489120771960327,-1.1708951613914131,2.58,False,False,True,True,42017.0,41763.0,310.0,42423.42857142857,41048.8,547.2884240040648,911.5804918386012,0.006081938558053723,-0.010191263953736374,1317,1050,1325.0,-997.0,0.61,-1.02,-0.37,0.014657210401891253,1.0334876676401885,0.6781322527889785,2020,3,1,3
2020-03-04,43235,0.74313049758077,0.7753729020966934,0.7603292995779126,-1.1691131781328832,0.31,False,False,False,True,43100.0,42017.0,70.0,42507.57142857143,41155.7,605.2090154501955,958.2151205437216,0.025775281433705333,0.006081938558053723,643,135,1317.0,1050.0,2.58,0.61,-1.02,0.0036978341257263604,1.0328477326001364,0.9016600841661833,2020,3,2,4
2020-03-05,43874,0.737844023259905,0.8390423402383969,0.7650160661025807,-1.1441654125134613,1.48,False,False,False,True,43235.0,43100.0,90.0,42476.0,41255.03333333333,550.8063785650143,1014.4358881967804,0.003132250580046403,0.025775281433705333,1205,824,643.0,135.0,0.31,2.58,0.61,0.005284481240091597,1.0295955806604609,0.8869912922800984,2020,3,3,5
2020-03-06,44098,0.8594329326398014,0.9048130799689355,0.8030427854050004,5.616679070349879,0.51,False,True,False,False,43874.0,43235.0,370.0,42647.28571428572,41373.433333333334,767.0025454737163,1105.0230667991157,0.014779692378859677,0.003132250580046403,1474,-102,1205.0,824.0,1.48,0.31,2.58,0.025923071533664962,1.0307891387859773,0.9676442420007196,2020,3,4,6
2020-03-09,44308,0.8594329326398014,0.889998903767648,0.8479931370734071,4.273063693418155,0.48,False,True,False,False,44098.0,43874.0,76250.0,42897.142857142855,41491.46666666667,922.7093129430058,1199.8555583555562,0.005105529470757153,0.014779692378859677,911,108,1474.0,-102.0,0.51,1.48,0.31,3.825698660378305,1.033878681652039,0.9490444097891839,2020,3,0,9
2020-03-10,43694,0.8678912915531855,0.8416689672244407,0.8141205971905794,0.9532288827765101,-1.39,False,False,False,False,44308.0,44098.0,61170.0,43199.28571428572,41628.4,996.9974447124775,1279.1753701441287,0.004762120731098829,0.005105529470757153,769,-586,911.0,108.0,0.48,0.51,1.48,2.763122233264071,1.0377359138060966,0.9313982712153571,2020,3,1,10
2020-03-11,43334,0.8055108945669777,0.795230202111185,0.7884498987259205,1.9529214908119172,-0.82,False,False,False,False,43694.0,44308.0,23910.0,43475.142857142855,41740.833333333336,776.0121194447546,1308.2044837339124,-0.013857542655953736,0.004762120731098829,568,-356,769.0,-586.0,-1.39,0.48,0.51,1.1277769916513372,1.0415494705139137,0.7817190764211593,2020,3,2,11
2020-03-12,42217,0.7654394192148205,0.7718006893956737,0.6106723230515825,5.509760074838071,-2.58,False,True,True,False,43334.0,43694.0,35130.0,43663.28571428572,41822.066666666666,458.0985026133415,1329.4895295535555,-0.008239117498970105,-0.013857542655953736,2014,-1094,568.0,-356.0,-0.82,-1.39,0.48,1.5955852295953128,1.0440250612743285,0.6880857134982065,2020,3,3,12
2020-03-13,40382,0.6268280625217386,0.6110511178497887,0.45664813226363,4.758654131367618,-4.35,False,True,True,False,42217.0,43334.0,75050.0,43537.142857142855,41862.23333333333,697.8768823069577,1322.3554398090282,-0.02577652651497664,-0.008239117498970105,1930,-1618,2014.0,-1094.0,-2.58,-0.82,-1.39,2.711148038436529,1.0400100374596082,0.42094170783267526,2020,3,4,13
2020-03-16,39548,0.5001641377938117,0.5276294447730353,0.27173388938127474,8.349350397305843,-2.07,False,True,True,False,40382.0,42217.0,66620.0,43129.57142857143,41838.333333333336,1391.8230080421815,1342.9448170369194,-0.043465902361607855,-0.02577652651497664,2872,-1254,1930.0,-1618.0,-4.35,-2.58,-0.82,1.9653656665781634,1.0308625605363047,0.015383458267243763,2020,3,0,16
2020-03-17,40279,0.38893671808281083,0.4918022526833969,0.3016652846865408,6.1797857800454015,1.85,False,True,True,False,39548.0,40382.0,106920.0,42511.57142857143,41802.166666666664,1880.7374313591818,1390.2998952915552,-0.020652766083898766,-0.043465902361607855,2250,529,2872.0,-1254.0,-2.07,-4.35,-2.58,2.39956910094708,1.0169705261347242,-0.09451973134228292,2020,3,1,17
2020-03-18,39764,0.4406384369408711,0.4424216653457721,0.3728189219246821,5.278993242858418,-1.28,False,True,False,False,40279.0,39548.0,82570.0,41966.0,41809.6,1897.679372286372,1381.208381490853,0.01848386770506716,-0.020652766083898766,1112,-475,2250.0,529.0,1.85,-2.07,-4.35,1.5635888501742161,1.003740767670583,0.08840755479937021,2020,3,2,18
2020-03-19,39889,0.3836502437619458,0.4098514907188281,0.3465091189339322,3.2288215039194954,0.31,False,True,False,False,39764.0,40279.0,72460.0,41316.857142857145,41794.63333333333,1733.073226821347,1401.3907989071083,-0.012785818913081282,0.01848386770506716,1049,189,1112.0,-475.0,-1.28,1.85,-2.07,1.2067615954700641,0.9885684799130625,0.04622827158326279,2020,3,3,19
2020-03-20,40419,0.4205498345215839,0.49568966062274183,0.42788842858953097,2.990035747276457,1.33,False,True,False,False,39889.0,39764.0,49450.0,40773.28571428572,41781.36666666667,1434.1626725827425,1417.941550356369,0.003143546926868579,-0.012785818913081282,1102,370,1049.0,189.0,0.31,-1.28,1.85,0.7613197234923714,0.9758724753925965,0.11327455103383431,2020,3,4,20
2020-03-23,41317,0.4859963866138934,0.549588046376362,0.42096479622354416,2.7271932166432618,2.22,False,True,True,False,40419.0,39889.0,46770.0,40356.857142857145,41776.566666666666,884.6192078279869,1422.4447552036368,0.013286871067211603,0.003143546926868579,1680,649,1102.0,370.0,1.33,0.31,-1.28,0.7542940085476978,0.9660166060285107,0.22713202007700575,2020,3,0,23
2020-03-24,41873,0.5687825744786402,0.6206120400789884,0.45238743542302273,2.393962347298126,1.35,False,True,False,False,41317.0,40419.0,43820.0,40228.28571428572,41800.23333333333,583.2860116869192,1408.1491320730395,0.022217274054281422,0.013286871067211603,2061,422,1680.0,649.0,2.22,1.33,0.31,0.727061556329849,0.9623938075533642,0.3857925255847803,2020,3,1,24
2020-03-25,42713,0.6374010111634687,0.6955234417209597,0.589262321427531,1.6865149936616617,2.01,False,False,True,False,41873.0,41317.0,40080.0,40441.28571428572,41850.9,856.8556304475389,1381.3715410706438,0.013456930561270175,0.022217274054281422,1489,613,2061.0,422.0,1.35,2.22,1.33,0.6476319744049639,0.9663181846575752,0.48217021241775676,2020,3,2,25
2020-03-26,43631,0.6691198570886591,0.8017442370365738,0.65317277403664,1.8923340600218925,2.15,False,False,True,False,42713.0,41873.0,32140.0,40893.42857142857,41927.1,1105.8106916264644,1363.0463434820815,0.02006065961359349,0.013456930561270175,1900,1231,1489.0,613.0,2.01,1.35,2.22,0.521854906800026,0.9753459831810112,0.6152973079682469,2020,3,3,26
2020-03-27,43590,0.7875368818760365,0.7869300608352864,0.763418304787353,0.6592016451190376,-0.09,False,False,False,False,43631.0,42713.0,34450.0,41372.28571428572,42028.8,1463.3608252112865,1372.8560062112117,0.021492285720974946,0.02006065961359349,724,70,1900.0,1231.0,2.15,2.01,1.35,0.5988388263106661,0.9843794187387153,0.7455519994432982,2020,3,4,27
2020-03-30,43883,0.7537034462225001,0.8311624592802652,0.7809936792548579,-1.0951608729038824,0.67,False,False,False,True,43590.0,43631.0,20610.0,41918.857142857145,42119.166666666664,1476.9924879717587,1383.7430019332987,-0.0009396988379821725,0.021492285720974946,980,683,724.0,70.0,-0.09,2.15,2.01,0.3894042738110983,0.9952442192079729,0.7200532298325345,2020,3,0,30
2020-03-31,43225,0.8777241337899945,0.8541717116780095,0.7660812403127324,-1.1512933455475818,-1.5,False,False,False,True,43883.0,43590.0,920.0,42489.42857142857,42225.73333333333,1325.8780558742424,1392.6412992952662,0.006721725166322523,-0.0009396988379821725,1339,-1148,980.0,683.0,0.67,-0.09,2.15,0.021735535237555226,1.0062448942215785,0.7442068301708907,2020,3,1,31
2020-04-01,43578,0.7171210439221138,0.7749526417789263,0.7383867108487853,-1.1726771446499433,0.82,False,False,False,True,43225.0,43883.0,290.0,42890.28571428572,42289.53333333333,972.7368116624255,1393.132509312304,-0.01499441697240389,0.006721725166322523,845,724,1339.0,-1148.0,-1.5,0.67,-0.09,0.008504648230153377,1.0142056989897985,0.6441109817316563,2020,4,2,1
2020-04-03,44298,0.8583756377756283,0.8542767767574513,0.8512951771248777,-1.1700041697621482,1.65,False,False,False,True,43578.0,43225.0,50.0,43213.28571428572,42360.03333333333,700.5618493489424,1403.3409515986552,0.008166570271833429,-0.01499441697240389,540,108,845.0,724.0,0.82,-1.5,0.67,0.0018616427135304192,1.0201428637753445,0.6930404926960766,2020,4,4,3
2020-04-07,45043,0.8382870353563411,1.0537953626173437,0.8662076160670031,0.6574196618605074,1.68,False,False,False,False,44298.0,43578.0,80.0,43559.71428571428,42440.433333333334,497.47218156386305,1443.7581630350553,0.016522098306484878,0.008166570271833429,2299,1043,540.0,108.0,1.65,0.82,-1.5,0.003649468546142968,1.0263729859586954,0.7929039287836257,2020,4,1,7
2020-04-08,44944,0.9188529040063247,0.9173158244225043,0.9354439397268711,-0.0509186834052221,-0.22,False,False,False,False,45043.0,44298.0,20590.0,43892.57142857143,42524.833333333336,604.5005809611126,1520.020010832207,0.016817915030023833,0.016522098306484878,350,182,2299.0,1043.0,1.68,1.65,0.82,1.0666735740558462,1.032163279383531,0.8809134285375947,2020,4,2,8
2020-04-09,45279,0.9408446371811233,0.9519873006382834,0.9516345877211787,-0.004587118683438533,0.75,False,False,False,False,44944.0,45043.0,12640.0,44080.142857142855,42574.433333333334,705.1390946887948,1574.745248872838,-0.002197899784650237,0.016817915030023833,528,309,350.0,182.0,-0.22,1.68,1.65,0.7809700339820822,1.035366519432465,0.8539489213021096,2020,4,3,9
2020-04-13,46270,0.9967755354958756,1.0602043324632908,1.0258772301687602,0.56119256589988,2.19,False,False,True,False,45279.0,44944.0,13160.0,44321.42857142857,42661.23333333333,792.9705453014652,1650.4272734823724,0.00745372018511925,-0.002197899784650237,861,771,528.0,309.0,0.75,-0.22,1.68,0.9753205365745201,1.0389157815744172,0.8702827056955857,2020,4,0,13
2020-04-15,46696,1.102505021913177,1.1045417959877115,1.0824379807278217,1.147465057956295,0.92,False,False,False,False,46270.0,45279.0,19510.0,44662.42857142857,42791.933333333334,1045.9093104642213,1775.3739563974782,0.021886525762494724,0.00745372018511925,752,197,861.0,771.0,2.19,0.75,-0.22,1.5952575633687653,1.043711398209676,0.9404402333480261,2020,4,2,15
2020-04-16,47203,1.1325321960556904,1.157914856344123,1.130157785342623,0.7527557661918697,1.09,False,False,False,False,46696.0,46270.0,26090.0,45158.28571428572,42942.03333333333,1073.2854100518116,1908.3640129032153,0.009206829479144085,0.021886525762494724,812,420,752.0,197.0,0.92,2.19,0.75,2.2898016499912233,1.051610326966796,0.9261119629662371,2020,4,3,16
2020-04-17,45855,1.1560041420403313,1.1279713087032228,1.0153320054882573,1.6998798681006377,-2.86,False,False,True,False,47203.0,46696.0,21660.0,45676.142857142855,43123.36666666667,1058.1407323817468,2045.9632835093034,0.010857461024498916,0.009206829479144085,1605,-1150,812.0,420.0,1.09,0.92,2.19,1.883642055830942,1.0591970522665481,0.9217292026487575,2020,4,4,17
2020-04-20,45724,0.9863083163405628,1.0170225848127297,1.0009521536512078,1.015598296825065,-0.29,False,False,False,False,45855.0,47203.0,32290.0,45898.57142857143,43251.3,866.4450082853191,2093.8314352657976,-0.028557506938118316,0.010857461024498916,684,324,1605.0,-1150.0,-2.86,1.09,0.92,2.20620388084176,1.0612067482034395,0.7572782845623065,2020,4,0,20
2020-04-21,45383,1.0217276942903588,1.0512738007107418,0.9833767791837028,1.600979797252215,-0.75,False,False,False,False,45724.0,45855.0,24610.0,45995.857142857145,43338.76666666667,789.1538566879173,2141.5561001014958,-0.002856831316105146,-0.028557506938118316,1175,-352,684.0,324.0,-0.29,-2.86,1.09,1.441879540660886,1.0613097852236328,0.7210325926321982,2020,4,1,21
2020-04-22,46189,1.013375064863392,1.0528497769023681,1.023320812064396,1.7416673755131693,1.78,False,False,True,False,45383.0,45724.0,31180.0,46058.57142857143,43410.36666666667,704.53787623465,2173.6346405437075,-0.007457790219578375,-0.002856831316105146,815,533,1175.0,-352.0,-0.75,-0.29,-2.86,1.5450175908032309,1.0610039712919133,0.6647057242310429,2020,4,2,22
2020-04-23,46475,1.102505021913177,1.0938251578846525,1.0974569370909624,2.6256201709070437,0.62,False,True,False,False,46189.0,45383.0,32759.0,46188.57142857143,43487.53333333333,614.9826168675374,2230.997499701649,0.017759954167860137,-0.007457790219578375,509,-24,815.0,533.0,1.78,-0.75,-0.29,1.3970378141405353,1.062110630063438,0.7492033470196363,2020,4,3,23
2020-04-24,46550,1.1016591860218385,1.1116862213897507,1.0962852454597953,2.720956275238406,0.16,False,True,False,False,46475.0,46189.0,42680.0,46217.857142857145,43566.76666666667,624.3168075521469,2294.7248003175105,0.006191950464396356,0.017759954167860137,690,59,509.0,-24.0,0.62,1.78,-0.75,1.6634252998101948,1.060851210200523,0.7760246344361017,2020,4,4,24
2020-04-27,46353,1.0869627874098335,1.0930897023285602,1.1058718133511616,2.1026080845284487,-0.42,False,True,False,False,46550.0,46475.0,43750.0,46197.0,43641.5,607.9037752816032,2355.4031611851424,0.0016137708445400634,0.006191950464396356,423,1,690.0,59.0,0.16,0.62,1.78,1.5207394095707516,1.0585566490611,0.7725267862188617,2020,4,0,27
2020-04-28,46188,1.0804075592519609,1.0573675753183636,1.0526131028435708,1.0850956439077402,-0.36,False,False,False,False,46353.0,46550.0,36810.0,46075.57142857143,43730.13333333333,433.27583867851223,2406.9124410429613,-0.004232008592910841,0.0016137708445400634,583,-102,423.0,1.0,-0.42,0.16,0.62,1.182312527502176,1.0536343687168748,0.7251328341756828,2020,4,1,28
2020-04-29,45439,1.0804075592519609,1.0547409483323196,1.0154385229092726,-0.751238104007566,-1.62,False,False,False,False,46188.0,46353.0,25390.0,46123.142857142855,43825.26666666667,423.185313456681,2446.7872944668916,-0.003559640152740906,-0.004232008592910841,907,-851,583.0,-102.0,-0.36,-0.42,0.16,0.8003934190574965,1.0524326801694954,0.6766422586746959,2020,4,2,29
2020-04-30,44647,1.0118948520535498,0.9972703498776797,0.8875111002700394,-0.987350885762809,-1.74,False,False,True,False,45439.0,46188.0,4780.0,46082.42857142857,43932.666666666664,478.12963972396443,2444.4719101550354,-0.016216333246730774,-0.003559640152740906,1561,-995,907.0,-851.0,-1.62,-0.36,-0.42,0.16153614793737264,1.048933107591054,0.5065943121168235,2020,4,3,30
2020-05-01,45251,0.9126148643077039,0.957240554610371,0.9131817987346982,-1.1495113622890516,1.35,False,False,False,True,44647.0,45439.0,2130.0,45977.28571428572,44074.833333333336,691.0761449340034,2353.1676535563465,-0.017429961046677933,-0.016216333246730774,939,548,1561.0,-995.0,-1.74,-1.62,-0.36,0.07706808404401203,1.0431641423704165,0.3151753678727794,2020,5,4,1
2020-05-04,45762,0.9866255047998147,1.0318367610140171,1.0098996170164831,-1.1334735129622804,1.13,False,False,False,True,45251.0,44647.0,310.0,45843.28571428572,44264.933333333334,732.8589482955308,2200.247242114737,0.013528344569623929,-0.017429961046677933,741,359,939.0,548.0,1.35,-1.74,-1.62,0.01268417628550035,1.0356569469802819,0.43296978738937486,2020,5,0,4
2020-05-05,45539,0.9863083163405628,0.9793042212931397,0.9480129954066626,-1.1566392953231721,-0.49,False,False,False,True,45762.0,45251.0,490.0,45741.42857142857,44447.7,677.9151513150717,2082.2980036149406,0.011292568120041535,0.013528344569623929,822,139,741.0,359.0,1.13,1.35,-1.74,0.022244517180484747,1.0291067607869153,0.5298048812313029,2020,5,1,5
2020-05-06,45387,1.0180271622657533,1.006621141947996,1.0078757860171945,2.2077450967817267,-0.33,False,True,False,False,45539.0,45762.0,230.0,45597.0,44640.2,577.1461397845776,1892.6827047041777,-0.004873038765788262,0.011292568120041535,520,-313,822.0,139.0,-0.49,1.13,1.35,0.012148165362939644,1.0214335957276177,0.42729452392093953,2020,5,2,6
2020-05-07,46147,0.9915947906614279,1.0457053515003287,1.010538721542574,2.458113744605211,1.67,False,True,False,False,45387.0,45539.0,37990.0,45459.0,44823.46666666667,472.20087533615106,1669.8275304970366,-0.0033377983706274206,-0.004873038765788262,867,697,520.0,-313.0,-0.33,-0.49,1.13,1.952611019736842,1.0141785850268907,0.3411758114652777,2020,5,3,7
2020-05-08,45820,1.0550324825118087,1.058418226112781,1.052719620264586,3.5477965071963897,-0.71,False,True,False,False,46147.0,45387.0,40800.0,45453.142857142855,45014.4,461.79087206804974,1463.5825577824028,0.016744882895983526,-0.0033377983706274206,592,-230,867.0,697.0,1.67,-0.33,-0.49,2.117500518995225,1.009746722318699,0.6100895693145747,2020,5,4,8
2020-05-11,45785,1.03304074933701,1.0202796022754241,1.0375941464804304,2.350303757464138,-0.08,False,True,False,False,45820.0,46147.0,53030.0,45507.57142857143,45164.5,481.86300167424923,1292.1842974658332,-0.007086051097579427,0.016744882895983526,371,-57,592.0,-230.0,-0.71,1.67,-0.33,2.625767478708655,1.007596041771113,0.46371665913086196,2020,5,0,11
2020-05-12,45635,1.0308204301222466,1.0192289514810065,1.0314161360615497,2.1952712139720156,-0.33,False,True,False,False,45785.0,45820.0,39590.0,45670.142857142855,45294.9,301.25538920555243,1136.591861055342,-0.0007638585770406436,-0.007086051097579427,419,-186,371.0,-57.0,-0.08,-0.71,1.67,1.9336719742111947,1.0082844394654333,0.4370072116705007,2020,5,1,12
2020-05-13,45983,1.0110490161622114,1.0315215657756918,1.0288597179571854,2.5133552256196454,0.76,False,True,False,False,45635.0,45785.0,37850.0,45725.0,45392.3,241.18388558991853,1027.689881773674,-0.0032761821557278914,-0.0007638585770406436,560,349,419.0,-186.0,-0.33,-0.08,-0.71,1.742633517495396,1.0073294369309331,0.38634006389559356,2020,5,2,13
2020-05-14,46631,1.0518605979192897,1.0996037372539489,1.08137280651767,3.0987367260467953,1.41,False,True,False,False,45983.0,45635.0,41420.0,45756.57142857143,45470.7,260.52373989563023,977.1633876703645,0.007625725868302791,-0.0032761821557278914,715,611,560.0,349.0,0.76,-0.33,-0.08,1.6317365269461077,1.0062869370511436,0.5527209262543811,2020,5,3,14
2020-05-15,47352,1.1015534565354212,1.1715733166715512,1.1303708201846534,3.369598181343376,1.55,False,True,False,False,46631.0,45983.0,47990.0,45912.57142857143,45572.066666666666,398.78392526432054,932.0279681049515,0.014092164495574488,0.007625725868302791,940,862,715.0,611.0,1.41,0.76,-0.33,1.601267934601268,1.007471786706435,0.9009780333194297,2020,5,4,15
2020-05-18,46652,1.2083402378168955,1.2288337849673074,1.1378270396557162,4.679355876363027,-1.48,False,True,False,False,47352.0,46631.0,51030.0,46193.28571428572,45687.7,605.2957167893481,930.4372776188092,0.015461817246038123,0.014092164495574488,1415,-848,940.0,862.0,1.55,1.41,0.76,1.4562524970035957,1.01106612314224,1.1001376789540498,2020,5,0,18
2020-05-19,47036,1.1191045512806932,1.1463576976055299,1.1285600240273954,3.081807885090759,0.82,False,True,False,False,46652.0,47352.0,65730.0,46265.42857142857,45801.933333333334,628.5090445246204,821.6719260261151,-0.014782902517317065,0.015461817246038123,717,380,1415.0,-848.0,-1.48,1.55,1.41,1.5813405186931626,1.0101195561925749,0.7796303537125129,2020,5,1,19
2020-05-20,47129,1.1729208598670995,1.1673707134938809,1.1697822659602706,2.4153461464004877,0.2,False,True,False,False,47036.0,46652.0,47800.0,46439.142857142855,45917.2,652.4669668717248,737.1344049974488,0.0082311583640573,-0.014782902517317065,530,-36,717.0,380.0,0.82,-1.48,1.55,1.0318848088422599,1.0113670445310876,0.8833404158293517,2020,5,2,20
2020-05-21,46417,1.149554643368876,1.1253446817171788,1.1074695746663894,2.454549778088151,-1.51,False,True,False,False,47129.0,47036.0,40320.0,46631.142857142855,46011.566666666666,625.0641109988661,703.124685233673,0.0019772089463390152,0.0082311583640573,715,-527,530.0,-36.0,0.2,0.82,-1.48,0.8660537846894063,1.0134656616881739,0.8756793676109399,2020,5,3,21
2020-05-22,47057,1.0941523924862102,1.1398436626801411,1.1239797749237426,2.6452219867508755,1.38,False,True,False,False,46417.0,47129.0,40760.0,46742.857142857145,46057.36666666667,467.3376468808654,682.3001404115598,-0.01510747098389531,0.0019772089463390152,698,637,715.0,-527.0,-1.51,0.2,0.82,0.8755799965629834,1.0148834057568166,0.6200395983868602,2020,5,4,22
2020-05-25,46953,1.1343295973247847,1.130492870609825,1.1501830604934773,0.3616104409445046,-0.22,False,False,False,False,47057.0,46417.0,42900.0,46896.28571428572,46127.8,333.40351642354653,672.3947629464461,0.013788051791369549,-0.01510747098389531,363,153,698.0,637.0,1.38,-1.51,0.2,0.9420496717099629,1.0166599255608486,0.8296277691641719,2020,5,0,25
2020-05-26,46393,1.1604447804698579,1.1432057452222772,1.111410719243951,2.4777155604490426,-1.19,False,True,False,False,46953.0,47057.0,17270.0,46942.28571428572,46183.6,312.2433422246025,668.9778925241659,-0.002210085640818593,0.013788051791369549,848,-654,363.0,153.0,-0.22,1.38,-1.51,0.3987807975615951,1.0164276001499606,0.7742349944845744,2020,5,1,26
2020-05-27,46647,1.0909805078936912,1.0957163293146042,1.0637974320501649,3.054187144583542,0.55,False,True,False,False,46393.0,46953.0,41020.0,46805.28571428572,46187.7,312.9007906087452,669.9019562823365,-0.01192682043745874,-0.002210085640818593,843,257,848.0,-654.0,-1.19,-0.22,1.38,0.9403080872913993,1.0133712160225714,0.58153225212018,2020,5,2,27
2020-05-28,46474,1.1279858281397466,1.1200914277450913,1.1218494265034389,1.989452147611785,-0.37,False,False,False,False,46647.0,46393.0,47490.0,46804.57142857143,46186.066666666666,313.31446245365885,668.6785183598762,0.005474963895415241,-0.01192682043745874,530,-266,843.0,257.0,0.55,-1.19,-0.22,1.0736813547059754,1.0133915876917734,0.6490796432848713,2020,5,3,28
2020-05-29,46858,1.110963380826561,1.1194610372684406,1.1290926111324713,0.9755036735081368,0.83,False,False,False,False,46474.0,46647.0,35540.0,46724.28571428572,46161.76666666667,316.1206068843074,643.209500019988,-0.0037087058117349914,0.005474963895415241,456,279,530.0,-266.0,-0.37,0.55,-1.19,0.8267808123575118,1.0121858214760493,0.567765719411452,2020,5,4,29
2020-06-01,47018,1.1449025459665148,1.1588604420590987,1.1540176876500237,-0.9981318844769165,0.34,False,False,False,False,46858.0,46474.0,24160.0,46685.57142857143,46195.2,271.78046112493115,652.7115009287747,0.008262684511769924,-0.0037087058117349914,597,118,456.0,279.0,0.83,-0.37,0.55,0.599518598476389,1.0106152030637692,0.700342884468628,2020,6,0,1
2020-06-02,46796,1.164991148385802,1.166845388096672,1.159450076121798,-1.157530286952437,-0.47,False,False,False,True,47018.0,46858.0,2009.0,46771.42857142857,46238.333333333336,267.6956338505021,663.1713947743725,0.0034145716846643026,0.008262684511769924,622,-294,597.0,118.0,0.34,0.83,-0.37,0.059215548723873974,1.011529291816211,0.742434428810712,2020,6,1,2
2020-06-03,46203,1.1290431230039195,1.1117912864691926,1.0952200712496436,-1.1610942534694975,-1.27,False,False,False,True,46796.0,47018.0,220.0,46734.142857142855,46285.433333333334,237.79783330694062,650.3828412760369,-0.004721595984516602,0.0034145716846643026,701,-547,622.0,-294.0,-0.47,0.34,0.83,0.007542279619731975,1.0096944004083974,0.6296387210050031,2020,6,2,3
2020-06-04,46781,1.0919320732714468,1.1405791182362335,1.104274052035934,-1.1700041697621482,1.25,False,False,False,True,46203.0,46796.0,180.0,46627.0,46285.9,286.68914640830593,650.3162811383756,-0.012672023249850395,-0.004721595984516602,890,382,701.0,-547.0,-1.27,-0.47,0.34,0.007155663508898862,1.0073694148758046,0.3248593809390617,2020,6,3,4
2020-06-05,46346,1.1290431230039195,1.1069582928148718,1.0898942001988845,-1.1717861530206783,-0.93,False,False,False,True,46781.0,46203.0,80.0,46682.42857142857,46296.1,270.985151590661,655.7614868095037,0.01251001017249953,-0.012672023249850395,705,-404,890.0,382.0,1.25,-1.27,-0.47,0.0037938246020040875,1.0083447325245232,0.6025764697038611,2020,6,4,5
2020-06-08,46110,1.0286001109074834,1.0407672927665663,1.0549564861059049,2.3271379751032457,-0.51,False,True,False,False,46346.0,46781.0,60.0,46639.42857142857,46289.3,299.8843427878099,654.0934315812874,-0.009298646886556461,0.01251001017249953,403,310,705.0,-404.0,-0.93,1.25,-1.27,0.0035708121812306204,1.0075639202024782,0.3572100887804571,2020,6,0,8
2020-06-09,46595,1.0571470722401546,1.0923542467724678,1.0751947960987893,2.539193982868332,1.05,False,True,False,False,46110.0,46346.0,39330.0,46587.42857142857,46281.2,359.0691006606838,654.7816377234891,-0.005092133085918937,-0.009298646886556461,704,525,403.0,310.0,-0.51,-0.93,1.25,2.069030822404242,1.0066166947146697,0.20266592866206531,2020,6,1,9
2020-06-10,46629,1.1146639128511666,1.119355972188999,1.1327142034469875,1.9056989344608686,0.07,False,False,False,False,46595.0,46110.0,41710.0,46549.857142857145,46294.76666666667,339.25183791021624,656.9966505599392,0.010518325742788992,-0.005092133085918937,421,15,704.0,525.0,1.05,-0.51,-0.93,2.186299330639116,1.005510136340619,0.4474513601251514,2020,6,2,10
2020-06-11,47405,1.1308405242730137,1.1936369833543197,1.1609413200160106,3.587000138884053,1.66,False,True,False,False,46629.0,46595.0,34600.0,46494.28571428572,46334.433333333334,275.69289332555707,639.230824603159,0.0007296920270414287,0.010518325742788992,863,638,421.0,15.0,0.07,1.05,-0.51,1.9450331386426365,1.0034499694817112,0.44270744652115235,2020,6,3,11
2020-06-12,47325,1.1977672891751654,1.1792430674707992,1.1935356508466561,2.458113744605211,-0.17,False,True,False,False,47405.0,46629.0,53470.0,46581.28571428572,46426.36666666667,436.1623223413773,584.129029397521,0.016642003903150293,0.0007296920270414287,420,-75,863.0,638.0,1.66,0.07,1.05,2.7305828341478606,1.003336876407567,0.9581042601265881,2020,6,4,12
2020-06-15,46999,1.176621391891705,1.1528717325309188,1.1398508706550046,2.5899805057364413,-0.69,False,True,False,False,47325.0,47405.0,40800.0,46741.57142857143,46495.5,478.12057654523835,562.5578131177464,-0.0016875856977112136,0.016642003903150293,673,-201,420.0,-75.0,-0.17,1.66,0.07,1.9203705185471078,1.005292370843876,0.906360126611705,2020,6,0,15
2020-06-16,47534,1.176621391891705,1.1915356817654845,1.182990426166153,2.9980546719398427,1.14,False,True,False,False,46999.0,47325.0,42280.0,46772.71428571428,46536.73333333333,488.11225289910476,552.179127188011,-0.006888536714210303,-0.0016875856977112136,636,334,673.0,-201.0,-0.69,-0.17,1.66,1.6729315870692043,1.0050708533985544,0.6656040700908322,2020,6,1,16
2020-06-17,47320,1.193855298177725,1.175040464293129,1.1878902275328516,1.9725233066557486,-0.45,False,False,False,False,47534.0,46999.0,46860.0,46942.42857142857,46603.23333333333,520.4760183869861,547.9917368670048,0.011383220919594095,-0.006888536714210303,433,-43,636.0,334.0,1.14,-0.69,-0.17,1.565287102916124,1.0072783627622814,0.9710027824213238,2020,6,2,17
2020-06-18,47328,1.1861370456692621,1.1852317769989793,1.1996071438445215,2.3761425147128246,0.02,False,True,False,False,47320.0,47534.0,35350.0,47115.28571428572,46667.666666666664,379.8766090415949,512.5505750171084,-0.004502040644591254,0.011383220919594095,420,38,433.0,-43.0,-0.45,1.14,-0.69,1.0566748370897352,1.0095916311997397,0.8219385392987227,2020,6,3,18
2020-06-19,47907,1.187194340533435,1.2259970278223802,1.2177151054171023,2.1765603897574493,1.22,False,True,False,False,47328.0,47320.0,39880.0,47220.0,46707.03333333333,306.4941543788092,516.5198185789629,0.00016906170752317706,-0.004502040644591254,638,607,420.0,38.0,0.02,-0.45,1.14,1.0653416680023509,1.0109826428710593,0.7942590952265196,2020,6,4,19
2020-06-22,47912,1.2610992515391288,1.2597229183231835,1.2701216765565717,2.5899805057364413,0.01,False,True,False,False,47907.0,47328.0,37640.0,47402.57142857143,46776.6,274.7707269391858,533.204211377602,0.012233772819472577,0.00016906170752317706,467,-87,638.0,607.0,1.22,0.02,-0.45,0.9137696640124296,1.0133821489499328,1.0364635794518784,2020,6,0,22
2020-06-23,48186,1.2505263028973987,1.2563608357810474,1.2630915267695697,2.005489996938556,0.57,False,False,False,False,47912.0,47907.0,42280.0,47475.0,46847.5,335.6049264662418,538.1947314512039,0.00010436888137443923,0.012233772819472577,501,287,467.0,-87.0,0.01,1.22,0.02,1.019114421385012,1.0133945247878755,0.9629099436295924,2020,6,1,23
2020-06-24,48105,1.2632138412674747,1.2767434611927477,1.2889752600762587,2.6078003383217423,-0.17,False,True,False,False,48186.0,47912.0,35720.0,47598.0,46932.53333333333,418.9077066233397,541.5322917285803,0.005718817832693235,0.00010436888137443923,452,86,501.0,287.0,0.57,0.01,1.22,0.8736059479553904,1.0141792189639596,0.9994597344865859,2020,6,2,24
2020-06-25,47952,1.2662799963735765,1.2479556294257068,1.2741693385551485,1.3319003252141641,-0.32,False,False,False,False,48105.0,48186.0,42480.0,47756.0,47003.26666666667,359.72257829487444,551.7191897733,-0.0016809861785580527,0.005718817832693235,317,-96,452.0,86.0,-0.17,0.57,0.01,1.0192916786639792,1.0160144897730512,0.9053599574516046,2020,6,3,25
2020-06-26,48363,1.2643768656180652,1.2777941119871652,1.2736367514500726,1.158156957507476,0.86,False,False,False,False,47952.0,48105.0,28160.0,47815.71428571428,47047.3,351.32450065956175,573.2776994493488,-0.0031805425631431516,-0.0016809861785580527,606,333,317.0,-96.0,-0.32,-0.17,0.57,0.7193766764593179,1.0163328030665795,0.8094409476033425,2020,6,4,26
2020-06-29,48194,1.3056113653208126,1.2864094485013893,1.300798693808944,-0.8439012334511331,-0.35,False,False,False,False,48363.0,47952.0,26210.0,47964.71428571428,47081.0,326.3319957196559,619.6474525998781,0.008571071071071135,-0.0031805425631431516,433,-226,606.0,333.0,0.86,-0.32,-0.17,0.6954837340126306,1.0187700831697348,0.9099789022338504,2020,6,0,29
2020-06-30,48861,1.2862628693064464,1.3374710771100822,1.3175219289083275,-1.1209996301525693,1.38,False,False,False,True,48194.0,48363.0,3740.0,48088.42857142857,47132.4,172.7163929184725,646.2196487874896,-0.0034944068812935436,0.008571071071071135,762,624,433.0,-226.0,-0.35,0.86,-0.32,0.11054622842279499,1.0202838932757206,0.8131573966177843,2020,6,1,30
2020-07-01,48400,1.365454254633005,1.339677443778359,1.31901317280254,-1.1477293790305214,-0.94,False,False,False,True,48861.0,48194.0,630.0,48224.71428571428,47193.23333333333,319.61420196397813,718.6706925735,0.013839897082624342,-0.0034944068812935436,769,-586,762.0,624.0,1.38,-0.35,0.86,0.021568694580437538,1.0218565433967077,0.965364517145177,2020,7,2,1
2020-07-02,48437,1.2971530064074286,1.2880904897724572,1.289081777497274,-1.1691131781328832,0.08,False,False,False,True,48400.0,48861.0,330.0,48294.42857142857,47235.6,292.0712568012478,751.4687044643676,-0.009434927651910563,0.013839897082624342,559,97,769.0,-586.0,-0.94,1.38,-0.35,0.012836970474967908,1.0224159018077166,0.7919118474264762,2020,7,3,2
2020-07-03,48336,1.3990762313137068,1.3695159263398173,1.3029290422292477,-1.1708951613914131,-0.21,False,False,False,True,48437.0,48400.0,90.0,48330.28571428572,47302.933333333334,291.9484625130792,765.9498017799967,0.0007644628099172657,-0.009434927651910563,1204,-968,559.0,97.0,0.08,-0.94,1.38,0.004142120765832106,1.021718576598894,0.7745763755182521,2020,7,4,3
2020-07-06,48247,1.2586674733515308,1.2640305865802954,1.2741693385551485,2.052712553289605,-0.18,False,False,False,False,48336.0,48437.0,70.0,48363.28571428572,47345.566666666666,274.79065625263723,787.0921903361697,-0.0020851828147903095,0.0007644628099172657,470,271,1204.0,-968.0,-0.21,0.08,-0.94,0.003895164431584219,1.0214955510995198,0.7215255933661039,2020,7,0,6
2020-07-07,48796,1.2823508783090063,1.3196100136049838,1.3039942164393994,2.744122057599298,1.14,False,True,False,False,48247.0,48336.0,36250.0,48405.42857142857,47388.7,217.94254376511248,800.1846403280424,-0.0018412777226084476,-0.0020851828147903095,719,596,470.0,271.0,-0.18,-0.21,0.08,2.0871718102257026,1.0214550846811281,0.6770482739143061,2020,7,1,7
2020-07-08,49160,1.3353213510040742,1.3708817723725601,1.3599158624723697,2.614037279726598,0.75,False,True,False,False,48796.0,48247.0,44010.0,48467.28571428572,47468.8,261.0732427827519,817.1684247931851,0.011378945841192145,-0.0018412777226084476,682,459,719.0,596.0,1.14,-0.18,-0.21,2.418530527009947,1.021034568269805,0.8694882998759178,2020,7,2,8
2020-07-09,48896,1.376978768652491,1.3688855358631669,1.375360888519571,2.9437041825546735,-0.54,False,True,False,False,49160.0,48796.0,42550.0,48605.28571428572,47552.566666666666,336.851952788045,857.8131652247976,0.007459627838347416,0.011378945841192145,518,-199,682.0,459.0,0.75,1.14,-0.18,2.33739837398374,1.0221380068713932,0.9834353936094425,2020,7,3,9
2020-07-10,48883,1.356361518801117,1.3603752644283846,1.3701415348898272,2.24873071172792,-0.03,False,True,False,False,48896.0,49160.0,46250.0,48610.28571428572,47633.3,341.50779117093845,866.7304854907035,-0.005370219690805533,0.007459627838347416,486,-17,518.0,-199.0,-0.54,0.75,1.14,2.3109978513965923,1.0205105611890362,0.8317746881897636,2020,7,4,10
2020-07-13,49180,1.3584761085294632,1.3646829326854966,1.3902733274616965,1.8745142274365911,0.61,False,False,False,False,48883.0,48896.0,38450.0,48679.28571428572,47700.8,340.7324044326604,882.9691836675424,-0.00026587041884817975,-0.005370219690805533,338,260,486.0,-17.0,-0.03,-0.54,0.75,1.8105193765597778,1.0205129833102529,0.7966248127060581,2020,7,0,13
2020-07-14,49277,1.3827938904054424,1.3689906009426085,1.3786629285710417,2.5204831586537657,0.2,False,True,False,False,49180.0,48883.0,34250.0,48785.42857142857,47772.86666666667,367.3644226779777,913.0360771388445,0.006075731849518151,-0.00026587041884817975,488,127,338.0,260.0,0.61,-0.03,-0.54,1.41016139657444,1.021195334829434,0.8987012214468868,2020,7,1,14
2020-07-15,49182,1.3923095441829996,1.3662589088771229,1.393575367513167,2.1801243562745096,-0.19,False,True,False,False,49277.0,49180.0,41500.0,48919.857142857145,47855.566666666666,347.1068176499347,933.6317919740434,0.001972346482309817,0.006075731849518151,322,-58,488.0,127.0,0.2,0.61,-0.03,1.4625550660792952,1.0222396379423044,0.8958304391166095,2020,7,2,15
2020-07-16,48811,1.3797277352993407,1.3634221517321956,1.3726979529941916,1.4994067515159972,-0.75,False,False,False,False,49182.0,49277.0,37680.0,49053.42857142857,47954.86666666667,188.85255019783406,909.9263984360797,-0.0019278771029080932,0.001972346482309817,491,-310,322.0,-58.0,-0.19,0.2,0.61,1.173466209903457,1.0229082464642845,0.8315058115124326,2020,7,3,16
2020-07-17,49001,1.3470573239963948,1.3466117390215147,1.3732305400992675,1.3185354507751883,0.39,False,False,False,False,48811.0,49182.0,30040.0,49055.57142857143,48022.53333333333,185.50009627012582,894.9793576227582,-0.0075434101907201345,-0.0019278771029080932,326,189,491.0,-310.0,-0.75,-0.19,0.2,0.8557185586098847,1.0215115285165735,0.6399677599696701,2020,7,4,17
2020-07-20,49067,1.3669344674428474,1.3575385072834572,1.3871843222522562,1.2944786767850314,0.13,False,False,False,False,49001.0,48811.0,28010.0,49032.857142857145,48111.03333333333,180.24190095280386,853.8012157921029,0.003892565200467102,-0.0075434101907201345,299,67,326.0,189.0,0.39,-0.75,-0.19,0.7390696324441278,1.0191603411038177,0.7216090646802612,2020,7,0,20
2020-07-21,49559,1.380467841704262,1.400510124775135,1.405824870929913,1.6339464875350227,1.0,False,False,False,False,49067.0,49001.0,27740.0,49057.28571428572,48209.6,169.8928233637655,782.5377637662237,0.0013469112875248435,0.003892565200467102,533,431,299.0,67.0,0.13,0.39,-0.75,0.7487583675232131,1.0175833384696351,0.7374839280758398,2020,7,1,21
2020-07-22,50115,1.4445399104731464,1.4676467105384163,1.4669658705926272,2.9704339314326256,1.12,False,True,False,False,49559.0,49067.0,31550.0,49153.857142857145,48308.4,234.25088301312172,758.3943837973752,0.01002710579411814,0.0013469112875248435,598,381,533.0,431.0,1.0,0.13,0.39,0.8812356851572538,1.0175012449772118,0.9577438216469379,2020,7,2,22
2020-07-23,50762,1.4726639538601485,1.544554348689781,1.5053121421580926,2.870642868954938,1.29,False,True,False,False,50115.0,49559.0,46550.0,49287.42857142857,48424.6,433.48658462469825,759.265643393308,0.011218951149135403,0.01002710579411814,970,762,598.0,381.0,1.12,1.0,0.13,1.2858405612949562,1.0178179803535512,1.1143013281058316,2020,7,3,23
2020-07-24,51120,1.5572475429939896,1.5718712693446373,1.576572296817249,2.2995172345960286,0.71,False,True,False,False,50762.0,50115.0,45430.0,49499.57142857143,48536.5,705.5356965098302,846.2137070073338,0.012910306295520257,0.011218951149135403,561,320,970.0,762.0,1.29,1.12,1.0,1.2577519379844961,1.0198422100598812,1.2020195147450605,2020,7,4,24
2020-07-27,52227,1.6524040807695606,1.6921707853054466,1.6863917578839012,2.3405028495422218,2.17,False,True,True,False,51120.0,50762.0,39020.0,49776.42857142857,48663.0,910.5924549707426,937.5853800180696,0.007052519601276508,0.012910306295520257,675,527,561.0,320.0,0.71,1.29,1.12,1.078585841833209,1.0228803931411663,1.1439345975024322,2020,7,0,27
2020-07-28,52731,1.7253574263974985,1.7414463075636297,1.649217177949603,3.7224308665323433,0.97,False,True,False,False,52227.0,51120.0,39480.0,50264.42857142857,48837.26666666667,1181.8990167168963,1090.951148856547,0.021654929577464843,0.007052519601276508,1493,341,675.0,527.0,2.17,0.71,1.29,1.0757493188010898,1.0292228046770684,1.217450724369321,2020,7,1,28
2020-07-29,53207,1.7769534157691416,1.7917724806162303,1.768942759170667,1.3924877560041888,0.9,False,False,False,False,52731.0,52227.0,54990.0,50797.28571428572,49010.5,1346.6920848622794,1274.1111776840512,0.00965018094089265,0.021654929577464843,848,329,1493.0,341.0,0.97,2.17,0.71,1.4452416620673343,1.0364572023196197,1.1382168046296255,2020,7,2,29
2020-07-30,52986,1.82167698852366,1.7986017107799444,1.7945069402143106,-0.8474651999681934,-0.42,False,False,False,False,53207.0,52731.0,28840.0,51388.71428571428,49206.73333333333,1369.0506095213489,1446.4584081240444,0.009026948095048448,0.00965018094089265,673,-315,848.0,329.0,0.9,0.97,2.17,0.7759989237185524,1.044343137708409,1.0845095870728598,2020,7,3,30
2020-07-31,53582,1.8954761700429361,1.8629015393982984,1.8472330636168255,-1.1174356636355092,1.12,False,False,False,True,52986.0,53207.0,3700.0,51878.28571428572,49395.333333333336,1209.0976958449207,1557.6411727302414,-0.004153588813502029,0.009026948095048448,790,-417,673.0,-315.0,-0.42,0.9,0.97,0.10715009701427702,1.0502669425104743,0.9671585145030088,2020,7,4,31
2020-08-03,53927,1.8943131456923459,1.8616407584449972,1.8887748578127463,-1.1637672283572926,0.64,False,False,False,True,53582.0,52986.0,670.0,52373.57142857143,49584.5,1068.3175022981686,1707.9999949515602,0.011248254255841195,-0.004153588813502029,388,-61,790.0,-417.0,1.12,-0.42,0.9,0.021071170236185804,1.0562488565695212,0.9775096993617516,2020,8,0,3
2020-08-04,54784,1.9055204712525797,1.9627133648679655,1.8931420720743686,-1.167331194874353,1.59,False,False,False,True,53927.0,53582.0,150.0,52825.71428571428,49785.0,933.8771714904115,1851.8834587585332,0.006438729424060208,0.011248254255841195,1309,690,388.0,-61.0,0.64,1.12,-0.42,0.00516564501687444,1.0610769164550424,0.9558412631781965,2020,8,1,4
2020-08-05,55597,1.9907384373049246,2.067673379230279,2.006050538350461,-1.1735681362792083,1.48,False,False,False,True,54784.0,53927.0,110.0,53349.142857142855,50004.933333333334,840.6682715908598,2037.889187425493,0.015891853802362466,0.006438729424060208,1248,697,1309.0,690.0,1.59,0.64,1.12,0.004248088360237893,1.0668775918871243,0.9838864285005867,2020,8,2,5
2020-08-06,56117,2.044131827945662,2.0939396490907174,2.080506215640073,2.8911356764280343,0.94,False,True,False,False,55597.0,54784.0,40.0,53830.57142857143,50254.666666666664,1033.7296321492538,2245.5107603190104,0.014840099299065379,0.015891853802362466,799,712,1248.0,697.0,1.48,1.59,0.64,0.0018829732147060208,1.071155675663383,0.9912758489882654,2020,8,3,6
2020-08-07,55018,2.144151922096429,2.125459172923244,2.029910440657862,3.5976920384352336,-1.96,False,True,True,False,56117.0,55597.0,45660.0,54314.28571428572,50526.833333333336,1210.5386837125218,2442.932636773244,0.009353022645106845,0.014840099299065379,1574,-1333,799.0,712.0,0.94,1.48,1.59,2.1470892504467223,1.0749592272281536,0.9694144599325489,2020,8,4,7
2020-08-10,55243,1.9907384373049246,2.0373095712716114,2.027247505132482,1.9947980973873753,0.41,False,False,False,False,55018.0,56117.0,53590.0,54573.0,50748.666666666664,1124.946220937949,2539.900749259252,-0.01958408325462868,0.009353022645106845,760,343,1574.0,-1333.0,-1.96,0.94,1.48,2.358403379835409,1.0753583016959396,0.821338204698004,2020,8,0,10
2020-08-11,52144,2.01717080890925,1.9837263807563164,1.710784247296378,6.02653521981181,-5.61,False,True,True,False,55243.0,55018.0,35600.0,54895.42857142857,50983.63333333333,894.0202937947752,2620.201420044825,0.004089570685957389,-0.01958408325462868,3221,-3006,760.0,343.0,0.41,-1.96,0.94,1.5939109021714797,1.0767264900977094,0.8095982920839194,2020,8,1,11
2020-08-12,52505,1.5445600046239134,1.7410260472458627,1.5080815951044872,7.036028735769133,0.69,False,True,False,False,52144.0,55243.0,80850.0,54690.0,51093.066666666666,1313.1064947936452,2596.946601409128,-0.05609760512644135,0.004089570685957389,2814,1825,3221.0,-3006.0,-5.61,0.41,-1.96,3.2442518358011316,1.070399636741319,0.48819537806304575,2020,8,2,12
2020-08-13,53148,1.7214454354000583,1.784102729816982,1.7204773326087595,3.678772276698355,1.22,False,True,False,False,52505.0,52144.0,92180.0,54486.857142857145,51229.9,1541.0320598632504,2558.010168887845,0.006923135931267366,-0.05609760512644135,1230,795,2814.0,1825.0,0.69,-5.61,0.41,2.9492881139017757,1.0635753172045455,0.5085846043986101,2020,8,3,13
2020-08-14,52451,1.7688122453150092,1.7578364599565435,1.7183469841884558,3.0479502031786865,-1.31,False,True,False,False,53148.0,52505.0,54500.0,54253.142857142855,51386.933333333334,1610.9296931253746,2525.0339558422947,0.012246452718788658,0.006923135931267366,1000,-350,1230.0,795.0,1.22,0.69,-5.61,1.4999311958167056,1.0557770105722633,0.5583629297057978,2020,8,4,14
2020-08-17,53435,1.733604326338048,1.8250781107992666,1.7471066878625547,2.7369941245651774,1.88,False,True,True,False,52451.0,53148.0,47420.0,53803.71428571428,51524.1,1612.370482063927,2464.630494092257,-0.013114322269887846,0.012246452718788658,1370,967,1000.0,-350.0,-1.31,1.22,0.69,1.1563033406486223,1.0442436507520614,0.45439574408761446,2020,8,0,17
2020-08-18,53738,1.8307697243555479,1.8818132536978143,1.7064170330347554,5.127524665883357,0.57,False,True,False,False,53435.0,52451.0,43930.0,53420.57142857143,51697.03333333333,1248.6994377017768,2408.12329967392,0.01876036681855453,-0.013114322269887846,2292,351,1370.0,967.0,1.88,-1.31,1.22,0.9678769718868423,1.0333392069932723,0.5561801665045593,2020,8,1,18
2020-08-19,52824,1.8507525972884178,1.8404176123977627,1.7721382818011224,3.852515644405043,-1.7,False,True,True,False,53738.0,53435.0,70760.0,53237.71428571428,51861.76666666667,1054.3898258065342,2371.585497354032,0.0056704407223728825,0.01876036681855453,1281,-752,2292.0,351.0,0.57,1.88,-1.31,1.3490172154118925,1.0265310595354629,0.5777246486397863,2020,8,2,19
2020-08-20,52302,1.7369876699034017,1.722009267866905,1.7034345452463302,3.786582263839428,-0.99,False,True,False,False,52824.0,53738.0,56450.0,52892.142857142855,51983.9,575.105621771231,2321.46630758169,-0.017008448397781817,0.0056704407223728825,799,-198,1281.0,-752.0,-1.7,0.57,1.88,0.9717010362515922,1.0174716182730201,0.402724235321441,2020,8,3,20
2020-08-21,52045,1.7264147212616716,1.715600298020958,1.6496432476336635,4.093974375935876,-0.49,False,True,False,False,52302.0,52824.0,55710.0,52914.71428571428,52097.433333333334,543.056692649093,2247.345831976316,-0.009881871876419757,-0.017008448397781817,1243,-355,799.0,-198.0,-0.99,-1.7,0.57,0.9426555440870404,1.0156875473528948,0.28013237007289415,2020,8,4,21
2020-08-24,51385,1.6797880177516418,1.6790376503752273,1.6401631971633124,3.044386236661626,-1.27,False,True,False,False,52045.0,52302.0,59160.0,52849.0,52202.833333333336,622.8659566892338,2163.993977990042,-0.004913770027914821,-0.009881871876419757,984,-574,1243.0,-355.0,-0.49,-0.99,-1.7,0.991685664476331,1.0123779999169904,0.20602288832961463,2020,8,0,24
2020-08-25,50936,1.6321040193774388,1.6068579407987416,1.5969171242311486,2.3458487993178125,-0.87,False,True,False,False,51385.0,52045.0,47380.0,52597.142857142855,52276.333333333336,810.1072827262973,2094.100833017866,-0.012681333461427635,-0.004913770027914821,703,-572,984.0,-574.0,-1.27,-0.49,-0.99,0.7788407798270703,1.0061368023224566,0.10013366573174637,2020,8,1,25
2020-08-26,51619,1.5857945043266608,1.6264000455749081,1.5599555791388806,3.15576019031976,1.34,False,True,False,False,50936.0,51385.0,39540.0,52380.71428571428,52331.63333333333,1028.574371690058,2033.1836846182484,-0.008737958548214464,-0.012681333461427635,1236,549,703.0,-572.0,-0.87,-1.27,-0.49,0.6973176022432676,1.0009378830595317,0.0676847911548755,2020,8,2,26
2020-08-27,50507,1.6524040807695606,1.6234582233505388,1.5280003528343262,3.593237080288908,-2.15,False,True,True,False,51619.0,50936.0,48630.0,52121.28571428572,52412.86666666667,943.8714097256989,1949.9861313966323,0.013408983822836396,-0.008737958548214464,1508,-1193,1236.0,549.0,1.34,-0.87,-1.27,0.9289753190188736,0.9944368440246679,0.21402752871608338,2020,8,3,27
2020-08-28,51050,1.5783934402774498,1.5892070074525269,1.5640032411374576,1.639292437310613,1.08,False,False,False,False,50507.0,51619.0,53540.0,51659.71428571428,52469.4,800.6430153929662,1864.680199999823,-0.02154245529746801,0.013408983822836396,844,50,1508.0,-1193.0,-2.15,1.34,-0.87,1.0246497741713236,0.984568420559684,0.08123130442322131,2020,8,4,28
2020-08-31,51099,1.6066232131508693,1.5787004995083513,1.601284338492771,-0.7699489282221323,0.1,False,False,False,False,51050.0,50507.0,31610.0,51406.28571428572,52537.7,634.1376596850682,1768.2924385608192,0.010750985011978464,-0.02154245529746801,394,-168,844.0,50.0,1.08,-2.15,1.34,0.6238282252175801,0.9784647160855104,0.19898278515310575,2020,8,0,31
2020-09-01,51017,1.6347472565378713,1.622092377317796,1.608207970858758,-1.0443743500357734,-0.16,False,False,False,False,51099.0,51050.0,4570.0,51234.42857142857,52605.433333333334,499.69319158515344,1666.7679995618203,0.0009598432908912713,0.010750985011978464,742,-516,394.0,-168.0,0.1,1.08,-2.15,0.0977853856852466,0.9739379627724495,0.2343179536907204,2020,9,1,1
2020-09-02,50577,1.5820939723020553,1.5645167137837144,1.5585708526656834,-1.168222186503618,-0.86,False,False,False,True,51017.0,51099.0,1490.0,51087.57142857143,52654.03333333333,350.5804031172883,1594.568982586007,-0.0016047280768703986,0.0009598432908912713,660,-458,742.0,-516.0,-0.16,0.1,1.08,0.03742966237942122,0.9702499161869479,0.2483280965378929,2020,9,2,2
2020-09-03,50768,1.552489716105211,1.5500177328207523,1.5587838875077138,-1.1459473957719912,0.38,False,False,False,True,50577.0,51017.0,100.0,50972.142857142855,52669.433333333334,368.8705412373414,1571.2626085581483,-0.00862457612168488,-0.0016047280768703986,520,13,660.0,-458.0,-0.86,-0.16,0.1,0.002926286834635531,0.9677746584921714,0.20603019875374168,2020,9,3,3
2020-09-04,50728,1.5762788505491037,1.5456049994841985,1.5586773700866985,-1.1646582199865578,-0.08,False,False,False,True,50768.0,50577.0,350.0,50948.142857142855,52669.63333333333,376.99002134370534,1571.0118084515902,0.003776420111908596,-0.00862457612168488,479,-252,520.0,13.0,0.38,-0.86,-0.16,0.012221950623319482,0.9673153130705205,0.24395834672269395,2020,9,4,4
2020-09-07,51149,1.5630626647469412,1.577544783634492,1.5893543873390708,0.6984052768067005,0.83,False,False,False,False,50728.0,50768.0,140.0,50820.857142857145,52656.566666666666,237.25192558274108,1585.904716954917,-0.0007878978884336973,0.003776420111908596,495,294,479.0,-252.0,-0.08,0.38,-0.86,0.00615790631185397,0.9651380703297622,0.25119774118323107,2020,9,0,7
2020-09-08,51433,1.5783934402774498,1.6000287106350275,1.5813655807629323,2.7868896558040213,0.56,False,True,False,False,51149.0,50728.0,21050.0,50912.57142857143,52620.63333333333,219.09728215992843,1608.0317050242847,0.008299164169689233,-0.0007878978884336973,784,433,495.0,294.0,0.83,-0.08,0.38,1.047159486618247,0.9675400732267525,0.3446314258740745,2020,9,1,8
2020-09-09,51486,1.604825811881775,1.6040211836538143,1.6084210057007884,1.8023439054661206,0.1,False,False,False,False,51433.0,51149.0,44490.0,50967.28571428572,52577.36666666667,294.1160282906912,1622.3582767552975,0.0055524057166318475,0.008299164169689233,568,236,784.0,433.0,0.56,0.83,-0.08,2.1600233043647132,0.9693769191106766,0.42430780625126296,2020,9,2,9
2020-09-10,51832,1.6234342014912202,1.6411091566967537,1.6453825507930564,1.8460024953001088,0.67,False,False,False,False,51486.0,51433.0,33440.0,51022.57142857143,52520.0,353.3991403260763,1629.737232891048,0.0010304668209126788,0.0055524057166318475,574,406,568.0,236.0,0.1,0.56,0.83,1.7528042771779013,0.9714884125775215,0.44951464891114373,2020,9,3,10
2020-09-11,51393,1.6372847642118866,1.6253493947804905,1.6443173765829044,1.4272364295455267,-0.85,False,False,False,False,51832.0,51486.0,33930.0,51139.0,52481.53333333333,467.19018254767946,1631.976350683709,0.00672027347240034,0.0010304668209126788,434,-164,574.0,406.0,0.67,0.1,0.56,1.982239878483379,0.9744189384710559,0.5576247954412434,2020,9,4,11
2020-09-14,51759,1.6354873629427924,1.6406888963789867,1.6547560838423923,1.3898147811163937,0.71,False,False,False,False,51393.0,51832.0,29230.0,51255.57142857143,52408.566666666666,400.6556531277564,1630.011755474184,-0.008469671245562638,0.00672027347240034,482,219,434.0,-164.0,-0.85,0.67,0.1,1.7317376621837786,0.9779998707953871,0.4521046002182671,2020,9,0,14
2020-09-15,51818,1.6714353883246749,1.6736793313236977,1.6778703642026866,1.9671773568801583,0.11,False,False,False,False,51759.0,51393.0,28810.0,51397.142857142855,52336.3,373.84641613827114,1608.2849539490767,0.007121592434767399,-0.008469671245562638,579,-62,482.0,219.0,0.71,-0.85,0.67,1.4925141169766358,0.9820553393561038,0.5873040473110209,2020,9,1,15
2020-09-16,51876,1.6681577742457385,1.6669551662394255,1.6983217090376015,1.8406565455245185,0.11,False,False,False,False,51818.0,51759.0,35290.0,51552.857142857145,52237.433333333334,257.6195053292898,1542.4453867997781,0.0011398983751618186,0.007121592434767399,323,27,579.0,-62.0,0.11,0.71,-0.85,1.5557906802451176,0.9868949114305094,0.6808550692177008,2020,9,2,16
2020-09-17,51498,1.6576905550904257,1.6265051106543498,1.6392045403741757,1.9074809177193985,-0.73,False,False,False,False,51876.0,51818.0,33870.0,51656.71428571428,52113.4,209.77107704402744,1406.6028187269999,0.0011193021729900554,0.0011398983751618186,493,-252,323.0,27.0,0.11,0.11,0.71,1.2996930161166538,0.9912366931674824,0.7645859513711778,2020,9,3,17
2020-09-18,51764,1.641619673154996,1.6411091566967537,1.6666860349960926,1.159047949136741,0.52,False,False,False,False,51498.0,51876.0,34620.0,51666.0,51959.433333333334,199.39993313850596,1189.2644114012146,-0.007286606523247752,0.0011193021729900554,374,166,493.0,-252.0,-0.73,0.11,0.11,1.1740767117712891,0.9943526456216163,0.6091383735723965,2020,9,4,18
2020-09-21,50512,1.6559988833077488,1.6248240693832816,1.4916779122681494,3.5629433648938957,-2.42,False,True,True,False,51764.0,51498.0,26220.0,51705.71428571428,51850.96666666667,184.7184472764291,1039.6710183670555,0.005165249135888672,-0.007286606523247752,1862,-1222,374.0,166.0,0.52,-0.73,0.11,0.816949680635613,0.997198656258693,0.7747598217026997,2020,9,0,21
2020-09-22,50454,1.5400136367079695,1.5214400312125949,1.525550452150977,2.1186459338552197,-0.11,False,True,False,False,50512.0,51764.0,53200.0,51517.142857142855,51693.26666666667,476.9376019908392,848.6789301216413,-0.024186693454910757,0.005165249135888672,560,-183,1862.0,-1222.0,-2.42,0.52,-0.73,1.5066553384310393,0.9965929061775199,0.1105997551281321,2020,9,1,22
2020-09-23,49576,1.5096692741062039,1.4920218089689035,1.4531186058606536,2.6042363718046824,-1.74,False,True,True,False,50454.0,50512.0,36990.0,51383.0,51636.933333333334,626.3276565310047,873.4560736747549,-0.0011482420019005568,-0.024186693454910757,960,-774,560.0,-183.0,-0.11,-2.42,0.52,1.0703125,0.9950823312512749,0.11557139689967308,2020,9,2,23
2020-09-24,49959,1.4197992106514978,1.4466336946500653,1.429897808079344,2.5133552256196454,0.77,False,True,False,False,49576.0,50454.0,42440.0,51071.142857142855,51539.3,894.1296379866147,934.635800355411,-0.017401989931422723,-0.0011482420019005568,746,459,960.0,-774.0,-1.74,-0.11,-2.42,1.1968415115623237,0.9909165017208781,-0.13381157571746163,2020,9,3,24
2020-09-25,49539,1.4610337103542455,1.4344461454348219,1.4339454700779208,1.6170176465789863,-0.84,False,False,False,False,49959.0,49576.0,41420.0,50805.57142857143,51433.0,911.2423492407847,926.6777887343585,0.007725512344682883,-0.017401989931422723,592,-351,746.0,459.0,0.77,-1.74,-0.11,1.1439144963959236,0.9878010504650988,0.06392013103472269,2020,9,4,25
2020-09-28,49928,1.4196934811650805,1.4431665470284876,1.4213764143981296,-0.38058558623329747,0.79,False,False,False,False,49539.0,49959.0,31360.0,50471.71428571428,51335.933333333334,881.318843985606,967.9604200112348,-0.008406893652795344,0.007725512344682883,793,429,592.0,-351.0,-0.84,0.77,-1.74,0.8610180660040635,0.9831654166681353,-0.0017319902381517456,2020,9,0,28
2020-09-29,50607,1.4828139845562094,1.5109335232684193,1.497323335581954,-1.1352554962208106,1.36,False,False,False,True,49928.0,49539.0,8940.0,50247.42857142857,51219.03333333333,769.2606530839565,916.0955560484891,0.007852399119885334,-0.008406893652795344,725,511,793.0,429.0,0.79,-0.84,0.77,0.2596195731087556,0.9810303963454062,0.16808964377719493,2020,9,1,29
2020-09-30,50232,1.5207708701800207,1.495173761352156,1.5127683616291552,-1.1495113622890516,-0.74,False,False,False,True,50607.0,49928.0,470.0,50082.142857142855,51114.666666666664,445.09153686928886,788.720497378012,0.013599583400096149,0.007852399119885334,430,-223,725.0,511.0,1.36,0.79,-0.84,0.015184311698381418,0.9797998524326258,0.3950285083574662,2020,9,2,30
2020-10-01,50345,1.5042770702989217,1.4914964835716948,1.5233135863096583,-1.167331194874353,0.22,False,False,False,True,50232.0,50607.0,310.0,50042.142857142855,51028.26666666667,411.3228369452183,735.1671605959518,-0.0074100420890390595,0.013599583400096149,296,46,430.0,-223.0,-0.74,1.36,0.79,0.011233105047650106,0.9806749499063823,0.2831355851973083,2020,10,3,1
2020-10-05,50809,1.4727696833465658,1.5341529058250472,1.5054186595791077,-1.1646582199865578,0.92,False,False,False,True,50345.0,50232.0,110.0,50026.57142857143,50963.03333333333,394.86658386068103,704.4304857053937,0.002249562032170749,-0.0074100420890390595,870,808,296.0,46.0,0.22,-0.74,1.36,0.004555619978464342,0.981624682764921,0.3278341089886964,2020,10,0,5
2020-10-06,50617,1.5400136367079695,1.5538000756806554,1.5614468230330933,1.421890479769936,-0.38,False,False,False,False,50809.0,50345.0,140.0,50202.71428571428,50921.833333333336,433.496141579257,674.4754837328483,0.009216406793127518,0.002249562032170749,531,-20,870.0,808.0,0.92,0.22,-0.74,0.006500139288699043,0.9858779819863964,0.47194493591708414,2020,10,1,6
2020-10-07,50133,1.5092463561605347,1.4885546613473257,1.4957255742667261,1.9039169512023384,-0.96,False,False,False,False,50617.0,50809.0,29170.0,50296.71428571428,50896.23333333333,443.0758830013695,670.8547652716628,-0.0037788580763250534,0.009216406793127518,527,-213,531.0,-20.0,-0.38,0.92,0.22,1.5244316697151816,0.9882207580334553,0.4200765150081146,2020,10,2,7
2020-10-08,50239,1.4848228447981382,1.4920218089689035,1.5053121421580926,1.4771319607843705,0.21,False,False,False,False,50133.0,50617.0,34580.0,50381.57142857143,50869.46666666667,310.95651204495454,685.0821110248918,-0.009562004860027229,-0.0037788580763250534,470,124,527.0,-213.0,-0.96,-0.38,0.92,1.8302106488832433,0.9904088784478068,0.2899445542741415,2020,10,3,8
2020-10-09,50872,1.514955748427069,1.5464455201197325,1.5479191105641652,1.5377193915743952,1.26,False,False,False,False,50239.0,50133.0,29790.0,50426.0,50823.46666666667,251.97420503340143,679.3251079524473,0.0021143757604771274,-0.009562004860027229,588,472,470.0,124.0,0.21,-0.96,-0.38,1.6898292586079755,0.9921794656536613,0.34100843314698054,2020,10,4,9
2020-10-12,51166,1.5783934402774498,1.5727117899801712,1.6101252844370313,0.7741395652942313,0.58,False,False,False,False,50872.0,50239.0,30470.0,50463.857142857145,50835.63333333333,299.1846857589703,676.7253547362316,0.01259977308465543,0.0021143757604771274,254,166,588.0,472.0,1.26,0.21,-0.96,1.842869239143583,0.9926867009202301,0.5582172429112748,2020,10,0,12
2020-10-13,50306,1.5762788505491037,1.5614698264799036,1.5299176664125995,1.8272916710855425,-1.68,False,False,True,False,51166.0,50872.0,21900.0,50597.28571428572,50839.5,376.7610711898646,678.3219533595714,0.0057792105676992556,0.01259977308465543,900,-674,254.0,166.0,0.58,1.26,0.21,1.4049268668206312,0.9952357067690618,0.6615212259213908,2020,10,1,13
2020-10-14,50614,1.5078718728371099,1.5236463978808719,1.5400368214090419,1.0530199452541977,0.61,False,False,False,False,50306.0,51166.0,33720.0,50591.71428571428,50813.066666666666,381.3737074892995,683.2937437337183,-0.01680803658679597,0.0057792105676992556,445,281,900.0,-674.0,-1.68,0.58,1.26,1.866489538359349,0.9956437901612109,0.3911151509779744,2020,10,2,14
2020-10-15,50775,1.5234141073404532,1.5318414740773287,1.5432323440394973,1.3791228815652128,0.32,False,False,False,False,50614.0,50306.0,25030.0,50563.857142857145,50799.63333333333,369.8032939181351,683.1076293887302,0.006122530115691971,-0.01680803658679597,493,295,445.0,281.0,0.61,-1.68,0.58,1.2196666991521294,0.9953587029077732,0.5239463055883008,2020,10,3,15
2020-10-16,50605,1.543079791814071,1.5329971899511878,1.5608077185070022,0.6360358627581457,-0.33,False,False,False,False,50775.0,50614.0,28690.0,50586.42857142857,50806.23333333333,378.31153702979697,681.8377642646127,0.003180938080373119,0.006122530115691971,339,-61,493.0,295.0,0.32,0.61,-1.68,1.228167808219178,0.9956736654641833,0.6223430632790891,2020,10,4,16
2020-10-19,50751,1.537053211088285,1.544554348689781,1.534178363253207,0.7117701512456766,0.29,False,False,False,False,50605.0,50775.0,20350.0,50653.857142857145,50800.8,321.87959890727825,682.8017029218648,-0.0033481043820777767,0.003180938080373119,699,142,339.0,-61.0,-0.33,0.32,0.61,0.8016861014812481,0.9971074696236505,0.5736060915726926,2020,10,0,19
2020-10-20,50937,1.5454058405152518,1.5456049994841985,1.5640032411374576,0.9309540920448834,0.37,False,False,False,False,50751.0,50605.0,21200.0,50727.0,50801.566666666666,265.0534537325888,682.7300513264835,0.0028850904060864213,-0.0033481043820777767,429,249,699.0,142.0,0.29,-0.33,0.32,0.7711895234630775,0.9985321974978462,0.7060219249729448,2020,10,1,20
2020-10-21,51313,1.5783934402774498,1.589522202690852,1.608314488279773,1.1982515808244039,0.74,False,False,False,False,50937.0,50751.0,23660.0,50736.28571428572,50794.5,272.02678439964757,680.1020080657522,0.003664952414730749,0.0028850904060864213,431,313,429.0,249.0,0.37,0.29,-0.33,0.878280559783214,0.9988539254109347,0.7921151942246866,2020,10,2,21
2020-10-22,50741,1.596367452968391,1.5672484058492,1.5652814501896397,0.8561107951866177,-1.11,False,False,False,False,51313.0,50937.0,26660.0,50757.28571428572,50790.5,313.27555192005326,676.5608645525061,0.007381667550110826,0.003664952414730749,623,-429,431.0,313.0,0.74,0.37,0.29,1.0196198416644358,0.9993460531848617,0.9385660052486191,2020,10,3,22
2020-10-23,50820,1.557353272480407,1.5519089042507037,1.5755071226070971,0.8525468286695573,0.16,False,False,False,False,50741.0,51313.0,22820.0,50819.42857142857,50765.666666666664,244.41212268734338,663.7025888397181,-0.011147272620973259,0.007381667550110826,381,19,623.0,-429.0,-1.11,0.74,0.37,0.8966601178781926,1.001059020954357,0.6236646997367211,2020,10,4,23
2020-10-26,50953,1.5451943815424172,1.5582128090172092,1.561872892717154,1.0253992047469807,0.26,False,False,False,False,50820.0,50741.0,22780.0,50848.857142857145,50731.933333333334,227.36199372965874,632.626704401738,0.0015569263514711995,-0.011147272620973259,569,267,381.0,19.0,0.16,-1.11,0.74,0.9229771889307564,1.0023047379005954,0.6498356438578264,2020,10,0,26
2020-10-27,50984,1.5782877107910325,1.5593685248910685,1.5869044866557216,0.6565286702312423,0.06,False,False,False,False,50953.0,50820.0,24720.0,50874.28571428572,50717.26666666667,227.67865826823163,621.7796445948927,0.0026170798898070835,0.0015569263514711995,345,-15,569.0,267.0,0.26,0.16,-1.11,0.9902655930777551,1.0030959682557625,0.7231214102907357,2020,10,1,27
2020-10-28,50483,1.569406433931979,1.5528544899656795,1.5379064729887382,1.2321092627364765,-0.98,False,False,False,False,50984.0,50953.0,20580.0,50928.42857142857,50691.433333333334,195.80079770829977,592.4119421409192,0.0006084038231310984,0.0026170798898070835,743,-432,345.0,-15.0,0.06,0.26,0.16,0.8702270709120893,1.004675252256862,0.7302180741189178,2020,10,2,28
2020-10-29,50276,1.5196078458294302,1.5067309200907493,1.5183072675219447,0.7723575820357013,-0.41,False,False,False,False,50483.0,50984.0,27040.0,50890.142857142855,50646.933333333334,253.8677008326613,553.7486628471221,-0.009826612270516288,0.0006084038231310984,488,-168,743.0,-432.0,-0.98,0.06,0.26,1.1337526205450734,1.0048020582452413,0.34294580324086144,2020,10,3,29
2020-10-30,50641,1.51178386383455,1.5256426343902652,1.5262960740980833,-0.7441101709734455,0.73,False,False,False,False,50276.0,50483.0,21880.0,50795.71428571428,50593.6,341.3823439549146,506.30995004347864,-0.004100390230374562,-0.009826612270516288,593,271,488.0,-168.0,-0.41,-0.98,0.06,0.9443653157235962,1.0039948587511915,0.17694417091433187,2020,10,4,30
2020-11-02,51032,1.548260536648519,1.554850726475073,1.5673052811889283,-1.114762688747714,0.77,False,False,False,True,50641.0,50276.0,4860.0,50699.71428571428,50565.03333333333,255.30747103080634,476.84194470041933,0.007259925212825147,-0.004100390230374562,486,317,593.0,271.0,0.73,-0.41,-0.98,0.2247918593894542,1.0026635195015716,0.4506893297630943,2020,11,0,2
2020-11-03,51509,1.5814595953835515,1.6078035265137174,1.5838154814462815,-1.1486203706597864,0.93,False,False,False,True,51032.0,50641.0,700.0,50741.28571428572,50540.63333333333,285.103322962305,429.7812180611144,0.007721016567603378,0.007259925212825147,835,480,486.0,317.0,0.77,0.73,-0.41,0.03576903423607562,1.0039701200344882,0.752440304196026,2020,11,1,3
2020-11-04,50829,1.6180419976839377,1.595510912219032,1.589460904760086,-1.0942698812746172,-1.32,False,False,False,True,51509.0,51032.0,320.0,50839.71428571428,50573.86666666667,408.87557777090046,464.62537621795514,0.00934707634425469,0.007721016567603378,665,-546,835.0,480.0,0.93,0.77,0.73,0.018565792527268508,1.0052566203964555,1.019784885475305,2020,11,2,4
2020-11-05,51901,1.5905523312154395,1.661071521790687,1.6155576729088055,-1.143274420884196,2.11,False,False,True,True,50829.0,51509.0,930.0,50822.0,50586.36666666667,405.8242641040354,466.330612576179,-0.013201576423537587,0.00934707634425469,1044,786,665.0,-546.0,-1.32,0.93,0.77,0.06342494714587738,1.0046580402756737,0.5277759655806428,2020,11,3,5
2020-11-06,52190,1.673549978053021,1.7042532694412484,1.6929958379868426,2.0838972603138823,0.56,False,True,False,False,51901.0,50829.0,380.0,50953.0,50663.86666666667,578.2199696790046,485.43245797962965,0.021090322453717336,-0.013201576423537587,728,290,1044.0,786.0,2.11,-1.32,0.93,0.030598276833883567,1.0057068943283707,1.161083555941497,2020,11,4,6
2020-11-09,49795,1.7158417726199413,1.7084558726189185,1.4548228845968965,4.930615515815776,-4.59,False,True,True,False,52190.0,51901.0,36600.0,51196.857142857145,50738.23333333333,695.1060898832237,541.3912272241818,0.005568293481821085,0.021090322453717336,3004,-2505,728.0,290.0,0.56,2.11,-1.32,2.65198174045359,1.0090390181012179,1.1415012584812634,2020,11,0,9
2020-11-10,50561,1.4885233768227437,1.5125094994600456,1.52128975531037,2.058058503065195,1.54,False,False,False,False,49795.0,52190.0,68550.0,51128.142857142855,50746.76666666667,814.7810398256754,523.5611931610953,-0.04589001724468289,0.005568293481821085,515,411,3004.0,-2505.0,-4.59,0.56,2.11,3.769797624285086,1.0075152805888359,0.006730628343210028,2020,11,1,10
2020-11-11,50230,1.529969335498326,1.5035789677074967,1.5063773163682443,1.5911788893302994,-0.65,False,False,False,False,50561.0,49795.0,36310.0,51116.71428571428,50767.86666666667,823.269642804938,501.7262430691327,0.01538307058941668,-0.04589001724468289,570,-312,515.0,411.0,1.54,-4.59,0.56,1.8378296300045553,1.0068714256074238,0.3484117256104869,2020,11,2,11
2020-11-12,50652,1.5098807330790387,1.531631343918445,1.534284880674222,1.2926966935265012,0.84,False,False,False,False,50230.0,50561.0,31070.0,51002.142857142855,50755.3,890.1158030612668,510.5383331846247,-0.006546547734419761,0.01538307058941668,575,300,570.0,-312.0,-0.65,1.54,-4.59,1.5411706349206349,1.0048633907620061,0.21184265618527365,2020,11,3,12
2020-11-13,50956,1.5399079072215522,1.5646217788631562,1.573057221923748,0.9469919413716547,0.6,False,False,False,False,50652.0,50230.0,27720.0,50879.71428571428,50769.3,867.430249701666,501.3698579676676,0.008401353772645725,-0.006546547734419761,525,320,575.0,300.0,0.84,-0.65,1.54,1.3362900115696106,1.002174823874158,0.4060347515467595,2020,11,4,13
2020-11-14,50945,1.574269990307175,1.560839436003253,1.601284338492771,-0.9757679945823632,-0.02,False,False,False,False,50956.0,50652.0,23840.0,50897.857142857145,50789.666666666664,867.5208793987229,495.9199972514908,0.006001737345020963,0.008401353772645725,224,-16,525.0,320.0,0.6,0.84,-0.65,1.0529105202720608,1.002130167084981,0.5355367927800708,2020,11,5,14
2020-11-16,50870,1.57289550698375,1.556111507428374,1.5171355758907776,0.835617987713521,-0.15,False,False,False,False,50945.0,50956.0,2260.0,50761.28571428572,50794.2,750.6574261477882,496.72377670148296,-0.00021587251746602032,0.006001737345020963,969,-78,224.0,-16.0,-0.02,0.6,0.84,0.0991315027634003,0.9993520070064243,0.5261724556045947,2020,11,0,16
2020-11-17,50806,1.5657059019073736,1.5516987740918202,1.5827503072361295,0.7812674983283519,-0.13,False,False,False,False,50870.0,50945.0,22590.0,50572.71428571428,50802.63333333333,428.6800338607029,495.7583173191937,-0.0014721758759446146,-0.00021587251746602032,311,-74,969.0,-78.0,-0.15,-0.02,0.6,0.9026973026973028,0.9954742690972244,0.49361459782337624,2020,11,1,17
2020-11-18,50377,1.5445600046239134,1.5151361264460896,1.5168160236277322,1.5778140148913233,-0.84,False,False,False,False,50806.0,50870.0,21980.0,50717.142857142855,50825.066666666666,260.18098097168934,479.368041838401,-0.0012581089050520688,-0.0014721758759446146,582,-303,311.0,-74.0,-0.13,-0.15,-0.02,0.8101732399557685,0.9978765633455707,0.4756415468594674,2020,11,2,18
2020-11-19,50063,1.4982504895731354,1.4704834676833438,1.4872041805855116,1.5858329395547088,-0.62,False,False,False,False,50377.0,50806.0,30920.0,50690.857142857145,50829.666666666664,286.5440213871565,474.18433293915126,-0.008443884580561334,-0.0012581089050520688,435,-179,582.0,-303.0,-0.84,-0.13,-0.15,1.0243837794858204,0.9972691238618618,0.2897298862358001,2020,11,3,19
2020-11-20,50279,1.4832369025018788,1.4942281756371805,1.5054186595791077,1.053910936883463,0.43,False,False,False,False,50063.0,50377.0,31010.0,50667.0,50802.7,334.2843101347205,494.27209803134514,-0.0062330031562022326,-0.008443884580561334,490,179,435.0,-179.0,-0.62,-0.84,-0.13,1.0467510548523207,0.9973288821263437,0.18002840360527594,2020,11,4,20
2020-11-23,49555,1.506814577972937,1.4846672534079808,1.4398039282337558,1.8976800097974829,-1.44,False,False,False,False,50279.0,50063.0,25040.0,50613.71428571428,50773.13333333333,365.358141322752,498.30372494554996,0.004314563649801206,-0.0062330031562022326,1015,-768,490.0,179.0,0.43,-0.62,-0.84,0.9907414734509773,0.9968601692045981,0.29177059257185733,2020,11,0,23
2020-11-24,48683,1.4122924171158695,1.3826490612700366,1.3584246185781572,1.9582674405875076,-1.76,False,False,True,False,49555.0,50279.0,34510.0,50413.57142857143,50748.1,504.02310037985984,539.7230036652304,-0.014399649953260818,0.004314563649801206,808,-746,1015.0,-768.0,-1.44,0.43,-0.62,1.3752291384394677,0.9934080572193132,0.05703613921020645,2020,11,1,24
2020-11-25,48568,1.326122885685769,1.3355799056801305,1.3440447667411077,1.315862475887393,-0.24,False,False,False,False,48683.0,49555.0,35190.0,50090.42857142857,50683.73333333333,764.3894856135329,658.3702413599929,-0.01759660982746447,-0.014399649953260818,495,-46,808.0,-746.0,-1.76,-1.44,0.43,1.3796753705010585,0.9882939806741791,-0.1118120514399577,2020,11,2,25
2020-11-26,48597,1.3246426728759269,1.320765729478843,1.3450034235302444,0.5496096747194341,0.06,False,False,False,False,48568.0,48683.0,27980.0,49761.57142857143,50610.166666666664,862.0494682537169,762.837854297887,-0.0023622208984656057,-0.01759660982746447,345,-3,495.0,-46.0,-0.24,-1.76,-1.44,1.0958796804010653,0.983232712042141,-0.03821440274910409,2020,11,3,26
2020-11-27,48189,1.3232681895525018,1.3026945358148612,1.2793886921848925,0.8766036026597143,-0.84,False,False,False,False,48597.0,48568.0,19380.0,49446.0,50543.23333333333,819.2551495121804,846.7816835147183,0.0005971009718332976,-0.0023622208984656057,789,-398,345.0,-3.0,0.06,-0.24,-1.76,0.7725424539583832,0.9782911922928028,0.04590514013117627,2020,11,4,27
2020-11-30,47898,1.2494690080332256,1.2403909437059006,1.2417880425665333,-0.9953698104261948,-0.6,False,False,False,False,48189.0,48597.0,23050.0,49133.42857142857,50457.833333333336,822.2383792934829,948.2213870433304,-0.008395579974072476,0.0005971009718332976,549,9,789.0,-398.0,-0.84,0.06,-0.24,0.8485183140069943,0.9737522466897159,0.028804150607193393,2020,11,0,30
2020-12-01,48641,1.2823508783090063,1.3309570421846932,1.2719324727138297,-1.1450564041427262,1.55,False,False,False,True,47898.0,48189.0,2040.0,48824.142857142855,50356.53333333333,821.485733002117,1051.9257458150082,-0.00603872253003801,-0.008395579974072476,1128,441,549.0,9.0,-0.6,-0.84,0.06,0.08124253285543608,0.9695691824922325,0.037330522333773375,2020,12,1,1
2020-12-02,48959,1.327814557468446,1.3459813485448642,1.3324343678504529,-1.143274420884196,0.65,False,False,False,True,48641.0,47898.0,360.0,48590.142857142855,50267.46666666667,513.5940123541363,1080.8701071366431,0.015512129942795161,-0.00603872253003801,703,329,1128.0,441.0,1.55,-0.6,-0.84,0.015687641624542444,0.9666320202558352,0.2235078260379353,2020,12,2,2
2020-12-03,49061,1.3891376595904805,1.37266787872307,1.3861191480421045,-1.1192176468940391,0.21,False,False,False,True,48959.0,48641.0,380.0,48505.0,50208.066666666666,350.48395113358475,1102.6945972065355,0.00653769453753017,0.015512129942795161,453,-149,703.0,329.0,0.65,1.55,-0.6,0.019101236553734795,0.9660798198430266,0.30837751823176507,2020,12,3,3
2020-12-04,49322,1.3726438597093815,1.4012455803312274,1.255102720193431,-1.167331194874353,0.53,False,False,False,True,49061.0,48959.0,650.0,48559.0,50149.433333333334,407.03685337105503,1115.7228886975768,0.0020833758859453155,0.00653769453753017,1955,268,453.0,-149.0,0.21,0.65,1.55,0.03855736149009372,0.9682861155626218,0.34713658948222204,2020,12,4,4
2020-12-07,49923,1.4066887543357525,1.441695635916303,1.384627904147892,1.60008880562295,1.22,False,False,False,False,49322.0,49061.0,110.0,48666.71428571428,50095.066666666666,499.1568605466445,1114.953901421358,0.005319907869794749,0.0020833758859453155,1124,547,1955.0,268.0,0.53,0.21,0.65,0.007657500870170553,0.9714871647849745,0.41717796377166066,2020,12,0,7
2020-12-08,50049,1.4832369025018788,1.4554591613231729,1.47442209006369,1.1973605891951389,0.25,False,False,False,False,49923.0,49322.0,31170.0,48856.142857142855,50059.7,685.2197770491998,1102.5428961844962,0.01218523174242736,0.005319907869794749,412,-51,1124.0,547.0,1.22,0.53,0.21,2.2215095146461405,0.975957563811666,0.5734095624667407,2020,12,1,8
2020-12-09,49256,1.4685405038898738,1.4385436835330503,1.4120028813487935,1.7319555667541802,-1.58,False,False,False,False,50049.0,49923.0,26650.0,49121.857142857145,50045.23333333333,741.7048893322448,1099.6406523786216,0.0025238867856498537,0.01218523174242736,837,-705,412.0,-51.0,0.25,1.22,0.53,2.0224633831676404,0.98154916804312,0.6076234030835088,2020,12,2,9
2020-12-10,49081,1.3940012159656765,1.3869567295271485,1.3953861636704252,1.2855687604923807,-0.36,False,False,False,False,49256.0,50049.0,32650.0,49315.857142857145,50011.23333333333,509.4887727183263,1107.9965356373525,-0.015844472417031352,0.0025238867856498537,502,-175,837.0,-705.0,-1.58,0.25,1.22,2.392993257109352,0.986095600045666,0.42424669085517247,2020,12,3,10
2020-12-11,49306,1.377718875057412,1.379076848569017,1.3884625313044383,1.159938940766006,0.46,False,False,False,False,49081.0,49256.0,27640.0,49378.71428571428,49959.23333333333,433.88581996202913,1114.0117217012714,-0.003552866655838871,-0.015844472417031352,492,204,502.0,-175.0,-0.36,-1.58,0.25,1.9101589495507947,0.9883801449925029,0.39760292706387157,2020,12,4,11
2020-12-14,48916,1.3938954864792592,1.3643677374471714,1.362472280576734,1.4815869189306958,-0.79,False,False,False,False,49306.0,49081.0,26230.0,49428.28571428572,49901.7,396.1202318709005,1101.1940901284459,0.004584258674436237,-0.003552866655838871,596,-339,492.0,204.0,0.46,-0.36,-1.58,1.7737354611847445,0.9905130629675085,0.4798668906686566,2020,12,0,14
2020-12-15,49416,1.365771443092257,1.3924201136581198,1.3970904424066681,1.3835778397115381,1.02,False,False,False,False,48916.0,49306.0,29840.0,49407.57142857143,49815.26666666667,421.5055781163158,1072.0636539668792,-0.007909787855433392,0.004584258674436237,538,427,596.0,-339.0,-0.79,0.46,-0.36,1.698542805100182,0.9918158575598262,0.3836031727197169,2020,12,1,15
2020-12-16,49544,1.4197992106514978,1.4199471644718598,1.4437450728113177,1.5163355924720336,0.26,False,False,False,False,49416.0,48916.0,28740.0,49421.0,49768.166666666664,419.81900862421355,1056.9229927670142,0.010221604383023886,-0.007909787855433392,362,44,538.0,427.0,1.02,-0.79,0.46,1.408409291384887,0.9930243227766076,0.5760574967469637,2020,12,2,16
2020-12-17,50263,1.4355529041276758,1.4872938803940245,1.4679245273817638,1.961831407104568,1.45,False,False,False,False,49544.0,49416.0,30230.0,49366.857142857145,49689.6,365.1695627048156,977.5336875733456,0.002590254168690409,0.010221604383023886,776,614,362.0,44.0,0.26,1.02,-0.79,1.2923774101150014,0.9935048207845736,0.6489021679576509,2020,12,3,17
2020-12-18,50100,1.4842941973660517,1.4723746391132955,1.4930626387413466,1.054801928512728,-0.32,False,False,False,False,50263.0,49544.0,35230.0,49397.42857142857,49625.36666666667,434.22415760737726,864.3235538518265,0.014512352656224747,0.002590254168690409,398,-10,776.0,614.0,1.45,0.26,1.02,1.3121531528176096,0.9954068229506664,0.9170323647356203,2020,12,4,18
2020-12-21,50146,1.4937041216571916,1.5178678185115753,1.4483253219149703,2.3324839248788365,0.09,False,True,False,False,50100.0,50263.0,25050.0,49518.0,49635.53333333333,500.5240586980335,868.1729024230547,-0.003242942124425552,0.014512352656224747,1251,-53,398.0,-10.0,-0.32,1.45,0.26,0.8536959411103159,0.9976320727220956,0.8663329148015296,2020,12,0,21
2020-12-22,49768,1.496347358817624,1.4727948994310625,1.4698418409600371,1.004906397273884,-0.75,False,False,False,False,50146.0,50100.0,39390.0,49670.142857142855,49621.7,507.3672005487711,856.1410675713041,0.0009181636726547371,-0.003242942124425552,620,-456,1251.0,-53.0,0.09,-0.32,1.45,1.3058180009945302,1.0009762434004248,0.8550236599765441,2020,12,1,22
2020-12-23,49909,1.4484519014705866,1.4447425232201139,1.4484318393359856,1.2205263715560306,0.28,False,False,False,False,49768.0,50146.0,24490.0,49736.142857142855,49606.3,481.49296588080847,848.9467775016349,-0.007537989071910056,0.0009181636726547371,554,138,620.0,-456.0,-0.75,0.09,-0.32,0.8177234632208087,1.0026174670786343,0.6934438258628755,2020,12,2,23
2020-12-24,49787,1.4748842730749119,1.4477894105239246,1.4659006963824754,0.4391267126905656,-0.24,False,False,False,False,49909.0,49768.0,26910.0,49878.0,49581.53333333333,318.170289837935,827.9668797837988,0.0028331457964958506,-0.007537989071910056,419,-234,554.0,138.0,0.28,-0.75,0.09,0.9160851063829787,1.005979376730315,0.7226586873203646,2020,12,3,24
2020-12-28,49761,1.4620910052184184,1.4760519168937567,1.474528607484705,1.1055884513808367,-0.05,False,False,False,False,49787.0,49909.0,18140.0,49931.0,49542.566666666666,252.51006581036808,787.5726866629807,-0.0024444488969925793,0.0028331457964958506,607,-139,419.0,-234.0,-0.24,0.28,-0.75,0.6381706244503078,1.007840395834693,0.6578804373221595,2020,12,0,28
2020-12-29,49722,1.4536326463050344,1.4320296486076616,1.46270517375202,0.004322797609212152,-0.08,False,False,False,False,49761.0,49787.0,25620.0,49962.0,49503.1,206.14396264639163,743.2922268386104,-0.0005222246771245942,-0.0024444488969925793,299,-98,607.0,-139.0,-0.05,-0.24,0.28,0.9032576505429417,1.0092701265173292,0.6293414130004903,2020,12,1,29
2020-12-30,49881,1.4557472360333803,1.437387967659191,1.4625986563310047,-0.8519201581145187,0.32,False,False,False,False,49722.0,49761.0,13260.0,49884.71428571428,49464.833333333336,173.28176889330888,698.7078755805214,-0.0007837463073491202,-0.0005222246771245942,351,41,299.0,-98.0,-0.08,-0.05,-0.24,0.49651763648618286,1.0084884740144873,0.5942983676080913,2020,12,2,30
2020-12-31,50081,1.4663201846751104,1.4572452676736827,1.4816652746927224,-1.142383429254931,0.4,False,False,False,True,49881.0,49722.0,3650.0,49853.42857142857,49434.0,145.47262875368736,656.6249651235754,0.0031977796548812165,-0.0007837463073491202,361,141,351.0,41.0,0.32,-0.08,-0.05,0.1508451460924908,1.0084846172963664,0.6627697078007654,2020,12,3,31
2021-01-01,50081,1.4856686806894766,1.4638643676785132,1.505631694421138,-1.1726771446499433,0.0,False,False,False,True,50081.0,49881.0,390.0,49844.142857142855,49424.13333333333,124.20470814760581,644.0703930940465,0.0040095427116537685,0.0031977796548812165,199,-42,361.0,141.0,0.4,0.32,-0.08,0.018384952623391317,1.0084980655295832,0.7591129603026238,2021,1,4,1
2021-01-04,51349,1.548260536648519,1.5995033852378189,1.5749745355020213,-1.1637672283572926,2.53,False,False,True,True,50081.0,50081.0,50.0,49888.857142857145,49424.73333333333,146.55423180299647,644.6941500606226,0.0,0.0040095427116537685,839,634,199.0,-42.0,0.0,0.4,0.32,0.0028256569652444193,1.0093905172212796,0.7369574257248179,2021,1,0,4
2021-01-05,51456,1.6137070887408285,1.605387029686557,1.6333460822183408,-1.1637672283572926,0.21,False,False,False,True,51349.0,50081.0,150.0,50094.57142857143,49460.4,572.1671833620974,718.9108908352026,0.02531898324713966,0.0,347,122,839.0,634.0,2.53,0.0,0.4,0.009865175928970734,1.0128218014527062,1.2370064105018193,2021,1,1,5
2021-01-06,50545,1.6380248706168077,1.6377470741546176,1.5551622951931976,3.0230024375592643,-1.77,False,True,True,False,51456.0,51349.0,150.0,50333.0,49523.76666666667,744.4463266989585,806.0367786284237,0.002083779625698723,0.02531898324713966,1389,-1019,347.0,122.0,0.21,2.53,0.0,0.013296693555535857,1.0163403026021849,1.1140022508306149,2021,1,2,6
2021-01-07,50918,1.5394849892758828,1.5524342296479126,1.5726311522396874,1.3613030489799114,0.74,False,False,False,False,50545.0,51456.0,47140.0,50445.0,49585.833333333336,701.8017288870908,810.738789656325,-0.017704446517412986,0.002083779625698723,413,286,1389.0,-1019.0,-1.77,0.21,2.53,3.479994094197549,1.0173268574693712,0.7402600996267641,2021,1,3,7
2021-01-08,49035,1.559150673749501,1.5292148470912847,1.3833496950957096,4.025368020482467,-3.7,False,True,True,False,50918.0,50545.0,28490.0,50615.857142857145,49664.166666666664,639.2455002000859,822.4484926026845,0.007379562765852166,-0.017704446517412986,1969,-1783,413.0,286.0,0.74,-1.77,0.21,2.0789550496205487,1.0191625177681525,0.8425759383133242,2021,1,4,8
2021-01-11,49386,1.3494891021839925,1.3832794517466873,1.3538443694745044,1.9083719093486637,0.72,False,False,False,False,49035.0,50918.0,58390.0,50495.0,49678.76666666667,847.4135157459511,806.5857238266607,-0.03698102832004402,0.007379562765852166,857,551,1969.0,-1783.0,-3.7,0.74,-1.77,3.2934739692030006,1.016430225388043,0.1414186022783249,2021,1,0,11
2021-01-12,49098,1.4021423864198086,1.4027164914434118,1.398794721142911,1.3755589150481526,-0.58,False,False,False,False,49386.0,49035.0,34630.0,50395.71428571428,49718.666666666664,939.6931616743223,758.523581033854,0.007158152340165147,-0.03698102832004402,620,-235,857.0,551.0,0.72,-3.7,0.74,1.8588298443370908,1.0136175739302666,0.2690520317656693,2021,1,1,12
2021-01-13,49354,1.393155380074338,1.389793486672076,1.4211633795560992,0.7563197327089299,0.52,False,False,False,False,49098.0,49386.0,28650.0,50255.28571428572,49758.666666666664,1060.2763341526347,687.5188440438942,-0.005831612197788827,0.007158152340165147,287,106,620.0,-235.0,-0.58,0.72,-3.7,1.4204968020229065,1.0099805537585222,0.15028860487110943,2021,1,2,13
2021-01-14,49238,1.400873632582801,1.3713020326903271,1.3782368588869809,1.4610941114575993,-0.24,False,False,False,False,49354.0,49098.0,21700.0,49970.28571428572,49782.433333333334,982.5685242079281,659.2946431093548,0.005214061672573322,-0.005831612197788827,514,-83,287.0,106.0,0.52,-0.58,0.72,0.9875307181214162,1.0037734672328,0.25058129940832946,2021,1,3,14
2021-01-15,48745,1.3962215351804397,1.3720374882464195,1.3561877527368384,1.5038617096623226,-1.0,False,False,False,False,49238.0,49354.0,29610.0,49653.42857142857,49791.73333333333,754.8456480520979,649.168801876093,-0.0023503667382582805,0.005214061672573322,728,-532,514.0,-83.0,-0.24,0.52,-0.58,1.1893476863753214,0.9972223348607113,0.21859162337901605,2021,1,4,15
2021-01-18,48918,1.3353213510040742,1.3375761421895238,1.354909543684656,0.41952489684673405,0.35,False,False,False,False,48745.0,49238.0,30090.0,49396.28571428572,49781.2,705.4829821459045,663.8325193819695,-0.010012591900564582,-0.0023503667382582805,412,217,728.0,-532.0,-1.0,-0.24,0.52,1.078494623655914,0.9922678785221273,0.09457063003643677,2021,1,0,18
2021-01-19,49011,1.3582646495566286,1.3461914787037477,1.374828301414495,0.8846225273230999,0.19,False,False,False,False,48918.0,48745.0,17920.0,49110.57142857143,49767.73333333333,233.79182844971757,677.4277889128205,0.0035490819571237786,-0.010012591900564582,307,93,412.0,217.0,0.35,-1.0,-0.24,0.6038346194022307,0.9867954222395386,0.18854202667224912,2021,1,1,19
2021-01-20,49528,1.3771902276253256,1.4020861009667613,1.3813258640964212,2.0634044528407856,1.05,False,True,False,False,49011.0,48918.0,23140.0,49107.142857142855,49737.333333333336,235.2561926766633,690.5559146515805,0.0019011406844107182,0.0035490819571237786,778,431,307.0,93.0,0.19,0.35,-1.0,0.7236677508131099,0.9873296287927819,0.24476276122978763,2021,1,2,20
2021-01-21,49418,1.4303721592932281,1.4156394962147478,1.4323477087626932,0.899769385020606,-0.22,False,False,False,False,49528.0,49011.0,36370.0,49127.42857142857,49719.96666666667,267.255094837365,688.9970963991716,0.010548652343351561,0.0019011406844107182,428,-182,778.0,431.0,1.05,0.19,0.35,1.1770607463024694,0.9880824921060266,0.41568868884502824,2021,1,3,21
2021-01-22,49131,1.4089090735505159,1.3792869787279005,1.3680111864695235,1.5297004669110097,-0.58,False,False,False,False,49418.0,49528.0,23310.0,49173.142857142855,49725.36666666667,287.94931763428855,685.8630849231369,-0.0022209659182684804,0.010548652343351561,686,-266,428.0,-182.0,-0.22,1.05,0.19,0.7672558506961588,0.9888945251379313,0.38874957508153035,2021,1,4,22
2021-01-25,49144,1.3814194070820176,1.3713020326903271,1.3919776061979394,1.0173802800835952,0.03,False,False,False,False,49131.0,49418.0,30380.0,49141.28571428572,49727.03333333333,276.7223122508942,684.3022362747522,-0.005807600469464602,-0.0022209659182684804,385,7,686.0,-266.0,-0.58,-0.22,1.05,1.101522842639594,0.9882207407161977,0.3104791652091377,2021,1,0,25
2021-01-27,48879,1.358370379043046,1.3360001659978975,1.35128795137014,1.0628208531761136,-0.54,False,False,False,False,49144.0,49131.0,24630.0,49127.857142857145,49721.63333333333,273.50894475206155,688.366406204804,0.0002645987258553806,-0.005807600469464602,431,-40,385.0,7.0,0.03,-0.58,-0.22,0.9266365688487584,0.9880579910459595,0.32663883314477576,2021,1,2,27
2021-01-28,48672,1.3351098920312396,1.363632281891079,1.3527791952643526,1.3470471829116704,-0.42,False,False,False,False,48879.0,49144.0,25140.0,49147.0,49720.4,245.50220637618895,689.8910758573699,-0.0053923164577568405,0.0002645987258553806,680,-27,431.0,-40.0,-0.54,0.03,-0.58,0.9584810705707423,0.9884675103176965,0.26348421858747695,2021,1,3,28
2021-01-29,49111,1.3322551958979725,1.3890580311159837,1.3638570070499314,1.3114075177410676,0.9,False,False,False,False,48672.0,48879.0,28330.0,49111.857142857145,49695.6,296.1325314664361,714.1566813474196,-0.004234947523476307,-0.0053923164577568405,818,439,680.0,-27.0,-0.42,-0.54,0.03,1.0534731518667262,0.9882536309624422,0.2279228900043872,2021,1,4,29
2021-02-01,48424,1.398441854395203,1.3835946469850124,1.231029783044,-0.8973607312070372,-1.4,False,False,False,False,49111.0,48672.0,27930.0,49126.142857142855,49681.166666666664,292.85003476077367,721.662309187384,0.009019559500328622,-0.004234947523476307,2013,-874,818.0,439.0,0.9,-0.42,-0.54,1.0451279748540638,0.9888282855101267,0.37076144957920254,2021,2,0,1
2021-02-02,47752,1.2975759243530978,1.2686534500757327,1.2423206296716092,-1.143274420884196,-1.39,False,False,False,True,48424.0,49111.0,3140.0,48968.42857142857,49619.86666666667,334.655473160877,748.1541761296907,-0.013988719431491936,0.009019559500328622,813,-592,2013.0,-874.0,-1.4,0.9,-0.42,0.13067543385076366,0.9868714259227199,0.2023225811027667,2021,2,1,2
2021-02-03,47703,1.2495747375196429,1.2246311817896374,1.253824511141249,-1.1602032618402325,-0.1,False,False,False,True,47752.0,48424.0,380.0,48730.42857142857,49541.6,508.7634870119226,815.9389175896176,-0.013877416157277334,-0.013988719431491936,286,-187,813.0,-592.0,-1.39,-1.4,0.9,0.017059483726150394,0.9836264588028762,0.042121433618406416,2021,2,2,3
2021-02-04,46695,1.16076196892911,1.187858403985023,1.1326076860259722,-1.1646582199865578,-2.11,False,False,True,True,47703.0,47752.0,190.0,48526.42857142857,49460.166666666664,599.5667483412768,873.4225616849582,-0.0010261350309934691,-0.013877416157277334,1074,-355,286.0,-187.0,-0.1,-1.39,-1.4,0.00950950950950951,0.9811214122764496,0.02946173428471003,2021,2,3,4
2021-02-05,46978,1.1133951590141589,1.1379524912501895,1.1432594281274904,-1.1744591279084735,0.61,False,False,False,True,46695.0,47703.0,140.0,48176.57142857143,49357.73333333333,843.8816775570683,1006.183466278417,-0.021130746493931207,-0.0010261350309934691,499,376,1074.0,-355.0,-2.11,-0.1,-1.39,0.008559026716390536,0.9760693649202846,-0.1579647068223022,2021,2,4,5
2021-02-08,47726,1.1710177291115882,1.214439869083787,1.1925769940575195,1.421890479769936,1.59,False,False,False,False,46978.0,46695.0,30.0,47905.0,49260.03333333333,885.0355925058867,1089.6476331198935,0.0060606060606061,-0.021130746493931207,764,579,499.0,376.0,0.61,-2.11,-0.1,0.002138427542946753,0.9724922367761288,-0.0375506155667441,2021,2,0,8
2021-02-09,47818,1.2453455580629509,1.238920032593716,1.255102720193431,1.2579480199851636,0.19,False,False,False,False,47726.0,46978.0,29170.0,47769.857142857145,49191.333333333336,818.0907505849958,1119.830662484135,0.015922346630337536,0.0060606060606061,410,-32,764.0,579.0,1.59,0.61,-2.11,2.0973540408398046,0.9711031172738519,0.22337200424085016,2021,2,1,9
2021-02-10,47863,1.253803916976335,1.2467999135518475,1.2614937654543419,1.2846777688631157,0.09,False,False,False,False,47818.0,47726.0,27330.0,47585.142857142855,49126.566666666666,574.5219544914883,1141.7210747987729,0.001927670452164465,0.015922346630337536,425,-67,410.0,-32.0,0.19,1.59,0.61,1.927634363097757,0.9686234167353345,0.2747504496665775,2021,2,2,10
2021-02-11,47377,1.2339267735298824,1.2272578087756811,1.2212301803106034,1.0378730875566917,-1.02,False,False,False,False,47863.0,47818.0,27630.0,47505.0,49064.6,467.08600207625216,1158.6131305154847,0.0009410682169894713,0.001927670452164465,617,-365,425.0,-67.0,0.09,0.19,1.59,1.915159076731129,0.968213335072537,0.3078523408126351,2021,2,3,11
2021-02-12,47169,1.2263142505078366,1.1978395865319897,1.18703808816473,1.559994182306022,-0.44,False,False,False,False,47377.0,47863.0,24860.0,47451.42857142857,48981.13333333333,455.3939163513953,1187.603083969336,-0.010153981154545244,0.0009410682169894713,658,-501,617.0,-365.0,-1.02,0.09,0.19,1.765625,0.9687695106706781,0.19612012489412203,2021,2,4,12
2021-02-15,47118,1.176621391891705,1.1586503119002152,1.1925769940575195,0.19410401464267174,-0.11,False,False,False,False,47169.0,47377.0,30720.0,47375.142857142855,48884.066666666666,450.93289544312194,1213.3324567367067,-0.004390315976106507,-0.010153981154545244,233,-82,658.0,-501.0,-0.44,-1.02,0.09,2.13942475102723,0.9691326047030223,0.17269489583022793,2021,2,0,15
2021-02-16,46777,1.1679515740054864,1.1615921341245843,1.1431529107064753,2.1854703060501,-0.72,False,True,False,False,47118.0,47169.0,15390.0,47435.57142857143,48785.3,364.69387032120727,1232.9777566006187,-0.0010812185969598653,-0.004390315976106507,725,-341,233.0,-82.0,-0.11,-0.44,-1.02,0.9875513347022588,0.9723332936062999,0.19284259533064296,2021,2,1,16
2021-02-17,46134,1.1237566486830544,1.0968720451884633,1.0886159911467022,1.9226277754169048,-1.37,False,False,False,False,46777.0,47118.0,37740.0,47406.857142857145,48632.9,411.6193340851679,1186.8638579202886,-0.007237149284774369,-0.0010812185969598653,621,-566,725.0,-341.0,-0.72,-0.11,-0.44,1.953416149068323,0.9747898468497076,0.14336585762279086,2021,2,2,17
2021-02-18,46046,1.075544002876765,1.0622005689726843,1.074449174151683,1.3657580071262367,-0.19,False,False,False,False,46134.0,46777.0,34790.0,47179.42857142857,48455.5,601.7792666057179,1147.4291128264051,-0.013746071787416936,-0.007237149284774369,424,-198,621.0,-566.0,-1.37,-0.72,-0.11,1.5272168568920106,0.9736650859330431,0.04570110013830767,2021,2,3,18
2021-02-19,46095,1.0465741235984245,1.0600992673838492,1.0584715609994058,1.5564302157889616,0.11,False,False,False,False,46046.0,46134.0,28540.0,46926.28571428572,48305.53333333333,658.4258283442335,1158.866769090321,-0.0019074868860277094,-0.013746071787416936,554,125,424.0,-198.0,-0.19,-1.37,-0.72,1.1139734582357532,0.9714474197080055,0.07432342339969782,2021,2,4,19
2021-02-22,46782,1.0811476656568821,1.1106355705953332,1.092557135724264,1.5002977431452624,1.49,False,False,False,False,46095.0,46046.0,30680.0,46673.71428571428,48144.76666666667,572.7424419091988,1117.7608677473802,0.00106415323806619,-0.0019074868860277094,715,485,554.0,125.0,0.11,-0.19,-1.37,1.0695485445354715,0.9694452277412141,0.12396137285135365,2021,2,0,22
2021-02-23,46632,1.1438452511023416,1.115888824567421,1.1250449491338943,0.8623477365914731,-0.32,False,False,False,False,46782.0,46095.0,30050.0,46588.71428571428,48069.666666666664,489.00297009743025,1131.4883190241408,0.014904002603319144,0.00106415323806619,460,-258,715.0,485.0,1.49,0.11,-0.19,1.0443818857957112,0.9691915404526961,0.31218154532525544,2021,2,1,23
2021-02-24,46369,1.1110691103129784,1.097502435665114,1.0962852454597953,0.757210724338195,-0.56,False,False,False,False,46632.0,46782.0,22890.0,46512.0,47977.86666666667,420.0575357442522,1132.7270034584456,-0.003206361421059345,0.014904002603319144,555,-211,460.0,-258.0,-0.32,1.49,0.11,0.8080059303187547,0.9694470227938438,0.2928462989343331,2021,2,2,24
2021-02-25,46085,1.0836851733308972,1.0744931832673696,1.0766860399930018,1.0066883805324143,-0.61,False,False,False,False,46369.0,46632.0,21710.0,46405.0,47886.9,324.4893424066927,1149.1308364614054,-0.005639903928632672,-0.003206361421059345,520,-236,555.0,-211.0,-0.56,-0.32,1.49,0.7827090168367163,0.9690541672148333,0.24260491683329383,2021,2,3,25
2021-02-26,45569,1.0403360838998037,1.0765944848562046,1.023320812064396,1.7595763072613972,-1.12,False,False,False,False,46085.0,46369.0,24510.0,46306.142857142855,47777.933333333334,296.4700257912513,1160.1545358798517,-0.006124781642907973,-0.005639903928632672,1041,-342,520.0,-236.0,-0.61,-0.56,-0.32,0.8847736625514403,0.9691951833512302,0.18761868700461026,2021,2,4,26
2021-03-01,45021,1.069517422150979,1.0421331387993091,0.9631384691908184,-0.7147074472076982,-1.2,False,False,False,False,45569.0,46085.0,32960.0,46225.42857142857,47655.63333333333,407.3306834949594,1193.8299851023621,-0.01119670174677223,-0.006124781642907973,1278,-1166,1041.0,-342.0,-1.12,-0.61,-0.56,1.180262121320633,0.9699887576375071,0.04974473357088253,2021,3,0,1
2021-03-02,45224,0.9382014000206907,0.9625988736619006,0.9591973246132567,-1.1486203706597864,0.45,False,False,False,True,45021.0,45569.0,5190.0,46079.0,47531.5,614.2575464212961,1267.9602340643821,-0.012025719238956345,-0.01119670174677223,558,279,1278.0,-1166.0,-1.2,-1.12,-0.61,0.19289377833940385,0.9694413178628909,-0.048923911799267035,2021,3,1,2
2021-03-03,44721,0.9722462946470618,0.9453682006334528,0.9164838387861688,-1.1744591279084735,-1.11,False,False,False,True,45224.0,45021.0,320.0,45954.57142857143,47408.36666666667,693.573561863813,1307.422984697662,0.0045090069078874695,-0.012025719238956345,795,-546,558.0,279.0,0.45,-1.2,-1.12,0.013814539803142808,0.9693346271910814,0.07365641850530005,2021,3,2,3
2021-03-04,44581,0.9108174630386098,0.8843253894777932,0.9056190618426203,-1.1762411111670037,-0.31,False,False,False,True,44721.0,45224.0,30.0,45660.142857142855,47265.36666666667,720.7066968325593,1359.6567387111552,-0.011122412878117771,0.0045090069078874695,316,-105,795.0,-546.0,-1.11,0.45,-1.2,0.0015237708248679398,0.9660380544417552,0.007615428917325853,2021,3,3,4
2021-03-05,44442,0.8677855620667682,0.864678219622185,0.8862328912178573,-1.1726771446499433,-0.31,False,False,False,True,44581.0,44721.0,10.0,45367.142857142855,47100.46666666667,675.2294495398952,1375.6738971357288,-0.0031305203372017365,-0.011122412878117771,311,163,316.0,-105.0,-0.31,-1.11,0.45,0.000594000594000594,0.9631994344813891,0.04584151816955241,2021,3,4,5
2021-03-08,44233,0.914412265576798,0.8936761815481093,0.8835699556924778,1.4815869189306958,-0.47,False,False,False,False,44442.0,44581.0,50.0,45091.857142857145,46934.6,585.5630989562691,1386.548843909935,-0.0031179201902156173,-0.0031305203372017365,612,-487,311.0,163.0,-0.31,-0.31,-1.11,0.0036305547487656114,0.9607380726128942,0.07681122162150703,2021,3,0,8
2021-03-09,44844,0.8699001517951142,0.9087004879082803,0.896032493951254,1.4771319607843705,1.38,False,False,False,False,44233.0,44442.0,29840.0,44827.28571428572,46771.333333333336,468.79658498900505,1407.2203301073835,-0.004702758651725869,-0.0031179201902156173,638,545,612.0,-487.0,-0.47,-0.31,-0.31,2.1700239982546723,0.9584350609551231,0.08242488545213474,2021,3,1,9
2021-03-10,44774,0.917584150169317,0.9089106180671639,0.9339526958326586,0.7910684062502676,-0.16,False,False,False,False,44844.0,44233.0,29790.0,44723.71428571428,46628.0,340.01750655519976,1375.8575507647156,0.013813216376913129,-0.004702758651725869,284,24,638.0,545.0,1.38,-0.47,-0.31,2.0628765320961153,0.9591600387259647,0.24214998790349254,2021,3,2,10
2021-03-11,44876,0.9387300474527773,0.9314996101471411,0.9498237915639207,0.23419863795959983,0.23,False,False,False,False,44774.0,44844.0,22090.0,44688.42857142857,46491.166666666664,315.99201316340486,1348.116824040358,-0.0015609669075015153,0.013813216376913129,350,-74,284.0,24.0,-0.16,1.38,-0.47,1.5256578492989847,0.9612240727757296,0.24546821673498118,2021,3,3,11
2021-03-12,44737,0.916526855305144,0.8940964418658764,0.8992280165817094,1.6900789601787218,-0.31,False,False,False,False,44876.0,44774.0,15840.0,44638.71428571428,46364.63333333333,234.57458962416322,1314.082333096836,0.002278107830437248,-0.0015609669075015153,469,-3,350.0,-74.0,0.23,-0.16,1.38,1.1636791066705847,0.9627750955084504,0.2909767098698255,2021,3,4,12
2021-03-15,44906,0.9292143936752202,0.921308297441291,0.9474804083015866,0.7384999001236286,0.38,False,False,False,False,44737.0,44876.0,32180.0,44641.0,46218.833333333336,235.585794709217,1239.3893124488407,-0.0030974240128354147,0.002278107830437248,275,46,469.0,-3.0,-0.31,0.23,-0.16,2.3777153834786464,0.9658616797625788,0.27546994607960906,2021,3,0,15
2021-03-16,44820,0.9399988012897849,0.9247754450628688,0.9487586173537689,0.5086240597732409,-0.19,False,False,False,False,44906.0,44737.0,21500.0,44687.42857142857,46101.566666666666,253.15993439535777,1188.953718054025,0.003777633725998708,-0.0030974240128354147,296,-142,275.0,46.0,0.38,-0.31,0.23,1.4177382129904386,0.9693255956904264,0.3403728042809017,2021,3,1,16
2021-03-17,44848,0.9336550321047469,0.9192069958524558,0.9460956818283893,0.4480366289832163,0.06,False,False,False,False,44820.0,44906.0,18920.0,44741.42857142857,46003.833333333336,231.46911755797024,1168.9465662334544,-0.001915111566383132,0.003777633725998708,268,-54,296.0,-142.0,-0.19,0.38,-0.31,1.1113069016152717,0.9725587049940455,0.33376370787669524,2021,3,2,17
2021-03-18,44942,0.9440165217736424,0.9488353482550307,0.9327810042014916,1.8130358050173014,0.21,False,False,False,False,44848.0,44820.0,18240.0,44829.28571428572,45908.666666666664,58.15701245212646,1141.7429003812824,0.0006247211066487957,-0.001915111566383132,675,-58,268.0,-54.0,0.06,-0.19,0.38,0.967844635466412,0.9764885144624629,0.3602735955107759,2021,3,3,18
2021-03-19,45008,0.938307129507108,0.9304489593527236,0.9533388664574216,0.49971414348059023,0.15,False,False,False,False,44942.0,44848.0,33560.0,44843.28571428572,45850.23333333333,72.35264172111727,1144.9652813071036,0.00209596860506589,0.0006247211066487957,307,62,675.0,-58.0,0.21,0.06,-0.19,1.5116436196567722,0.9780383316323157,0.4062792819762814,2021,3,4,19
2021-03-22,44885,0.9357696218330929,0.9193120609318975,0.9335266261485978,0.6280169380947601,-0.27,False,False,False,False,45008.0,44942.0,18820.0,44876.71428571428,45784.566666666666,87.4808822773677,1134.4990595361091,0.001468559476658804,0.00209596860506589,387,-37,307.0,62.0,0.15,0.21,0.06,0.7816263809286486,0.9801712138598585,0.44410838994443785,2021,3,0,22
2021-03-23,44636,0.9345008679960852,0.9156347831514362,0.9284137899398691,0.5879223147778321,-0.55,False,False,False,False,44885.0,45008.0,20260.0,44878.0,45689.86666666667,87.5347550145388,1084.3171928494976,-0.0027328474937788894,0.001468559476658804,400,-274,387.0,-37.0,-0.27,0.15,0.21,0.8762975778546713,0.9822309250191144,0.4233820767225566,2021,3,1,23
2021-03-24,44841,0.9213904116803399,0.9047080148894937,0.9385329449363115,0.29924102689594984,0.46,False,False,False,False,44636.0,44885.0,19810.0,44863.57142857143,45583.8,117.75660936754242,1022.8551790149769,-0.005547510304110492,-0.0027328474937788894,201,55,400.0,-274.0,-0.55,-0.27,0.15,0.8954886538287677,0.9841999005912501,0.3332901498937473,2021,3,2,24
2021-03-25,44726,0.9302716885393931,0.9199424514085481,0.9311832428862639,0.8240350965330752,-0.26,False,False,False,False,44841.0,44636.0,16570.0,44854.28571428572,45483.066666666666,116.40835349761211,935.7521751669747,0.004592705439555589,-0.005547510304110492,415,-144,201.0,55.0,0.46,-0.55,-0.27,0.7681965693092258,0.9861754934646532,0.46248219452737266,2021,3,3,25
2021-03-26,44629,0.9072226605004216,0.8919951402770413,0.9127557290506375,0.8391819542305814,-0.22,False,False,False,False,44726.0,44841.0,22460.0,44840.857142857145,45394.7,126.04553221989036,873.8586309540879,-0.0025646172030061587,0.004592705439555589,322,-23,415.0,-144.0,-0.26,0.46,-0.55,1.0102554875854624,0.9877993938247669,0.4038375619487638,2021,3,4,26
2021-03-29,43754,0.8884028119181419,0.8710871894681321,0.8258375135022493,-0.1810034612779221,-1.96,False,False,True,False,44629.0,44726.0,22630.0,44809.57142857143,45310.03333333333,149.05575819047033,817.2354779579705,-0.002168760899700417,-0.0025646172030061587,939,-720,322.0,-23.0,-0.22,-0.26,0.46,1.0635897917939559,0.9889547222117419,0.31995105710105737,2021,3,0,29
2021-03-30,43941,0.833000561035476,0.8332637608691004,0.8469279628632552,-1.0078436932359056,0.43,False,False,False,False,43754.0,44629.0,11180.0,44639.857142857145,45197.9,414.00057511141245,790.9754061283271,-0.019606085729010236,-0.002168760899700417,381,-9,939.0,-720.0,-1.96,-0.22,-0.26,0.5522351197826624,0.9876533454620047,-0.2826163936023806,2021,3,1,30
2021-03-31,44418,0.8276083572281937,0.8678301720054377,0.83798049949798,-1.1477293790305214,1.09,False,False,False,True,43941.0,43754.0,1900.0,44487.42857142857,45103.36666666667,450.66796985109806,764.7799991650348,0.004273894958175317,-0.019606085729010236,794,519,381.0,-9.0,0.43,-1.96,-0.22,0.1024645418756404,0.9863438554423188,-0.04008103110871576,2021,3,2,31
2021-04-01,44957,0.8911517785649917,0.9175259545813877,0.9194663265745939,-1.1637672283572926,1.21,False,False,False,True,44418.0,43941.0,330.0,44420.71428571428,45046.166666666664,415.17294159260587,749.0484116430298,0.010855465282993082,0.004273894958175317,502,457,794.0,519.0,1.09,0.43,-1.96,0.01969914040114613,0.9861153028718156,0.3329762229069801,2021,4,3,1
2021-04-05,44985,0.9353467038874237,0.922569078394592,0.9519541399842243,-1.1495113622890516,0.06,False,False,False,True,44957.0,44418.0,150.0,44466.57142857143,45009.86666666667,458.3931562713111,724.9229558721855,0.012134720158494261,0.010855465282993082,245,67,502.0,457.0,1.21,1.09,0.43,0.011184848258891954,0.9879294190734053,0.7163429741365079,2021,4,0,5
2021-04-06,45685,0.9711889997828888,0.9940133324149854,0.9993543923359801,0.41506993870040876,1.56,False,False,False,False,44985.0,44957.0,310.0,44487.142857142855,44972.86666666667,480.6861167739645,695.352043474572,0.0006228173588094243,0.012134720158494261,480,428,245.0,67.0,0.06,1.21,1.09,0.026816608996539794,0.9891996253402315,0.714924258877814,2021,4,1,6
2021-04-07,46128,1.007454213624023,1.041292618163775,1.0279010611680488,0.7340449419773033,0.97,False,False,False,False,45685.0,44985.0,17870.0,44624.142857142855,44936.3,662.4173982663119,621.8985475499412,0.015560742469712174,0.0006228173588094243,662,528,480.0,428.0,1.56,0.06,1.21,1.578482466213232,0.9930533412217484,1.0865747934804528,2021,4,2,7
2021-04-08,46576,1.0540809171340528,1.087521253118147,1.080840219412594,0.731371967089508,0.97,False,False,False,False,46128.0,45685.0,21450.0,44838.28571428572,44919.5,873.0543538428857,579.9006900679459,0.009696837036226258,0.015560742469712174,605,535,662.0,528.0,0.97,1.56,0.06,1.8676534610361342,0.9981920037909086,1.1530029752577313,2021,4,3,8
2021-04-09,46344,1.0981701129700676,1.093194767408002,1.0882964388836567,0.7812674983283519,-0.5,False,False,False,False,46576.0,46128.0,21420.0,45241.42857142857,44926.4,938.0520342975423,598.6701699686103,0.009712105445716324,0.009696837036226258,589,-114,605.0,535.0,0.97,0.97,1.56,1.7894736842105263,1.0070121036056432,1.1552564142995765,2021,4,4,9
2021-04-12,46188,1.084953927167905,1.076384354697321,1.0964982803018257,0.4275438215101197,-0.34,False,False,False,False,46344.0,46576.0,21980.0,45584.71428571428,44935.03333333333,814.379459935026,617.5248973499171,-0.0049811061490896424,0.009712105445716324,352,-145,589.0,-114.0,-0.5,0.97,0.97,1.8436503942291562,1.0144582278945147,0.9776950745389921,2021,4,0,12
2021-04-13,46674,1.0711033644472385,1.1011797134455754,1.092557135724264,0.627125946465495,1.05,False,False,False,False,46188.0,46344.0,18010.0,45837.57142857143,44955.666666666664,649.9304724736289,648.9783128665871,-0.0033661315380631995,-0.0049811061490896424,625,472,352.0,-145.0,-0.34,-0.5,0.97,1.5715532286212914,1.0196172101827303,0.8731454958247551,2021,4,1,13
2021-04-14,46317,1.1184701743621894,1.0916187912163755,1.098415593880099,-0.05180967503448716,-0.76,False,False,False,False,46674.0,46188.0,20250.0,46082.857142857145,45010.76666666667,582.7390578346381,720.9030105160867,0.010522213561964255,-0.0033661315380631995,479,-333,625.0,472.0,1.05,-0.34,-0.5,1.6374221719091129,1.0238185339994315,0.9563397565231283,2021,4,2,14
2021-04-15,46881,1.088865918165345,1.1246092261610867,1.1186539038729835,0.7491917996748094,1.22,False,False,False,False,46317.0,46674.0,12630.0,46273.142857142855,45047.2,324.95662714586103,758.6805424641406,-0.007648798046021366,0.010522213561964255,603,511,479.0,-333.0,-0.76,1.05,-0.34,0.9397321428571429,1.0272146294806972,0.8138405495128429,2021,4,3,15
2021-04-16,47022,1.135175433216123,1.1376372960118644,1.1336728602361241,0.9202621924937026,0.3,False,False,False,False,46881.0,46317.0,21620.0,46444.0,45119.2,274.71621721736403,826.1498736848773,0.012176954465962897,-0.007648798046021366,586,214,603.0,511.0,1.22,-0.76,1.05,1.3886569464962426,1.0293622227344457,0.9135161483783103,2021,4,4,16
2021-04-19,47084,1.1581187317686774,1.1799785230268915,1.1857598791125479,1.0138163135665348,0.13,False,False,False,False,47022.0,46881.0,23540.0,46571.71428571428,45200.566666666666,308.99445210359255,889.1211733593846,0.0030076150252766887,0.012176954465962897,500,59,586.0,214.0,0.3,1.22,-0.76,1.3144963144963144,1.030334744012375,0.8948405329853393,2021,4,0,19
2021-04-20,47498,1.1672114676005652,1.1839709960456781,1.1550828618601756,1.2428011622876574,0.88,False,False,False,False,47084.0,47022.0,24590.0,46644.28571428572,45288.63333333333,364.787022015319,940.7404084487786,0.0013185317510953087,0.0030076150252766887,826,387,500.0,59.0,0.13,0.3,1.22,1.2091856805664831,1.0299336120605476,0.8630781918045727,2021,4,1,20
2021-04-21,47892,1.2116178518958318,1.2361883405282303,1.2423206296716092,0.24756351239857585,0.83,False,False,False,False,47498.0,47084.0,27160.0,46809.142857142855,45397.46666666667,455.8561280997074,1001.3160558358044,0.008792795854217994,0.0013185317510953087,504,361,826.0,387.0,0.88,0.13,0.3,1.277216082765107,1.03109592437925,0.9016679832897119,2021,4,2,21
2021-04-22,47426,1.2498919259788948,1.2257868976634967,1.2235735635729372,0.8017603058014484,-0.97,False,False,False,False,47892.0,47498.0,15990.0,47052.57142857143,45499.066666666666,519.4207854747648,1093.6032796813179,0.00829508610888885,0.008792795854217994,581,-467,504.0,361.0,0.83,0.88,0.13,0.7717553936000773,1.0341436621829188,0.9242989703214114,2021,4,3,22
2021-04-23,47169,1.2119350403550837,1.1975243912936646,1.1906596804792462,1.030745154522571,-0.54,False,False,False,False,47426.0,47892.0,22210.0,47160.0,45587.46666666667,505.65699837170143,1139.207066439758,-0.009730226342604231,0.00829508610888885,621,-365,581.0,-467.0,-0.97,0.83,0.88,1.0678911433791711,1.03449486116067,0.7954948127024156,2021,4,4,23
2021-04-26,47117,1.1850797508050892,1.1568642055497054,1.1792623164306217,0.46942042808557793,-0.11,False,False,False,False,47169.0,47426.0,24780.0,47281.71428571428,45663.9,346.37778714989895,1166.4238110107922,-0.005418968498292043,-0.009730226342604231,341,-163,621.0,-365.0,-0.54,-0.97,0.83,1.1756333617990322,1.035428736610633,0.7205506634767348,2021,4,0,26
2021-04-27,46960,1.164991148385802,1.1470931531616222,1.1772384854313334,0.022142630194513523,-0.33,False,False,False,False,47117.0,47169.0,18480.0,47315.42857142857,45743.23333333333,310.50166781609755,1182.0399282386381,-0.001102418961606122,-0.005418968498292043,267,-130,341.0,-163.0,-0.11,-0.54,-0.97,0.874792899408284,1.0343700067426054,0.6892682077811074,2021,4,1,27
2021-04-28,46697,1.1438452511023416,1.115888824567421,1.1294121633955168,0.39814109774437245,-0.56,False,False,False,False,46960.0,47117.0,13460.0,47306.57142857143,45811.7,320.9744834872558,1191.323001162919,-0.0033321306534795925,-0.001102418961606122,419,-193,267.0,-130.0,-0.33,-0.11,-0.54,0.658319475692067,1.0326307783507582,0.639414968503847,2021,4,2,28
2021-04-29,46400,1.1414134729147438,1.1173597356796057,1.0939418621974613,-0.5578929204570461,-0.64,False,False,False,False,46697.0,46960.0,17680.0,47251.28571428572,45874.26666666667,391.3207185470647,1186.7241765721042,-0.005600511073253878,-0.0033321306534795925,766,-467,419.0,-193.0,-0.56,-0.33,-0.11,0.8438738007732328,1.03001724382048,0.5540470047181278,2021,4,3,29
2021-04-30,46431,1.0820992310346378,1.0843693007348945,1.1118367889280119,-1.1495113622890516,0.07,False,False,False,True,46400.0,46697.0,6950.0,47094.42857142857,45926.0,484.83359934093926,1174.205468712775,-0.006360151615735443,-0.005600511073253878,284,125,766.0,-467.0,-0.64,-0.56,-0.33,0.3567029357421474,1.025441548826995,0.4346085611483692,2021,4,4,30
2021-05-03,46963,1.1395103421592323,1.127445983306014,1.1450702242847486,-1.1664402032450878,1.15,False,False,False,True,46431.0,46400.0,310.0,46885.71428571428,45975.63333333333,389.3300717439571,1162.5901665671622,0.0006681034482758363,-0.006360151615735443,382,114,284.0,125.0,0.07,-0.64,-0.56,0.018064215372064565,1.0197948540650363,0.4083583032940348,2021,5,0,3
2021-05-04,46782,1.1438452511023416,1.121457273777834,1.132501168604957,-1.1744591279084735,-0.39,False,False,False,True,46963.0,46431.0,120.0,46819.57142857143,46040.8,314.3532286826321,1161.272173982191,0.011457862204130809,0.0006681034482758363,443,-108,382.0,114.0,1.15,0.07,-0.64,0.008155498165012914,1.0169148109626989,0.5895754131927534,2021,5,1,4
2021-05-05,46591,1.1216420589547085,1.0950859388379535,1.132501168604957,-1.1726771446499433,-0.41,False,False,False,True,46782.0,46963.0,30.0,46764.28571428572,46104.03333333333,274.1117255745827,1147.7352356971194,-0.0038540979068628634,0.011457862204130809,192,-89,443.0,-108.0,-0.39,1.15,0.07,0.002499791684026331,1.0143209245095488,0.47560609821584193,2021,5,2,5
2021-05-06,47536,1.1574843548501736,1.1876482738261396,1.1836295306922442,1.4174355216236108,2.03,False,False,True,False,46591.0,46782.0,50.0,46689.142857142855,46169.2,229.82560676747914,1116.5865903679185,-0.004082766876148947,-0.0038540979068628634,593,517,192.0,-89.0,-0.41,-0.39,1.15,0.0048044585375228216,1.011261682185155,0.35249704862781417,2021,5,3,6
2021-05-07,47719,1.2125694172735875,1.2314604119533514,1.2402967986723208,1.6170176465789863,0.38,False,False,False,False,47536.0,46591.0,29120.0,46771.42857142857,46259.03333333333,390.15503634220795,1114.452532467301,0.020282887252902837,-0.004082766876148947,478,179,593.0,517.0,2.03,-0.41,-0.39,2.6238961975130652,1.0110766525189365,0.8461487887503454,2021,5,4,7
2021-05-10,47925,1.2452398285765336,1.2412314643414346,1.2630915267695697,0.7456278331577492,0.43,False,False,False,False,47719.0,47536.0,31360.0,46917.42857142857,46358.8,525.4308889377064,1106.4207405723873,0.0038497139010433834,0.020282887252902837,357,76,478.0,179.0,0.38,2.03,-0.41,2.667574004763525,1.0120501085323297,0.8951166299291619,2021,5,0,10
2021-05-11,47625,1.2512664093023198,1.2310401516355844,1.2231474938888767,1.47000402775025,-0.63,False,False,False,False,47925.0,47719.0,21580.0,47135.28571428572,46468.666666666664,587.6083486735342,1092.2847403581713,0.00431693874557304,0.0038497139010433834,635,-281,357.0,76.0,0.43,0.38,2.03,1.7884966020222113,1.0143455600394327,0.9495172908930773,2021,5,1,11
2021-05-12,47491,1.214155359569847,1.2154905198782047,1.2283668475186205,1.110043409527162,-0.28,False,False,False,False,47625.0,47925.0,29710.0,47305.857142857145,46597.7,518.3050673680729,983.7944889803177,-0.006259780907668211,0.00431693874557304,438,-64,635.0,-281.0,-0.63,0.43,0.38,2.17003871156234,1.0151972552906505,0.7660770600236547,2021,5,2,12
2021-05-13,47452,1.1977672891751654,1.183655800807353,1.2124957517873585,-0.06161058295640292,-0.08,False,False,False,False,47491.0,47625.0,25670.0,47381.28571428572,46716.03333333333,498.1200371706177,858.7790644895271,-0.0028136482939632446,-0.006259780907668211,284,52,438.0,-64.0,-0.28,-0.63,0.43,1.7715665976535542,1.0142403439137395,0.678787354257729,2021,5,3,13
2021-05-14,47682,1.197661559688748,1.201621929391893,1.2236800809939525,0.34913655813479366,0.48,False,False,False,False,47452.0,47491.0,12520.0,47477.0,46817.166666666664,422.3880522327327,750.663939836607,-0.0008212082289276168,-0.0028136482939632446,350,283,284.0,52.0,-0.08,-0.28,-0.63,0.8320595467535057,1.0140938331025302,0.642415890769559,2021,5,4,14
2021-05-17,48437,1.2458742054950374,1.2815764548470685,1.276832274080528,0.9140252510888471,1.58,False,False,False,False,47682.0,47452.0,17130.0,47632.857142857145,46908.0,161.997354482876,679.289436048679,0.004847003287532736,-0.0008212082289276168,612,582,350.0,283.0,0.48,-0.08,-0.28,1.02397035088768,1.015452740318435,0.7433500680028694,2021,5,0,17
2021-05-18,48288,1.287108705197785,1.2846233421508793,1.3085744655430522,0.5023871183683855,-0.31,False,False,False,False,48437.0,47682.0,23470.0,47761.57142857143,47023.066666666666,336.34102591953393,633.117406624555,0.015834067362946236,0.004847003287532736,343,43,612.0,582.0,1.58,0.48,-0.08,1.2311162400335711,1.015705159494165,1.0279326297165265,2021,5,1,18
2021-05-19,48660,1.2902805897903038,1.3197150786844254,1.288016603287122,1.9921251224995802,0.77,False,False,False,False,48288.0,48437.0,18850.0,47842.857142857145,47109.833333333336,388.9761897504817,621.6793764656502,-0.0030761607861758966,0.015834067362946236,870,385,343.0,43.0,-0.31,1.58,0.48,0.8999331614628091,1.0155598896802962,0.9088669536277459,2021,5,2,19
2021-05-20,48519,1.341559390702695,1.3123605231235027,1.3211435212228437,0.6992962684359656,-0.29,False,False,False,False,48660.0,48288.0,35570.0,47947.857142857145,47194.23333333333,498.60051764194213,654.7805993839532,0.007703777335984041,-0.0030761607861758966,489,-241,870.0,385.0,0.77,-0.31,1.58,1.4519552616540126,1.0159685570946977,0.9993330335341608,2021,5,3,20
2021-05-21,48368,1.2983160307580188,1.297651412001657,1.3167763069612213,0.6627656116360978,-0.31,False,False,False,False,48519.0,48660.0,21060.0,48075.57142857143,47259.0,516.3018681449519,686.8304011881468,-0.0028976572133169176,0.007703777335984041,390,17,489.0,-241.0,-0.29,0.77,-0.31,0.8889076481512747,1.0172786438259682,0.8936550578111555,2021,5,4,21
2021-05-24,48514,1.318721821636558,1.2960754358100306,1.3296649149040582,0.2938950771203594,0.3,False,False,False,False,48368.0,48519.0,20650.0,48200.857142857145,47326.46666666667,453.3800571185671,693.2295103493892,-0.0031121828562006293,-0.0028976572133169176,254,-30,390.0,17.0,-0.31,-0.29,0.77,0.9128685734494496,1.0184757185096671,0.8056170409413413,2021,5,0,24
2021-05-25,48780,1.3084660614540797,1.3171935167778235,1.3242325264322838,0.6992962684359656,0.55,False,False,False,False,48514.0,48368.0,16510.0,48352.57142857143,47404.0,318.71400824248354,691.580748019161,0.003018524644393006,-0.0031121828562006293,506,333,254.0,-30.0,0.3,-0.31,-0.29,0.7465858732024961,1.0200103668165434,0.8188331624989333,2021,5,1,25
2021-05-26,48728,1.3510750444802522,1.3480826501336993,1.3561877527368384,0.2938950771203594,-0.11,False,False,False,False,48780.0,48514.0,21060.0,48509.42857142857,47474.2,168.45954722128573,721.1788433767214,0.005482953374283728,0.003018524644393006,500,-122,506.0,333.0,0.55,0.3,-0.31,0.9911054637865311,1.021806129885887,0.8606509395956966,2021,5,2,26
2021-05-27,48561,1.338387506110176,1.3153023453478718,1.3386123782693333,0.41239696381261354,-0.34,False,False,False,False,48728.0,48780.0,16510.0,48551.0,47554.566666666666,182.89432286355213,722.113931371848,-0.0010660106601065866,0.005482953374283728,353,-169,500.0,-122.0,-0.11,0.55,0.3,0.8119805242708897,1.020953473097922,0.8109453007486358,2021,5,3,27
2021-05-28,48543,1.3108978396416777,1.2942893294595208,1.3175219289083275,0.40348704751996284,-0.04,False,False,False,False,48561.0,48728.0,17840.0,48590.0,47610.566666666666,142.0011737124707,733.1355279176527,-0.0034271876539155866,-0.0010660106601065866,351,73,353.0,-169.0,-0.34,-0.11,0.55,0.8550203690390606,1.0205717638311385,0.7381868051475063,2021,5,4,28
2021-05-31,48807,1.3314093600066341,1.3243379421798627,1.3542704391585652,-0.9249814717142543,0.54,False,False,False,False,48543.0,48561.0,17740.0,48573.28571428572,47661.26666666667,139.24763827185654,743.5481077253767,-0.000370667819855397,-0.0034271876539155866,292,143,351.0,73.0,-0.04,-0.34,-0.11,0.8477492115072159,1.0191354345237513,0.7156009303223981,2021,5,0,31
2021-06-01,48935,1.3642912302824148,1.3596398088722923,1.3774912369398746,-1.0978338477916776,0.26,False,False,False,True,48807.0,48543.0,2830.0,48614.42857142857,47718.7,161.33077527244086,763.6924886612519,0.005438477226376692,-0.000370667819855397,410,-40,292.0,143.0,0.54,-0.04,-0.34,0.15003711165305905,1.0187710178908598,0.7862398300572286,2021,6,1,1
2021-06-02,49108,1.363022476445407,1.3528105787085782,1.3932558152501215,-1.1700041697621482,0.35,False,False,False,True,48935.0,48807.0,890.0,48695.42857142857,47766.6,159.30982094651864,793.8427969082608,0.002622574630688268,0.005438477226376692,197,145,410.0,-40.0,0.26,0.54,-0.04,0.05215047462791515,1.0194451472666795,0.814689246447846,2021,6,2,2
2021-06-03,48293,1.3996048787457933,1.3700412517370262,1.314965510803963,-1.1637672283572926,-1.66,False,False,True,True,49108.0,48935.0,80.0,48780.28571428572,47807.13333333333,199.65446342194022,830.6571031326563,0.0035353019311330502,0.002622574630688268,1096,-1016,197.0,145.0,0.35,0.26,0.54,0.005918473033957239,1.0203557986664276,0.8875836781143303,2021,6,3,3
2021-06-04,48650,1.2951441461654998,1.3128858485207113,1.3135807843307656,-1.157530286952437,0.74,False,False,False,True,48293.0,49108.0,150.0,48710.71428571428,47836.03333333333,271.642359419448,832.0206596937052,-0.016596073959436297,0.0035353019311330502,565,329,1096.0,-1016.0,-1.66,0.35,0.26,0.01312795378960266,1.0182849808278616,0.48567122060763085,2021,6,4,4
2021-06-07,48911,1.342299497107616,1.3308519771052516,1.3551225785266865,-0.20506023526807896,0.54,False,False,False,False,48650.0,48293.0,220.0,48699.57142857143,47885.4,272.4138133734742,835.0095849107222,0.007392375706624099,-0.016596073959436297,346,144,565.0,329.0,0.74,-1.66,0.35,0.023446658851113716,1.0170024982264203,0.6450032058608992,2021,6,0,7
2021-06-08,48908,1.3544583880456058,1.3501839517225345,1.3702480523108422,0.184303106720756,-0.01,False,False,False,False,48911.0,48650.0,10910.0,48749.57142857143,47945.2,274.8501756412302,842.290080261287,0.005364850976361746,0.007392375706624099,388,26,346.0,144.0,0.54,0.74,-1.66,1.2365408591182137,1.0167768917132776,0.7525861816185931,2021,6,1,8
2021-06-09,48904,1.3575245431517076,1.341358485049427,1.3803672073072846,-0.2620836995410433,-0.01,False,False,False,False,48908.0,48911.0,15280.0,48801.71428571428,48010.13333333333,263.5183195990453,838.8004461741559,-6.133589581081011e-05,0.005364850976361746,209,-7,388.0,26.0,-0.01,0.54,0.74,1.8532443905397211,1.0164877890857962,0.730491936541508,2021,6,2,9
2021-06-10,48975,1.3488547252654888,1.3391521183811501,1.3457490454773506,0.6502917288263869,0.15,False,False,False,False,48904.0,48908.0,10270.0,48815.57142857143,48083.7,266.3774622286074,816.1371651934519,-8.17862108448697e-05,-6.133589581081011e-05,513,146,209.0,-7.0,-0.01,-0.01,0.54,1.347592179504002,1.0152207801931097,0.7156037236547813,2021,6,3,10
2021-06-11,48717,1.3686261392255241,1.3528105787085782,1.364815663839068,0.34111763347140805,-0.53,False,False,False,False,48975.0,48904.0,20510.0,48821.28571428572,48169.53333333333,269.77380296149227,766.8760063997354,0.001451823981678313,-8.17862108448697e-05,464,-299,513.0,146.0,0.15,-0.01,-0.01,2.6001521298174444,1.0135303860313998,0.766307131114077,2021,6,4,11
2021-06-14,48318,1.3331010317893108,1.3039553167681623,1.2882296381291525,0.9095702929425218,-0.82,False,False,False,False,48717.0,48975.0,17040.0,48765.42857142857,48245.73333333333,239.2689262106891,698.7154190210837,-0.00526799387442578,0.001451823981678313,718,-362,464.0,-299.0,-0.53,0.15,-0.01,2.1795855717574826,1.0107718382992468,0.538697179755118,2021,6,0,14
2021-06-15,48230,1.2939811218149095,1.2845182770714376,1.3114504359104622,0.015014697160392974,-0.18,False,False,False,False,48318.0,48717.0,23420.0,48769.0,48290.9,231.08872755371968,655.3890842242753,-0.008190159492579618,-0.00526799387442578,315,-80,718.0,-362.0,-0.82,-0.53,0.15,2.371165333603321,1.0099004160204097,0.1362134875242425,2021,6,1,15
2021-06-16,48279,1.2865800577656983,1.2698091659495918,1.3115569533314773,-0.2772305572385495,0.1,False,False,False,False,48230.0,48318.0,13380.0,48709.0,48339.166666666664,308.6454276388899,590.5447562984499,-0.0018212674365660764,-0.008190159492579618,174,39,315.0,-80.0,-0.18,-0.82,-0.53,1.202588531367967,1.007650800765425,0.05854236968322602,2021,6,2,16
2021-06-17,46781,1.2828795257410928,1.2540494040333288,1.1461353984949003,1.6802780522568062,-3.1,False,False,True,False,48279.0,48230.0,10100.0,48618.71428571428,48395.433333333334,331.31239754088836,490.11277261590203,0.0010159651669086056,-0.0018212674365660764,1577,-1424,174.0,39.0,0.1,-0.18,-0.82,0.8327836411609498,1.0046136781303943,0.14771100292842923,2021,6,3,17
2021-06-18,46592,1.1406733665098228,1.1470931531616222,1.1352706215513517,0.4159609303296738,-0.4,False,False,False,False,46781.0,48279.0,32070.0,48314.857142857145,48370.26666666667,742.2725080405713,551.3267341715648,-0.031027983181093233,0.0010159651669086056,661,-268,1577.0,-1424.0,-3.1,0.1,-0.18,2.093342036553525,0.9988544714009668,-0.40011083617270177,2021,6,4,18
2021-06-21,46904,1.1343295973247847,1.123243380128344,1.1305838550266838,0.34913655813479366,0.67,False,False,False,False,46592.0,46781.0,17880.0,47984.57142857143,48332.7,927.6617302210028,630.014239025995,-0.0040401017507107895,-0.031027983181093233,478,104,661.0,-268.0,-0.4,-3.1,0.1,1.0464707948027625,0.9927972455205571,-0.2100944100247361,2021,6,0,21
2021-06-22,46838,1.153466634366316,1.1345904087080534,1.1560415186493123,0.1299526173355868,-0.14,False,False,False,False,46904.0,46592.0,17130.0,47688.71428571428,48298.666666666664,888.5665824410058,678.5084215815708,0.006696428571428603,-0.0040401017507107895,347,-143,478.0,104.0,0.67,-0.4,-3.1,0.9673593855884346,0.9873712376956083,0.0030710908142147714,2021,6,1,22
2021-06-23,46921,1.1464884882627742,1.14036898807735,1.1643498774884964,-0.10526917279039127,0.18,False,False,False,False,46838.0,46904.0,14670.0,47420.28571428572,48272.433333333334,806.1502577668365,719.4325198174665,-0.0014071294559099279,0.006696428571428603,324,6,347.0,-143.0,-0.14,0.67,-0.4,0.8313027710092367,0.9823471169732977,0.054965546223725875,2021,6,2,23
2021-06-24,46701,1.1396160716456496,1.1271307880676888,1.147200572705052,0.0738201446918875,-0.47,False,False,False,False,46921.0,46838.0,12030.0,47220.71428571428,48253.433333333334,714.5935241549502,747.751004254768,0.0017720654169690597,-0.0014071294559099279,359,-149,324.0,6.0,0.18,-0.14,0.67,0.6749705436795153,0.9785980193267273,0.12957976706365112,2021,6,3,24
2021-06-25,46757,1.1384530472950594,1.1326992372781017,1.147094055284037,0.30993292644713066,0.12,False,False,False,False,46701.0,46921.0,14040.0,47002.28571428572,48228.4,574.6493755014257,787.045308249518,-0.004688732124208728,0.0017720654169690597,413,-82,359.0,-149.0,-0.47,0.18,-0.14,0.8174196553330229,0.9745769238516251,0.11846979253212098,2021,6,4,25
2021-06-28,46821,1.092037802757864,1.123138315048902,1.1218494265034389,0.20835988071091285,0.14,False,False,False,False,46757.0,46701.0,16690.0,46784.857142857145,48197.566666666666,115.88130217052725,826.3278418975437,0.0011991177919101759,-0.004688732124208728,559,421,413.0,-82.0,0.12,-0.47,0.18,0.9736888162884313,0.9706891940504011,0.17241098857798778,2021,6,0,28
2021-06-29,46438,1.1257655089249832,1.1073785531326388,1.1007589771424329,-0.7164894304662283,-0.82,False,False,False,False,46821.0,46757.0,15550.0,46790.57142857143,48143.7,116.64312688658609,862.0799286867084,0.0013687790063519056,0.0011991177919101759,607,-281,559.0,421.0,0.14,0.12,-0.47,0.9508377155435979,0.971893963874223,0.21959040978458663,2021,6,1,29
2021-06-30,46817,1.0971128181058944,1.112526742025285,1.1188669387150139,-1.103179797567268,0.82,False,False,False,True,46438.0,46821.0,5170.0,46768.57142857143,48082.03333333333,164.8846638811883,915.8899754460926,-0.00818009013049703,0.0013687790063519056,486,369,607.0,-281.0,-0.82,0.14,0.12,0.3328397605098822,0.9726828960069928,0.16218909161361902,2021,6,2,30
2021-07-01,46985,1.1429994152110032,1.2324059976683273,1.1683975394870731,-1.1664402032450878,0.36,False,False,False,True,46817.0,46438.0,830.0,46756.142857142855,48020.6,156.0154143861077,937.3443999588096,0.008161419527111358,-0.00818009013049703,1162,103,486.0,369.0,0.82,-0.82,0.14,0.056825961933452004,0.9736684434834811,0.27862609438198177,2021,7,3,1
2021-07-02,47286,1.176621391891705,1.1855469722373044,1.207063363315584,-1.1593122702109673,0.64,False,False,False,True,46985.0,46817.0,120.0,46777.142857142855,47969.46666666667,177.30992506363003,950.9604485512823,0.0035884400965460195,0.008161419527111358,353,86,1162.0,103.0,0.36,0.82,-0.82,0.010516168609236702,0.9751441095268141,0.33814905042274473,2021,7,4,2
2021-07-05,47567,1.2400590837420857,1.3064768786747645,1.1937486856886865,-1.1744591279084735,0.59,False,False,False,True,47286.0,46985.0,200.0,46829.28571428572,47933.4,260.71741681528346,955.8300454883614,0.00640629988294128,0.0035884400965460195,1629,-233,353.0,86.0,0.64,0.36,0.82,0.02074043347505963,0.976965658899342,0.4299047830125778,2021,7,0,5
2021-07-06,47694,1.1996704199306767,1.2294641754439581,1.2302841610968938,0.8685846779963287,0.27,False,False,False,False,47567.0,47286.0,30.0,46953.0,47901.833333333336,371.58893058809247,951.6225738099752,0.005942562280590424,0.00640629988294128,553,276,1629.0,-233.0,0.59,0.64,0.36,0.0037816714988024706,0.9801921290416858,0.5221948223310383,2021,7,1,6
2021-07-07,47887,1.2378387645273226,1.228623654808424,1.2570200337717043,0.06312824514070667,0.4,False,False,False,False,47694.0,47567.0,22960.0,47086.857142857145,47865.63333333333,449.76120648563966,937.6177621036782,0.0026699182206151306,0.005942562280590424,294,108,553.0,276.0,0.27,0.59,0.64,2.6204062999315223,0.9837299511937335,0.5797151249322936,2021,7,2,7
2021-07-08,47735,1.241539296551928,1.2581469421315572,1.254996202772416,1.1127163844149575,-0.32,False,False,False,False,47887.0,47694.0,13920.0,47239.142857142855,47837.6,519.7632244840843,923.4098951597703,0.004046630603430135,0.0026699182206151306,594,-79,294.0,108.0,0.4,0.27,0.59,1.5551335046363535,0.9874898167371033,0.665307235559703,2021,7,3,8
2021-07-09,47898,1.2398476247692511,1.224315986551312,1.2519071975629756,0.17450219879884024,0.34,False,False,False,False,47735.0,47887.0,25700.0,47424.42857142857,47810.066666666666,405.10322024134985,913.3561805998243,-0.0031741391191764112,0.004046630603430135,301,100,594.0,-79.0,-0.32,0.4,0.27,2.540278738756548,0.9919339561283866,0.6542812223439063,2021,7,4,9
2021-07-12,47768,1.2347726094212208,1.216646235752064,1.2393381418831841,0.34111763347140805,-0.27,False,False,False,False,47898.0,47735.0,15170.0,47578.857142857145,47788.566666666666,334.9166207572309,903.0415915605304,0.0034146852414371764,-0.0031741391191764112,346,18,301.0,100.0,0.34,-0.32,0.4,1.5223281485198195,0.9956117218314523,0.7539442419943716,2021,7,0,12
2021-07-13,47887,1.2469315003592103,1.2361883405282303,1.2613872480333268,0.5050600932561806,0.25,False,False,False,False,47768.0,47898.0,17040.0,47690.71428571428,47753.933333333334,211.55748965913762,882.3220122662458,-0.002714100797528096,0.0034146852414371764,325,22,346.0,18.0,-0.27,0.34,-0.32,1.6847933557445125,0.9986761499376864,0.726313772521117,2021,7,1,13
2021-07-14,48265,1.2563414246503501,1.2661318881691306,1.2818385928682416,0.4560555536466019,0.79,False,False,False,False,47887.0,47768.0,18880.0,47776.57142857143,47719.0,123.60805954006814,854.2480056568115,0.002491207502930859,-0.002714100797528096,418,311,325.0,22.0,0.25,-0.27,0.34,1.6438833260774923,1.0012064676244563,0.7988167825543265,2021,7,2,14
2021-07-15,48358,1.2918665320865634,1.2808409992909762,1.3082549132800068,0.2546914454326964,0.19,False,False,False,False,48265.0,47887.0,18330.0,47876.28571428572,47690.9,190.05061982943528,820.1672810846242,0.007893582809530786,0.002491207502930859,310,68,418.0,311.0,0.79,0.25,-0.27,1.3849641103135626,1.0038872345517849,0.9716773838080712,2021,7,3,15
2021-07-16,48040,1.2960957115432554,1.271910467538427,1.2901469517074258,0.3758663070127457,-0.66,False,False,False,False,48358.0,48265.0,16070.0,47971.142857142855,47693.066666666666,242.4014772908704,821.8967521900762,0.001926862115404493,0.007893582809530786,395,-290,310.0,68.0,0.19,0.79,0.25,1.083614295347269,1.0058305370132665,0.9427317007614457,2021,7,4,16
2021-07-19,48069,1.2751612732326298,1.25352407863612,1.2694825720304805,0.3598284576859745,0.06,False,False,False,False,48040.0,48358.0,17430.0,47993.0,47672.73333333333,240.43987467900288,804.7735142210081,-0.006575954340543477,0.001926862115404493,414,-63,395.0,-290.0,-0.66,0.19,0.79,1.0529813326889386,1.0067180260973778,0.7800263861813229,2021,7,0,19
2021-07-20,47861,1.2791789937164872,1.2584621373698823,1.269695606872511,0.5237709174707471,-0.43,False,False,False,False,48069.0,48040.0,17250.0,48040.71428571428,47644.666666666664,212.1883709448486,774.2013162977378,0.0006036636136552698,-0.006575954340543477,459,-309,414.0,-63.0,0.06,-0.66,0.19,0.9439124487004104,1.0083125278600114,0.7640060178671161,2021,7,1,20
2021-07-21,47584,1.2390017888779128,1.2104473960650004,1.240935903198412,-0.426917150955081,-0.58,False,False,False,False,47861.0,48069.0,19090.0,48035.42857142857,47609.76666666667,216.74782363369312,738.0424099242583,-0.004327113108240188,0.0006036636136552698,272,-206,459.0,-309.0,-0.43,0.06,-0.66,1.067195885509839,1.0089406425312293,0.6585242598795291,2021,7,2,21
2021-07-22,47624,1.2102433685724068,1.1978395865319897,1.219845453837406,0.2466725207693108,0.08,False,False,False,False,47584.0,47861.0,8420.0,48009.142857142855,47565.76666666667,261.18666924787414,696.3955318479892,-0.005787593238753885,-0.004327113108240188,350,106,272.0,-206.0,-0.58,-0.43,0.06,0.4856384819471681,1.0093213296357293,0.5275060787259912,2021,7,3,22
2021-07-23,47521,1.2146840070019336,1.2009915389152426,1.2212301803106034,0.08540303587233339,-0.22,False,False,False,False,47624.0,47584.0,15980.0,47971.57142857143,47520.73333333333,298.0060721695771,643.8207039594266,0.000840618695359785,-0.005787593238753885,367,-39,350.0,106.0,0.08,-0.58,-0.43,0.9764145179029696,1.0094871872467899,0.5263544483115923,2021,7,4,23
2021-07-26,47455,1.2204991287548852,1.2083460944761653,1.2315623701490759,-0.01260604334682415,-0.14,False,False,False,False,47521.0,47624.0,14170.0,47865.28571428572,47480.86666666667,308.40542272181233,602.921435568104,-0.0021627750713926197,0.000840618695359785,340,-160,367.0,-39.0,-0.22,0.08,-0.58,0.8711422599286855,1.0080962938254225,0.45836260598731865,2021,7,0,26
2021-07-27,47551,1.202948034009613,1.1914306166860427,1.2245322203620739,-0.03042587593212552,0.2,False,False,False,False,47455.0,47521.0,13070.0,47736.28571428572,47452.1,251.58279902293364,581.8212991410434,-0.0013888596620441618,-0.0021627750713926197,245,102,340.0,-160.0,-0.14,-0.22,0.08,0.8236183754489886,1.0059888964721417,0.4038147476749123,2021,7,1,27
2021-07-28,47535,1.2231423659153176,1.1957382849431548,1.2295385391497875,-0.39484145230153855,-0.03,False,False,False,False,47551.0,47455.0,12870.0,47666.42857142857,47429.46666666667,218.9717311662052,563.4331177319636,0.002022969128648189,-0.0013888596620441618,239,-105,245.0,102.0,0.2,-0.14,-0.22,0.8429394812680115,1.0049960904352409,0.4070738404328814,2021,7,2,28
2021-07-29,48210,1.2316007248287018,1.2587773326082077,1.2617068002963723,0.04085345440907996,1.42,False,False,False,False,47535.0,47551.0,8780.0,47590.142857142855,47404.666666666664,130.48937195334364,540.6646186697442,-0.0003364808311075995,0.002022969128648189,537,490,239.0,-105.0,-0.03,0.2,-0.14,0.6134283518479704,1.003912614590888,0.3505123215601039,2021,7,3,29
2021-07-30,47901,1.286474328279281,1.2591975929259747,1.2741693385551485,-0.9410193210410256,-0.64,False,False,False,False,48210.0,47535.0,13670.0,47640.0,47452.3,256.7826577782032,546.7383633213193,0.014200063111391659,-0.0003364808311075995,424,-338,537.0,490.0,1.42,-0.03,0.2,0.9713636040645207,1.0039555511534741,0.8627608923046906,2021,7,4,30
2021-08-02,47937,1.2711435527487724,1.2505822564117508,1.2624524222434785,-1.1619852450987624,0.08,False,False,False,True,47901.0,48210.0,2650.0,47685.28571428572,47495.933333333334,272.7188505235354,527.612118058973,-0.006409458618543917,0.014200063111391659,452,-157,424.0,-338.0,-0.64,1.42,-0.03,0.21040095275903137,1.0039867072328799,0.5759681104154714,2021,8,0,2
2021-08-03,47854,1.2421736734704318,1.2501619960939838,1.266713119084086,-1.1708951613914131,-0.17,False,False,False,True,47937.0,47901.0,170.0,47730.0,47530.36666666667,286.316258711079,521.3195117483816,0.0007515500720236545,-0.006409458618543917,408,34,452.0,-157.0,0.08,-0.64,1.42,0.015614953614402498,1.00420012188699,0.5945451666171487,2021,8,1,3
2021-08-04,47872,1.255918506704681,1.2640305865802954,1.2644762532427671,-1.1735681362792083,0.04,False,False,False,True,47854.0,47937.0,70.0,47777.57142857143,47564.23333333333,273.16530840609636,507.6112199025443,-0.0017314391805911544,0.0007515500720236545,561,-78,408.0,34.0,-0.17,0.08,-0.64,0.0077907623817473565,1.0044852629862235,0.5068124307711873,2021,8,2,4
2021-08-05,47959,1.247460147791297,1.253419013556678,1.2699086417145413,-1.1744591279084735,0.18,False,False,False,True,47872.0,47854.0,40.0,47837.142857142855,47595.933333333334,233.7159448121973,495.609338176945,0.00037614410498609807,-0.0017314391805911544,409,89,561.0,-78.0,0.04,-0.17,0.08,0.004909782742113662,1.0050678599392144,0.5250698752878444,2021,8,3,5
2021-08-06,46682,1.2136267121377604,1.187438143667256,1.145389776547794,0.8899684770986902,-2.66,False,False,True,False,47959.0,47872.0,30.0,47895.42857142857,47637.86666666667,198.71659648002242,469.8271680228019,0.0018173462566843934,0.00037614410498609807,950,-868,409.0,89.0,0.18,0.04,-0.17,0.004578754578754579,1.0054066632866692,0.5989536466588113,2021,8,4,6
2021-08-09,45949,1.1131837000413243,1.0854199515293121,1.064330019155241,0.7260260173139177,-1.57,False,False,False,False,46682.0,47959.0,23200.0,47773.57142857143,47635.36666666667,495.8974548398081,474.84868611893404,-0.026626910486040156,0.0018173462566843934,740,-651,950.0,-868.0,-2.66,0.18,0.04,3.112005365526492,1.002901305722529,-0.25964759926159026,2021,8,0,9
2021-08-10,45936,1.0591559324820834,1.0379305356216388,1.0481393711609333,0.27518425290579296,-0.03,False,False,False,False,45949.0,46682.0,21360.0,47450.57142857143,47606.3,804.5468408053821,547.5415367613621,-0.015701983633948813,-0.026626910486040156,440,-153,740.0,-651.0,-1.57,-2.66,0.18,2.5784645098985997,0.9967288243062667,-0.2945840654246388,2021,8,1,10
2021-08-11,46351,1.0528121632970453,1.0639866753231941,1.070188477311076,0.18608508997928613,0.9,False,False,False,False,45936.0,45949.0,16300.0,47169.857142857145,47589.566666666666,950.7199778024913,590.4652568411337,-0.0002829223704542416,-0.015701983633948813,481,322,440.0,-153.0,-0.03,-1.57,-2.66,1.8894169467949462,0.9911806399341834,-0.11731910346626062,2021,8,2,11
2021-08-12,46335,1.0801961002791263,1.076804615015088,1.0962852454597953,-0.06250157458566799,-0.03,False,False,False,False,46351.0,45936.0,15300.0,46943.28571428572,47574.03333333333,926.0928164952969,617.0222419999734,0.009034308603274033,-0.0002829223704542416,358,47,481.0,322.0,0.9,-0.03,-1.57,1.6488845780795345,0.986741766992338,0.0931747972956254,2021,8,3,12
2021-08-13,46886,1.092037802757864,1.1195661023478825,1.1186539038729835,0.0595642786236464,1.19,False,False,False,False,46335.0,46351.0,12510.0,46726.28571428572,47552.36666666667,852.1419510646014,649.0028682407681,-0.00034519212098982344,0.009034308603274033,555,486,358.0,47.0,-0.03,0.9,-0.03,1.3652733820801048,0.9826279739519249,0.1317757829747153,2021,8,4,13
2021-08-16,47138,1.1449025459665148,1.1474083483999475,1.1603022154899194,-0.06606554110272826,0.54,False,False,False,False,46886.0,46335.0,13880.0,46585.42857142857,47539.03333333333,698.9084005670769,658.7003129611289,0.01189165857343255,-0.00034519212098982344,429,238,555.0,486.0,1.19,-0.03,0.9,1.3494069609177524,0.9799405941804014,0.33853831745679785,2021,8,0,16
2021-08-17,47206,1.1694317868153286,1.1752505944520124,1.197050725740157,-0.06695653273199333,0.14,False,False,False,False,47138.0,46886.0,12470.0,46468.142857142855,47524.73333333333,457.016202695356,662.7166624651012,0.005374738727978556,0.01189165857343255,349,74,429.0,238.0,0.54,1.19,-0.03,1.0828412643278917,0.9777675664420953,0.4400770263963671,2021,8,1,17
2021-08-18,47069,1.1897318482074504,1.1635883706339778,1.1820317693770166,-0.15160073751217484,-0.29,False,False,False,False,47206.0,47138.0,12460.0,46543.0,47508.46666666667,534.2683470588,664.4056059303249,0.0014425728711442432,0.005374738727978556,379,-255,349.0,74.0,0.14,0.54,1.19,0.9768718149745198,0.9796780082708064,0.4753717563087647,2021,8,2,18
2021-08-19,47119,1.17133491757084,1.1717834468304347,1.1886358494799578,-0.3663297201650563,0.11,False,False,False,False,47069.0,47206.0,11510.0,46703.0,47481.2,492.8312760661071,665.1198699298882,-0.0029021734525271903,0.0014425728711442432,395,-31,379.0,-255.0,-0.29,0.14,0.54,0.8279384261257373,0.9836103552563963,0.43501730902777047,2021,8,3,19
2021-08-20,47110,1.1765156624052877,1.1574945960263558,1.186931570743715,-0.33692699639930906,-0.02,False,False,False,False,47119.0,47069.0,9100.0,46872.0,47460.666666666664,374.6411616497671,666.5214554468254,0.0010622702840510367,-0.0029021734525271903,275,-89,395.0,-31.0,0.11,-0.29,0.14,0.614491187791208,0.9875967467797896,0.46196342503761323,2021,8,4,20
2021-08-23,47511,1.173449507299186,1.1851267119195374,1.196411621214066,-0.07675744065390908,0.85,False,False,False,False,47110.0,47119.0,9430.0,46980.42857142857,47434.4,301.397222476546,664.2154615082276,-0.0001910057513954122,0.0010622702840510367,449,341,275.0,-89.0,-0.02,0.11,-0.29,0.702054794520548,0.9904294893880511,0.46601484317157743,2021,8,0,23
2021-08-24,47532,1.2076001314119744,1.1940572436720867,1.2288994346236963,-0.33514501314077894,0.04,False,False,False,False,47511.0,47110.0,12350.0,47148.42857142857,47425.833333333336,188.14963650398496,661.4159358725252,0.008511993207386936,-0.0001910057513954122,229,39,449.0,341.0,0.85,-0.02,0.11,0.985555821562525,0.9941507667360314,0.6117249268482844,2021,8,1,24
2021-08-25,47108,1.1925865443407175,1.1692618849238325,1.1884228146379274,-0.24782783347280224,-0.89,False,False,False,False,47532.0,47511.0,9450.0,47240.71428571428,47414.0,196.23261221707597,656.0344818495093,0.0004420029045906215,0.008511993207386936,373,-243,229.0,39.0,0.04,0.85,-0.02,0.7977376329562722,0.9963452627011913,0.6198399477325658,2021,8,2,25
2021-08-26,47163,1.1686916804104075,1.1573895309469142,1.1726582363276805,-0.28970444004826046,0.12,False,False,False,False,47108.0,47532.0,10430.0,47236.42857142857,47375.433333333334,199.15559842307104,638.0430578529999,-0.008920306319952886,0.0004420029045906215,408,38,373.0,-243.0,-0.89,0.04,0.85,0.9182146315696804,0.997065889383497,0.47228497745133824,2021,8,3,26
2021-08-27,47416,1.1884630943704428,1.1778772214380564,1.1620064942261623,0.03372552137495941,0.54,False,False,False,False,47163.0,47108.0,9960.0,47230.28571428572,47335.6,200.9060429592328,611.328660403494,0.0011675299312219334,-0.008920306319952886,703,104,408.0,38.0,0.12,-0.89,0.04,0.8969740634005764,0.997775156843596,0.5126507620053102,2021,8,4,27
2021-08-30,47049,1.18465683285942,1.1764063103258717,1.1862924662176237,-0.908943622387483,-0.77,False,False,False,False,47416.0,47163.0,13590.0,47279.857142857145,47314.8,197.25400594016546,596.9827814732677,0.0053643746156946115,0.0011675299312219334,461,-227,703.0,104.0,0.54,0.12,-0.89,1.2270880361173815,0.9992614814573272,0.6263178096862403,2021,8,0,30
2021-08-31,47060,1.178735981620051,1.1547629039608702,1.1644563949095115,-1.1602032618402325,0.02,False,False,False,True,47049.0,47416.0,3010.0,47269.857142857145,47280.8,208.23658706571237,581.3900346669561,-0.0077400033743884045,0.0053643746156946115,460,-160,461.0,-227.0,-0.77,0.54,0.12,0.29716655148583276,0.9997685560070291,0.49429096307812564,2021,8,1,31
2021-09-01,47093,1.161819263793283,1.1903799658916252,1.1819252519560013,-1.1717861530206783,0.07,False,False,False,True,47060.0,47049.0,190.0,47262.71428571428,47254.1,215.3692289167711,572.1451075856405,0.00023379880550056242,-0.0077400033743884045,635,33,460.0,-160.0,0.02,-0.77,0.54,0.021343518310492023,1.0001822971067968,0.5170367018398903,2021,9,2,1
2021-09-02,47048,1.1704890816795015,1.1529767976103604,1.17819714222047,-1.1753501195377385,-0.1,False,False,False,True,47093.0,47060.0,60.0,47203.0,47237.73333333333,191.7028951328049,569.3987714386067,0.0007012324691881844,0.00023379880550056242,314,-94,635.0,33.0,0.07,0.02,-0.77,0.007734949078251901,0.9992647121086815,0.5533623141766639,2021,9,3,2
2021-09-03,47342,1.1870886110470178,1.1799785230268915,1.2171825183120264,-1.1762411111670037,0.62,False,False,False,True,47048.0,47093.0,20.0,47133.857142857145,47218.53333333333,130.90636421799425,565.6235944256292,-0.0009555560274350228,0.0007012324691881844,205,43,314.0,-94.0,-0.1,0.07,0.02,0.0029201343261790044,0.9982067170558131,0.5598898256080592,2021,9,4,3
2021-09-06,47450,1.2119350403550837,1.1835507357279111,1.2285798823606509,-0.6657029075981193,0.23,False,False,False,False,47342.0,47048.0,10.0,47167.28571428572,47212.566666666666,151.46585345946283,563.2620926830847,0.006248937255568743,-0.0009555560274350228,132,-84,205.0,43.0,0.62,-0.1,0.07,0.0016929067208396817,0.9990409131386428,0.7001692405158918,2021,9,0,6
2021-09-07,46989,1.2050626237379591,1.176721505564197,1.1761733112211814,0.30013201852521487,-0.97,False,False,False,False,47450.0,47342.0,5740.0,47208.28571428572,47212.4,185.19963489220115,563.1886191019059,0.0022812724430738562,0.006248937255568743,559,-480,132.0,-84.0,0.23,0.62,-0.1,1.0941669843690431,0.9999128558235911,0.7479762181655246,2021,9,1,7
2021-09-08,47072,1.1604447804698579,1.1453070468111124,1.1644563949095115,-0.06339256621493305,0.18,False,False,False,False,46989.0,47450.0,16580.0,47147.28571428572,47193.666666666664,175.44582667460784,560.879563769023,-0.009715489989462589,0.0022812724430738562,370,25,559.0,-480.0,-0.97,0.23,0.62,2.7823460312132906,0.9990172208337076,0.4124449618390819,2021,9,2,8
2021-09-09,47021,1.153783822825568,1.1408943134745586,1.161260872279056,0.1219336926722012,-0.11,False,False,False,False,47072.0,46989.0,12500.0,47150.57142857143,47178.23333333333,173.50298474834457,557.5234452023363,0.0017663708527526634,-0.009715489989462589,358,37,370.0,25.0,0.18,-0.97,0.23,2.027246188777165,0.9994136723059031,0.4395461364824351,2021,9,3,9
2021-09-10,46858,1.15410101128482,1.1305979356892666,1.1655215691196634,-0.6327362173153118,-0.35,False,False,False,False,47021.0,47072.0,14580.0,47145.0,47138.6,177.4767590483286,522.8303344460346,-0.0010834466349421978,0.0017663708527526634,220,-129,358.0,37.0,-0.11,0.18,-0.97,2.1997585998793,1.0001357698361852,0.2968632773538654,2021,9,4,10
2021-09-13,46946,1.1480744305590338,1.1337498880725194,1.1644563949095115,-0.08834033183435497,0.19,False,False,False,False,46858.0,47021.0,6110.0,47111.42857142857,47103.833333333336,208.4721061675086,504.7504049137887,-0.0034665362284936885,-0.0010834466349421978,260,16,220.0,-129.0,-0.35,-0.11,0.18,1.0391156462585034,1.000161244585796,0.08068717479044321,2021,9,0,13
2021-09-14,47267,1.14744005364053,1.1615921341245843,1.1508221650195682,0.7010782516944958,0.68,False,False,False,False,46946.0,46858.0,12220.0,47096.857142857145,47070.8,217.0333527197466,480.1732733191866,0.001878014426565322,-0.0034665362284936885,653,343,260.0,16.0,0.19,-0.35,-0.11,1.7967945890310248,1.0005535734012836,0.2225991877146057,2021,9,1,14
2021-09-15,46949,1.1815906777533183,1.1569692706291472,1.1772384854313334,0.1023318768283697,-0.67,False,False,False,False,47267.0,46946.0,21080.0,47086.142857142855,47051.23333333333,204.39783803351233,458.63483207413867,0.00683764324969105,0.001878014426565322,361,-298,653.0,343.0,0.68,0.19,-0.35,2.371203599550056,1.0007419470508288,0.637513067232961,2021,9,2,15
2021-09-16,46120,1.153783822825568,1.125764942034946,1.0660342978914839,1.0485649871078724,-1.77,False,False,True,False,46949.0,47267.0,14360.0,47014.57142857143,47020.46666666667,129.89079663284423,431.85356180868615,-0.006727738168278097,0.00683764324969105,1108,-864,361.0,-298.0,-0.67,0.68,0.19,1.3914728682170543,0.999874623998587,0.23874726179383543,2021,9,3,16
2021-09-17,46025,1.0592616619685007,1.0500130197574407,1.0689102682588936,0.062237253511441604,-0.21,False,False,False,False,46120.0,46949.0,24980.0,46890.42857142857,46959.166666666664,363.536727695076,424.49532577576724,-0.017657458092824152,-0.006727738168278097,360,-65,1108.0,-864.0,-1.77,-0.67,0.68,1.9491260923845193,0.9985362156077849,-0.30931676862360524,2021,9,4,17
2021-09-20,46297,1.0518605979192897,1.0638816102437523,1.0699754424690455,0.1415355085160327,0.59,False,False,False,False,46025.0,46120.0,13910.0,46740.857142857145,46937.26666666667,474.7544728868768,455.1297604495406,-0.002059843885516055,-0.017657458092824152,482,277,360.0,-65.0,-0.21,-1.77,-0.67,0.9791637336336759,0.9958154886775925,-0.16020383636770547,2021,9,0,20
2021-09-21,46641,1.0811476656568821,1.1062228372587795,1.0966047977228408,0.4008140726321676,0.74,False,False,False,False,46297.0,46025.0,14800.0,46637.42857142857,46948.86666666667,482.3549374854259,432.96824230751037,0.005909831613253758,-0.002059843885516055,635,344,482.0,277.0,0.59,-0.21,-1.77,0.9793541556379036,0.9933664406118835,0.07440387549955842,2021,9,1,21
2021-09-22,46682,1.1198446576856143,1.1027556896372017,1.1404899751810957,-0.3137612140384173,0.09,False,False,False,False,46641.0,46297.0,17710.0,46606.42857142857,46972.36666666667,472.69294372763954,393.4243548444653,0.007430287059636775,0.005909831613253758,190,19,635.0,344.0,0.74,0.59,-0.21,1.1632183908045977,0.9922095027096478,0.3063366263422777,2021,9,2,22
2021-09-23,46083,1.1048310706143576,1.0801666975572244,1.0754078309408197,0.49436819370499985,-1.28,False,False,False,False,46682.0,46641.0,9690.0,46568.71428571428,46983.4,451.1240458722921,379.80317951366703,0.0008790549087711597,0.007430287059636775,586,-438,190.0,19.0,0.09,0.74,0.59,0.6484207708779444,0.9911737823510917,0.3468201922830193,2021,9,3,23
2021-09-24,45995,1.0603189568326736,1.0377204054627553,1.0584715609994058,-0.04022678385404127,-0.19,False,False,False,False,46083.0,46682.0,18760.0,46399.57142857143,46975.0,358.0334514863477,397.03400357686985,-0.012831498222012794,0.0008790549087711597,341,-105,586.0,-438.0,-1.28,0.09,0.74,1.2211951568806145,0.9877503231202007,0.04564269942880839,2021,9,4,24
2021-09-27,46064,1.0640194888572791,1.0449698959442364,1.0696558902059998,0.10589584334542997,0.15,False,False,False,False,45995.0,46083.0,12760.0,46263.28571428572,46945.3,288.93985204105775,435.3936110555658,-0.001909597899442339,-0.012831498222012794,305,-71,341.0,-105.0,-0.19,-1.28,0.09,0.7961564859299931,0.9854721498059595,0.058083352957942584,2021,9,0,27
2021-09-28,45819,1.050591844082282,1.0299455895840655,1.045050365951493,0.40616002240775806,-0.53,False,False,False,False,46064.0,45995.0,14400.0,46255.28571428572,46909.5,294.29390881255904,462.3242443273301,0.0015001630612023753,-0.001909597899442339,393,-189,305.0,-71.0,0.15,-0.19,-1.28,0.8864265927977839,0.9860536930533413,0.142099122552514,2021,9,1,28
2021-09-29,45550,1.03304074933701,1.018178300686589,1.0247055385375934,-0.5213622636571783,-0.59,False,False,False,False,45819.0,46064.0,17770.0,46225.857142857145,46863.26666666667,329.3693107431425,499.5073388905163,-0.005318687044112536,0.0015001630612023753,472,-292,393.0,-189.0,-0.53,0.15,-0.19,1.1166268694231494,0.9863985255585499,0.07890797738020432,2021,9,2,29
2021-09-30,46221,1.0275428160433102,1.0619904388138008,1.0267293695368818,-1.1495113622890516,1.47,False,False,False,True,45550.0,45819.0,7360.0,46119.142857142855,46812.63333333333,412.89846555710386,552.1478739512979,-0.005870926908051244,-0.005318687044112536,870,431,472.0,-292.0,-0.59,-0.53,0.15,0.48376495333245695,0.9851858264145831,0.030758649275756948,2021,9,3,30
2021-10-01,46315,1.081782042575386,1.0602043324632908,1.092557135724264,-1.1602032618402325,0.2,False,False,False,True,46221.0,45550.0,310.0,46059.142857142855,46782.7,350.1787298786287,559.2618380012833,0.01473106476399555,-0.005870926908051244,235,12,870.0,431.0,1.47,-0.59,-0.53,0.024319447713187416,0.9845336600312264,0.3448961470377343,2021,10,4,1
2021-10-04,46618,1.0813591246297167,1.0896225547069822,1.1015045990895391,-1.1726771446499433,0.65,False,False,False,True,46315.0,46221.0,190.0,46006.71428571428,46756.2,256.2620496630426,562.0464700352268,0.0020337076220764416,0.01473106476399555,431,319,235.0,12.0,0.2,1.47,-0.59,0.016703296703296705,0.9839703458731524,0.404817981552827,2021,10,0,4
2021-10-05,46459,1.108531602638963,1.0809021531133167,1.115990968347604,-1.1753501195377385,-0.34,False,False,False,True,46618.0,46315.0,50.0,46083.142857142855,46726.433333333334,346.6465195643497,544.0520185119049,0.006542156968584623,0.0020337076220764416,212,-97,431.0,319.0,0.65,0.2,1.47,0.005050505050505051,0.9862328358853879,0.5724823597929575,2021,10,1,5
2021-10-06,46781,1.1078972257204593,1.1142077832963528,1.127281814975213,0.15222740806721352,0.69,False,False,False,False,46459.0,46618.0,20.0,46149.42857142857,46690.666666666664,370.52343927191487,524.1739204184823,-0.0034106997297180808,0.006542156968584623,423,231,212.0,-97.0,-0.34,0.65,0.2,0.0024597220514081908,0.9884080024150845,0.5047083803486002,2021,10,2,6
2021-10-07,46737,1.1287259345446676,1.1136824578991442,1.1444311197586574,-0.15338272077070497,-0.09,False,False,False,False,46781.0,46459.0,14920.0,46251.857142857145,46679.76666666667,436.2470357409306,518.566304960114,0.006930842248003666,-0.0034106997297180808,257,-10,423.0,231.0,0.69,-0.34,0.65,1.7240582389646406,0.9908330834885023,0.6891356688120345,2021,10,3,7
2021-10-08,46922,1.1279858281397466,1.151085626180409,1.1540176876500237,0.5701024821925307,0.4,False,False,False,False,46737.0,46781.0,11490.0,46383.0,46665.566666666666,422.19229426365644,510.64973374224127,-0.0009405527885252285,0.006930842248003666,523,182,257.0,-10.0,-0.09,0.69,-0.34,1.4494764728144316,0.9939448572716357,0.678688009625139,2021,10,4,8
2021-10-11,46941,1.1459598408306877,1.136901840455772,1.1591305238587524,-0.2861404735312002,0.04,False,False,False,False,46922.0,46737.0,19610.0,46579.0,46649.1,257.29295884059934,493.2861203683265,0.003958319960630785,-0.0009405527885252285,340,31,523.0,182.0,0.4,-0.09,0.69,2.2770552717138877,0.9984972914804359,0.779359692885743,2021,10,0,11
2021-10-12,47097,1.1581187317686774,1.1568642055497054,1.1794753512726521,0.09253096890645393,0.33,False,False,False,False,46941.0,46922.0,10000.0,46681.857142857145,46645.5,233.10257297184987,490.6540849017708,0.00040492732620101,0.003958319960630785,339,72,340.0,31.0,0.04,0.4,-0.09,1.2236906510034264,1.000779435162173,0.7903703897883367,2021,10,1,12
2021-10-13,47753,1.161819263793283,1.216225975434297,1.1883162972169121,0.9238261590107628,1.39,False,False,False,False,47097.0,46941.0,14250.0,46793.57142857143,46646.73333333333,214.63912127858444,491.77713856918945,0.003323320764363702,0.00040492732620101,821,693,339.0,72.0,0.33,0.04,0.4,1.8222506393861893,1.0031478752046539,0.8967250398764829,2021,10,2,13
2021-10-14,47748,1.2275830043448444,1.2276780690934481,1.255102720193431,-0.06695653273199333,-0.01,False,False,False,False,47753.0,47097.0,23580.0,46955.71428571428,46668.73333333333,404.5708484689281,526.0015034251371,0.013928700341847566,0.003323320764363702,303,66,821.0,693.0,1.39,0.33,0.04,2.497352255877992,1.0061493195097277,1.1338203191819693,2021,10,3,14
2021-10-15,47106,1.2301205120188594,1.201621929391893,1.1873576404277755,0.05332733721879092,-1.34,False,False,False,False,47748.0,47753.0,12460.0,47139.857142857145,46692.066666666666,433.146791353056,557.960876967366,-0.00010470546353114063,0.013928700341847566,691,-600,303.0,66.0,-0.01,1.39,0.33,1.1691845735197524,1.0095902903460505,1.0216135894266267,2021,10,4,15
2021-10-18,47186,1.176621391891705,1.1584401817413317,1.193961720530717,0.07203816143335735,0.17,False,False,False,False,47106.0,47748.0,13810.0,47186.28571428572,46684.2,404.75824648491755,550.0896729372128,-0.013445589344056263,-0.00010470546353114063,218,-14,691.0,-600.0,-1.34,-0.01,1.39,1.1490140610699726,1.0107549388076849,0.7216648972622048,2021,10,0,18
2021-10-19,47196,1.1765156624052877,1.1826051500129353,1.2006723180546732,0.11480575963808065,0.02,False,False,False,False,47186.0,47106.0,14020.0,47250.42857142857,46675.4,354.0992596950689,539.4246999284146,0.0016982974567996134,-0.013445589344056263,385,-3,218.0,-14.0,0.17,-1.34,-0.01,1.045020870602266,1.0123197352658697,0.7328799447744371,2021,10,1,19
2021-10-20,47380,1.182965161076743,1.174620203975362,1.2042939103691894,0.11302377637955051,0.39,False,False,False,False,47196.0,47186.0,14500.0,47289.57142857143,46682.3,325.752900805602,544.8708261943256,0.00021192726656216188,0.0016982974567996134,275,120,385.0,-3.0,0.02,0.17,-1.34,0.9755113024757804,1.0130086013022372,0.7204580628643008,2021,10,2,20
2021-10-21,47314,1.2009391737676844,1.1757759198492213,1.2123892343663432,-0.12397999700495771,-0.14,False,False,False,False,47380.0,47196.0,14480.0,47352.28571428572,46692.566666666666,287.4698327898423,555.2694085651221,0.003898635477582957,0.00021192726656216188,210,-116,275.0,120.0,0.39,0.02,0.17,0.9770580296896086,1.01412899514239,0.7727474446020722,2021,10,3,21
2021-10-22,47668,1.20189073914544,1.2377643167198566,1.225703911993241,0.6485097455678567,0.75,False,False,False,False,47314.0,47380.0,11820.0,47383.28571428572,46702.333333333336,266.2709862105793,563.7573660826058,-0.0013929928239763134,0.003898635477582957,675,229,210.0,-116.0,-0.14,0.39,0.02,0.795798828519491,1.0145806929193912,0.7228397434677635,2021,10,4,22
2021-10-25,48030,1.2368871991495667,1.2472201738696147,1.2635175964536305,-0.25050080836059746,0.76,False,False,False,False,47668.0,47314.0,20490.0,47371.142857142855,46729.333333333336,247.90551195860695,590.2442120693428,0.007481929238703167,-0.0013929928239763134,410,260,675.0,229.0,0.75,-0.14,0.39,1.37139415032461,1.0137346175951476,0.8293904380117089,2021,10,0,25
2021-10-26,47680,1.260782063079877,1.2456441976779884,1.236888241199835,-0.0705204992490536,-0.73,False,False,False,False,48030.0,47668.0,10400.0,47411.42857142857,46765.46666666667,329.0019539707989,635.4167643083659,0.007594193169421892,0.007481929238703167,645,-316,410.0,260.0,0.76,0.75,-0.14,0.6942126693812162,1.0138127971515,0.9180713262483298,2021,10,1,26
2021-10-27,47804,1.2284288402361827,1.2188526024203408,1.2390185896201387,-0.13645387981466867,0.26,False,False,False,False,47680.0,48030.0,12420.0,47493.42857142857,46779.23333333333,311.24205861345473,650.9417413033276,-0.007287112221528225,0.007594193169421892,370,114,645.0,-316.0,-0.73,0.76,0.75,0.8393026084606028,1.0152673566282313,0.7627834376662588,2021,10,2,27
2021-10-28,47777,1.2494690080332256,1.2366086008459973,1.2507355059318086,-0.7681669449636023,-0.06,False,False,False,False,47804.0,47680.0,11680.0,47581.71428571428,46807.73333333333,296.8196502326473,676.8330886425023,0.0026006711409396477,-0.007287112221528225,429,-112,370.0,114.0,0.26,-0.73,0.76,0.8583186360964139,1.0165353222056104,0.8110921759941075,2021,10,3,28
2021-10-29,47502,1.2262085210214193,1.2180120817848068,1.2230409764678614,-1.1209996301525693,-0.58,False,False,False,True,47777.0,47804.0,4590.0,47664.71428571428,46862.96666666667,248.2436399270575,686.3186895855641,-0.0005648062923604424,0.0026006711409396477,512,-167,429.0,-112.0,-0.06,0.26,-0.73,0.35800639575696125,1.017108341107604,0.777178745544809,2021,10,4,29
2021-11-01,47692,1.2240939312930734,1.2167513008315056,1.2400837638302904,-1.168222186503618,0.4,False,False,False,True,47502.0,47777.0,630.0,47682.142857142855,46912.2,228.41368068953292,677.047973645124,-0.005755907654310666,-0.0005648062923604424,340,43,512.0,-167.0,-0.58,-0.06,0.26,0.054768321307485004,1.0164124227203768,0.6201359561757914,2021,11,0,1
2021-11-02,47683,1.2470372298456276,1.2261020929018218,1.2496703317216569,-1.1753501195377385,-0.02,False,False,False,True,47692.0,47502.0,100.0,47736.142857142855,46958.7,161.86046313458698,681.2304865890411,0.00399983158603856,-0.005755907654310666,339,-183,340.0,43.0,0.4,-0.58,-0.06,0.009890218573830482,1.0165558854300238,0.7046712891700377,2021,11,1,2
2021-11-03,46961,1.2136267121377604,1.1852317769989793,1.1686105743291035,-1.1735681362792083,-1.51,False,False,False,True,47683.0,47692.0,20.0,47738.28571428572,46993.433333333334,160.9044377808507,690.9678211619741,-0.0001887108949090166,0.00399983158603856,711,-589,339.0,-183.0,-0.02,0.4,-0.58,0.002308669052291354,1.015850137521747,0.6840921861577394,2021,11,2,3
2021-11-04,47559,1.1710177291115882,1.1896445103355329,1.2014179400017795,-0.6683758824859146,1.27,False,False,False,False,46961.0,47683.0,40.0,47585.57142857143,47002.73333333333,291.8806018162381,688.5047733928742,-0.015141664744248495,-0.0001887108949090166,445,412,711.0,-589.0,-1.51,-0.02,0.4,0.0055409336473195734,1.01240008939703,0.19833546972798818,2021,11,3,4
2021-11-05,47959,1.2104548275452414,1.2314604119533514,1.21931286673233,0.048872379072465576,0.84,False,False,False,False,47559.0,46961.0,5710.0,47568.28571428572,47051.933333333334,288.92427744577043,673.0791280673761,0.012733970741679368,-0.015141664744248495,675,439,445.0,412.0,1.27,-1.51,-0.02,0.8641041162227603,1.010974094885631,0.5809567770458725,2021,11,4,5
2021-11-08,48025,1.2612049810255461,1.2476404341873817,1.2732106817660118,0.1468814582916231,0.14,False,False,False,False,47959.0,47559.0,13760.0,47590.42857142857,47117.4,314.7823889344451,662.1572685337788,0.008410605773880864,0.012733970741679368,323,25,675.0,439.0,0.84,1.27,-1.51,2.3184498736310024,1.0100393606486897,0.8453477309477694,2021,11,0,8
2021-11-09,48263,1.2647997835637343,1.2619292849914603,1.290253469128441,0.17093823228177996,0.5,False,False,False,False,48025.0,47959.0,14860.0,47625.857142857145,47182.76666666667,351.1374035798556,651.2856613191506,0.0013761754832253281,0.008410605773880864,299,229,323.0,25.0,0.14,0.84,1.27,2.328788591129917,1.009390938842582,0.8630462300033773,2021,11,1,9
2021-11-10,48857,1.2876373526298714,1.3632120215733121,1.3099591920162497,1.2713128944241396,1.23,False,False,False,False,48263.0,48025.0,15130.0,47734.57142857143,47264.23333333333,417.86435484490823,627.2258947020136,0.004955752212389308,0.0013761754832253281,1078,607,299.0,229.0,0.5,0.14,0.84,2.2745039085989176,1.009951247742051,0.9762734758394226,2021,11,2,10
2021-11-11,49208,1.3651370661737532,1.3742438549146963,1.3881429790413928,0.1638102992476594,0.72,False,False,False,False,48857.0,48263.0,27480.0,47901.0,47374.46666666667,593.2689103621904,605.7974358888927,0.012307564801193438,0.004955752212389308,449,225,1078.0,607.0,1.23,0.5,0.14,3.3381924198250728,1.011114285191601,1.1757551232003678,2021,11,3,11
2021-11-12,49277,1.3761329327611524,1.3690956660220504,1.3851604912529678,0.2938950771203594,0.14,False,False,False,False,49208.0,48857.0,15050.0,48118.857142857145,47474.03333333333,757.2208899606692,653.2855679789249,0.007184231532840757,0.012307564801193438,428,190,449.0,225.0,0.72,1.23,0.5,1.6221168355248976,1.0135826632845004,1.1562855103826652,2021,11,4,12
2021-11-15,49269,1.3849084801337885,1.383384516826129,1.4074226322451406,0.1299526173355868,-0.02,False,False,False,False,49277.0,49208.0,16510.0,48449.71428571428,47572.76666666667,667.6697572634769,694.5989010425632,0.0014022110225979656,0.007184231532840757,355,99,428.0,190.0,0.14,0.72,1.23,1.5194183692251058,1.0184338158256008,1.0623542965543513,2021,11,0,15
2021-11-16,49038,1.398018936449534,1.3984088231862999,1.3992207908269718,0.7821584899576169,-0.47,False,False,False,False,49269.0,49277.0,14670.0,48694.0,47661.13333333333,596.4933640332557,736.3219279672376,-0.00016234754550803476,0.0014022110225979656,575,-256,355.0,99.0,-0.02,0.14,0.72,1.1904568692688469,1.0216710471285477,0.9775830578828123,2021,11,1,16
2021-11-17,49262,1.3742298020056412,1.3678348850687492,1.3962383030385466,0.008777755755537495,0.46,False,False,False,False,49038.0,49269.0,21990.0,48848.142857142855,47747.1,507.7100316055036,741.6630590097055,-0.0046885465505692725,-0.00016234754550803476,312,193,575.0,-256.0,-0.47,-0.02,0.14,1.5144628099173554,1.0230598896507401,0.8518802875398593,2021,11,2,17
2021-11-18,49047,1.3880803647263076,1.3624765660172198,1.3945340243023037,0.0426354376676101,-0.44,False,False,False,False,49262.0,49038.0,13310.0,49024.857142857145,47829.8,370.07541059384675,768.0753554960055,0.004567886129124288,-0.0046885465505692725,277,-153,312.0,193.0,0.46,-0.47,-0.02,0.8399066069287562,1.0249856186489834,0.8811223816013137,2021,11,3,18
2021-11-19,48829,1.3776131455709948,1.3664690390360064,1.3673720819434325,0.006995772497007358,-0.44,False,False,False,False,49047.0,49262.0,13690.0,49136.857142857145,47906.8,160.20344209642434,770.5293030720645,-0.0043644188218099345,0.004567886129124288,570,-272,277.0,-153.0,-0.44,0.46,-0.47,0.8224692099729649,1.0256760447965036,0.7787283785940594,2021,11,4,19
2021-11-22,47963,1.3438854394038757,1.3270696342453483,1.282690732236363,0.8249260881623403,-1.77,False,False,True,False,48829.0,49047.0,13290.0,49132.857142857145,47970.36666666667,168.49077974637723,765.1266959894315,-0.004444716292535733,-0.0043644188218099345,990,-819,570.0,-272.0,-0.44,-0.44,0.46,0.8006988793830582,1.0242335124154525,0.6849548875239648,2021,11,0,22
2021-11-23,47460,1.2613107105119634,1.2377643167198566,1.2283668475186205,0.3304257339202272,-1.05,False,False,False,False,47963.0,48829.0,22470.0,48955.0,48004.433333333334,467.58635566320027,740.0556681427306,-0.017735362182309644,-0.004444716292535733,650,-541,990.0,-819.0,-1.77,-0.44,-0.44,1.294429402615358,1.0198016433204433,0.3912725436474967,2021,11,1,23
2021-11-24,47469,1.2082345083304782,1.2009915389152426,1.2143065479446165,-0.1159610723415721,0.02,False,False,False,False,47460.0,47963.0,16920.0,48695.42857142857,48016.53333333333,703.7425801029824,727.5696309029474,-0.010487250588995689,-0.017735362182309644,432,-30,650.0,-541.0,-1.05,-1.77,-0.44,0.9647622305850154,1.0141387807691638,0.2280625485194402,2021,11,2,24
2021-11-25,47444,1.212780876246422,1.1892242500177659,1.2252778423091801,-0.6042244851788297,-0.05,False,False,False,False,47469.0,47460.0,11910.0,48438.28571428572,48007.066666666666,783.5610408668098,732.944554203379,0.00018963337547406312,-0.010487250588995689,217,-98,432.0,-30.0,0.02,-1.05,-1.77,0.7452599962455416,1.0089824077487006,0.24176406292882252,2021,11,3,25
2021-11-26,47610,1.2189131864586256,1.2514227770472848,1.2402967986723208,0.3304257339202272,0.35,False,False,False,False,47444.0,47469.0,6430.0,48210.57142857143,47996.933333333334,811.3545992453919,738.7284477643939,-0.0005266595040973598,0.00018963337547406312,668,10,217.0,-98.0,-0.05,0.02,-1.05,0.4252926780871751,1.004451078025223,0.24390558929322242,2021,11,4,26
2021-11-29,47613,1.2400590837420857,1.2292540452850744,1.2489247097745506,-0.9044886642411577,0.01,False,False,False,False,47610.0,47444.0,16920.0,47974.57142857143,48013.73333333333,684.9683343410663,723.3389978034406,0.0034988618160356477,-0.0005266595040973598,376,-187,668.0,10.0,0.35,-0.05,0.02,1.116094986807388,0.9991843603476942,0.294346115187727,2021,11,0,29
2021-11-30,47439,1.2252569556436637,1.2450138072013377,1.2166499312069505,-1.167331194874353,-0.37,False,False,False,True,47613.0,47610.0,3060.0,47769.71428571428,48027.96666666667,500.3257986195122,710.5783697358004,6.301197227465138e-05,0.0034988618160356477,829,-221,376.0,-187.0,0.01,0.35,-0.05,0.21858704193156653,0.9946228749856357,0.29743589663385295,2021,11,1,30
2021-12-01,47525,1.2070714839798877,1.1931116579571108,1.2314558527280608,-1.1744591279084735,0.18,False,False,False,True,47439.0,47613.0,110.0,47571.142857142855,48036.066666666666,188.51474617691952,702.1020621984269,-0.0036544641169428127,6.301197227465138e-05,196,37,829.0,-221.0,-0.37,0.01,0.35,0.009313351960037254,0.99032135972435,0.24874794174326786,2021,12,2,1
2021-12-02,47307,1.2030537634960303,1.17630124524643,1.2017374922648252,-1.1521843371768468,-0.46,False,False,False,True,47525.0,47439.0,30.0,47508.57142857143,48040.9,75.71626234361962,697.9165225225362,0.0018128544024957893,-0.0036544641169428127,315,-143,196.0,37.0,0.18,-0.37,0.01,0.0028617762091004482,0.9889192631397711,0.2550718411995357,2021,12,3,2
2021-12-03,47425,1.1850797508050892,1.1723087722276433,1.211643612419237,-1.1717861530206783,0.25,False,False,False,True,47307.0,47525.0,280.0,47486.71428571428,48040.666666666664,107.49064190697072,698.1690504345366,-0.004587059442398789,0.0018128544024957893,184,145,315.0,-143.0,-0.46,0.18,-0.37,0.030627871362940276,0.988469094636092,0.19216597089023832,2021,12,4,3
2021-12-06,47787,1.2400590837420857,1.220113383373642,1.2614937654543419,-0.41978921792096047,0.76,False,False,False,False,47425.0,47307.0,60.0,47480.42857142857,48032.566666666666,109.95735105009238,704.0267766889325,0.0024943454457058145,-0.004587059442398789,171,-13,184.0,145.0,0.25,-0.46,0.18,0.007673615551860852,0.9885049221069158,0.2462948428381014,2021,12,0,6
2021-12-07,47922,1.244288263198778,1.2356630151310215,1.2490312271955657,-0.039335792224776206,0.28,False,False,False,False,47787.0,47425.0,8500.0,47529.42857142857,48024.46666666667,157.26607723840354,705.453766088262,0.007633104902477594,0.0024943454457058145,436,82,171.0,-13.0,0.76,0.25,-0.46,1.3235752102148863,0.9896919605859632,0.36697532479122247,2021,12,1,7
2021-12-08,47900,1.2606763335934597,1.2456441976779884,1.2741693385551485,-0.20773321015587415,-0.05,False,False,False,False,47922.0,47787.0,12770.0,47574.0,48032.53333333333,216.83711245004145,702.7575111917249,0.0028250360976833644,0.007633104902477594,295,-95,436.0,82.0,0.28,0.76,0.25,2.12585317130015,0.9904536924973074,0.41566433720817597,2021,12,2,8
2021-12-09,47802,1.250632032383816,1.232511062747769,1.2627719745065242,-0.30396030611650154,-0.2,False,False,False,False,47900.0,47922.0,10880.0,47615.0,48035.73333333333,250.03266453740432,701.8990463453594,-0.00045907933725641836,0.0028250360976833644,277,-98,295.0,-95.0,-0.05,0.28,0.76,1.8428184281842819,0.9912412426304863,0.4225085040261126,2021,12,3,9
2021-12-10,47993,1.243336697821022,1.2417567897386435,1.2627719745065242,-0.14536379610731937,0.4,False,False,False,False,47802.0,47900.0,9800.0,47666.857142857145,48036.566666666666,245.03974410862344,701.5960466250044,-0.0020459290187891943,-0.00045907933725641836,365,162,277.0,-98.0,-0.2,-0.05,0.28,1.5702611760935747,0.992303581428394,0.40892258819693245,2021,12,4,10
2021-12-13,48106,1.2614164399983807,1.2482708246640322,1.289081777497274,-0.3306900549944536,0.24,False,False,False,False,47993.0,47802.0,11580.0,47733.71428571428,48052.933333333334,263.06635049783756,694.3857088389952,0.003995648717626921,-0.0020459290187891943,180,104,365.0,162.0,0.4,-0.2,-0.05,2.029087086034694,0.9933569290056719,0.4954930100974334,2021,12,0,13
2021-12-14,47895,1.2774873219338105,1.2486910849817991,1.266713119084086,-0.09012231509288511,-0.44,False,False,False,False,48106.0,47993.0,9500.0,47847.857142857145,48066.73333333333,216.23091713758365,691.0712290888076,0.002354510032713142,0.003995648717626921,394,-259,180.0,104.0,0.24,0.4,-0.2,1.4958274287513778,0.9954464101198989,0.5652512348660245,2021,12,1,14
2021-12-15,47900,1.247460147791297,1.2365035357665557,1.2688434675043896,-0.44919194168670773,0.01,False,False,False,False,47895.0,48106.0,12200.0,47915.0,48073.8,109.84231122699146,688.0894789419734,-0.00438614725813824,0.002354510032713142,258,30,394.0,-259.0,-0.44,0.24,0.4,1.6137566137566137,0.9966967454205825,0.5023089054163489,2021,12,2,15
2021-12-16,48407,1.2620508169168845,1.27747891674884,1.2916381956016383,0.0114507306433327,1.06,False,False,False,False,47900.0,47895.0,8170.0,47931.142857142855,48105.1,95.22679696124065,656.3493261420972,0.00010439503079662238,-0.00438614725813824,434,399,258.0,30.0,0.01,-0.44,0.24,0.9756388822545976,0.9963838108047349,0.543609291403796,2021,12,3,16
2021-12-17,48467,1.2929238269507364,1.2995425834316086,1.3242325264322838,0.19410401464267174,0.12,False,False,False,False,48407.0,47900.0,13340.0,48000.42857142857,48133.36666666667,202.96211235098983,650.2515949828627,0.01058455114822543,0.00010439503079662238,338,167,434.0,399.0,1.06,0.01,-0.44,1.378099173553719,0.9972381301279273,0.9139956527188705,2021,12,4,17
2021-12-20,48130,1.3037082345653013,1.2849385373892046,1.3029290422292477,-0.3021783228579714,-0.7,False,False,False,False,48467.0,48407.0,15390.0,48081.42857142857,48150.3,261.0356662411834,652.1659483092296,0.0012394901563823613,0.01058455114822543,399,-272,338.0,167.0,0.12,1.06,0.01,1.3725140461963792,0.998569657331908,1.0342385953611637,2021,12,0,20
2021-12-21,47933,1.2749498142597953,1.2506873214911924,1.2741693385551485,-0.17031156172674128,-0.41,False,False,False,False,48130.0,48467.0,9820.0,48128.28571428572,48153.8,230.12584549386366,651.7519308038068,-0.006953184641095955,0.0012394901563823613,343,-197,399.0,-272.0,-0.7,0.12,1.06,0.8655795504627589,0.9994701501083136,0.7630412838563969,2021,12,1,21
2021-12-22,48026,1.2560242361910983,1.2373440564020897,1.2736367514500726,-0.5463100292766002,0.19,False,False,False,False,47933.0,48130.0,11300.0,48119.71428571428,48142.8,237.01878567798258,652.6295564308907,-0.004093081238312868,-0.006953184641095955,221,75,343.0,-197.0,-0.41,-0.7,0.12,1.0091087694231113,0.9995204742082778,0.5993445052555987,2021,12,2,22
2021-12-23,48012,1.250632032383816,1.252998753238911,1.2794952096059076,-0.5391820962424796,-0.03,False,False,False,False,48026.0,47933.0,7080.0,48108.28571428572,48115.1,239.70378546085814,638.7589448699111,0.0019402082072892401,-0.004093081238312868,315,112,221.0,75.0,0.19,-0.41,-0.7,0.6544647809206877,0.9998583753184701,0.6523891806707758,2021,12,3,23
2021-12-24,47982,1.266808643805663,1.2429125056125028,1.284927598077682,-0.8349913171584824,-0.06,False,False,False,False,48012.0,48026.0,7160.0,48125.0,48075.23333333333,226.0427688197395,604.6057526091763,-0.00029150876608508014,0.0019402082072892401,168,-71,315.0,112.0,-0.03,0.19,-0.41,0.6784157665340156,1.0010351830499002,0.6235095121300729,2021,12,4,24
2021-12-27,47933,1.260782063079877,1.2402858786264588,1.2801343141319987,-0.595314568886179,-0.1,False,False,False,False,47982.0,48012.0,3840.0,48136.71428571428,48032.066666666666,214.2566329527885,560.4629818454988,-0.0006248437890526981,-0.00029150876608508014,188,-63,168.0,-71.0,-0.06,-0.03,0.19,0.39263803680981596,1.0021787032353584,0.5853339005961603,2021,12,0,27
2021-12-28,47888,1.2571872605416887,1.242387180215294,1.2749149605022547,-0.41711624303316525,-0.09,False,False,False,False,47933.0,47982.0,6530.0,48069.0,47987.53333333333,187.87584553554026,509.5555015811006,-0.0010212162894418508,-0.0006248437890526981,257,-74,188.0,-63.0,-0.1,-0.06,-0.03,0.6886006538015396,1.0016976631430663,0.5323983740716527,2021,12,1,28
2021-12-29,47673,1.246825770872793,1.2182222119436903,1.235077445042577,-0.2692116325751639,-0.45,False,False,False,False,47888.0,47933.0,8530.0,47986.28571428572,47949.2,79.84300072182488,469.4861754745144,-0.0009388104228819083,-0.0010212162894418508,401,-191,257.0,-74.0,-0.09,-0.1,-0.06,0.935717419921018,1.000773437602415,0.47380099469512854,2021,12,2,29
2021-12-30,47746,1.2203933992684677,1.2165411706726221,1.2285798823606509,-0.7271813300174091,0.15,False,False,False,False,47673.0,47888.0,10190.0,47921.0,47896.23333333333,119.65784555289211,400.8946618268108,-0.0044896424991647255,-0.0009388104228819083,446,132,401.0,-191.0,-0.45,-0.09,-0.1,1.0935823138012448,1.0005170900704092,0.2650638400621642,2021,12,3,30
2021-12-31,47994,1.2400590837420857,1.249216410379008,1.260961178349266,-1.1005068226794728,0.52,False,False,False,True,47746.0,47673.0,5050.0,47894.28571428572,47852.86666666667,136.25553724869636,337.46854088660626,0.0015312650766681202,-0.0044896424991647255,453,194,446.0,132.0,0.15,-0.45,-0.09,0.5948875014724938,1.0008655499765053,0.2817581524147459,2021,12,4,31
2022-01-03,47473,1.254861211840508,1.2430175706919444,1.2205910757845122,-1.1584212785817023,-1.09,False,False,False,True,47994.0,47746.0,860.0,47889.71428571428,47825.03333333333,131.55570973646164,284.45392127639536,0.005194152389728979,0.0015312650766681202,773,-467,453.0,194.0,0.52,0.15,-0.45,0.12222853894258101,1.0013524497082968,0.5247428355094227,2022,1,0,3
2022-01-04,47763,1.2326580196928747,1.2159107801959717,1.2285798823606509,-1.1700041697621482,0.61,False,False,False,True,47473.0,47994.0,210.0,47812.71428571428,47808.7,191.9355050468694,290.26719556948296,-0.010855523607117501,0.005194152389728979,440,33,773.0,-467.0,-1.09,0.52,0.15,0.0345679012345679,1.0000839655902438,-0.05027933788154789,2022,1,1,4
2022-01-05,47974,1.253169540057831,1.2429125056125028,1.2786430702377862,-1.1691131781328832,0.44,False,False,False,True,47763.0,47473.0,80.0,47781.42857142857,47818.8,177.0111645724953,282.8934733032284,0.006108735491753281,-0.010855523607117501,227,50,440.0,33.0,0.61,-1.09,0.52,0.01615182717544922,0.9992184783271134,0.2910091333314488,2022,1,2,5
2022-01-06,47499,1.2643768656180652,1.2356630151310215,1.2336927185693796,0.4480366289832163,-0.99,False,False,False,False,47974.0,47763.0,90.0,47787.28571428572,47835.63333333333,183.4245660508154,276.3093572713802,0.004417645457781116,0.006108735491753281,580,-531,227.0,50.0,0.44,0.61,-1.09,0.021156558533145273,0.9989892969805435,0.5212974092264324,2022,1,3,6
2022-01-07,47481,1.2084459673033128,1.1873330785878142,1.2177151054171023,-0.06428355784419812,-0.04,False,False,False,False,47499.0,47974.0,18240.0,47731.71428571428,47837.46666666667,205.43264451135772,273.79223601470125,-0.009901196481427399,0.004417645457781116,270,-20,580.0,-531.0,-0.99,0.44,0.61,3.40171577769489,0.9977893398559486,0.05020222677133772,2022,1,4,7
2022-01-10,47471,1.1977672891751654,1.1823950198540518,1.2212301803106034,-0.1391268547024639,-0.02,False,False,False,False,47481.0,47499.0,12490.0,47704.28571428572,47833.166666666664,226.3328774856407,278.46105197576134,-0.0003789553464284001,-0.009901196481427399,190,71,270.0,-20.0,-0.04,-0.99,0.44,2.00578127509234,0.9973056153008001,0.0914351198095931,2022,1,0,10
2022-01-11,47694,1.2136267121377604,1.2022523198685435,1.238166450252017,-0.29059543167752555,0.47,False,False,False,False,47471.0,47481.0,11650.0,47665.0,47828.433333333334,241.25988753974846,283.4939254081298,-0.00021061056001348,-0.0003789553464284001,220,144,190.0,71.0,-0.02,-0.04,-0.99,1.7287431369639412,0.9965829252195172,0.13075430837570998,2022,1,1,11
2022-01-12,47802,1.2241996607794907,1.2165411706726221,1.2542505808253095,-0.3280170801066584,0.23,False,False,False,False,47694.0,47471.0,9950.0,47622.142857142855,47836.933333333334,195.35474448509012,275.113886546818,0.004697604853489468,-0.00021061056001348,205,152,220.0,144.0,0.47,-0.02,-0.04,1.4460107542508356,0.9955099446970441,0.3417280312205359,2022,1,2,12
2022-01-13,47759,1.239424706823582,1.224736246869079,1.2572330686137347,-0.36900269505285155,-0.09,False,False,False,False,47802.0,47694.0,9530.0,47669.142857142855,47846.166666666664,193.05562978798358,268.8610823555113,0.0022644357780852165,0.004697604853489468,255,-35,205.0,152.0,0.23,0.47,-0.02,1.3983859134262655,0.9963001464514996,0.44201726244515205,2022,1,3,13
2022-01-14,47803,1.2400590837420857,1.2313553468739096,1.2688434675043896,-0.06071959132713785,0.09,False,False,False,False,47759.0,47802.0,9070.0,47668.57142857143,47861.23333333333,192.73717609734197,249.57822120915685,-0.0008995439521358728,0.0022644357780852165,209,3,255.0,-35.0,-0.09,0.23,0.47,1.2567548843009562,0.9959745729195884,0.42472031646190633,2022,1,4,14
2022-01-17,47908,1.241539296551928,1.2293591103645163,1.2716129204507842,-0.7628209951880118,0.22,False,False,False,False,47803.0,47759.0,12530.0,47644.142857142855,47873.833333333336,154.64629382185302,235.96596529539443,0.0009212923218659963,-0.0008995439521358728,164,94,209.0,3.0,0.09,-0.09,0.23,1.494513358778626,0.9952021707852137,0.5014713465229587,2022,1,0,17
2022-01-18,47926,1.252746622112162,1.2360832754487885,1.2699086417145413,-0.21307915993146456,0.04,False,False,False,False,47908.0,47803.0,4650.0,47702.57142857143,47877.86666666667,167.40654820917692,235.46413934125474,0.0021965148630838094,0.0009212923218659963,244,6,164.0,94.0,0.22,0.09,-0.09,0.5267331218849116,0.9963386998983126,0.6537727941248733,2022,1,1,18
2022-01-19,48368,1.2542268349220043,1.274432029445029,1.2839689412885453,-0.01795199312241456,0.92,False,False,False,False,47926.0,47908.0,10820.0,47766.142857142855,47878.0,153.126775993517,235.49112289361318,0.0003757201302496682,0.0021965148630838094,477,434,244.0,6.0,0.04,0.22,0.09,1.0927085437285398,0.997663704773442,0.678079360143713,2022,1,2,19
2022-01-20,48372,1.3001134320271128,1.289036075487433,1.323806456748223,-0.3814765778625625,0.01,False,False,False,False,48368.0,47926.0,13010.0,47894.28571428572,47893.6,223.9290916732313,251.92645340894668,0.009222551433459847,0.0003757201302496682,242,4,477.0,434.0,0.92,0.04,0.22,1.1622297659460425,1.0000143174513028,1.123005661351772,2022,1,3,20
2022-01-21,48243,1.3028623986739627,1.285148667548088,1.3055919777546272,-0.3030693144872365,-0.27,False,False,False,False,48372.0,48368.0,8930.0,47991.142857142855,47912.6,265.610258699039,265.88740162144035,8.269930532578407e-05,0.009222551433459847,376,-151,242.0,4.0,0.01,0.92,0.04,0.8701159505018026,1.0016392944057066,1.0366453497180392,2022,1,4,21
2022-01-24,48537,1.2897519423582173,1.2952349151744966,1.3194392424866008,-0.17922147801939195,0.61,False,False,False,False,48243.0,48372.0,9810.0,48054.142857142855,47920.933333333334,265.57072415115846,272.333711778188,-0.002666832051600121,8.269930532578407e-05,342,267,376.0,-151.0,-0.27,0.01,0.92,0.9814907453726863,1.0027797773236788,0.8754771099459395,2022,1,0,24
2022-01-25,48836,1.3204134934192349,1.3258088532920473,1.3484119810027302,-0.36098377038946594,0.62,False,False,False,False,48537.0,48243.0,11200.0,48165.28571428572,47935.3,283.6486760606042,293.01643474497035,0.006094148373857244,-0.002666832051600121,361,276,342.0,267.0,0.61,-0.27,0.01,1.1256281407035176,1.0047978361309038,1.03704257671746,2022,1,1,25
2022-01-27,47974,1.3353213510040742,1.3061616834364391,1.2794952096059076,-0.21664312644852485,-1.77,False,False,True,False,48836.0,48537.0,9160.0,48312.857142857145,47966.666666666664,328.8629038462272,335.79656539264954,0.006160248882296049,0.006094148373857244,821,-727,361.0,276.0,0.62,0.61,-0.27,0.9279708236247594,1.0072173136106424,1.1067845461095174,2022,1,3,27
2022-01-28,47652,1.2435481567938567,1.2366086008459973,1.2408293857773967,-0.5552199455692509,-0.67,False,False,False,False,47974.0,48836.0,10780.0,48322.28571428572,47969.13333333333,316.0161991063142,335.561673582928,-0.017650913260709333,0.006160248882296049,522,-181,821.0,-727.0,-1.77,0.62,0.61,1.0784313725490196,1.0073620754933879,0.5285820988815844,2022,1,4,28
2022-01-31,47840,1.2244111197523253,1.2224248151213604,1.2458357045651103,-0.9722040280653029,0.39,False,False,False,False,47652.0,47974.0,6980.0,48283.142857142855,47943.96666666667,383.1259273304791,329.85330943208095,-0.006711968983199257,-0.017650913260709333,340,188,522.0,-181.0,-0.67,-1.77,0.62,0.713190967610095,1.007074429048275,0.31839836556635864,2022,1,0,31
2022-02-01,47966,1.3150212896119524,1.285989188183622,1.2391251070411538,-1.1370374794793405,0.26,False,False,False,True,47840.0,47652.0,2300.0,48207.71428571428,47923.066666666666,414.33911807149934,315.10446360640196,0.003945269873247614,-0.006711968983199257,1008,-543,340.0,188.0,0.39,-0.67,-1.77,0.2624372432679142,1.0059396787152106,0.4479082400132488,2022,2,1,1
2022-02-02,48049,1.2771701334745587,1.248375889743474,1.283223319341439,-1.1209996301525693,0.17,False,False,False,True,47966.0,47840.0,450.0,48149.71428571428,47917.6,415.9225546071456,312.80484165321116,0.0026337792642141533,0.003945269873247614,236,-102,1008.0,-543.0,0.26,0.39,-0.67,0.053930968360498564,1.004844029870325,0.5155594758562988,2022,2,2,2
2022-02-03,47884,1.2590903912972,1.2398656183086918,1.2390185896201387,-1.1708951613914131,-0.34,False,False,False,True,48049.0,47966.0,630.0,48122.0,47921.46666666667,415.13331192404826,313.7173924012237,0.001730392361255939,0.0026337792642141533,570,-96,236.0,-102.0,0.17,0.26,0.39,0.08600682593856655,1.0041846242880712,0.5631796644307772,2022,2,3,3
2022-02-04,48081,1.2621565464033018,1.3270696342453483,1.2872709813400158,-1.1744591279084735,0.41,False,False,False,True,47884.0,48049.0,70.0,48028.71428571428,47916.73333333333,378.04704922923844,313.1565581003069,-0.0034339944639847353,0.001730392361255939,947,72,570.0,-96.0,-0.34,0.17,0.26,0.01160669872326314,1.0023369905373547,0.452159453573783,2022,2,4,4
2022-02-07,48168,1.255918506704681,1.2515278421267266,1.2842884935515908,-0.4750306989353947,0.18,False,False,False,False,48081.0,47884.0,30.0,47920.857142857145,47919.03333333333,145.5500241366296,314.1322457377865,0.004114109096984286,-0.0034339944639847353,256,218,947.0,72.0,0.41,-0.34,0.17,0.00583544057576347,1.0000380602319567,0.5712668228483474,2022,2,0,7
2022-02-08,48345,1.2807649360127469,1.2739067040478205,1.3035681467553386,-0.4687937575305392,0.37,False,False,False,False,48168.0,48081.0,7880.0,47948.57142857143,47925.23333333333,173.19916969580535,317.2380465156912,0.001809446558931782,0.004114109096984286,288,160,256.0,218.0,0.18,0.41,-0.34,1.5925626515763944,1.0004869688390619,0.6155514254076239,2022,2,1,8
2022-02-09,48575,1.3030738576467973,1.295550110412822,1.3271084967996938,-0.35474682898461046,0.48,False,False,False,False,48345.0,48168.0,7950.0,48047.57142857143,47938.96666666667,173.4847324213762,326.3721678547263,0.0036746387643249445,0.001809446558931782,273,179,288.0,160.0,0.37,0.18,0.41,1.7196625567813109,1.002265479826879,0.7306165139549261,2022,2,2,9
2022-02-10,48867,1.3193561985550617,1.3308519771052516,1.334884268533802,-0.2406999004386817,0.6,False,False,False,False,48575.0,48345.0,9230.0,48152.57142857143,47961.86666666667,237.52253026464012,346.1738384582946,0.004757472334264046,0.0036746387643249445,536,317,273.0,179.0,0.48,0.37,0.18,1.9935205183585314,1.0039761747229345,0.8719444126219889,2022,2,3,10
2022-02-11,49024,1.3345812445991532,1.342619266002728,1.351927055896231,-0.29505038982385084,0.32,False,False,False,False,48867.0,48575.0,10510.0,48281.28571428572,48001.666666666664,341.10834754410524,378.9074432772148,0.006011322696860555,0.004757472334264046,488,330,536.0,317.0,0.6,0.48,0.37,2.283293504236368,1.005825194561697,1.0059293562593667,2022,2,4,11
2022-02-14,49827,1.3859657749979615,1.4337106898787295,1.4149853691372185,-0.11507008071230702,1.64,False,False,False,False,49024.0,48867.0,9900.0,48420.57142857143,48044.26666666667,420.31609420766483,418.90299537767476,0.00321280209548358,0.006011322696860555,763,647,488.0,330.0,0.32,0.6,0.48,2.0224719101123596,1.0078324592716874,1.0187604592772186,2022,2,0,14
2022-02-15,49332,1.4673774795392835,1.4689074914917175,1.4155179562422946,0.2609283868375519,-0.99,False,False,False,False,49827.0,49024.0,11920.0,48698.142857142855,48105.36666666667,607.0152190784418,530.2090338124967,0.016379732375979117,0.00321280209548358,1093,-618,763.0,647.0,1.64,0.32,0.6,2.0351715895509646,1.012322454469242,1.2300386360553819,2022,2,1,15
2022-02-16,49546,1.4020366569333913,1.4004050596956932,1.4181808917676741,-0.36098377038946594,0.43,False,False,False,False,49332.0,49827.0,16140.0,48876.857142857145,48167.333333333336,578.5243955036411,561.4658360520394,-0.009934372930338942,0.016379732375979117,416,214,1093.0,-618.0,-0.99,1.64,0.32,2.173444653918664,1.0147303942407124,0.9249975070882009,2022,2,2,16
2022-02-17,50277,1.4178960798959865,1.4826710168985873,1.4501361180722285,0.26449235335461213,1.48,False,False,False,False,49546.0,49332.0,9160.0,49073.71428571428,48226.76666666667,529.488342425296,609.5034543919156,0.004337955079867006,-0.009934372930338942,899,795,416.0,214.0,0.43,-0.99,1.64,1.1064138180939727,1.0175617748728945,0.948768921282435,2022,2,3,17
2022-02-18,50034,1.464417053919599,1.4613428057719111,1.479747961114449,-0.16496561195115086,-0.48,False,False,False,False,50277.0,49546.0,16180.0,49349.71428571428,48303.53333333333,586.7690386892389,712.8406376664931,0.014753966011383346,0.004337955079867006,418,112,899.0,795.0,1.48,0.43,-0.99,1.6359959555106167,1.0216584767238757,1.093431479179361,2022,2,4,18
2022-02-21,49998,1.4832369025018788,1.4531477295754542,1.4747416423267354,-0.35385583735534537,-0.07,False,False,False,False,50034.0,50277.0,11360.0,49558.142857142855,48388.03333333333,521.1773302113238,762.6890939426809,-0.004833223939375908,0.014753966011383346,387,-102,418.0,112.0,-0.48,1.48,0.43,1.0305724394447973,1.0241817954399783,0.9382310930152894,2022,2,0,21
2022-02-22,50186,1.4885233768227437,1.5032637724691713,1.5011579627385006,0.19944996441826215,0.38,False,False,False,False,49998.0,50034.0,9240.0,49719.71428571428,48471.933333333334,440.2297560338642,797.1339148204826,-0.0007195107327017114,-0.004833223939375908,616,36,387.0,-102.0,-0.07,-0.48,1.48,0.8280311855901067,1.025742339258477,0.8759640206770218,2022,2,1,22
2022-02-23,50226,1.4923296383337665,1.4709037280011108,1.4893345290058153,-0.42869913421361117,0.08,False,False,False,False,50186.0,49998.0,15450.0,49885.71428571428,48562.433333333334,342.3753857453919,832.8948554445409,0.003760150406016294,-0.0007195107327017114,419,40,616.0,36.0,0.38,-0.07,-0.48,1.2973381476194474,1.0272490660280122,0.8810248354084962,2022,2,2,23
2022-02-24,51403,1.510726568970377,1.7194877059603029,1.5436584137235578,1.030745154522571,2.34,False,False,True,False,50226.0,50186.0,8400.0,49942.71428571428,48646.833333333336,363.5311606510608,869.3493041578656,0.0007970350296895301,0.003760150406016294,2275,1043,419.0,40.0,0.08,0.38,-0.07,0.7102993404363267,1.0266385469224981,0.8517446571723155,2022,2,3,24
2022-02-25,50039,1.597424747832564,1.5666180153725495,1.4933821910043923,-0.18011246964865704,-2.65,False,False,True,False,51403.0,50226.0,24780.0,50238.57142857143,48766.86666666667,568.5759571508725,989.0390576045703,0.023434077967586564,0.0007970350296895301,1292,-1141,2275.0,1043.0,2.34,0.08,0.38,1.8697653361503055,1.0301783744271333,1.0442031190882122,2022,2,4,25
2022-02-28,50530,1.5445600046239134,1.544554348689781,1.5315154277278273,-0.9811139443579536,0.98,False,False,False,False,50039.0,51403.0,11190.0,50309.0,48842.86666666667,494.15314765338434,996.4938096344307,-0.0265354162208431,0.023434077967586564,724,-150,1292.0,-1141.0,-2.65,2.34,0.08,0.8361978777462262,1.0300173481490984,0.7053938163117511,2022,2,0,28
2022-03-01,51565,1.5961559939955563,1.620831596364495,1.5951063280738906,-1.1325825213330152,2.05,False,False,True,True,50530.0,50039.0,2200.0,50345.142857142855,48933.76666666667,500.6324095843426,1022.407729021973,0.009812346369831637,-0.0265354162208431,853,397,724.0,-150.0,0.98,-2.65,2.34,0.177276390008058,1.0288425822620682,0.7934934875477012,2022,3,1,1
2022-03-02,51133,1.6507124089868839,1.6329140805002968,1.6139599115935779,-1.157530286952437,-0.84,False,False,False,True,51565.0,50530.0,500.0,50563.857142857145,49055.666666666664,653.2211030931522,1110.1353236329562,0.02048288145656052,0.009812346369831637,791,-551,853.0,397.0,2.05,0.98,-2.65,0.04609994468006638,1.0307444700820934,0.9714580617219812,2022,3,2,2
2022-03-03,51569,1.6155044900099225,1.623878483668306,1.6384589184270695,-1.1735681362792083,0.85,False,False,False,True,51133.0,51565.0,220.0,50726.0,49162.566666666666,629.7994389770178,1151.2504650723758,-0.008377775623000128,0.02048288145656052,475,218,791.0,-551.0,-0.84,2.05,0.98,0.022106109324758844,1.0318012959724778,0.837033565498464,2022,3,3,3
2022-03-04,52274,1.6579020140632603,1.6998405361046947,1.6508149392648306,-1.1664402032450878,1.37,False,False,False,True,51569.0,51133.0,40.0,50923.57142857143,49269.26666666667,648.8055325365706,1221.2767466672083,0.008526783095065715,-0.008377775623000128,1082,522,475.0,218.0,0.85,-0.84,2.05,0.004797313504437515,1.0335768091109825,0.8954464111354036,2022,3,4,4
2022-03-07,53461,1.7431199801156052,1.8563875044729095,1.777783705114927,1.7416673755131693,2.27,False,False,True,False,52274.0,51569.0,120.0,51216.142857142855,49399.333333333336,737.5134865611628,1325.737331170987,0.013671003897690381,0.008526783095065715,1380,903,1082.0,522.0,1.37,0.85,-0.84,0.01663432215137233,1.0367780170544039,0.9877302426109218,2022,3,0,7
2022-03-08,54146,1.839228083268932,2.0129344728411245,1.861080328348799,3.449787427977232,1.28,False,True,False,False,53461.0,52274.0,32759.0,51510.142857142855,49573.26666666667,1130.115986463168,1499.680999028313,0.022707273214217283,0.013671003897690381,2088,679,1380.0,903.0,2.27,1.37,0.85,3.4245601563888397,1.039070981613938,1.1115189654445359,2022,3,1,8
2022-03-09,52724,1.9656805490240243,1.9679666188400533,1.7810857451663977,3.1031916841931206,-2.63,False,True,True,False,54146.0,53461.0,51930.0,52096.857142857145,49760.23333333333,1293.3689121281868,1702.023089986307,0.012813078692878843,0.022707273214217283,2411,-1939,2088.0,679.0,1.28,2.27,1.37,3.9299525499663233,1.0469576537929648,1.1057270954977545,2022,3,2,9
2022-03-10,53183,1.756018977458516,1.8039600298314737,1.76201912680468,1.7640312654077226,0.87,False,False,False,False,52724.0,54146.0,48040.0,52410.28571428572,49889.833333333336,1102.075574282949,1775.6535092898669,-0.02626232778044546,0.012813078692878843,1029,503,2411.0,-1939.0,-2.63,1.28,2.27,2.79661658293505,1.0505203608140412,0.8291833626489304,2022,3,3,10
2022-03-11,52828,1.7899581425984696,1.7733860917139233,1.742526438758902,1.8549124115927595,-0.67,False,False,False,False,53183.0,52724.0,33010.0,52641.42857142857,50063.46666666667,1064.2692104836465,1835.525758247846,0.008705712768378726,-0.02626232778044546,921,-173,1029.0,503.0,0.87,-2.63,1.28,1.8337971990289372,1.0514938752029805,0.86670250024054,2022,3,4,11
2022-03-14,52238,1.7489351018685566,1.7315701900961047,1.7248445468703817,0.8133431969818944,-1.12,False,False,False,False,52828.0,53183.0,34030.0,52883.57142857143,50236.0,831.1672228760565,1844.2822171640735,-0.006675065340428388,0.008705712768378726,689,-375,921.0,-173.0,-0.67,0.87,-2.63,1.677602551651721,1.0527026719597783,0.7791292493416817,2022,3,0,14
2022-03-15,51522,1.673549978053021,1.6537169662297644,1.6333460822183408,1.1109344011564273,-1.37,False,False,False,False,52238.0,52828.0,22340.0,52979.142857142855,50382.6,679.4312397339102,1821.9198967958819,-0.011168319830393014,-0.006675065340428388,807,-378,689.0,-375.0,-1.12,-0.67,0.87,1.001843140244586,1.0515364998460353,0.6585874536779064,2022,3,1,15
2022-03-16,51105,1.6206852348443703,1.5977172788873089,1.6118295631732742,0.26716532824240735,-0.81,False,False,False,False,51522.0,52238.0,25680.0,52871.71428571428,50501.13333333333,848.0382684551737,1774.329824590867,-0.013706497185956623,-0.011168319830393014,476,-295,807.0,-378.0,-1.37,-1.12,-0.67,1.0347787193404494,1.0469411436122413,0.5144904135542994,2022,3,2,16
2022-03-17,51597,1.6206852348443703,1.6265051106543498,1.6457021030561019,0.13262559222338202,0.96,False,False,False,False,51105.0,51522.0,16210.0,52535.142857142855,50603.0,1024.3756518938776,1715.4423979503126,-0.008093629905671418,-0.013706497185956623,432,197,476.0,-295.0,-0.81,-1.37,-1.12,0.6136455695244152,1.038182377668179,0.4179912143160605,2022,3,3,17
2022-03-18,51383,1.6365446578069656,1.6180999042990094,1.6433587197937678,-0.5472010209058653,-0.41,False,False,False,False,51597.0,51105.0,14700.0,52171.0,50726.76666666667,780.2909713706275,1645.0035674056933,0.009627238039330743,-0.008093629905671418,374,-167,432.0,197.0,0.96,-0.81,-1.37,0.527223754478712,1.0284708336098694,0.5018086314305283,2022,3,4,18
2022-03-21,51546,1.6196279399801974,1.6235632884299807,1.6419739933205706,-0.13467189655613854,0.32,False,False,False,False,51383.0,51597.0,7070.0,51979.42857142857,50836.833333333336,786.4860365682256,1570.6597138710356,-0.004147527957051755,0.009627238039330743,439,156,374.0,-167.0,-0.41,0.96,-0.81,0.2474026223978108,1.022475735862683,0.44244008151146924,2022,3,0,21
2022-03-22,51219,1.641302484695744,1.6361710979629913,1.6096992147529705,0.2662743366131423,-0.63,False,False,False,False,51546.0,51383.0,11700.0,51745.57142857143,50949.433333333334,587.0567426153297,1491.8406747526342,0.0031722554152151528,-0.004147527957051755,862,-376,439.0,156.0,0.32,-0.41,0.96,0.4419931245513959,1.0156260441608724,0.4582165600281492,2022,3,1,22
2022-03-23,51580,1.6035570580447676,1.6128466503269216,1.6228008575378379,-0.13110793003907825,0.7,False,False,False,False,51219.0,51546.0,16200.0,51515.71428571428,51045.23333333333,365.968903184044,1408.7942186744383,-0.006343848213246406,0.0031722554152151528,517,342,862.0,-376.0,-0.63,0.32,-0.41,0.7074853699013014,1.0092169419484998,0.3673261685417902,2022,3,2,23
2022-03-24,51841,1.6488092782313724,1.6445763043183317,1.6655143433649258,0.3518095330225889,0.51,False,False,False,False,51580.0,51219.0,11740.0,51421.71428571428,51145.4,193.29745152069407,1331.8286003406934,0.0070481657197525305,-0.006343848213246406,418,175,517.0,342.0,0.7,-0.63,0.32,0.6093003944363712,1.0054025246789404,0.43211376421559644,2022,3,3,24
2022-03-25,51687,1.676087485727036,1.6447864344772152,1.6695620053635025,-0.20595122689734402,-0.3,False,False,False,False,51841.0,51580.0,17160.0,51467.28571428572,51244.53333333333,250.12977584525416,1265.417819325714,0.005060100814268997,0.0070481657197525305,382,-237,418.0,175.0,0.51,0.7,-0.63,0.9704235706610869,1.0043468515851912,0.49168785570247353,2022,3,4,25
2022-03-28,51442,1.642042591100665,1.6261899154160246,1.6392045403741757,0.06580122002850188,-0.47,False,False,False,False,51687.0,51841.0,10900.0,51550.42857142857,51333.3,201.66957889110412,1195.7656369943313,-0.0029706217086862274,0.005060100814268997,490,-160,382.0,-237.0,-0.3,0.51,0.7,0.7091737150292778,1.004229780112102,0.4251953410271579,2022,3,0,28
2022-03-29,50730,1.6092664503113017,1.578805564587793,1.5415280653032544,0.41506993870040876,-1.38,False,False,False,False,51442.0,51687.0,13950.0,51528.28571428572,51387.13333333333,204.1973835069064,1161.4756290070711,-0.004740070036953203,-0.0029706217086862274,956,-562,490.0,-160.0,-0.47,-0.3,0.51,0.9600165164131856,1.0027468428728408,0.3345226429538021,2022,3,1,29
2022-03-30,51042,1.5709923762282387,1.5837436233215556,1.583602446604251,-0.67461282389077,0.62,False,False,False,False,50730.0,51442.0,17870.0,51435.0,51433.73333333333,366.38231398703005,1102.7371567047908,-0.01384083044982698,-0.004740070036953203,608,112,956.0,-562.0,-1.38,-0.47,-0.3,1.2996363636363637,1.0000246271577928,0.1538017456940046,2022,3,2,30
2022-03-31,51633,1.5889663889191799,1.6304975836731366,1.6018169255978472,-1.1388194627378707,1.16,False,False,False,True,51042.0,50730.0,5640.0,51363.0,51483.6,389.71271470467417,1046.8370291086349,0.00615020697811941,-0.01384083044982698,882,533,608.0,112.0,0.62,-1.38,-0.47,0.44433939966910896,0.9976575064680792,0.2442170638756135,2022,3,3,31
2022-04-01,51264,1.6345357975650368,1.6112706741352953,1.6331330473763104,-1.1593122702109673,-0.71,False,False,False,True,51633.0,51042.0,430.0,51422.142857142855,51528.8,395.5870863155582,1021.9202816583647,0.01157869989420468,0.00615020697811941,405,-267,882.0,533.0,1.16,0.62,-1.38,0.03816793893129771,0.9979301450284667,0.4086022597472208,2022,4,4,1
2022-04-04,51229,1.6004909029386658,1.5798562153822107,1.606503692122515,-1.1602032618402325,-0.07,False,False,False,True,51264.0,51633.0,200.0,51377.0,51569.8,392.5896925151682,983.8448994646657,-0.007146592295624865,0.01157869989420468,356,20,405.0,-267.0,-0.71,1.16,0.62,0.018905378580206068,0.9962613777831211,0.3212786470250159,2022,4,0,4
2022-04-05,51619,1.6101122862026402,1.6737843964031396,1.6253572756422021,-1.1468383874012564,0.76,False,False,False,True,51229.0,51264.0,190.0,51289.57142857143,51610.833333333336,336.1204432691289,940.7563018848009,-0.0006827403245942554,-0.007146592295624865,1073,319,356.0,20.0,-0.07,-0.71,1.16,0.020152736529486636,0.9937753009588702,0.3299585295013869,2022,4,1,5
2022-04-06,51433,1.614235736172915,1.6154732773129656,1.6286593156936728,-0.004587118683438533,-0.36,False,False,False,False,51619.0,51229.0,340.0,51279.857142857145,51658.6,323.4642837464833,901.4761304598336,0.007612875519725115,-0.0006827403245942554,487,94,1073.0,319.0,0.76,-0.07,-0.71,0.04335628666156593,0.9926683484038891,0.4793881410844902,2022,4,2,6
2022-04-07,51681,1.6259717091652353,1.6275557614487675,1.6542234967373164,-0.2914864233067906,0.48,False,False,False,False,51433.0,51619.0,13160.0,51278.57142857143,51698.833333333336,322.72943112887634,861.3763678684037,-0.003603324357310256,0.007612875519725115,362,231,487.0,94.0,-0.36,0.76,-0.07,1.6482965931863727,0.9918709596007278,0.42490268430845707,2022,4,3,7
2022-04-08,51854,1.6441571808290112,1.649514363052094,1.6666860349960926,-0.10794214767818648,0.33,False,False,False,False,51681.0,51433.0,9940.0,51414.42857142857,51708.1,243.83864688923387,859.5775365695849,0.004821807011062829,-0.003603324357310256,454,232,362.0,231.0,0.48,-0.36,0.76,1.3687689341779123,0.9943205913856548,0.5848727339411176,2022,4,4,8
2022-04-11,51985,1.6840171972083338,1.707510286903943,1.7013041968260267,0.22617971329621422,0.25,False,False,False,False,51854.0,51681.0,12000.0,51530.42857142857,51768.6,229.88102513425505,799.8473388797147,0.0033474584470114532,0.004821807011062829,681,-14,454.0,232.0,0.33,0.48,-0.36,1.6277807921866523,0.9953993071365379,0.780468314673175,2022,4,0,11
2022-04-12,52656,1.6946958753364811,1.7330411012082894,1.728998726289974,0.1923220313841416,1.29,False,False,False,False,51985.0,51854.0,15750.0,51580.71428571428,51817.1,287.36893493277444,765.5299876978564,0.0025263239094379664,0.0033474584470114532,664,556,681.0,-14.0,0.25,0.33,0.48,2.085540254237288,0.9954380751858805,0.9227962205013128,2022,4,1,12
2022-04-13,52871,1.7495694787870606,1.7499565789984117,1.780127088377261,-0.34940087920902,0.41,False,False,False,False,52656.0,51985.0,15370.0,51779.57142857143,51853.46666666667,460.906301812114,778.9376378593295,0.012907569491199311,0.0025263239094379664,345,252,664.0,556.0,1.29,0.25,0.33,2.104902766365379,0.998574921932023,1.1986152671914936,2022,4,2,13
2022-04-14,52793,1.7692351632606784,1.7484856678862273,1.7609539525945284,-0.478594665452455,-0.15,False,False,False,False,52871.0,52656.0,9290.0,52014.142857142855,51911.4,544.2929445862026,788.0833405927591,0.004083105439076196,0.012907569491199311,511,-12,345.0,252.0,0.41,1.29,0.25,1.2116864484152863,1.0019791964220355,1.1397563644337299,2022,4,3,14
2022-04-18,53104,1.7845659387911872,1.8080575679297022,1.8195385341528783,0.06045527025291147,0.59,False,False,False,False,52793.0,52871.0,7840.0,52181.857142857145,51952.2,581.8236928196774,801.3184566458069,-0.0014752889107449985,0.004083105439076196,528,154,511.0,-12.0,-0.15,0.41,1.29,0.9324452901998097,1.0044205470193206,1.0019790647329796,2022,4,0,18
2022-04-19,52603,1.7898524131120523,1.7850483155319579,1.7723513166431528,0.18519409835002107,-0.94,False,False,False,False,53104.0,52793.0,13890.0,52420.57142857143,51979.86666666667,565.9478353907547,826.7374904748286,0.005890932509991842,-0.0014752889107449985,752,-397,528.0,154.0,0.59,-0.15,0.41,1.4206811905492482,1.008478374227677,1.027368433331504,2022,4,1,19
2022-04-20,52499,1.738150694253992,1.710031848810545,1.737839672234234,-0.04468174200036661,-0.2,False,False,False,False,52603.0,53104.0,15290.0,52552.28571428572,51951.26666666667,463.079443973825,787.6493151611711,-0.009434317565531813,0.005890932509991842,362,-12,752.0,-397.0,-0.94,0.59,-0.15,1.3546557987064765,1.0115689007445257,0.7984241562165125,2022,4,2,20
2022-04-21,52356,1.736776210930567,1.7050937900767824,1.729105243710989,-0.09814123975627073,-0.27,False,False,False,False,52499.0,52603.0,12710.0,52644.42857142857,51896.36666666667,351.77163859075796,679.3528605894801,-0.0019770735509381243,-0.009434317565531813,397,-142,362.0,-12.0,-0.2,-0.94,0.59,1.0148514851485149,1.014414533286439,0.7344438143980131,2022,4,3,21
2022-04-22,52250,1.7210225174543892,1.718962380563094,1.7292117611320041,0.20301393093532244,-0.2,False,False,False,False,52356.0,52499.0,12110.0,52697.42857142857,51884.1,248.7105795568356,667.1054484158059,-0.002723861406883965,-0.0019770735509381243,528,-99,397.0,-142.0,-0.27,-0.2,-0.94,0.9751187696271841,1.0156758731755697,0.6647985006256287,2022,4,4,22
2022-04-25,51462,1.6973391124969137,1.6659045154450078,1.652306183159043,0.04619940418467037,-1.51,False,False,False,False,52250.0,52356.0,15490.0,52639.42857142857,51853.0,301.6813203533819,624.8747736581565,-0.002024600809840349,-0.002723861406883965,745,-663,528.0,-99.0,-0.2,-0.27,-0.2,1.193926314166795,1.015166500905031,0.6167562239833198,2022,4,0,25
2022-04-26,51655,1.6342186091057849,1.6317583646264375,1.662212303313455,-0.36276575364799607,0.38,False,False,False,False,51462.0,52250.0,13730.0,52438.142857142855,51807.46666666667,515.617891006835,600.6790257281665,-0.015081339712918695,-0.002024600809840349,327,127,745.0,-663.0,-1.51,-0.2,-0.27,1.0443447174260287,1.0121734612991986,0.3290211552056388,2022,4,1,26
2022-04-27,51357,1.6516639743646395,1.6205164011261697,1.6355829480596595,-0.310197247521357,-0.58,False,False,False,False,51655.0,51462.0,9140.0,52275.57142857143,51788.03333333333,562.3690535435493,595.6798771888072,0.0037503400567409084,-0.015081339712918695,470,-336,327.0,127.0,0.38,-1.51,-0.2,0.7320198622457152,1.0094141071567646,0.3953349823862188,2022,4,2,27
2022-04-28,51391,1.6020768452349252,1.5949855868218232,1.6118295631732742,-0.3583107955016707,0.07,False,False,False,False,51357.0,51655.0,9730.0,52026.0,51782.53333333333,519.4599760031219,598.9735319275319,-0.005769044622979336,0.0037503400567409084,450,167,470.0,-336.0,-0.58,0.38,-1.51,0.8161382318402952,1.0047017140914956,0.2558090408547712,2022,4,3,28
2022-04-29,51809,1.6418311321278305,1.6514055344820457,1.6707336969946696,-0.99982476857252,0.81,False,False,False,False,51391.0,51357.0,9190.0,51852.857142857145,51792.066666666666,496.5680311158737,590.0271725637168,0.0006620324395896215,-0.005769044622979336,434,209,450.0,167.0,0.07,-0.58,0.38,0.7714909335124245,1.0011737410785657,0.25345718798990846,2022,4,4,29
2022-05-02,50831,1.5996450670473275,1.6443661741594482,1.566559659241822,-1.115653680376979,-1.89,False,False,True,True,51809.0,51391.0,1990.0,51754.28571428572,51799.13333333333,407.4079504596316,588.8787553490654,0.00813371991204681,0.0006620324395896215,1345,-370,434.0,209.0,0.81,0.07,-0.58,0.17568641299549748,0.9991342013628102,0.42283875012497635,2022,5,0,2
2022-05-03,51022,1.7158417726199413,1.684290904347315,1.5756136400281124,-1.1700041697621482,0.38,False,False,False,True,50831.0,51809.0,690.0,51536.42857142857,51780.73333333333,438.56807041030555,610.5544644163267,-0.018877029087610242,0.00813371991204681,1640,-1278,1345.0,-370.0,-1.89,0.81,0.07,0.06895173378634956,0.9952819370028603,0.04910657852133005,2022,5,1,3
2022-05-04,50836,1.5659173608802082,1.544554348689781,1.5909521486542986,-1.1744591279084735,-0.36,False,False,False,True,51022.0,50831.0,80.0,51361.0,51763.26666666667,340.11713668840997,624.8296282696083,0.0037575495268635795,-0.018877029087610242,166,-46,1640.0,-1278.0,0.38,-1.89,0.81,0.009427292010370021,0.9922287233288986,0.1369048478106493,2022,5,2,4
2022-05-05,51653,1.6522983512831433,1.642264872570613,1.6373937442169177,-1.1762411111670037,1.61,False,False,False,True,50836.0,51022.0,30.0,51271.57142857143,51750.5,388.05491756975636,640.0608133789383,-0.003645486260828612,0.0037575495268635795,660,-46,166.0,-46.0,-0.36,0.38,-1.89,0.004156275976724855,0.9907454310310321,0.10690151399257164,2022,5,3,5
2022-05-06,51381,1.5734241544158367,1.6047566392099066,1.6068232443855606,0.1219336926722012,-0.53,False,False,False,False,51653.0,50836.0,10.0,51271.28571428572,51752.933333333334,387.7261552062518,639.5288100205466,0.01607128806357694,-0.003645486260828612,590,428,660.0,-46.0,1.61,-0.36,0.38,0.0016644474034620505,0.9906933271599236,0.3975805304745888,2022,5,4,6
2022-05-09,51026,1.6201565874122839,1.5914133741208036,1.6091666276478946,-0.02507992615653511,-0.69,False,False,False,False,51381.0,51653.0,14580.0,51274.71428571428,51737.6,388.71528324857843,642.8503660255402,-0.005265909046909156,0.01607128806357694,441,-369,590.0,428.0,-0.53,1.61,-0.36,2.464086530336319,0.991053204743055,0.3062698386607279,2022,5,0,9
2022-05-10,50662,1.5838913735711495,1.563466062989297,1.5675183160309587,-0.009042076829763875,-0.71,False,False,False,False,51026.0,51381.0,12930.0,51222.57142857143,51715.566666666666,394.9476155771398,655.8409018210679,-0.006909168758879702,-0.005265909046909156,566,-390,441.0,-369.0,-0.69,-0.53,1.61,2.2151790303237964,0.9904671790358047,0.20520147701156288,2022,5,1,10
2022-05-11,50862,1.5334584085500969,1.5393010947176933,1.544191000828634,0.15311839969647859,0.39,False,False,False,False,50662.0,51026.0,13110.0,51058.71428571428,51689.566666666666,346.00082576637624,681.9994783733149,-0.0071336181554502165,-0.006909168758879702,555,287,566.0,-390.0,-0.71,-0.69,-0.53,2.102983638113571,0.9877953633269825,0.12712159585333063,2022,5,2,11
2022-05-12,50249,1.5653887134481217,1.5536950106012137,1.5266156263611288,0.09431295216498407,-1.21,False,False,False,False,50862.0,50662.0,14930.0,51063.142857142855,51693.96666666667,342.7839108334175,675.9946175704594,0.003947732027949957,-0.0071336181554502165,857,-628,555.0,287.0,0.39,-0.71,-0.69,2.210541901095647,0.9877969548440441,0.22145868559418205,2022,5,3,12
2022-05-13,49944,1.504382799785339,1.4743708756226888,1.4783632346412516,-0.0651745494734632,-0.61,False,False,False,False,50249.0,50862.0,14270.0,50952.71428571428,51667.53333333333,462.0208199829034,716.6492785885399,-0.012052219731823355,0.003947732027949957,555,-356,857.0,-628.0,-1.21,0.39,-0.71,1.9650234095290553,0.9861650246972815,0.07456072601945282,2022,5,4,13
2022-05-16,50291,1.482708255069792,1.4781532184825918,1.4690962190129309,-0.020624968010209768,0.69,False,False,False,False,49944.0,50249.0,12480.0,50825.28571428572,51611.23333333333,601.5252043189877,782.7511906298915,-0.0060697725327867325,-0.012052219731823355,678,196,555.0,-356.0,-0.61,-1.21,0.39,1.5016243532667548,0.9847717721843318,0.0394178629329601,2022,5,0,16
2022-05-17,50237,1.5147442894542344,1.5004270153242438,1.5256569695719921,-0.17833048639012689,-0.11,False,False,False,False,50291.0,49944.0,12980.0,50630.71428571428,51578.8,501.0554574405781,817.0419902237809,0.00694778151529718,-0.0060697725327867325,359,-161,678.0,196.0,0.69,-0.61,-1.21,1.3605870020964361,0.9816186938376674,0.163958297855948,2022,5,1,17
2022-05-18,50235,1.4894749422004994,1.484141928010772,1.4957255742667261,0.022142630194513523,0.0,False,False,False,False,50237.0,50291.0,11210.0,50467.28571428572,51545.73333333333,389.75621196371935,851.0528138428065,-0.0010737507705156357,0.00694778151529718,485,76,359.0,-161.0,-0.11,0.69,-0.61,1.0522857411057918,0.9790778489448668,0.1727011700358689,2022,5,2,18
2022-05-19,50579,1.5090348971877001,1.5245919835958475,1.514366122944383,0.1869760816085512,0.68,False,False,False,False,50235.0,50237.0,13460.0,50354.28571428572,51499.6,306.5592462004133,883.824783693918,-3.9811294464286995e-05,-0.0010737507705156357,695,235,485.0,76.0,0.0,-0.11,0.69,1.1220406802267422,0.9777607149237221,0.1942946638601394,2022,5,3,19
2022-05-20,50842,1.5309209008760816,1.5357288820166735,1.560062096559896,-0.12932594678054812,0.52,False,False,False,False,50579.0,50235.0,15310.0,50342.42857142857,51471.13333333333,294.02259388808676,899.6550961061488,0.006847815268239188,-3.9811294464286995e-05,372,291,695.0,235.0,0.68,0.0,-0.11,1.1318941298240426,0.97807111114894,0.3369846177878516,2022,5,4,20
2022-05-23,50934,1.5629569352605237,1.5650420391809232,1.5934020493376477,-0.2852494819019351,0.18,False,False,False,False,50842.0,50579.0,11760.0,50339.57142857143,51443.166666666664,288.1711627661799,905.9249448728461,0.005199786472646739,0.006847815268239188,338,80,372.0,291.0,0.52,0.68,0.0,0.8879492600422833,0.9785472919028072,0.4662792484320109,2022,5,0,23
2022-05-24,51146,1.565177254475287,1.572816855059613,1.5985148855463764,-0.28703146516046524,0.42,False,False,False,False,50934.0,50842.0,10010.0,50437.42857142857,51412.5,359.7141722488656,907.1089639120199,0.0018095275559577573,0.005199786472646739,364,271,338.0,80.0,0.18,0.52,0.68,0.7728536133415689,0.9810343510124692,0.5206543419546704,2022,5,1,24
2022-05-25,50815,1.5889663889191799,1.5627306074332046,1.5798743368687196,-0.231789984146031,-0.65,False,False,False,False,51146.0,50934.0,9990.0,50609.142857142855,51384.53333333333,371.61065134477826,901.7675261729682,0.004162249185220013,0.0018095275559577573,443,-285,364.0,271.0,0.42,0.18,0.52,0.7903481012658228,0.9849100414873773,0.6385770381410125,2022,5,2,25
2022-05-26,50858,1.5572475429939896,1.5390909645588098,1.5708203560824292,-0.5489830041643954,0.08,False,False,False,False,50815.0,51146.0,10610.0,50684.0,51323.166666666664,348.9278817593781,874.4874393637378,-0.006471669338755759,0.004162249185220013,303,58,443.0,-285.0,-0.65,0.42,0.18,0.8691022280471822,0.9875462348062441,0.48875649593704784,2022,5,3,26
2022-05-27,50961,1.5731069659565848,1.5590533296527431,1.5972366764941943,-0.28168551538487485,0.2,False,False,False,False,50858.0,50815.0,7050.0,50772.71428571428,51256.066666666666,290.36741913938226,827.5981005824691,0.0008462068286922975,-0.006471669338755759,245,11,303.0,58.0,0.08,-0.65,0.42,0.6137907017238378,0.9905698503145829,0.524822862671433,2022,5,4,27
2022-05-30,50908,1.588649200459928,1.5597887852088355,1.5942541887057693,-0.9098346140167481,-0.1,False,False,False,False,50961.0,50858.0,10050.0,50876.42857142857,51195.0,171.70600567070983,776.2790557586583,0.002025246765503974,0.0008462068286922975,280,-189,245.0,11.0,0.2,0.08,-0.65,0.8938895312638976,0.9937772940995913,0.6153093861782495,2022,5,0,30
2022-05-31,50924,1.5657059019073736,1.577124523316725,1.5857327950245546,-1.1468383874012564,0.03,False,False,False,True,50908.0,50961.0,3000.0,50923.42857142857,51121.8,111.03131262573888,688.6520266352736,-0.001040010988795359,0.002025246765503974,525,44,280.0,-189.0,-0.1,0.2,0.08,0.29282576866764276,0.9961196313789532,0.5811219054914041,2022,5,1,31
2022-06-01,50504,1.5413881200313944,1.5318414740773287,1.5390781646199052,-1.1637672283572926,-0.82,False,False,False,True,50924.0,50908.0,340.0,50935.142857142855,51065.833333333336,105.17989126374337,629.8387907191969,0.00031429244912395404,-0.001040010988795359,532,-146,525.0,44.0,0.03,-0.1,0.2,0.037126010045861545,0.9974407452564732,0.5941574610583529,2022,6,2,1
2022-06-02,51078,1.5678204916357197,1.578805564587793,1.601177821071756,-1.1762411111670037,1.14,False,False,False,True,50504.0,50924.0,150.0,50873.71428571428,50999.333333333336,194.01264073338453,576.3509666664776,-0.008247584635928007,0.00031429244912395404,396,178,532.0,-146.0,-0.82,0.03,-0.1,0.019164430816404752,0.9975368492211849,0.3533027513197262,2022,6,3,2
2022-06-03,51287,1.68729481128727,1.6559233328980412,1.6150250858037296,-1.1735681362792083,0.41,False,False,False,True,51078.0,50504.0,10.0,50864.0,50956.73333333333,179.2475011516265,516.7682688342403,0.011365436401077122,-0.008247584635928007,1000,-743,396.0,178.0,1.14,-0.82,0.03,0.001588057805304113,0.9981801554521418,0.7393242377293688,2022,6,4,3
2022-06-06,50871,1.587591905595755,1.5603141106060443,1.5926564273905415,-0.504433422701142,-0.81,False,False,False,False,51287.0,51078.0,40.0,50931.42857142857,50924.63333333333,237.16369673721724,460.51167069505806,0.004091781197384403,0.011365436401077122,300,-216,1000.0,-743.0,0.41,1.14,-0.82,0.007804878048780488,1.0001334371531114,0.8916015629916613,2022,6,0,6
2022-06-07,50929,1.55957359169517,1.5508582534562863,1.5777439884484161,-0.3574198038724057,0.11,False,False,False,False,50871.0,51287.0,7550.0,50933.28571428572,50904.933333333334,236.54295895463744,449.2342091920691,-0.008111217267533721,0.004091781197384403,350,107,300.0,-216.0,-0.81,0.41,1.14,1.5474482475917195,1.0005569672543666,0.6127228120499362,2022,6,1,7
2022-06-08,51036,1.5641199596111142,1.5585280042555343,1.5942541887057693,-0.5053244143304071,0.21,False,False,False,False,50929.0,50871.0,9200.0,50928.71428571428,50880.73333333333,236.22709010120187,426.41002877448807,0.0011401387824103715,-0.008111217267533721,268,171,350.0,107.0,0.11,-0.81,0.41,1.9166666666666667,1.000943008271257,0.6426244793025454,2022,6,2,8
2022-06-09,50971,1.583362726139063,1.5576874836200003,1.5910586660753137,-0.45721086635009334,-0.13,False,False,False,False,51036.0,50929.0,7540.0,50947.0,50870.03333333333,239.2906182917453,417.9912128487522,0.0021009640872586832,0.0011401387824103715,290,-76,268.0,171.0,0.21,0.11,-0.81,1.6781660360560873,1.0015130060199162,0.7073847949821226,2022,6,3,9
2022-06-10,51645,1.5670803852307986,1.623878483668306,1.554310155825076,0.9327360753034135,1.32,False,False,False,False,50971.0,51036.0,8080.0,50953.71428571428,50856.03333333333,239.1970695842338,406.8250054424563,-0.0012736107845442435,0.0021009640872586832,1265,752,290.0,-76.0,-0.13,0.21,0.11,1.7580504786771105,1.001920734787566,0.644340540666536,2022,6,4,10
2022-06-13,50682,1.6267118155701565,1.6142124963596645,1.5692225947672016,0.5415907500560485,-1.86,False,False,True,False,51645.0,50971.0,23680.0,51116.71428571428,50850.566666666666,268.62037295107416,394.4930123302476,0.013223205352062894,-0.0012736107845442435,1033,-775,1265.0,752.0,1.32,-0.13,0.21,3.9738211109246517,1.0052339164830209,1.0684729837197422,2022,6,0,13
2022-06-14,50251,1.5392735303030483,1.514085475651672,1.5266156263611288,-0.21307915993146456,-0.85,False,False,False,False,50682.0,51645.0,19290.0,51060.142857142855,50845.6,315.70472944341174,395.68400836847417,-0.018646529189660144,0.013223205352062894,480,-379,1033.0,-775.0,-1.86,1.32,-0.13,2.5421718502899315,1.0042194970094336,0.35401688013376015,2022,6,1,14
2022-06-15,50433,1.5147442894542344,1.5298452375679352,1.534284880674222,0.08985799401865872,0.36,False,False,False,False,50251.0,50682.0,10820.0,50912.142857142855,50819.9,417.9188232893843,408.65746131135455,-0.008504005366796852,-0.018646529189660144,558,35,480.0,-379.0,-0.85,-1.86,1.32,1.252894858730894,1.0018150932438445,0.020402269535223026,2022,6,2,15
2022-06-16,50945,1.554604305833557,1.5519089042507037,1.5390781646199052,0.3339897004372875,1.02,False,False,False,False,50433.0,50251.0,14220.0,50849.57142857143,50806.46666666667,456.1461232069364,414.6891426758824,0.003621818471274185,-0.008504005366796852,723,170,558.0,35.0,0.36,-0.85,-1.86,1.415911580205118,1.000848410935316,0.13277181948353942,2022,6,3,16
2022-06-17,50824,1.5666574672851294,1.5613647614004618,1.5905260789702378,-0.22555304274117552,-0.24,False,False,False,False,50945.0,50433.0,16960.0,50851.857142857145,50782.86666666667,456.65027777601154,383.8511505035712,0.0101520829615529,0.003621818471274185,330,-65,723.0,170.0,1.02,0.36,-0.85,1.44487987732152,1.0013585384346915,0.5369298057716639,2022,6,4,17
2022-06-20,50748,1.5622168288556026,1.540666940750436,1.5810460284998866,-0.6657029075981193,-0.15,False,False,False,False,50824.0,50945.0,10680.0,50821.57142857143,50764.3,449.3743269443789,367.02420759577603,-0.0023751104131907175,0.0101520829615529,222,-99,330.0,-65.0,-0.24,1.02,0.36,0.834244649273551,1.0011281831635899,0.4361742428999365,2022,6,0,20
2022-06-21,50775,1.5625340173148545,1.541927721703737,1.578276575553492,-0.5293811883205639,0.05,False,False,False,False,50748.0,50824.0,5740.0,50789.71428571428,50755.03333333333,444.8976340286917,363.68321600671385,-0.001495356524476632,-0.0023751104131907175,260,-75,222.0,-99.0,-0.15,-0.24,1.02,0.4547975596228508,1.000683300750749,0.380944469575222,2022,6,1,21
2022-06-22,50898,1.550692314836117,1.5580026788583257,1.5629380669273059,0.10144088519910462,0.24,False,False,False,False,50775.0,50748.0,7270.0,50665.42857142857,50758.8,240.89337693266828,363.2713814044736,0.0005320406715536574,-0.001495356524476632,557,160,260.0,-75.0,0.05,-0.15,-0.24,0.5849694238815578,0.9981604878647361,0.4174931488517697,2022,6,2,22
2022-06-23,50608,1.558093378885328,1.548441756629126,1.566559659241822,-0.04289975874183648,-0.57,False,False,False,False,50898.0,50775.0,14350.0,50696.28571428572,50760.0,256.6863938044134,363.6832649946511,0.0024224519940916345,0.0005320406715536574,432,-200,557.0,160.0,0.24,0.05,-0.15,1.0946677854908842,0.9987447934256446,0.5183418847464316,2022,6,3,23
2022-06-24,50614,1.5339870559821833,1.5177627534321334,1.5523928422468027,-0.44028202539405703,0.01,False,False,False,False,50608.0,50898.0,12730.0,50747.28571428572,50771.96666666667,176.36866151422993,352.0083740454029,-0.005697669849502929,0.0024224519940916345,273,34,432.0,-200.0,-0.57,0.24,0.05,0.9378223073522911,0.9995138862249913,0.28708726803197027,2022,6,4,24
2022-06-27,50681,1.5522782571323763,1.541927721703737,1.570074734135323,-0.4723577240475995,0.13,False,False,False,False,50614.0,50608.0,8270.0,50773.142857142855,50794.3,129.7079136350684,317.19939882742113,0.00011855833069862598,-0.005697669849502929,337,-72,273.0,34.0,0.01,-0.57,0.24,0.6872766558630433,0.999583474073722,0.30911223931586196,2022,6,0,27
2022-06-28,50824,1.5540756584014705,1.5403517455121107,1.5828568246571448,-0.5525469706814556,0.28,False,False,False,False,50681.0,50614.0,7910.0,50735.42857142857,50807.3,107.96891088040009,303.55958909861124,0.001323744418540329,0.00011855833069862598,202,54,337.0,-72.0,0.13,0.01,-0.57,0.7260211106011932,0.9985854113764866,0.37417486587116755,2022,6,1,28
2022-06-29,50836,1.5561902481298164,1.5656724296575737,1.584135033709327,-0.921417505197194,0.02,False,False,False,False,50824.0,50681.0,7010.0,50735.42857142857,50826.86666666667,107.96891088040009,283.80757605404074,0.0028215702136895615,0.001323744418540329,431,46,202.0,54.0,0.28,0.13,0.01,0.6667300741867985,0.9982009889407946,0.4949291268094803,2022,6,2,29
2022-06-30,50719,1.5625340173148545,1.5516987740918202,1.5681574205570497,-1.1388194627378707,-0.23,False,False,False,True,50836.0,50824.0,2870.0,50748.0,50846.9,114.59639320567351,260.87338056121905,0.00023610892491743307,0.0028215702136895615,448,-131,431.0,46.0,0.02,0.28,0.13,0.3060027721505491,0.9980549453359004,0.49087462045904695,2022,6,3,30
2022-07-01,52227,1.6333727732144465,1.828755388579728,1.6318548383241283,-1.1637672283572926,2.97,False,False,True,True,50719.0,50836.0,430.0,50740.0,50851.566666666666,114.35179638181528,257.1412711509306,-0.002301518608859854,0.00023610892491743307,2487,707,448.0,-131.0,-0.23,0.02,0.28,0.05565622573129692,0.9978060328524785,0.4059431588156592,2022,7,4,1
2022-07-04,51808,1.74724343008588,1.7154952329415163,1.6566733974206655,-1.1655492116158228,-0.8,False,False,False,True,52227.0,50719.0,150.0,50929.857142857145,50897.73333333333,579.1290669556479,359.37262702277576,0.029732447406297435,-0.002301518608859854,1176,-789,2487.0,707.0,2.97,-0.23,0.02,0.02247864528697737,1.0006311442066278,1.3080122453303016,2022,7,0,4
2022-07-05,52238,1.7651117132904037,1.7332512313671729,1.7182404667674405,-1.1753501195377385,0.83,False,False,False,True,51808.0,52227.0,130.0,51101.28571428572,50926.86666666667,642.1541129389212,395.9762909370757,-0.008022670266337295,0.029732447406297435,767,-528,1176.0,-789.0,-0.8,2.97,-0.23,0.021269633507853405,1.0034248925770493,0.9738263647901972,2022,7,1,5
2022-07-06,50581,1.6257602501924007,1.6102200233408779,1.560168613980911,0.4818943108952889,-3.17,False,False,True,False,52238.0,51808.0,20.0,51333.28571428572,50963.26666666667,724.8074949698068,461.572345229687,0.008299876466954847,-0.008022670266337295,1080,-867,767.0,-528.0,0.83,-0.8,2.97,0.0037126415444588825,1.0072605049052137,1.0660348906703547,2022,7,2,6
2022-07-07,50691,1.5510095032953688,1.538145378843834,1.5699682167143079,-0.3315810466237187,0.22,False,False,False,False,50581.0,52238.0,18620.0,51319.0,50955.46666666667,740.6195604599116,466.11902677557924,-0.031720203683142545,0.008299876466954847,302,-50,1080.0,-867.0,-3.17,0.83,-0.8,3.2026143790849675,1.0071343342945211,0.3281695435349438,2022,7,3,7
2022-07-08,50832,1.5477318892164325,1.5508582534562863,1.5490908021953322,-0.06339256621493305,0.28,False,False,False,False,50691.0,50581.0,9490.0,51300.0,50949.9,756.9605890241775,468.31520110069414,0.002174729641565065,-0.031720203683142545,619,122,302.0,-50.0,0.22,-3.17,0.83,1.7285974499089254,1.0068714560774408,0.38429118549566765,2022,7,4,8
2022-07-11,50709,1.5561902481298164,1.5388808343999263,1.57721140134334,-0.5418550711302749,-0.24,False,False,False,False,50832.0,50691.0,12500.0,51299.42857142857,50945.6,757.3706395925194,468.8017447256846,0.002781558856601807,0.002174729641565065,241,-81,619.0,122.0,0.28,0.22,-3.17,2.1139861322509725,1.0069452233643057,0.46345579781825486,2022,7,0,11
2022-07-12,50532,1.552489716105211,1.5293199121707266,1.5598490617178655,-0.2656476660581036,-0.35,False,False,False,False,50709.0,50832.0,7130.0,51298.0,50938.96666666667,758.6562682373549,470.75592059727364,-0.0024197355996222747,0.002781558856601807,313,-223,241.0,-81.0,-0.24,0.28,0.22,1.221936589545844,1.0070483042124267,0.4056509610828484,2022,7,1,12
2022-07-13,50849,1.5308151713896643,1.5456049994841985,1.5266156263611288,0.30102301015447996,0.63,False,False,False,False,50532.0,50709.0,10230.0,51055.857142857145,50925.9,679.0482134524291,476.58985113268477,-0.0034905046441460197,-0.0024197355996222747,780,299,313.0,-223.0,-0.35,-0.24,0.28,1.6615234692220238,1.0025518870134282,0.3117575530723235,2022,7,2,13
2022-07-14,50323,1.5519610686731244,1.5252223740724982,1.5229940340466128,0.25023648728637105,-1.03,False,False,False,False,50849.0,50532.0,16590.0,50918.857142857145,50937.4,593.3417869937323,470.1777066789178,0.006273252592416734,-0.0034905046441460197,620,-427,780.0,299.0,0.63,-0.35,-0.24,2.2034798778058176,0.9996359677340646,0.45207448390381205,2022,7,3,14
2022-07-15,50212,1.5049114472174254,1.483301407375238,1.5107445306298668,-0.12576198026348784,-0.22,False,False,False,False,50323.0,50849.0,16020.0,50645.28571428572,50912.23333333333,184.0948254685722,482.43861022875956,-0.010344352887962427,0.006273252592416734,336,-93,620.0,-427.0,-1.03,0.63,-0.35,1.7627640845070423,0.9947567097027575,0.22017483898824317,2022,7,4,15
2022-07-18,50457,1.4948671460077818,1.5130348248572545,1.5276808005712808,-0.15961966217556045,0.49,False,False,False,False,50212.0,50323.0,11800.0,50592.57142857143,50876.4,247.48660377889328,493.4403922313577,-0.0022057508495121336,-0.010344352887962427,460,247,336.0,-93.0,-0.22,-1.03,0.63,1.150882668487272,0.9944212135404908,0.19532650412372554,2022,7,0,18
2022-07-19,50395,1.5169646086689978,1.4993763645298264,1.537267368462647,-0.5489830041643954,-0.12,False,False,False,False,50457.0,50212.0,11420.0,50559.142857142855,50862.6,247.77908748089186,499.350377987022,0.00487931171831435,-0.0022057508495121336,240,-24,460.0,247.0,0.49,-0.22,-1.03,1.0033386048146196,0.9940337862622606,0.3153193838611804,2022,7,1,19
2022-07-20,50309,1.513475535617227,1.498325713735409,1.5351370200423433,-0.47948565708172003,-0.17,False,False,False,False,50395.0,50457.0,7050.0,50496.71428571428,50844.8,221.20029708603477,506.37007047380365,-0.0012287690508749893,0.00487931171831435,250,-77,240.0,-24.0,-0.12,0.49,-0.22,0.5833678113363674,0.9931539564658388,0.2996224706316203,2022,7,2,20
2022-07-21,50427,1.4996249728965603,1.4980105184970836,1.4808131353246008,0.4720934029733731,0.23,False,False,False,False,50309.0,50395.0,7830.0,50439.57142857143,50820.566666666666,208.52326580821367,514.239155637906,-0.001706518503819865,-0.0012287690508749893,757,172,250.0,-77.0,-0.17,-0.12,0.49,0.7114301290205343,0.9925031288888573,0.2796692634087467,2022,7,3,21
2022-07-22,50720,1.5170703381554151,1.5384605740821593,1.5457887621438615,-0.18991337757057278,0.58,False,False,False,False,50427.0,50309.0,18510.0,50424.57142857143,50802.433333333334,204.50416226404997,518.3267298204483,0.0023455047804568085,-0.001706518503819865,532,300,757.0,172.0,0.23,-0.17,-0.12,1.554417198522002,0.9925621298042435,0.33559064777935455,2022,7,4,22
2022-07-25,50567,1.550375126376865,1.5294249772501682,1.5559079171403039,-0.40286037696492416,-0.3,False,False,False,False,50720.0,50427.0,11080.0,50406.142857142855,50771.6,161.08634183621996,493.3897948386849,0.005810379360263296,0.0023455047804568085,351,-168,532.0,300.0,0.58,0.23,-0.17,0.9416964133945266,0.9928019376411784,0.45796618872046535,2022,7,0,25
2022-07-26,50612,1.5339870559821833,1.5198640550209686,1.5586773700866985,-0.5855136609642632,0.09,False,False,False,False,50567.0,50720.0,8690.0,50441.0,50767.76666666667,166.4081328211989,494.5552989039227,-0.0030165615141956037,0.005810379360263296,234,32,351.0,-168.0,-0.3,0.58,0.23,0.7289045462170777,0.9935635012504653,0.39545718669789715,2022,7,1,26
2022-07-27,50722,1.534938621359939,1.5224906820070125,1.561233788191063,-0.557001928827781,0.22,False,False,False,False,50612.0,50567.0,6640.0,50498.142857142855,50779.8,141.47606226092103,485.86342624373776,0.0008899084383096056,-0.0030165615141956037,235,133,234.0,32.0,0.09,-0.3,0.58,0.574245438035112,0.994453362501287,0.41933759440818463,2022,7,2,27
2022-07-28,51274,1.5678204916357197,1.583953753480439,1.5986214029673915,-0.3012873312287063,1.09,False,False,False,False,50722.0,50612.0,6960.0,50536.0,50789.433333333334,162.5217934177416,481.59653189782847,0.002173397613214334,0.0008899084383096056,469,374,235.0,133.0,0.22,0.09,-0.3,0.6566037735849056,0.9950101169337716,0.46841619946757795,2022,7,3,28
2022-07-29,51365,1.6252316027603142,1.5967716931723333,1.6295114550617942,-0.6710488573737098,0.18,False,False,False,False,51274.0,50722.0,9830.0,50661.57142857143,50800.4,308.99452915872604,488.9509248302302,0.010882851622570078,0.002173397613214334,301,-78,469.0,374.0,1.09,0.22,0.09,0.9848712553852319,0.9972671756240389,0.6877558000665609,2022,7,4,29
2022-08-01,51260,1.6734442485666037,1.6421598074911712,1.6142794638566234,-1.0568482328454845,-0.2,False,False,False,False,51365.0,51274.0,5680.0,50812.42857142857,50818.433333333334,361.4935947565926,499.7094799617083,0.0017747786402464438,0.010882851622570078,876,-639,301.0,-78.0,0.18,1.09,0.22,0.606254669655246,0.9998818389015385,0.781692701510087,2022,8,0,1
2022-08-02,51274,1.6247029553282277,1.6030755979388385,1.6224813052747924,-1.1566392953231721,0.03,False,False,False,True,51260.0,51365.0,1350.0,50931.42857142857,50835.5,350.4054114641966,505.9255601465269,-0.002044193516986259,0.0017747786402464438,427,-164,876.0,-639.0,-0.2,0.18,1.09,0.16144463047117916,1.0018870390067685,0.7672485695646035,2022,8,1,2
2022-08-03,51216,1.604825811881775,1.5871057058636917,1.626422449852354,-1.1708951613914131,-0.11,False,False,False,True,51274.0,51260.0,230.0,51010.57142857143,50852.13333333333,357.19082535353147,512.0338575330255,0.00027311744049951514,-0.002044193516986259,238,-34,427.0,-164.0,0.03,-0.2,0.18,0.029947916666666668,1.0031156627038544,0.9100270790852434,2022,8,2,3
2022-08-04,51802,1.6537785640929856,1.6425800678089384,1.6877764843570986,-1.1762411111670037,1.14,False,False,False,True,51216.0,51274.0,70.0,51103.28571428572,50862.73333333333,302.981140388368,516.2900102737085,-0.0011311775948823488,0.00027311744049951514,190,89,238.0,-34.0,-0.11,0.03,-0.2,0.010139049826187718,1.0047294426623892,0.829441086682543,2022,8,3,4
2022-08-05,51641,1.6772505100776265,1.649094102734327,1.6677512092062445,-1.1717861530206783,-0.31,False,False,False,True,51802.0,51216.0,10.0,51273.28571428572,50902.53333333333,314.9934995589503,541.3876635966423,0.011441736957200854,-0.0011311775948823488,440,-294,190.0,89.0,1.14,-0.11,0.03,0.0019786307874950534,1.0072835742481523,1.0814494144724038,2022,8,4,5
2022-08-08,52183,1.6737614370258556,1.6770414138658338,1.6900133501984174,-0.40286037696492416,1.05,False,False,False,False,51641.0,51802.0,60.0,51404.57142857143,50936.76666666667,225.8213579730558,554.8171915935312,-0.0031079881085672723,0.011441736957200854,497,281,440.0,-294.0,-0.31,1.14,-0.11,0.015182186234817813,1.0091840293862016,0.9263380017102182,2022,8,0,8
2022-08-09,52383,1.7130928059730917,1.7030975535673891,1.737946189655249,-0.7619300035587467,0.38,False,False,False,False,52183.0,51641.0,8690.0,51534.42857142857,50986.833333333336,359.82257532958505,597.0999502348748,0.010495536492322044,-0.0031079881085672723,295,109,497.0,281.0,1.05,-0.31,1.14,2.1988866396761133,1.010739934259405,1.0695794827162357,2022,8,1,9
2022-08-10,52184,1.7211282469408065,1.7037279440440396,1.7295313133950498,-0.27812154886781454,-0.38,False,False,False,False,52383.0,52183.0,4660.0,51679.857142857145,51038.8,469.06908822300414,648.1026100080323,0.0038326658107046274,0.010495536492322044,380,-166,295.0,109.0,0.38,1.05,-0.31,1.241342567927544,1.012560192301879,1.0388900607506264,2022,8,2,10
2022-08-11,52246,1.6909953433118756,1.6947974122914904,1.708014794349983,-0.36365674527726116,0.12,False,False,False,False,52184.0,52383.0,10090.0,51811.857142857145,51083.73333333333,461.17004404707427,679.5246276155143,-0.003798942404978689,0.0038326658107046274,497,181,380.0,-166.0,-0.38,0.38,1.05,2.4809441849028766,1.014253535558426,0.903370267870632,2022,8,3,11
2022-08-12,52456,1.7137271828915954,1.703202618646831,1.739117881286416,-0.49819648129628646,0.4,False,False,False,False,52246.0,52184.0,9130.0,51950.71428571428,51134.63333333333,416.3907276799392,707.8614457876293,0.001188103633297466,-0.003798942404978689,285,176,497.0,181.0,0.12,-0.38,0.38,2.2842131598699025,1.0159594564228345,0.8777271423122832,2022,8,4,12
2022-08-16,51821,1.7079120611386438,1.700575991660787,1.693315390249888,-0.18724040268277758,-1.21,False,False,False,False,52456.0,52246.0,7620.0,52127.857142857145,51142.26666666667,298.92553620106077,721.1572086140449,0.004019446464801124,0.001188103633297466,690,-404,285.0,176.0,0.4,0.12,-0.38,1.8181818181818181,1.0192715446621543,0.9013180642116683,2022,8,1,16
2022-08-17,51563,1.665197348626054,1.6468877360660503,1.6658338956279712,-0.3707846783113817,-0.5,False,False,False,False,51821.0,52456.0,11110.0,52130.57142857143,51142.7,295.5406667734601,721.5748174909866,-0.012105383559554705,0.004019446464801124,437,-258,690.0,-404.0,-1.21,0.4,0.12,2.150183859105864,1.0193159811384895,0.6662161670791793,2022,8,2,17
2022-08-18,51642,1.6418311321278305,1.6371166836779671,1.6757400157823832,-0.5213622636571783,0.15,False,False,False,False,51563.0,51821.0,9050.0,52119.42857142857,51120.2,317.7141572497204,696.3257957227172,-0.004978676598290321,-0.012105383559554705,251,42,437.0,-258.0,-0.5,-1.21,0.4,1.4961150603405522,1.0195466483196187,0.559054594759177,2022,8,3,18
2022-08-19,51517,1.6520868923103087,1.6209366614439369,1.6600819548931514,-0.648774066642083,-0.24,False,False,False,False,51642.0,51563.0,7360.0,52042.142857142855,51155.566666666666,362.33935685544037,694.9381854560636,0.0015321063553324077,-0.004978676598290321,244,-180,251.0,42.0,0.15,-0.5,-1.21,1.085866037179109,1.0173309817141345,0.5684382426372345,2022,8,4,19
2022-08-22,51217,1.6260774386516526,1.5968767582517749,1.618220608434185,-0.4385000421355269,-0.58,False,False,False,False,51517.0,51642.0,5930.0,51918.42857142857,51183.1,374.2088797942596,692.2552524022686,-0.002420510437241008,0.0015321063553324077,408,-234,244.0,-180.0,-0.24,0.15,-0.5,0.8046132971506106,1.0143666282704364,0.49769973776252646,2022,8,0,22
2022-08-23,51458,1.6029226811262636,1.607068070957625,1.6256768279052478,-0.4714667324183344,0.47,False,False,False,False,51217.0,51517.0,8290.0,51780.28571428572,51195.933333333334,433.6057019510644,689.0833458058859,-0.00582332045732481,-0.002420510437241008,435,226,408.0,-234.0,-0.58,-0.24,0.15,1.0118393750762846,1.011414039024305,0.352850963547153,2022,8,1,23
2022-08-24,51480,1.6167732438469302,1.6087491122286932,1.6458086204771172,-0.7120344723199029,0.04,False,False,False,False,51458.0,51217.0,7920.0,51667.71428571428,51220.9,392.9282013690629,684.3853194750822,0.004705468887283626,-0.00582332045732481,262,117,435.0,226.0,0.47,-0.58,-0.24,0.9758501724987678,1.0087232806474364,0.43472081306747995,2022,8,2,24
2022-08-25,51628,1.6311524539996831,1.6334394058975057,1.6649817562598497,-0.22109808459485017,0.29,False,False,False,False,51480.0,51458.0,5220.0,51528.28571428572,51252.5,184.44304838560254,673.2757671388875,0.00042753313381793667,0.004705468887283626,317,129,262.0,117.0,0.04,0.47,-0.58,0.6387665198237885,1.0053809221849805,0.4154756329161315,2022,8,3,25
2022-08-26,51242,1.6395050834266498,1.6147378217568733,1.6304701118509308,-0.5240352385449735,-0.75,False,False,False,False,51628.0,51480.0,10730.0,51500.71428571428,51278.46666666667,143.21046783587323,672.1983355339535,0.002874902874902885,0.00042753313381793667,463,-336,317.0,129.0,0.29,0.04,0.47,1.3028169014084507,1.0043341315272223,0.467655963317686,2022,8,4,26
2022-08-29,51181,1.5881205530278415,1.58101193125607,1.5963845371260728,-0.6158073763592755,-0.12,False,False,False,False,51242.0,51628.0,7330.0,51454.857142857145,51309.1,169.01127041216665,647.646367423724,-0.007476563105291656,0.002874902874902885,462,89,463.0,-336.0,-0.75,0.29,0.04,0.9098808341608738,1.002840765923728,0.23198948180900808,2022,8,0,29
2022-08-30,50701,1.5861116927859127,1.562520477274321,1.5702877689773533,-0.9650760950311824,-0.94,False,False,False,False,51181.0,51242.0,6300.0,51389.0,51341.4,173.6874587753774,614.351668354175,-0.0011904297256156715,-0.007476563105291656,531,-372,462.0,89.0,-0.12,-0.75,0.29,0.7950530035335689,1.0009271270358813,0.2069911163572514,2022,8,1,30
2022-08-31,50520,1.5254229675823818,1.5163969073993906,1.549516871879393,-1.167331194874353,-0.36,False,False,False,True,50701.0,51181.0,2380.0,51272.42857142857,51349.53333333333,300.7883293116882,603.763354718976,-0.009378480295422098,-0.0011904297256156715,287,21,531.0,-372.0,-0.94,-0.12,-0.75,0.33754077435824703,0.9984984330548003,-0.008886216295127893,2022,8,2,31
2022-09-01,50169,1.5022682100569928,1.4795190645153347,1.5042469679479407,-1.1637672283572926,-0.69,False,False,False,True,50520.0,50701.0,110.0,51172.857142857145,51353.7,415.63542862259976,597.3460355628564,-0.0035699493106644553,-0.009378480295422098,361,-111,287.0,21.0,-0.36,-0.94,-0.12,0.017865843755075522,0.9964784843712751,-0.02040230837966523,2022,9,3,1
2022-09-02,50313,1.5017395626249064,1.483616602613563,1.5346044329372674,-1.1771321027962687,0.29,False,False,False,True,50169.0,50520.0,150.0,50988.71428571428,51349.03333333333,536.280310500978,606.2692291026193,-0.006947743467933476,-0.0035699493106644553,115,38,361.0,-111.0,-0.69,-0.36,-0.94,0.02759381898454746,0.9929829438992545,-0.0692221693203133,2022,9,4,2
2022-09-05,50604,1.5678204916357197,1.5371997931288581,1.537267368462647,-1.1771321027962687,0.58,False,False,False,True,50313.0,50169.0,0.0,50822.0,51345.23333333333,539.483085928028,612.5721735533349,0.002870298391437043,-0.006947743467933476,600,-296,115.0,38.0,0.29,-0.69,-0.36,0.0,0.9898095051991195,0.06141058805657409,2022,9,0,5
2022-09-06,50354,1.5371589405747024,1.523961593119197,1.5397172691459962,-0.41800723466243034,-0.49,False,False,False,False,50604.0,50313.0,0.0,50675.71428571428,51341.36666666667,407.0920101946372,617.0049171699179,0.005783793452984298,0.002870298391437043,451,-256,600.0,-296.0,0.58,0.29,-0.69,0.0,0.987034774799157,0.20245469524692036,2022,9,1,6
2022-09-07,50570,1.505440094649512,1.5052600089785646,1.512555326787125,-0.2603017162825132,0.43,False,False,False,False,50354.0,50604.0,8520.0,50548.857142857145,51334.26666666667,332.7949461648479,627.3615760645552,-0.0049403209232471434,0.005783793452984298,528,260,451.0,-256.0,-0.49,0.58,0.29,2.0913107511045657,0.9847000926513766,0.15273816756553676,2022,9,2,7
2022-09-08,50429,1.530392253443995,1.5293199121707266,1.5352435374633586,-0.11239710582451182,-0.28,False,False,False,False,50570.0,50354.0,10290.0,50461.57142857143,51332.86666666667,187.98302862225077,629.0734693824111,0.0042896294236802746,-0.0049403209232471434,544,-117,528.0,260.0,0.43,-0.49,0.58,2.246234446627374,0.9830265618370185,0.2523165682166001,2022,9,3,8
2022-09-09,50592,1.5302865239575778,1.5249071788341728,1.5516472202996965,-0.127543963522018,0.32,False,False,False,False,50429.0,50570.0,11950.0,50422.71428571428,51323.1,155.55890019841684,641.0450707667807,-0.0027882143563378037,0.0042896294236802746,348,47,544.0,-117.0,-0.28,0.43,-0.49,2.540931320433766,0.9824565212489947,0.22681359036910284,2022,9,4,9
2022-09-12,50696,1.5311323598489162,1.53131614868012,1.5535645338779698,-0.03398984244918579,0.21,False,False,False,False,50592.0,50429.0,11780.0,50433.0,51300.36666666667,165.14841810435604,654.7918059896364,0.0032322671478712817,-0.0027882143563378037,391,143,348.0,47.0,0.32,-0.28,0.43,2.288267288267288,0.9830923885534281,0.30725980875577014,2022,9,0,12
2022-09-13,50233,1.5443485456510788,1.5138753454927885,1.5148987100494589,0.6021781808460731,-0.91,False,False,False,False,50696.0,50592.0,12830.0,50508.28571428572,51278.066666666666,143.4349031127143,663.8440787679804,0.002055660974066953,0.0032322671478712817,588,-445,391.0,143.0,0.21,0.32,-0.28,2.2116876400620584,0.9849881050043303,0.36535526142086,2022,9,1,13
2022-09-14,50101,1.491060884496759,1.465755539108465,1.5133009487342313,-0.14625478773658443,-0.26,False,False,False,False,50233.0,50696.0,19970.0,50496.857142857145,51243.833333333336,163.3875031722341,690.7432320619926,-0.009132870443427477,0.002055660974066953,145,-73,588.0,-445.0,-0.91,0.21,0.32,2.6415343915343916,0.985423100851624,0.17881175517304906,2022,9,2,14
2022-09-15,49394,1.4747785435884946,1.4447425232201139,1.4262762157648279,0.729589983830978,-1.41,False,False,False,False,50101.0,50233.0,11570.0,50425.0,51204.73333333333,211.83798841497546,721.49160308981,-0.002627754663269144,-0.009132870443427477,762,-626,145.0,-73.0,-0.26,-0.91,0.21,1.3289685274523317,0.9847722411079185,0.1542439612575996,2022,9,3,15
2022-09-16,49451,1.3894548480497324,1.3948366104852803,1.3996468605110324,0.29033111060329914,0.12,False,False,False,False,49394.0,50101.0,21400.0,50287.857142857145,51144.0,446.377056077959,793.5934423367607,-0.014111494780543299,-0.002627754663269144,537,238,762.0,-626.0,-1.41,-0.26,-0.91,1.975810174499123,0.9832601506111596,-0.06789447051996327,2022,9,4,16
2022-09-19,49361,1.4081689671455948,1.3862212739710564,1.4121093987698088,-0.3975144271893337,-0.18,False,False,False,False,49451.0,49394.0,16470.0,50128.0,51065.63333333333,522.3919346005048,841.0373513896719,0.00115398631412722,-0.014111494780543299,338,-29,537.0,238.0,0.12,-1.41,-0.26,1.3199230645936848,0.9816386624011322,0.0277642627421305,2022,9,0,19
2022-09-20,49218,1.4166273260589788,1.3973581723918824,1.4155179562422946,-0.3886045108966831,-0.29,False,False,False,False,49361.0,49451.0,8750.0,49975.42857142857,50989.63333333333,573.3093571972468,888.9051570087178,-0.0018199834179288832,0.00115398631412722,412,-252,338.0,-29.0,-0.18,0.12,-1.41,0.6552834569010709,0.9801095890359787,0.059601764173225685,2022,9,1,20
2022-09-21,49428,1.3882918236991422,1.3951518057236054,1.4153049214002642,0.24756351239857585,0.43,False,False,False,False,49218.0,49361.0,8850.0,49779.142857142855,50890.8,562.1303017919845,916.0623905848611,-0.002897023966289214,-0.0018199834179288832,393,226,412.0,-252.0,-0.29,-0.18,0.12,0.6611385029134917,0.9781560293244133,0.0629548859354177,2022,9,2,21
2022-09-22,49955,1.402671033851895,1.4573503327531243,1.4261696983438126,0.3286437506616971,1.07,False,False,False,False,49428.0,49218.0,15990.0,49598.0,50792.3,397.68664381508944,908.9211926666327,0.0042667316835303115,-0.002897023966289214,883,617,393.0,226.0,0.43,-0.29,-0.18,1.145743766122098,0.9764865934403443,0.17017495190844925,2022,9,3,22
2022-09-23,49382,1.4675889385121181,1.4444273279817885,1.4255305938177216,0.06580122002850188,-1.15,False,False,False,False,49955.0,49428.0,16900.0,49558.28571428572,50718.0,332.1925718075912,881.9379523072547,0.010661972970785749,0.0042667316835303115,766,-570,883.0,617.0,1.07,0.43,-0.29,1.1694692408829839,0.9771340690540975,0.3862806067204833,2022,9,4,23
2022-09-26,49110,1.3880803647263076,1.4028215565228537,1.4041205921936701,0.05065436233099571,-0.55,False,False,False,False,49382.0,49955.0,13950.0,49455.57142857143,50622.53333333333,232.6648928892681,865.6932136881175,-0.01147032329096187,0.010661972970785749,571,-90,766.0,-570.0,-1.15,1.07,0.43,0.9510499045541314,0.9769477774437357,0.17228301144351302,2022,9,0,26
2022-09-27,49160,1.389666307022567,1.3759248961857644,1.4025228308784423,0.1308436089648519,0.1,False,False,False,False,49110.0,49382.0,13780.0,49415.0,50511.0,267.3649191689452,836.3773278123541,-0.005508079867158067,-0.01147032329096187,330,-55,571.0,-90.0,-0.55,-1.15,1.07,0.933414617625144,0.978301756053137,0.08982032836121433,2022,9,1,27
2022-09-28,49726,1.3677803033341858,1.4187914485980004,1.3868647699892107,0.01590568878965804,1.15,False,False,False,False,49160.0,49110.0,14680.0,49373.42857142857,50422.3,283.00050479901415,833.756648112408,0.0010181225819587691,-0.005508079867158067,885,718,330.0,-55.0,0.1,-0.55,-1.15,1.0313334270057608,0.979198262900117,0.15188380148960012,2022,9,2,28
2022-09-29,49902,1.4418966733127139,1.4345512105142637,1.4565271633331394,-1.1272365715574248,0.35,False,False,False,True,49726.0,49160.0,13390.0,49425.57142857143,50361.066666666666,312.4248481099156,814.3223513755468,0.011513425549227074,0.0010181225819587691,381,193,885.0,718.0,1.15,0.1,-0.55,0.9288290788013318,0.9814242370145343,0.41601693500638237,2022,9,3,29
2022-09-30,50029,1.4642055949467645,1.4636542375196298,1.4957255742667261,-1.168222186503618,0.25,False,False,False,True,49902.0,49726.0,560.0,49523.28571428572,50303.066666666666,342.227368033012,781.2354907131397,0.0035393958894742727,0.011513425549227074,290,109,381.0,193.0,0.35,1.15,0.1,0.0454103146286085,0.9844983416707341,0.501383156440363,2022,9,4,30
2022-10-03,50245,1.4853514922302247,1.5004270153242438,1.5146856752074285,-1.1762411111670037,0.43,False,False,False,True,50029.0,49902.0,100.0,49609.142857142855,50253.46666666667,386.8214181325182,748.0367745557246,0.00254498817682669,0.0035393958894742727,462,125,290.0,109.0,0.25,0.35,1.15,0.009350163627863487,0.9871785201646358,0.5663335858946564,2022,10,0,3
2022-10-04,51127,1.557353272480407,1.6210417265233785,1.5905260789702378,-1.1762411111670037,1.76,False,False,True,True,50245.0,50029.0,10.0,49650.57142857143,50221.066666666666,441.6762981904295,725.5769135433147,0.004317495852405706,0.00254498817682669,898,326,462.0,125.0,0.43,0.25,0.35,0.0010182262498727218,0.9886403201691872,0.6803577203220176,2022,10,1,4
2022-10-05,51361,1.6062002952052,1.588681682055318,1.62407906659002,-0.5917506023691187,0.46,False,False,False,False,51127.0,50245.0,10.0,49899.857142857145,50210.03333333333,688.3766964335448,708.4332632658675,0.017553985471191247,0.004317495852405706,275,98,898.0,326.0,1.76,0.43,0.25,0.0011189437171310282,0.9938224261191584,1.0204223756578452,2022,10,2,5
2022-10-06,51711,1.6312581834861004,1.631653299546996,1.665088273680865,-0.056264633180812505,0.68,False,False,False,False,51361.0,51127.0,6570.0,50221.42857142857,50206.066666666666,777.8583541043645,701.3752467669416,0.0045768380699042766,0.017553985471191247,299,211,275.0,98.0,0.46,1.76,0.43,0.8217636022514071,1.0003059770617742,1.0392439212358415,2022,10,3,6
2022-10-07,51716,1.65007803206838,1.639323050346244,1.6566733974206655,0.09876791031130941,0.01,False,False,False,False,51711.0,51361.0,12580.0,50585.857142857145,50208.833333333336,795.0803792863945,707.3162041403102,0.006814509063296947,0.0045768380699042766,451,38,299.0,211.0,0.68,0.46,1.76,1.6633611000925559,1.0075091131279783,1.0594241584572452,2022,10,4,7
2022-10-10,50871,1.6262888976244874,1.5953007820601486,1.5865849343926761,0.15935534110133406,-1.63,False,False,False,False,51716.0,51711.0,14320.0,50870.142857142855,50224.63333333333,792.1549571850868,735.907110108621,9.669122623812143e-05,0.006814509063296947,690,-582,451.0,38.0,0.01,0.68,0.46,1.8842105263157896,1.0128524487082937,0.9895535308429317,2022,10,0,10
2022-10-11,50874,1.5572475429939896,1.5456049994841985,1.5636836888744121,-0.18278544453645224,0.01,False,False,False,False,50871.0,51716.0,15000.0,51008.57142857143,50214.3,670.0273270920162,724.0967810117933,-0.01633923737334675,9.669122623812143e-05,432,74,690.0,-582.0,-1.63,0.01,0.68,1.9425019425019425,1.0158176341912846,0.7341971024967042,2022,10,1,11
2022-10-12,50713,1.532189654713089,1.5272186105818915,1.5638967237164425,-0.4955235064084913,-0.32,False,False,False,False,50874.0,50871.0,11160.0,51129.28571428572,50220.066666666666,524.4307117542246,728.7802248193435,5.897269564192342e-05,-0.01633923737334675,255,150,432.0,74.0,0.01,-1.63,0.01,1.514246947082768,1.0181046961497273,0.7209379219771237,2022,10,2,12
2022-10-13,50615,1.5462516764065901,1.5393010947176933,1.5266156263611288,0.2894401189740341,-0.19,False,False,False,False,50713.0,50874.0,7650.0,51196.142857142855,50226.5,410.3268731872496,732.362250196595,-0.0031646813696584175,5.897269564192342e-05,720,-81,255.0,150.0,-0.32,0.01,-1.63,1.1256621542083578,1.019305403664258,0.6638272002760944,2022,10,3,13
2022-10-14,50067,1.5309209008760816,1.5194437947032016,1.5033948285798193,0.10945980986249024,-1.08,False,False,False,False,50615.0,50713.0,16460.0,51123.0,50241.36666666667,466.495087508043,735.6740977883468,-0.001932443357718916,-0.0031646813696584175,749,-484,720.0,-81.0,-0.19,-0.32,0.01,1.96279513474839,1.0175479568297305,0.6202504528097014,2022,10,4,14
2022-10-17,50231,1.4905322370646725,1.4924420692866704,1.5164964713646867,-0.39484145230153855,0.33,False,False,False,False,50067.0,50615.0,14440.0,50938.142857142855,50233.166666666664,595.1180355130522,736.2189087526712,-0.010826829991109399,-0.001932443357718916,369,62,749.0,-484.0,-1.08,-0.19,-0.32,1.4704684317718941,1.014034078224736,0.4525030214289278,2022,10,0,17
2022-10-18,50192,1.4958187113855375,1.473425289907713,1.514259605523368,-0.5356181297254193,-0.08,False,False,False,False,50231.0,50067.0,8780.0,50726.71428571428,50220.73333333333,534.6059964412793,732.8823555811774,0.0032756106816864694,-0.010826829991109399,209,-27,369.0,62.0,0.33,-1.08,-0.19,0.8207908759465271,1.0100751406599855,0.48756800235005343,2022,10,1,18
2022-10-19,49981,1.4793249115044385,1.4671213851412077,1.4899736335319065,-0.3707846783113817,-0.42,False,False,False,False,50192.0,50231.0,7200.0,50509.0,50215.333333333336,339.17989327547434,732.4632665037802,-0.000776412972069096,0.0032756106816864694,377,-82,209.0,-27.0,-0.08,0.33,-1.08,0.6306937631394534,1.0058481473122418,0.45914821583846543,2022,10,2,19
2022-10-20,49938,1.4594477680579858,1.4602921549774937,1.4899736335319065,-0.2843584902726701,-0.09,False,False,False,False,49981.0,50192.0,9050.0,50381.857142857145,50195.7,347.5727399065512,730.5201335439154,-0.004203857188396554,-0.000776412972069096,312,63,377.0,-82.0,-0.42,-0.08,0.33,0.7758916323731139,1.0037086272899303,0.37982154410145846,2022,10,3,20
2022-10-21,50361,1.4621967347048357,1.4834064724546796,1.464409452488263,0.3509185413933238,0.85,False,False,False,False,49938.0,49981.0,10020.0,50248.142857142855,50179.333333333336,303.9980419774455,730.6132206281914,-0.0008603269242312139,-0.004203857188396554,772,460,312.0,63.0,-0.09,-0.42,-0.08,0.8783309957924264,1.0013712721799715,0.3661163674339579,2022,10,4,21
2022-10-24,50319,1.5101979215382906,1.4898154423006267,1.5340718458321916,-1.078232031947846,-0.08,False,False,False,False,50361.0,49938.0,17150.0,50197.857142857145,50171.63333333333,235.73744475463468,727.3239795717905,0.008470503424246045,-0.0008603269242312139,179,-36,772.0,460.0,0.85,-0.09,-0.42,1.466940381490035,1.0005226819974065,0.487846593568822,2022,10,0,24
2022-10-25,50353,1.5035369638940006,1.4978003883382,1.5145791577864134,-0.3654387285357913,0.07,False,False,False,False,50319.0,50361.0,1110.0,50155.57142857143,50159.066666666666,164.10551194250704,721.1825505793565,-0.0008339786739739452,0.008470503424246045,438,61,179.0,-36.0,-0.08,0.85,-0.09,0.10774606872451951,0.9999303169231902,0.44816236363348483,2022,10,1,25
2022-10-26,50411,1.5255286970687991,1.5014776661186615,1.5437649311445731,-0.7842047942903735,0.12,False,False,False,False,50353.0,50319.0,9110.0,50196.42857142857,50163.066666666666,173.70075527542872,721.9391479405391,0.0006756891035195611,-0.0008339786739739452,199,-89,438.0,61.0,0.07,-0.08,0.85,0.9022481925324354,1.000665069083268,0.4309565612874098,2022,10,2,26
2022-10-27,50450,1.5161187727776593,1.5004270153242438,1.5404628910931024,-0.3761306280869721,0.08,False,False,False,False,50411.0,50353.0,4410.0,50222.142857142855,50173.4,192.0281477443276,723.2375295390233,0.0011518678132385052,0.0006756891035195611,220,39,199.0,-89.0,0.12,0.07,-0.08,0.4512432211194106,1.0009714880223954,0.43793886130818005,2022,10,3,27
2022-10-28,49956,1.5210880586392725,1.4946484359549475,1.4865650760594207,-0.19971428549248854,-0.98,False,False,False,False,50450.0,50411.0,8990.0,50259.0,50208.6,209.26458531959642,709.5645872251904,0.000773640673662479,0.0011518678132385052,671,-502,220.0,39.0,0.08,0.12,0.07,0.9960115222690007,1.0010038120959357,0.4409638011144776,2022,10,4,28
2022-10-31,50070,1.4688576923491257,1.4630238470429793,1.496790748476878,-0.6113524182129502,0.23,False,False,False,False,49956.0,50450.0,10970.0,50255.42857142857,50225.433333333334,214.93631393958145,696.8481595491543,-0.009791873141724472,0.000773640673662479,274,106,671.0,-502.0,-0.98,0.08,0.12,1.2639705035142297,1.0005972121314746,0.21738678361868036,2022,10,0,31
2022-11-01,50250,1.4826025255833748,1.4899205073800685,1.5152182623125046,-1.1602032618402325,0.36,False,False,False,True,50070.0,49956.0,6350.0,50274.28571428572,50249.066666666666,186.33277962887846,678.2960869745417,0.002282008167187044,-0.009791873141724472,357,156,274.0,106.0,0.23,-0.98,0.08,0.7527264106211474,1.0005018809162436,0.276288473921907,2022,11,1,1
2022-11-02,50414,1.5124182407530538,1.5203893804181774,1.5421671698293453,-1.1459473957719912,0.33,False,False,False,True,50250.0,50070.0,190.0,50258.42857142857,50283.46666666667,182.40509600867813,649.7714045390879,0.003594967046135489,0.002282008167187044,394,38,357.0,156.0,0.36,0.23,-0.98,0.02456367162249515,0.9995020610769724,0.3745250315657852,2022,11,2,2
2022-11-03,49876,1.4922239088473492,1.4654403438701396,1.485606419270284,-1.1726771446499433,-1.07,False,False,False,True,50414.0,50250.0,350.0,50272.0,50316.333333333336,190.9947643322167,629.6329709892099,0.0032636815920397133,0.003594967046135489,402,-309,394.0,38.0,0.33,0.36,0.23,0.05098324836125273,0.9991189077105512,0.4699681920821562,2022,11,3,3
2022-11-04,50615,1.477738969208179,1.5109335232684193,1.5104249783668213,-1.167331194874353,1.48,False,False,False,True,49876.0,50414.0,50.0,50203.857142857145,50313.7,236.8631310682332,631.35913327376,-0.01067163883048361,0.0032636815920397133,602,567,402.0,-309.0,-1.07,0.33,0.36,0.008520790729379687,0.9978168400029643,0.2049359557110151,2022,11,4,4
2022-11-07,50901,1.5484719956213535,1.5507531883768446,1.5816851330259778,-0.31465220566768237,0.57,False,False,False,False,50615.0,49876.0,110.0,50233.0,50354.8,275.92571464492136,608.3288811013228,0.014816745528911657,-0.01067163883048361,312,184,602.0,567.0,1.48,-1.07,0.33,0.026416906820365033,0.9975811640598313,0.7385421651966341,2022,11,0,7
2022-11-08,51581,1.552172527645959,1.6157884725512908,1.5708203560824292,0.20301393093532244,1.34,False,False,False,False,50901.0,50615.0,9680.0,50297.42857142857,50414.5,371.2339141968895,568.5353687441296,0.005650498863973175,0.014816745528911657,1033,829,312.0,184.0,0.57,1.48,-1.07,1.9279028082055367,0.9976778222818549,0.9703343013090295,2022,11,1,8
2022-11-09,51474,1.6384477885624769,1.6191505550934269,1.6453825507930564,-0.1328899132976084,-0.21,False,False,False,False,51581.0,50901.0,15490.0,50529.57142857143,50495.2,574.5487670482456,556.0116223009335,0.013359266026207628,0.005650498863973175,365,-94,1033.0,829.0,1.34,0.57,1.48,2.737232726630147,1.000680687046916,1.2653409171969972,2022,11,2,9
2022-11-10,52033,1.627980569407164,1.6673754265571925,1.6617862336293943,0.20746888908164776,1.09,False,False,False,False,51474.0,51581.0,11720.0,50730.142857142855,50553.46666666667,629.7849973281026,564.1548291561058,-0.0020744072429770277,0.013359266026207628,670,564,365.0,-94.0,-0.21,1.34,0.57,1.834115805946792,1.00349483827966,1.0779702256454888,2022,11,3,10
2022-11-11,52275,1.687611999746522,1.70015573134302,1.7185600190304862,-0.002805135424908396,0.47,False,False,False,False,52033.0,51474.0,15540.0,50984.857142857145,50624.5,751.9440202078068,611.4732773893782,0.010859851575552693,-0.0020744072429770277,449,242,670.0,564.0,1.09,-0.21,1.34,2.205819730305181,1.0071182360883988,1.161858028513648,2022,11,4,11
2022-11-14,52601,1.7130928059730917,1.7233751138996478,1.7414612645487502,-0.24693684184353717,0.62,False,False,False,False,52275.0,52033.0,13180.0,51250.71428571428,50699.36666666667,840.2727165020676,670.6781685301227,0.004650894624565138,0.010859851575552693,455,327,449.0,242.0,0.47,1.09,-0.21,1.8139278832920451,1.0108748423362477,1.1001406084164456,2022,11,0,14
2022-11-15,52545,1.7491465608413912,1.7420766980402802,1.7717122121170616,0.16648327413545463,-0.11,False,False,False,False,52601.0,52275.0,10440.0,51640.0,50777.9,719.8353978532937,749.0039984212159,0.006236250597800197,0.004650894624565138,349,-70,455.0,327.0,0.62,0.47,1.09,1.3602605863192183,1.0169778584778024,1.0718040081555544,2022,11,1,15
2022-11-16,52883,1.7592965915374523,1.7577313948771016,1.793015696320098,-0.16229263706335567,0.64,False,False,False,False,52545.0,52601.0,15080.0,51915.71428571428,50825.166666666664,625.1998918462589,813.738714452064,-0.0010646185433736965,0.006236250597800197,298,172,349.0,-70.0,-0.11,0.62,0.47,1.6455696202531647,1.0214568429494761,0.9706685074173604,2022,11,2,16
2022-11-17,52698,1.7744159080951263,1.7424969583580472,1.7850268897439594,-0.44028202539405703,-0.35,False,False,False,False,52883.0,52545.0,11390.0,52198.857142857145,50875.9,530.7317051579565,891.9814189319972,0.00643258159672655,-0.0010646185433736965,228,-156,298.0,172.0,0.64,-0.11,0.62,1.109271523178808,1.0260036115893212,0.9784580539201656,2022,11,3,17
2022-11-18,52501,1.763420041507727,1.7414463075636297,1.7621256442256954,-0.4554288830915632,-0.37,False,False,False,False,52698.0,52883.0,8270.0,52358.42857142857,50908.8,479.446158656405,940.7165060863919,-0.0034982886749995723,0.00643258159672655,433,-249,228.0,-156.0,-0.35,0.64,-0.11,0.7457168620378719,1.0284750096531163,0.8824815299952125,2022,11,4,18
2022-11-21,52201,1.726520450748089,1.7068798964272922,1.7253771339754578,-0.3975144271893337,-0.57,False,False,False,False,52501.0,52698.0,8100.0,52505.142857142855,50934.96666666667,278.8813538525026,974.2630630829423,-0.0037382822877528588,-0.0034982886749995723,449,-200,433.0,-249.0,-0.37,-0.35,0.64,0.6813020439061317,1.0308270780022668,0.801127096604031,2022,11,0,21
2022-11-22,52161,1.7103438393262418,1.6931163710204225,1.732087731499414,-0.42869913421361117,-0.08,False,False,False,False,52201.0,52501.0,8750.0,52529.142857142855,50979.3,235.30152895085456,1001.1416293735718,-0.005714176872821497,-0.0037382822877528588,255,-87,449.0,-200.0,-0.57,-0.37,-0.35,0.7417768735164463,1.0304014150281164,0.7091336913784926,2022,11,1,22
2022-11-23,52259,1.684122926694751,1.683870644029548,1.7183469841884558,-0.31465220566768237,0.19,False,False,False,False,52161.0,52201.0,8400.0,52512.857142857145,51022.2,258.6132431384881,1023.7922539783895,-0.0007662688454244115,-0.005714176872821497,296,259,255.0,-87.0,-0.08,-0.57,-0.37,0.7576440876702444,1.0292158539392098,0.6801044774285832,2022,11,2,23
2022-11-24,52494,1.723771484101239,1.710452109128312,1.7582910170691488,-0.6461010917542879,0.45,False,False,False,False,52259.0,52161.0,9680.0,52464.0,51073.73333333333,271.1856682596898,1046.3527107998082,0.0018787983359214167,-0.0007662688454244115,174,119,296.0,259.0,0.19,-0.08,-0.57,0.8894606266654416,1.027220776237231,0.6830973644156533,2022,11,3,24
2022-11-25,52386,1.7422741442242666,1.7137091265910063,1.7475327575466155,-0.6808497652956256,-0.21,False,False,False,False,52494.0,52259.0,5960.0,52456.71428571428,51136.36666666667,269.3255244087062,1073.823316978992,0.004496833081383045,0.0018787983359214167,306,-164,174.0,119.0,0.45,0.19,-0.08,0.6005037783375314,1.0258201296868494,0.7159938078962573,2022,11,4,25
2022-11-28,52148,1.7137271828915954,1.7230599186613225,1.7301704179211408,-0.33514501314077894,-0.45,False,False,False,False,52386.0,52494.0,5570.0,52385.71428571428,51213.666666666664,192.87795302905278,1077.65036020334,-0.002057377986055542,0.004496833081383045,558,-132,306.0,-164.0,-0.21,0.45,0.19,0.6078131820165866,1.0228854463140884,0.6710399468323406,2022,11,0,28
2022-11-29,52357,1.7091808149756513,1.70793054722171,1.740715642601644,-0.895578747948507,0.4,False,False,False,False,52148.0,52386.0,9450.0,52307.142857142855,51277.566666666666,152.1966147014021,1074.2026291634008,-0.004543198564501916,-0.002057377986055542,315,120,558.0,-132.0,-0.45,-0.21,0.45,1.0424710424710424,1.0200784915783743,0.5913967550717752,2022,11,1,29
2022-11-30,52434,1.7331814083923789,1.7193826408808612,1.756693255753921,-1.1192176468940391,0.15,False,False,False,True,52357.0,52148.0,3160.0,52286.57142857143,51349.73333333333,129.69561435802686,1071.4783191934239,0.004007823885863404,-0.004543198564501916,274,-30,315.0,120.0,0.4,-0.45,-0.21,0.40137177695922777,1.0182442640774136,0.6300161584365552,2022,11,2,30
2022-12-01,53339,1.7653231722632383,1.820140052065504,1.795359079582432,-1.1521843371768468,1.73,False,False,False,True,52434.0,52357.0,650.0,52319.857142857145,51431.5,133.90472804660774,1056.923601778208,0.0014706724984243635,0.004007823885863404,870,571,274.0,-30.0,0.15,0.4,-0.45,0.09560229445506692,1.0172726275309323,0.6344451856443818,2022,12,3,1
2022-12-02,53346,1.8158618667707085,1.814991863172858,1.838711669935611,-1.1646582199865578,0.01,False,False,False,True,53339.0,52434.0,280.0,52488.142857142855,51544.86666666667,392.1646884408821,1073.4731171897863,0.017259793263912693,0.0014706724984243635,414,100,870.0,571.0,1.73,0.15,0.4,0.04666666666666667,1.0183000995341829,0.9485711478367194,2022,12,4,2
2022-12-05,53300,1.8581536613376288,1.8350592933462333,1.8248644052036374,-1.1628762367280276,-0.09,False,False,False,True,53346.0,53339.0,140.0,52643.42857142857,51644.36666666667,489.45134492658116,1098.0158432144087,0.0001312360561689374,0.017259793263912693,735,-346,414.0,100.0,0.01,1.73,0.15,0.026902382782475018,1.0193450315928985,0.944546173802305,2022,12,0,5
2022-12-06,53446,1.842717156320703,1.8206653774627128,1.8521328649835238,-0.5676938283789619,0.27,False,False,False,False,53300.0,53346.0,160.0,52758.57142857143,51743.73333333333,540.5749584628641,1108.7712656522347,-0.0008622952048887855,0.0001312360561689374,342,-54,735.0,-346.0,-0.09,0.01,1.73,0.03682393555811277,1.019612772984518,0.9224074288245795,2022,12,1,6
2022-12-07,53665,1.836796305081334,1.8329579917573982,1.867577891030725,-0.6166983679885406,0.41,False,False,False,False,53446.0,53300.0,6840.0,52910.0,51846.833333333336,566.6512743032853,1118.751184419265,0.00273921200750471,-0.0008622952048887855,314,221,342.0,-54.0,0.27,-0.09,0.01,1.6328479350680354,1.0205059132508896,0.9458697352404679,2022,12,2,7
2022-12-08,53741,1.8581536613376288,1.848822818753103,1.8902661017069589,-0.6986695978809269,0.14,False,False,False,False,53665.0,53446.0,6290.0,53126.71428571428,51955.3,514.3260037156876,1132.401846243259,0.004097593833027657,0.00273921200750471,252,95,314.0,221.0,0.41,0.27,-0.09,1.6337662337662338,1.0225465791885386,1.0067199710663988,2022,12,3,8
2022-12-09,53950,1.8807797714309313,1.8718320711508474,1.899852669598325,-0.40375136859418925,0.39,False,False,False,False,53741.0,53665.0,5370.0,53324.42857142857,52065.0,427.8702518099399,1140.9230685158814,0.001416193049473602,0.004097593833027657,381,90,252.0,95.0,0.14,0.41,0.27,1.4165127934581905,1.024189543290667,0.970651503705218,2022,12,4,9
2022-12-12,53791,1.8746474612187278,1.858383740982303,1.9016634657555833,-0.6594659661932639,-0.29,False,False,False,False,53950.0,53741.0,8680.0,53541.0,52198.13333333333,247.85479620735404,1119.1602064994652,0.003889023278316417,0.001416193049473602,236,-11,381.0,90.0,0.39,0.14,0.41,2.1160409556313993,1.0257263350413552,0.9820646255937647,2022,12,0,12
2022-12-13,54376,1.882365713727191,1.9258355219839094,1.9111435162259345,-0.11061512256598169,1.09,False,False,False,False,53791.0,53950.0,5810.0,53605.57142857143,52322.166666666664,245.32349877380352,1080.7055831571788,-0.0029471733086190444,0.003889023278316417,789,501,236.0,-11.0,-0.29,0.39,0.14,1.554307116104869,1.0245288917425965,0.8662509243597422,2022,12,1,13
2022-12-14,54340,1.9430544389307218,1.9184809664229867,1.9582242163146446,-0.6264992759104564,-0.07,False,False,False,False,54376.0,53791.0,11970.0,53752.71428571428,52459.7,350.17315445114616,1070.3964186689345,0.01087542525701335,-0.0029471733086190444,277,-109,789.0,501.0,1.09,-0.29,0.39,2.5914700151547954,1.0246477636302587,1.0021162460764956,2022,12,2,14
2022-12-15,53795,1.9033001520378166,1.8766650648051681,1.8866445093924427,-0.21575213481925978,-1.0,False,False,False,False,54340.0,54376.0,6180.0,53901.28571428572,52590.566666666666,346.69088743667055,1051.4942301733213,-0.0006620567897601681,0.01087542525701335,551,-278,277.0,-109.0,-0.07,1.09,-0.29,1.1948955916473318,1.0249230828016505,0.9247009191545168,2022,12,3,15
2022-12-16,53957,1.8802511239988449,1.8697307695620125,1.8983614257041126,-0.5258172218035037,0.3,False,False,False,False,53795.0,54340.0,10790.0,53951.142857142855,52721.2,290.9120305640062,940.1650405349616,-0.010029444239970542,-0.0006620567897601681,375,102,551.0,-278.0,-1.0,-0.07,1.09,1.7338904065563234,1.0233291893421026,0.7239131815146667,2022,12,4,16
2022-12-19,53945,1.9061548481710837,1.8862259870343678,1.916788939539739,-0.6924326564760714,-0.02,False,False,False,False,53957.0,53795.0,7310.0,53992.857142857145,52832.6,262.6007289788317,877.9329799234159,0.003011432289246274,-0.010029444239970542,359,-155,375.0,102.0,0.3,-1.0,-0.07,1.053314121037464,1.021961007840938,0.7498213040600055,2022,12,0,19
2022-12-20,54541,1.890824072640575,1.931193841035439,1.9265885422731357,-0.28703146516046524,1.1,False,False,False,False,53945.0,53957.0,5440.0,54022.0,52934.066666666666,240.37054728704973,821.0530216518576,-0.00022239931797540802,0.003011432289246274,695,586,359.0,-155.0,-0.02,0.3,-1.0,0.7284413497589716,1.0205526119915216,0.7230479145268579,2022,12,1,20
2022-12-21,54684,1.9513013388712712,1.9521017918443482,1.9847470541474248,-0.6585749745639988,0.26,False,False,False,False,54541.0,53945.0,9990.0,54106.42857142857,53032.73333333333,305.7634473205978,830.6438272881593,0.011048289924923571,-0.00022239931797540802,348,157,695.0,586.0,1.1,-0.02,0.3,1.2835667480406012,1.0202458966492753,0.8763064459818014,2022,12,2,21
2022-12-22,54066,1.9643060657005993,1.9399142426291047,1.9319144133238948,-0.21040618504366937,-1.13,False,False,False,False,54684.0,54541.0,5820.0,54234.0,53139.73333333333,336.9272918644498,829.6793702793223,0.00262188078693093,0.011048289924923571,728,-584,348.0,157.0,0.26,1.1,-0.02,0.7523267838676319,1.0205922498670172,0.8808830432336864,2022,12,3,22
2022-12-23,54104,1.9049918238204933,1.8890627441792953,1.931381826218819,-0.7111434806906378,0.07,False,False,False,False,54066.0,54684.0,10850.0,54189.71428571428,53207.5,335.52233621376485,819.1250483433001,-0.01130129471143293,0.00262188078693093,249,15,728.0,-584.0,-1.13,0.26,1.1,1.309753742153549,1.0184600720897294,0.6623939922107551,2022,12,4,23
2022-12-26,54230,1.9029829635785647,1.8924248267214314,1.936707697269578,-0.9294364298605796,0.23,False,False,False,False,54104.0,54066.0,5230.0,54156.0,53268.46666666667,329.71098455530995,815.3835033081621,0.0007028446713275294,-0.01130129471143293,231,160,249.0,15.0,0.07,-1.13,0.26,0.658773145232397,1.0166615145670923,0.6562507651923621,2022,12,0,26
2022-12-27,54546,1.9265606390496228,1.9553588093070426,1.9547091414211437,-0.5552199455692509,0.58,False,False,False,False,54230.0,54104.0,2780.0,54218.142857142855,53322.76666666667,288.784480527584,823.6009530597236,0.002328848144314666,0.0007028446713275294,661,253,231.0,160.0,0.23,0.07,-1.13,0.3640649554740702,1.016791630413204,0.687762745242027,2022,12,1,27
2022-12-28,54324,1.9432658979035564,1.9159594045163846,1.9445899864247014,-0.7236173635003488,-0.41,False,False,False,False,54546.0,54230.0,6980.0,54302.28571428572,53389.46666666667,285.8068778593302,839.3172403095775,0.005827033007560489,0.002328848144314666,381,-127,661.0,253.0,0.58,0.23,0.07,0.9780019616085189,1.0170973621691741,0.8100916999755198,2022,12,2,28
2022-12-29,54642,1.9281465813458822,1.935501509292551,1.9564134201573866,-0.46086393203008014,0.59,False,False,False,False,54324.0,54546.0,5090.0,54356.42857142857,53437.5,238.89039129014046,850.4923016513679,-0.004069959300406989,0.005827033007560489,456,334,381.0,-127.0,-0.41,0.58,0.23,0.7242458736482641,1.0171963241436925,0.7063825946731146,2022,12,3,29
2022-12-30,54779,1.9626143939179226,1.9542030934331833,1.9863448154626526,-0.9151805637923386,0.25,False,False,False,False,54642.0,54324.0,8039.0,54370.857142857145,53502.3,254.44018850596242,866.1202890870535,0.005853766291141982,-0.004069959300406989,353,145,456.0,334.0,0.59,-0.41,0.58,1.1904515097217492,1.0162340150396738,0.8578537439186809,2022,12,4,30
2023-01-02,55016,1.9907384373049246,1.971013506143864,2.027034470290452,-1.1281275631866898,0.43,False,False,False,True,54779.0,54642.0,2940.0,54384.42857142857,53578.23333333333,275.5817223936098,875.1187380824122,0.00250722887156396,0.005853766291141982,131,116,353.0,145.0,0.25,0.59,-0.41,0.46549185389255693,1.0150470664659574,0.8988396476553122,2023,1,0,2
2023-01-03,55380,2.045612040755504,2.054119983982292,2.0660198463820083,-1.0354644337431227,0.66,False,False,False,False,55016.0,54779.0,550.0,54520.142857142855,53672.066666666666,322.5494425050423,873.2699520716542,0.004326475474178082,0.00250722887156396,556,-39,131.0,116.0,0.43,0.25,0.59,0.09438981276493505,1.0158010720128072,0.9881243627419258,2023,1,1,3
2023-01-04,55688,2.0647490777970354,2.054225049061734,2.0970164158974263,-1.1370374794793405,0.56,False,False,False,True,55380.0,55016.0,1590.0,54702.42857142857,53779.36666666667,399.5438470524776,878.943860090751,0.006616257088846833,0.004326475474178082,266,88,556.0,-39.0,0.66,0.43,0.25,0.31883534861336704,1.017163867147845,1.0924790047045891,2023,1,2,4
2023-01-05,55071,2.1183539274106074,2.084273661782076,2.037579694970955,-1.1111987222306536,-1.11,False,False,False,True,55688.0,55380.0,450.0,54910.71428571428,53893.666666666664,483.44138365661246,897.1825375824898,0.0055615745756589785,0.006616257088846833,1110,-1036,266.0,88.0,0.56,0.66,0.43,0.10112586799703364,1.0188713754686256,1.1100126268140194,2023,1,3,5
