Date,Price,Open,High,Low,Volume,Chg%,Year,Month,Day,DayOfWeek,Price_Range,Price_Change,Price_Lag1,Price_Lag2,MA_7,MA_30,Volatility_7
2014-02-10,29471,0.04289674539170504,0.04418468731735825,0.04414146257610985,0.07967940912800889,0.55,2014,2,10,0,200,122,29310.0,29231.0,29505.14285714286,29411.0,200.8643228412481
2014-02-11,29670,0.04425583237327188,0.045542417839320226,0.045507595154300584,0.09861246772013862,0.68,2014,2,11,1,200,170,29471.0,29310.0,29532.0,29415.266666666666,209.63142258098986
2014-02-12,29698,0.04560591877880185,0.04575821606797642,0.046231374003673165,0.072052664677469,0.09,2014,2,12,2,144,48,29670.0,29471.0,29519.0,29406.033333333333,193.21663144425017
2014-02-13,29726,0.04569592453917051,0.045974014296632615,0.04645755489410214,0.08342588008616883,0.09,2014,2,13,3,143,66,29698.0,29670.0,29546.428571428572,29406.0,208.7078158118381
2014-02-14,29932,0.04650597638248846,0.04778132446162836,0.047769404058589926,0.07927800152534889,0.69,2014,2,14,4,199,182,29726.0,29698.0,29576.85714285714,29427.766666666666,249.58527505404774
2014-02-17,30664,0.04855810771889399,0.05481275007867642,0.04975979589436447,0.1859855225657974,2.45,2014,2,17,0,761,686,29932.0,29726.0,29781.571428571428,29479.266666666666,436.3988455311757
2014-02-18,30766,0.05415646601382487,0.05534325405745627,0.05465435036324651,0.1216265036059783,0.33,2014,2,18,1,279,166,30664.0,29932.0,29989.571428571428,29539.5,514.2203992915923
2014-02-19,30712,0.05493051555299536,0.0560176235220069,0.05369534338782783,0.13861942545191808,-0.18,2014,2,19,2,460,26,30766.0,30664.0,30166.85714285714,29598.766666666666,519.5367900259401
2014-02-20,30608,0.05487651209677416,0.054354178842781986,0.05461816142077791,0.08335897881905883,-0.34,2014,2,20,3,173,-72,30712.0,30766.0,30300.85714285714,29652.466666666667,490.16304381683875
2014-02-21,30677,0.05406646025345621,0.05497459875016858,0.05475386995503523,0.08248926234662884,0.23,2014,2,21,4,227,87,30608.0,30712.0,30440.714285714286,29702.733333333334,424.7912092175958
2014-02-24,30927,0.054453485023041454,0.05700669873668118,0.055758113108539675,0.0863026345718988,0.81,2014,2,24,0,342,294,30677.0,30608.0,30612.285714285714,29756.566666666666,316.82945690367467
2014-02-25,30972,0.05711765552995393,0.05722249696533738,0.05742280446209663,0.08536601683235881,0.15,2014,2,25,1,182,43,30927.0,30677.0,30760.85714285714,29815.7,138.06813362894357
2014-02-26,30810,0.057315668202764986,0.05695274917951715,0.05615619147569462,0.09861246772013862,-0.52,2014,2,26,2,292,-141,30972.0,30927.0,30781.714285714286,29871.033333333333,131.88721733059685
2014-02-27,30839,0.0567126296082949,0.05648518635076205,0.057160434629199064,0.02950345879550959,0.09,2014,2,27,3,129,-45,30810.0,30972.0,30792.14285714286,29926.733333333334,133.31595124782572
2014-02-28,30634,0.05613659274193547,0.05628737130782718,0.05516099555780729,0.10838005271819849,-0.66,2014,2,28,4,328,-186,30839.0,30810.0,30781.0,29968.366666666665,143.96527359043944
2014-03-03,32051,0.05505652361751148,0.06873173582700176,0.056364277894889236,0.03793301845136947,4.63,2014,3,3,0,1579,1351,30634.0,30839.0,30987.14285714286,30056.266666666666,484.744409825536
2014-03-04,31126,0.06225698444700459,0.06963089511306925,0.05989269978558054,0.008764065991409878,-2.89,2014,3,4,1,1289,-374,32051.0,30634.0,31051.285714285714,30115.066666666666,466.2180156270248
2014-03-05,32351,0.0595568116359447,0.07071887784921099,0.05699758438809022,0.00996828879938986,3.94,2014,3,5,2,1730,1151,31126.0,32051.0,31254.714285714286,30217.8,669.3633079988748
2014-03-06,30416,0.05190632200460829,0.052250146113383966,0.05098117270268071,0.143837724286498,-5.98,2014,3,6,3,341,66,32351.0,31126.0,31175.285714285714,30251.866666666665,737.974189766732
2014-03-07,30307,0.05200532834101382,0.052861574427909896,0.05120735359310963,0.1296546556591782,-0.36,2014,3,7,4,384,-54,30416.0,32351.0,31103.428571428572,30276.3,801.24670714721
2014-03-10,30327,0.05103326612903222,0.05138695319875913,0.051343062127367,0.09031671059849875,0.07,2014,3,10,0,205,74,30307.0,30416.0,31030.285714285714,30290.366666666665,851.2194613779307
2014-03-11,30421,0.05146529377880185,0.05287056602077056,0.05153305407532727,0.15501023589386784,0.31,2014,3,11,1,349,120,30327.0,30307.0,30999.85714285714,30316.8,871.3163276658523
2014-03-12,30627,0.05296838997695849,0.05444409477138873,0.05426531923170874,0.12724621004321823,0.68,2014,3,12,2,222,159,30421.0,30327.0,30796.428571428572,30343.2,741.5739695950248
2014-03-13,30697,0.05484951036866356,0.05484871645011913,0.05448245288652054,0.10289414881517857,0.23,2014,3,13,3,243,20,30627.0,30421.0,30735.14285714286,30383.133333333335,727.3890358836746
2014-03-14,30719,0.05532654089861752,0.05587375803623612,0.055550026689345056,0.12738001257743822,0.07,2014,3,14,4,239,-11,30697.0,30627.0,30502.0,30424.366666666665,174.8075131870634
2014-03-17,30557,0.055047523041474616,0.05462392662860227,0.0547810116618867,0.034721757630089514,-0.53,2014,3,17,0,185,-142,30719.0,30697.0,30522.14285714286,30449.966666666667,171.33537149050005
2014-03-18,30389,0.05335541474654379,0.05283459964932785,0.052844903239815055,0.10664061977333851,-0.55,2014,3,18,1,200,-122,30557.0,30719.0,30533.85714285714,30478.466666666667,156.31957498594772
2014-03-19,30169,0.05228434619815667,0.05198039832756374,0.05113497570817238,0.09152093340647872,-0.72,2014,3,19,2,294,-223,30389.0,30557.0,30511.285714285714,30493.466666666667,197.22213726798023
2014-03-20,29924,0.04974618375576037,0.049750483298116266,0.048990780866906114,0.09372867522110868,-0.81,2014,3,20,3,283,-186,30169.0,30389.0,30440.285714285714,30516.566666666666,298.5647413240313
2014-03-21,29850,0.04779305875576037,0.04858157622622844,0.04837556884493943,0.08001391546355888,-0.25,2014,3,21,4,221,-43,29924.0,30169.0,30329.285714285714,30534.566666666666,356.411145675734
2014-03-24,29182,0.04704601094470043,0.04653149305399451,0.042259637567741204,0.12042228079799831,-2.24,2014,3,24,0,669,-628,29850.0,29924.0,30112.85714285714,30524.933333333334,518.8665302276369
2014-03-25,28971,0.04182567684331798,0.04209863777368161,0.04035971808813815,0.1360102760346281,-0.72,2014,3,25,1,386,-259,29182.0,29850.0,29863.14285714286,30501.633333333335,593.7539974802772
2014-03-26,28595,0.03993555587557604,0.039634941329856566,0.034967565660312505,0.11139060973814845,-1.3,2014,3,26,2,708,-425,28971.0,29182.0,29582.85714285714,30464.866666666665,669.8371514956598
2014-03-27,28521,0.036434331797235014,0.03691048869307195,0.035112321430187,0.11527088323052839,-0.26,2014,3,27,3,389,-110,28595.0,28971.0,29316.0,30424.7,667.2425845722726
2014-03-28,28434,0.035147249423963106,0.03592141347839767,0.033863802915019336,0.12102439220198831,-0.31,2014,3,28,4,417,-54,28521.0,28595.0,29068.14285714286,30374.766666666666,618.0020033871286
2014-03-31,28470,0.034598214285714274,0.03725216922177765,0.03501280183839828,0.08463010289414882,0.13,2014,3,31,0,438,43,28434.0,28521.0,28860.428571428572,30301.633333333335,518.7847521348859
2014-04-01,28116,0.034643217165898604,0.03481544755653465,0.03246148139435995,0.059140720125239174,-1.24,2014,4,1,1,449,-316,28470.0,28434.0,28612.714285714286,30213.3,355.9521102085921
2014-04-02,28404,0.03106998847926265,0.03448275862068967,0.0261555581692014,0.003211260821279955,1.02,2014,4,2,2,1109,369,28116.0,28470.0,28501.571428571428,30136.366666666665,256.0005580352013
2014-04-03,28460,0.0352552563364055,0.03654183338578426,0.035238982728827195,0.0007359139382099897,0.2,2014,4,3,3,334,-40,28404.0,28116.0,28428.571428571428,30064.766666666666,151.26120580308597
2014-04-04,28519,0.03435519873271889,0.03821426965786989,0.03555563597542771,0.0012711240750899822,0.21,2014,4,4,4,485,119,28460.0,28404.0,28417.714285714286,29992.833333333332,139.60266746003185
2014-04-05,28549,0.035696284562211994,0.035193094456683005,0.03690367408238415,0.0,0.11,2014,4,5,5,0,0,28519.0,28460.0,28421.714285714286,29913.566666666666,143.4046887725645
2014-04-07,28574,0.0361463133640553,0.036038304185586456,0.036288462060417415,0.06991182412994902,0.09,2014,4,7,0,162,-25,28549.0,28519.0,28441.714285714286,29833.633333333335,154.71986974945617
2014-04-08,28754,0.03650633640552994,0.03782763116486082,0.03771792528792828,0.03840132732113946,0.63,2014,4,8,1,203,115,28574.0,28549.0,28482.285714285714,29765.1,195.2901382438122
2014-04-09,28710,0.0375414026497696,0.03795351346491033,0.037844586586568474,0.08108433573731887,-0.15,2014,4,9,2,203,-44,28754.0,28574.0,28567.14285714286,29694.133333333335,126.56543573920892
2014-04-10,29094,0.0375684043778802,0.04031830238726791,0.03878549909075285,0.09165473594069871,1.34,2014,4,10,3,362,337,28710.0,28754.0,28665.714285714286,29642.8,215.66232423694441
2014-04-11,29085,0.04056559619815667,0.04070494088027693,0.040739701984058796,0.07044703426682901,-0.03,2014,4,11,4,189,-5,29094.0,28710.0,28755.0,29543.933333333334,243.8373775012895
2014-04-14,29350,0.040610599078341,0.042584183788158037,0.041843464729351965,0.04074287166998943,0.91,2014,4,14,0,276,255,29085.0,29094.0,28873.714285714286,29484.733333333334,304.5262518983769
2014-04-15,29342,0.042338709677419345,0.042799982016814286,0.04151776424713427,0.143235612882508,-0.03,2014,4,15,1,336,55,29350.0,29085.0,28987.0,29384.433333333334,311.0289375605295
2014-04-16,29290,0.04227570564516128,0.0421256125522636,0.040079253784006286,0.11092230086837845,-0.18,2014,4,16,2,420,10,29342.0,29350.0,29089.285714285714,29346.9,267.2194568052005
2014-04-17,29293,0.042059691820276496,0.04271905768106821,0.04265771593489609,0.06997872539705902,0.01,2014,4,17,3,201,37,29290.0,29342.0,29166.285714285714,29313.1,229.49852162616924
2014-04-19,29339,0.04280673963133638,0.04229645281661648,0.0440509902199383,0.0,0.16,2014,4,19,5,0,0,29293.0,29290.0,29256.14285714286,29280.166666666668,116.28331575867765
2014-04-21,29548,0.04161866359447006,0.04463426696039202,0.041635378310157345,0.0927251562144587,0.71,2014,4,21,0,527,341,29339.0,29293.0,29321.0,29251.066666666666,135.75468070513654
2014-04-22,29423,0.044705861175115186,0.04508384660342579,0.04443097411585889,0.07827448251869891,-0.42,2014,4,22,1,268,-127,29548.0,29339.0,29369.285714285714,29210.933333333334,90.33588118012494
2014-04-23,29752,0.04407582085253456,0.046216787303870854,0.04490143036795108,0.06596464937045908,1.12,2014,4,23,2,342,272,29423.0,29548.0,29426.714285714286,29179.433333333334,169.30024048591056
2014-04-25,29741,0.04650597638248846,0.04769140853302162,0.0468646804968742,0.06810548991797905,-0.04,2014,4,25,4,289,-9,29752.0,29423.0,29483.714285714286,29146.833333333332,200.3461290581496
2014-04-27,29695,0.046010944700460826,0.045497459875016855,0.04727180609964626,0.0,-0.15,2014,4,27,6,0,0,29741.0,29752.0,29541.571428571428,29118.1,193.4406516590981
2014-04-28,29824,0.0478110599078341,0.04734073641145525,0.04782368747229282,0.04469004642947937,0.43,2014,4,28,0,144,-71,29695.0,29741.0,29617.428571428572,29099.266666666666,183.58182294087092
2014-04-29,29713,0.04682999711981564,0.046432585532527104,0.046475649365336436,0.04522525656635937,-0.37,2014,4,29,1,192,-73,29824.0,29695.0,29670.85714285714,29084.066666666666,137.7454519169856
2014-04-30,31014,0.04517389112903222,0.06168232702423232,0.04614994888311874,0.08195405220974886,4.38,2014,4,30,2,1924,1412,29713.0,29824.0,29880.285714285714,29120.4,515.7130061981175
2014-05-01,30380,0.058053715437788006,0.06391224205367979,0.04925315069980368,0.019066861126349734,-2.04,2014,5,1,3,1829,-653,31014.0,29713.0,30017.0,29138.066666666666,500.9204860387737
2014-05-02,30182,0.0522483438940092,0.05219619655621993,0.05075499181225179,0.006221817841229913,-0.65,2014,5,2,4,360,-206,30380.0,31014.0,30078.428571428572,29171.4,489.23643130317924
2014-05-05,29967,0.05065524193548385,0.051359978420177144,0.0485293718504311,0.006957731779439903,-0.71,2014,5,5,0,513,-244,30182.0,30380.0,30110.714285714286,29204.6,470.35012288211544
2014-05-06,29109,0.04143865207373268,0.04132536078766352,0.04171680343071177,0.06241888221362913,-2.86,2014,5,6,1,150,-78,29967.0,30182.0,30027.0,29221.733333333334,592.8647962787586
2014-05-07,28747,0.04123163882488476,0.04172099087353326,0.03849598755100381,0.10356316148627856,-1.24,2014,5,7,2,550,-417,29109.0,29967.0,29873.14285714286,29229.266666666666,768.1600155721488
2014-05-08,28734,0.03783842165898618,0.03786359753630353,0.03795315341397437,0.0639576113571591,-0.05,2014,5,8,3,181,-53,28747.0,29109.0,29733.285714285714,29239.266666666666,882.7513266837417
2014-05-09,28741,0.036848358294930855,0.038142336914984476,0.03802553129891162,0.06750337851398906,0.02,2014,5,9,4,204,64,28734.0,28747.0,29408.571428571428,29248.3,739.5748456924218
2014-05-12,28860,0.03734338997695849,0.039473092658364406,0.03713890220843019,0.09513360183041868,0.41,2014,5,12,0,450,128,28741.0,28734.0,29191.428571428572,29273.1,620.3528181991651
2014-05-13,28673,0.03783842165898618,0.03811536213640243,0.03766364187422533,0.0852322142981388,-0.65,2014,5,13,1,241,-114,28860.0,28741.0,28975.85714285714,29282.066666666666,460.3015057443476
2014-05-14,28911,0.03767641129032259,0.03888863912242052,0.03889406591815869,0.049573838928509306,0.83,2014,5,14,2,191,142,28673.0,28860.0,28825.0,29297.1,149.33296130920962
2014-05-15,28624,0.03869347638248846,0.03818729487928785,0.03713890220843019,0.09807725758325862,-0.99,2014,5,15,3,307,-258,28911.0,28673.0,28755.714285714286,29300.6,99.95284602560713
2014-05-16,28322,0.03593029953917051,0.035426875871060526,0.03420759786847127,0.07686955590938893,-1.06,2014,5,16,4,324,-253,28624.0,28911.0,28695.0,29293.033333333333,192.42834164102862
2014-05-19,28336,0.03323012672811057,0.03452771658499304,0.03404474762736248,0.07753856858048892,0.05,2014,5,19,0,242,61,28322.0,28624.0,28638.14285714286,29285.1,233.41767183283667
2014-05-20,28424,0.03337413594470043,0.03439284269208287,0.03422569233970563,0.10222513614407858,0.31,2014,5,20,1,207,133,28336.0,28322.0,28592.85714285714,29274.1,240.7712805212945
2014-05-21,27501,0.034760224654377864,0.035112170120936925,0.026797911898019555,0.21127420153337706,-3.25,2014,5,21,2,1108,-944,28424.0,28336.0,28398.714285714286,29233.8,448.1018166614616
2014-05-22,27386,0.02629068260368661,0.027019736546329165,0.025169409486931277,0.1649116234261477,-0.42,2014,5,22,3,388,-118,27501.0,28424.0,28214.85714285714,29176.866666666665,565.4651267088739
2014-05-23,27528,0.025354622695852536,0.02651620734613136,0.025431779319828818,0.09172163720780872,0.52,2014,5,23,4,303,128,27386.0,27501.0,28017.285714285714,29124.966666666667,521.6035257696412
2014-05-26,27586,0.026650705645161282,0.02683990468911568,0.026698392306230834,0.07693645717649893,0.21,2014,5,26,0,199,42,27528.0,27386.0,27869.0,29066.166666666668,464.8307935870397
2014-05-27,27087,0.026857718894009203,0.02664208964618081,0.022979978467579237,0.13286591648045815,-1.81,2014,5,27,1,588,-480,27586.0,27528.0,27692.571428571428,28991.0,497.4655288369754
2014-05-28,26987,0.0220424107142857,0.022164276401564514,0.02155956247568555,0.10168992600719857,-0.37,2014,5,28,2,247,-45,27087.0,27586.0,27499.85714285714,28914.233333333334,467.0279893724266
2014-05-29,26984,0.02125936059907832,0.022011419322933046,0.019822493237191374,0.12042228079799831,-0.01,2014,5,29,3,422,39,26987.0,27087.0,27294.14285714286,28837.266666666666,265.9983888245589
2014-05-30,27151,0.020989343317972337,0.02319830958054217,0.021640987596239974,0.0862357333047888,0.62,2014,5,30,4,353,236,26984.0,26987.0,27244.14285714286,28764.333333333332,253.22284558058777
2014-06-02,26626,0.021862399193548376,0.0224340241873848,0.01854683301517221,0.019535169996119726,-1.93,2014,6,2,0,610,-386,27151.0,26984.0,27135.571428571428,28666.933333333334,332.7145208449395
2014-06-03,26732,0.0195582517281106,0.02013217641505191,0.019198233979607543,0.003010557019949958,0.4,2014,6,3,1,282,-24,26626.0,27151.0,27021.85714285714,28577.233333333334,311.5945167317176
2014-06-04,26708,0.01799215149769584,0.02045587375803623,0.01910776162343597,0.0008697164724299879,-0.09,2014,6,4,2,328,126,26732.0,26626.0,26896.428571428572,28475.766666666666,205.21115722044433
2014-06-05,26771,0.019954277073732707,0.02000629411500246,0.019315848042630562,0.00046830886976999346,0.24,2014,6,5,3,255,-29,26708.0,26732.0,26851.285714285714,28376.766666666666,190.5340864396055
2014-06-06,26400,0.017686131912442393,0.01766847997122689,0.017008802960255504,0.07727096351204892,-1.39,2014,6,6,4,250,-148,26771.0,26708.0,26767.428571428572,28266.933333333334,242.8427866908145
2014-06-09,26545,0.016354046658986154,0.017398732185406635,0.01635740199582017,0.056665373242169206,0.55,2014,6,9,0,292,145,26400.0,26771.0,26704.714285714286,28157.633333333335,234.120847915593
2014-06-10,26712,0.01801915322580644,0.01890931978600008,0.018139707412400147,0.07807377871736891,0.63,2014,6,10,1,263,127,26545.0,26400.0,26642.0,28057.6,130.52841325479537
2014-06-11,26736,0.01923423099078339,0.019286966686148432,0.018610163664492307,0.09071811820115873,0.09,2014,6,11,2,253,16,26712.0,26545.0,26657.714285714286,27915.0,134.83164105178935
2014-06-12,27014,0.019414242511520713,0.02171469675853077,0.01963250128923108,0.09473219422775868,1.04,2014,6,12,3,410,274,26736.0,26712.0,26698.0,27802.8,191.10991601731487
2014-06-13,27235,0.021934403801843305,0.023863687452232163,0.022780939284001767,0.06870760132196904,0.82,2014,6,13,4,301,215,27014.0,26736.0,26773.285714285714,27704.566666666666,279.2046527108378
2014-06-16,27395,0.024049539170506895,0.027055702917771873,0.02519655119378275,0.08469700416125882,0.59,2014,6,16,0,389,140,27235.0,27014.0,26862.428571428572,27618.833333333332,364.83551414451017
2014-06-17,27418,0.024508568548387094,0.025653014431506527,0.02411088291972388,0.09165473594069871,0.08,2014,6,17,1,353,112,27395.0,27235.0,27007.85714285714,27562.466666666667,352.4681681002397
2014-06-18,27353,0.02491359447004607,0.026102594074540297,0.024970370303353806,0.09680613350816865,-0.24,2014,6,18,2,308,2,27418.0,27395.0,27123.285714285714,27516.0,304.69203812269575
2014-06-19,28160,0.024571572580645157,0.032046036955446666,0.02572129085957786,0.14658067623800794,2.95,2014,6,19,3,886,847,27353.0,27418.0,27330.14285714286,27496.866666666665,440.28681128395397
2014-06-20,28154,0.03210505472350231,0.03339477588454792,0.031728655309370246,0.12095749093487831,-0.02,2014,6,20,4,372,4,28160.0,27353.0,27532.714285714286,27477.3,447.5122770330959
2014-06-23,28111,0.03296010944700459,0.03265746526997254,0.03225339497516533,0.08235545981240885,-0.15,2014,6,23,0,232,-134,28154.0,28160.0,27689.428571428572,27452.333333333332,427.20754407476016
2014-06-24,28167,0.03164602534562208,0.033574607741761464,0.03067012874216285,0.11640820477139838,0.2,2014,6,24,1,509,68,28111.0,28154.0,27822.571428571428,27435.466666666667,406.71810759753043
2014-06-25,28221,0.03184403801843319,0.03286427190576807,0.03245243415874277,0.09372867522110868,0.19,2014,6,25,2,233,100,28167.0,28111.0,27940.571428571428,27412.466666666667,381.0025621712338
2014-06-26,28126,0.03246507776497695,0.032126961291192746,0.0313486714134496,0.11627440223717837,-0.34,2014,6,26,3,273,-64,28221.0,28167.0,28041.714285714286,27395.866666666665,305.68813862387043
2014-06-27,28063,0.03256408410138248,0.03237872589129165,0.03198197790665064,0.06636605697311908,-0.22,2014,6,27,4,231,-138,28126.0,28221.0,28143.14285714286,27387.233333333334,49.63677592163352
2014-06-30,28076,0.030754968317972337,0.031920154655397215,0.031638182953198646,0.05860550998835918,0.05,2014,6,30,0,218,76,28063.0,28126.0,28131.14285714286,27378.566666666666,54.77051692192513
2014-07-01,27975,0.032645089285714274,0.03274738119857934,0.031484379947706975,0.02950345879550959,-0.36,2014,7,1,1,327,-235,28076.0,28063.0,28105.571428571428,27363.6,78.82439796390409
2014-07-02,27788,0.03030493951612903,0.03227981836982419,0.029674932824275524,0.019267564927679733,-0.67,2014,7,2,2,475,-162,27975.0,28076.0,28059.428571428572,27373.166666666668,143.29323913234694
2014-07-03,27802,0.02672271025345621,0.02935755069010476,0.027883580172078426,0.008028152053199887,0.05,2014,7,3,3,348,250,27788.0,27975.0,28007.285714285714,27387.033333333333,162.71827830740853
2014-07-04,27913,0.029710901497695813,0.03003192015465539,0.029720169002361352,0.0017394329448599758,0.4,2014,7,4,4,220,29,27802.0,27788.0,27963.285714285714,27399.866666666665,134.4912813605229
2014-07-07,27564,0.02725374423963131,0.0267589803533696,0.027005998317214175,0.07499632043030895,-1.25,2014,7,7,0,156,-47,27913.0,27802.0,27883.0,27399.133333333335,180.90513167613528
2014-07-08,27594,0.026992727534562194,0.027784021939486564,0.027051234495299975,0.10175682727430858,0.11,2014,7,8,1,265,12,27564.0,27913.0,27816.0,27416.033333333333,189.7621318039039
2014-07-09,27667,0.027334749423963134,0.028197635211077626,0.02842641430910786,0.07586603690273894,0.26,2014,7,9,2,159,47,27594.0,27564.0,27757.571428571428,27438.7,156.39784434058913
2014-07-10,28565,0.027604766705069117,0.03609225374275049,0.027955958057015673,0.2722881571376962,3.25,2014,7,10,3,1089,915,27667.0,27594.0,27841.85714285714,27491.4,341.9792530606269
2014-07-11,28441,0.03540826612903222,0.035462842242503234,0.034669006884946285,0.10108781460320859,-0.43,2014,7,11,4,277,-76,28565.0,27667.0,27935.14285714286,27534.4,407.60578527612637
2014-07-12,28413,0.03447220622119815,0.033970237827631145,0.03567325003845073,0.0,-0.1,2014,7,12,5,0,0,28441.0,28565.0,28022.428571428572,27593.966666666667,438.5855511919813
2014-07-13,28413,0.03447220622119815,0.033970237827631145,0.03567325003845073,0.0,0.0,2014,7,13,6,0,0,28413.0,28441.0,28093.85714285714,27650.0,458.07584109027385
2014-07-14,27860,0.03417518721198157,0.03367351526322887,0.030480136794202528,0.14671447877222796,-1.95,2014,7,14,0,541,-520,28413.0,28413.0,28136.14285714286,27688.4,412.39642278261033
2014-07-15,27752,0.029764904953917065,0.030706289619206018,0.029095909744777493,0.1219610099415283,-0.39,2014,7,15,1,364,-138,27860.0,28413.0,28158.714285714286,27721.1,380.8992492711441
2014-07-16,27767,0.02895485311059906,0.028683181225554077,0.02896020121052012,0.09372867522110868,0.05,2014,7,16,2,154,-33,27752.0,27860.0,28173.0,27766.666666666668,360.72473346502886
2014-07-17,28237,0.029170866935483847,0.03430292676347613,0.03021776696130496,0.16551373483013768,1.69,2014,7,17,3,640,413,27767.0,27752.0,28126.14285714286,27823.066666666666,320.36355835814766
2014-07-18,28028,0.032798099078341,0.032351751112709604,0.031574852303878576,0.0927920574815687,-0.74,2014,7,18,4,273,-199,28237.0,27767.0,28067.14285714286,27866.933333333334,289.2308354767229
2014-07-20,28030,0.03102498559907832,0.03052645776199253,0.032208158797079556,0.0,0.01,2014,7,20,6,0,0,28028.0,28237.0,28012.428571428572,27910.066666666666,245.87724385902013
2014-07-21,28120,0.03136700748847923,0.032477633412759055,0.03213578091214231,0.08837657385230877,0.32,2014,7,21,0,225,52,28030.0,28028.0,27970.571428571428,27946.933333333334,183.2956238276742
2014-07-22,27939,0.03130400345622117,0.031470575012363444,0.030588703621608426,0.13299971901467814,-0.64,2014,7,22,1,284,-122,28120.0,28030.0,27981.85714285714,27970.4,177.69958597935153
2014-07-23,27915,0.03012492799539171,0.03067032324776331,0.030923451339443242,0.0794118040595689,-0.09,2014,7,23,2,158,-15,27939.0,28120.0,28005.14285714286,27987.733333333334,151.27395520676555
2014-07-24,27651,0.02969290034562208,0.0291957020186126,0.02858926455021668,0.11346454901855842,-0.95,2014,7,24,3,252,-231,27915.0,27939.0,27988.571428571428,27995.5,184.42962265963556
2014-07-25,27973,0.028018793202764958,0.030202760419008212,0.028978295681754418,0.0857005231679088,1.16,2014,7,25,4,321,277,27651.0,27915.0,27950.85714285714,28016.166666666668,148.69143505002057
2014-07-27,27960,0.030394945276497692,0.029897046261745275,0.031574852303878576,0.0,-0.05,2014,7,27,6,0,0,27973.0,27651.0,27941.14285714286,28009.5,144.98669889764003
2014-07-28,27909,0.030619959677419345,0.031020995369329674,0.030796790040803046,0.06890830512329904,-0.18,2014,7,28,0,211,-76,27960.0,27973.0,27923.85714285714,28001.333333333332,139.74551700824756
2014-07-29,27855,0.03030493951612903,0.030859146697837514,0.03037156996679663,0.049774542729839305,-0.19,2014,7,29,1,240,-95,27909.0,27960.0,27886.0,27992.8,110.61193425708929
2014-07-30,27936,0.029746903801843333,0.03011284449040147,0.02958446046810398,0.07292238114989898,0.29,2014,7,30,2,244,48,27855.0,27909.0,27885.571428571428,27985.1,110.37792222351527
2014-07-31,27788,0.02895485311059906,0.029977970597491355,0.0296839800598927,0.07733786477915892,-0.53,2014,7,31,3,218,-12,27936.0,27855.0,27867.428571428572,27970.666666666668,115.07223404329304
2014-08-01,28037,0.02904485887096772,0.03137166749089598,0.0297744524160643,0.022077418146299693,0.9,2014,8,1,4,363,227,27788.0,27936.0,27922.571428571428,27967.7,81.72893641613335
2014-08-04,27952,0.030961981566820257,0.03131771793373195,0.03103201816684914,0.0068239292452199046,-0.3,2014,8,4,0,218,-71,28037.0,27788.0,27919.571428571428,27964.0,79.93509271723207
2014-08-05,28392,0.030385944700460826,0.03736006833610572,0.029439704698229485,0.0014718278764199793,1.57,2014,8,5,1,1066,433,27952.0,28037.0,27981.285714285714,27974.533333333333,197.15959211257172
2014-08-06,28559,0.031925043202764986,0.036011329407004466,0.03273289846287469,0.1276476176458782,0.59,2014,8,6,2,552,429,28392.0,27952.0,28074.14285714286,27994.0,289.0798209097793
2014-08-07,28695,0.035786290322580655,0.037000404621678695,0.03609847011245715,0.1000842955965586,0.48,2014,8,7,3,290,136,28559.0,28392.0,28194.14285714286,28024.233333333334,350.7237415077934
2014-08-08,28515,0.03732538882488476,0.03933821876545429,0.03646035953714344,0.142232093875858,-0.63,2014,8,8,4,510,-215,28695.0,28559.0,28276.85714285714,28048.0,347.9614100115447
2014-08-10,28510,0.03534526209677416,0.03484242233511664,0.03655083189331498,0.0,-0.02,2014,8,10,6,0,0,28515.0,28695.0,28380.0,28067.9,279.0961602508031
2014-08-11,28554,0.03507524481566818,0.03565166569257744,0.035962761578199776,0.05800339858436919,0.15,2014,8,11,0,155,74,28510.0,28515.0,28453.85714285714,28100.9,238.68069924178727
2014-08-12,28641,0.03543526785714282,0.03727015240749898,0.036225131411097344,0.08690474597588879,0.3,2014,8,12,1,306,121,28554.0,28510.0,28552.285714285714,28135.8,97.60074160565294
2014-08-13,28567,0.036065308179723504,0.03605628737130784,0.03627941482480029,0.0935948726868887,-0.26,2014,8,13,2,165,-23,28641.0,28554.0,28577.285714285714,28165.8,67.46039402473616
2014-08-14,28489,0.03544426843317969,0.03616418648563591,0.03535659679185027,0.10824625018397849,-0.27,2014,8,14,3,279,-32,28567.0,28641.0,28567.285714285714,28163.266666666666,75.34966110500869
2014-08-18,28167,0.03440020161290322,0.03389830508474573,0.033203354714966826,0.07017942919838902,-1.13,2014,8,18,0,265,-238,28489.0,28567.0,28491.85714285714,28154.133333333335,151.7436748507606
2014-08-19,28124,0.03228506624423963,0.03248662500561972,0.03272385122725752,0.06355620375449911,-0.15,2014,8,19,1,161,-46,28167.0,28489.0,28436.0,28144.5,204.5727254549639
2014-08-20,28079,0.031835037442396324,0.031677381648158975,0.03216292261899378,0.06803858865086905,-0.16,2014,8,20,2,133,-41,28124.0,28167.0,28374.428571428572,28133.366666666665,240.32468117325362
2014-08-21,27599,0.03097998271889399,0.03048149979768916,0.0278654857008441,0.11935186052423834,-1.71,2014,8,21,3,475,-426,28079.0,28124.0,28238.0,28124.666666666668,361.7757132074292
2014-08-22,27634,0.02766777073732718,0.027739063975183192,0.0279107218789299,0.07392590015654897,0.13,2014,8,22,4,165,-23,27599.0,28079.0,28094.14285714286,28120.733333333334,374.7961350617481
2014-08-25,27632,0.0273707517281106,0.02736141707503484,0.027729777166586755,0.056197064372399214,-0.01,2014,8,25,0,143,8,27634.0,27599.0,27960.571428571428,28116.233333333334,343.4932591008212
2014-08-26,27720,0.02762276785714285,0.02917771883289122,0.02878830373379415,0.08743995611276878,0.32,2014,8,26,1,228,68,27632.0,27634.0,27850.714285714286,28099.0,258.87044010854544
2014-08-27,27599,0.02842381912442396,0.028098727689610192,0.028091666591273046,0.06195057334385914,-0.44,2014,8,27,2,185,-142,27720.0,27632.0,27769.571428571428,28084.7,230.6937776527741
2014-08-28,27884,0.027532762096774188,0.030022928561794726,0.02869783137762255,0.09459839169353867,1.03,2014,8,28,3,332,242,27599.0,27720.0,27735.285714285714,28079.833333333332,181.91730198635247
2014-08-29,27794,0.029269873271889374,0.028773097154160876,0.02878830373379415,0.027362618247989617,-0.32,2014,8,29,4,183,-41,27884.0,27599.0,27694.571428571428,28068.966666666667,109.74797969761755
2014-09-01,27679,0.028477822580645157,0.02822460998965967,0.028779256498176975,0.027830927117759613,-0.41,2014,9,1,0,123,-68,27794.0,27884.0,27706.0,28060.3,102.03104102881044
2014-09-02,27340,0.027244743663594445,0.027343433889313484,0.025766527037663634,0.026827408111109625,-1.22,2014,9,2,1,358,-270,27679.0,27794.0,27664.0,28041.133333333335,172.66827541104203
2014-09-03,27355,0.025012600806451596,0.025041586116980624,0.024572291936198892,0.007492941916319895,0.05,2014,9,3,2,234,-7,27340.0,27679.0,27624.428571428572,28031.266666666666,209.11787516703737
2014-09-04,27282,0.025516633064516125,0.02510452726700535,0.02525988184310285,0.0018063342119699747,-0.27,2014,9,4,3,165,-136,27355.0,27340.0,27561.85714285714,28008.233333333334,239.12997063780003
2014-09-05,27225,0.024004536290322565,0.02450209054534011,0.023504718133374347,0.0022746430817399683,-0.21,2014,9,5,4,292,-25,27282.0,27355.0,27508.428571428572,27983.733333333334,269.3231374780971
2014-09-08,27207,0.02578665034562211,0.025733938767252607,0.023938985442997884,0.08810896878386877,-0.07,2014,9,8,0,381,-241,27225.0,27282.0,27411.714285714286,27960.333333333332,230.77385343376244
2014-09-09,27272,0.023887528801843305,0.02481679629546374,0.02432801657453565,0.10409837162315855,0.24,2014,9,9,1,236,35,27207.0,27225.0,27337.14285714286,27940.9,160.20344208924223
2014-09-10,27194,0.024904593894009203,0.0252304095670548,0.02426468592521555,0.08971459919450875,-0.29,2014,9,10,2,289,-156,27272.0,27207.0,27267.85714285714,27916.166666666668,63.25985712843466
2014-09-11,26996,0.023617511520737322,0.023477048959223118,0.022618089042892947,0.12336593655083827,-0.73,2014,9,11,3,276,-211,27194.0,27272.0,27218.714285714286,27889.766666666666,112.40360950020039
2014-09-12,26909,0.02137636808755758,0.02122015915119363,0.02108910622359339,0.1075103362457685,-0.32,2014,9,12,4,194,-49,26996.0,27194.0,27155.0,27852.166666666668,144.1873780887369
2014-09-13,26900,0.020854334677419345,0.020365957829429487,0.02198478254969194,0.0,-0.03,2014,9,13,5,0,0,26909.0,26996.0,27100.428571428572,27817.1,159.57741814260137
2014-09-15,27006,0.021295362903225784,0.022326125073056674,0.022102396612714986,0.11112300466970845,0.39,2014,9,15,0,205,57,26900.0,26909.0,27069.14285714286,27770.9,152.39031965291292
2014-09-16,26954,0.021826396889400912,0.022254192330171285,0.022165727262035084,0.13172859493958816,-0.19,2014,9,16,1,190,-54,27006.0,26900.0,27033.0,27717.4,144.01736006505902
2014-09-17,26907,0.02139436923963131,0.02134604145124308,0.02162289312500565,0.08068292813465887,-0.17,2014,9,17,2,149,-53,26954.0,27006.0,26980.85714285714,27657.8,103.41571217141272
2014-09-18,26659,0.0204943116359447,0.02000629411500246,0.019017289267264398,0.1069082248417785,-0.92,2014,9,18,3,288,-201,26907.0,26954.0,26904.428571428572,27595.933333333334,116.5058755931785
2014-09-19,26497,0.01819916474654376,0.01851368970013037,0.018094471234314347,0.10617231090356852,-0.61,2014,9,19,4,224,-108,26659.0,26907.0,26833.14285714286,27528.833333333332,184.15702409608747
2014-09-22,26605,0.016678067396313362,0.018252933507170777,0.016674055242420688,0.11018638693016847,0.41,2014,9,22,0,352,169,26497.0,26659.0,26789.714285714286,27463.866666666665,198.56796845251105
2014-09-23,26682,0.018028153801843305,0.02069864676527447,0.018257321475423194,0.11145751100525844,0.29,2014,9,23,1,449,96,26605.0,26497.0,26758.571428571428,27398.566666666666,195.4591663606656
2014-09-24,26552,0.018919210829493077,0.019107134828934946,0.01860111642887516,0.09285895874867871,-0.49,2014,9,24,2,234,-133,26682.0,26605.0,26693.714285714286,27331.4,173.79654224224774
2014-09-25,26919,0.017380112327188918,0.02081553747246323,0.01728926726438737,0.13099268100137818,1.38,2014,9,25,3,569,405,26552.0,26682.0,26688.714285714286,27279.066666666666,165.3589169917817
2014-09-26,26694,0.02139436923963131,0.022164276401564514,0.019858682179659998,0.13373563295288812,-0.84,2014,9,26,4,435,-266,26919.0,26552.0,26658.285714285714,27229.966666666667,135.37566778670475
2014-09-27,26693,0.018991215437788006,0.018504698107269707,0.020112004776940418,0.0,0.0,2014,9,27,5,0,0,26694.0,26919.0,26663.14285714286,27182.266666666666,136.0140048816083
2014-09-29,26819,0.019594254032258063,0.020500831722339602,0.020039626892003143,0.06108085687142915,0.47,2014,9,29,0,230,59,26693.0,26694.0,26709.14285714286,27140.266666666666,124.41520348118974
2014-09-30,26805,0.02001728110599077,0.02097738614395539,0.019569170639910982,0.071450553273479,-0.05,2014,9,30,1,335,-2,26819.0,26693.0,26737.714285714286,27113.8,119.37575729055449
2014-10-01,26790,0.019009216589861738,0.019826462257788946,0.018836344554921253,0.026225296707119632,-0.06,2014,10,1,2,288,95,26805.0,26819.0,26753.14285714286,27085.666666666668,117.94550799951749
2014-10-03,26439,0.021133352534562194,0.020644697208110407,0.017253078321918747,0.07372519635521897,-1.31,2014,10,3,4,554,-492,26790.0,26805.0,26737.0,27045.9,152.6815858798591
2014-10-05,26424,0.01657006048387097,0.01608595962774806,0.017678298395925135,0.0,-0.06,2014,10,5,6,0,0,26439.0,26790.0,26666.285714285714,27002.7,168.18215748218677
2014-10-06,26637,0.017038090437788006,0.01827091669289213,0.0170268974314898,0.046630183175669346,0.81,2014,10,6,0,315,161,26424.0,26439.0,26658.14285714286,26970.633333333335,167.99645687911047
2014-10-07,26673,0.017983150921658975,0.018657555185901176,0.01896300585356145,0.09948218419256862,0.14,2014,10,7,1,144,92,26637.0,26424.0,26655.285714285714,26930.266666666666,167.47409181332148
2014-10-08,26633,0.019036218317972337,0.020231083936519345,0.019451556576887935,0.10577090330090852,-0.15,2014,10,8,2,265,-65,26673.0,26637.0,26628.714285714286,26891.566666666666,151.12766599368118
2014-10-09,26847,0.019018217165898604,0.020707638358135133,0.020139146483791892,0.10991878186172846,0.8,2014,10,9,3,242,151,26633.0,26673.0,26634.714285714286,26863.833333333332,159.87361079520753
2014-10-10,26855,0.020071284562211966,0.020725621543856487,0.02062769720711838,0.10463358176003854,0.03,2014,10,10,4,190,42,26847.0,26633.0,26644.0,26847.666666666668,171.83616227905145
2014-10-13,26855,0.020854334677419345,0.02247898215168817,0.021179578579764963,0.11165821480658844,0.0,2014,10,13,0,324,-45,26855.0,26847.0,26703.428571428572,26831.0,160.6962529569686
2014-10-14,27128,0.020782330069124416,0.0227936879018118,0.021912404664754692,0.10516879189691854,1.02,2014,10,14,1,278,236,26855.0,26855.0,26804.0,26825.866666666665,176.2186142271058
2014-10-16,27328,0.023104478686635926,0.025536123724317766,0.024246591453981226,0.11741172377804836,0.74,2014,10,16,3,325,178,27128.0,26855.0,26902.714285714286,26829.3,246.57433922049486
2014-10-17,27151,0.02454457085253456,0.024520073731061437,0.023658521138866018,0.09506670056330867,-0.65,2014,10,17,4,277,-159,27328.0,27128.0,26971.0,26827.433333333334,238.4079137391424
2014-10-20,27302,0.02293346774193547,0.02450209054534011,0.02359519048954592,0.07599983943695894,0.56,2014,10,20,0,282,171,27151.0,27328.0,27066.571428571428,26828.433333333334,213.07655677651078
2014-10-21,27394,0.02497659850230413,0.025724947174391943,0.02599270792809258,0.0854329180994688,0.34,2014,10,21,1,153,36,27302.0,27151.0,27144.714285714286,26835.1,219.34122145343335
2014-10-22,27333,0.02507560483870966,0.024762846738299676,0.025287023549954324,0.06596464937045908,-0.22,2014,10,22,2,124,-36,27394.0,27302.0,27213.0,26846.333333333332,185.98387026866274
2014-10-23,26940,0.023320492511520713,0.022829654273254507,0.022102396612714986,0.0428168109503994,-1.44,2014,10,23,3,261,-234,27333.0,27394.0,27225.14285714286,26847.366666666665,159.62083048249022
2014-10-24,26963,0.02220442108294929,0.02186755383716224,0.022437144330549802,0.023147838420059675,0.09,2014,10,24,4,117,-87,26940.0,27333.0,27201.571428571428,26849.466666666667,186.30875551369897
2015-01-01,26586,0.01824416762672809,0.018091084835678645,0.018718730491898206,0.01217603061401983,-0.03,2015,1,1,3,108,-24,26594.0,26908.0,26640.14285714286,26606.366666666665,189.54720482577326
2015-01-02,26700,0.01801915322580644,0.018927302971721433,0.016420732645140268,0.013313352154889813,0.43,2015,1,2,4,455,115,26586.0,26594.0,26673.285714285714,26614.4,174.08303984599985
2015-01-05,26847,0.019954277073732707,0.020464865350896894,0.019722973645402653,0.0038133722252699466,0.55,2015,1,5,0,261,47,26700.0,26586.0,26732.428571428572,26629.633333333335,147.07351579307337
2015-01-06,27385,0.02260944700460829,0.025239401159915464,0.02373994625942044,0.1782249755810375,2.0,2015,1,6,1,348,290,26847.0,26700.0,26802.571428571428,26660.033333333333,287.25357969524515
2015-01-07,27159,0.02470658122119815,0.02441217461673334,0.023884702029294963,0.13152789113825816,-0.83,2015,1,7,2,240,-169,27385.0,26847.0,26882.714285714286,26687.4,298.6970116389101
2015-01-08,26808,0.023104478686635926,0.022613856044598285,0.020808641919461524,0.14537645343002797,-1.29,2015,1,8,3,380,-342,27159.0,27385.0,26868.428571428572,26701.1,299.6758566313443
2015-01-09,26806,0.019513248847926268,0.020159151193633956,0.01999439071391737,0.13186239747380815,-0.01,2015,1,9,4,197,55,26808.0,27159.0,26898.714285714286,26720.066666666666,277.1880915467833
2015-01-12,27032,0.02053931451612903,0.022335116665917365,0.021432901177045355,0.14671447877222796,0.84,2015,1,12,0,280,167,26806.0,26808.0,26962.428571428572,26759.366666666665,242.4038346390722
2015-01-13,27071,0.02281646025345621,0.023584948073551215,0.02307045082375081,0.15340460548322785,0.14,2015,1,13,1,238,-47,27032.0,26806.0,27015.428571428572,26776.866666666665,214.40371354306808
2015-01-14,27210,0.021871399769585242,0.023782763116486083,0.02212953831956646,0.1632390917483977,0.51,2015,1,14,2,364,197,27071.0,27032.0,27067.285714285714,26809.733333333334,210.74448532605038
2015-01-15,27493,0.023104478686635926,0.026174526817425686,0.020455799730392382,0.3363795710290753,1.04,2015,1,15,3,815,343,27210.0,27071.0,27082.714285714286,26842.966666666667,239.82751738560208
2015-01-16,27673,0.026614703341013818,0.028440408218315866,0.02635459735277887,0.19093621633193733,0.65,2015,1,16,4,415,133,27493.0,27210.0,27156.14285714286,26882.466666666667,329.13494120787294
2015-01-17,27627,0.027397753456221197,0.026902845839140405,0.028562122843365206,0.0,-0.17,2015,1,17,5,0,0,27673.0,27493.0,27273.14285714286,26927.4,330.3177402500591
2015-01-19,27718,0.027532762096774188,0.028314525918266414,0.028616406257068128,0.10543639696535853,0.33,2015,1,19,0,151,76,27627.0,27673.0,27403.428571428572,26977.066666666666,293.1193483566781
2015-01-20,28098,0.028054795506912422,0.03156049094097019,0.02922257104341769,0.1844467934222674,1.37,2015,1,20,1,445,398,27718.0,27627.0,27555.714285714286,27012.9,340.99057381202977
2015-01-21,27992,0.03139400921658983,0.03293620464865349,0.03057965638599125,0.1854503124289174,-0.38,2015,1,21,2,448,-79,28098.0,27718.0,27687.285714285714,27044.166666666668,297.73238223050697
2015-01-22,28055,0.03044894873271889,0.03241469226273436,0.029783499651681422,0.18437989215515743,0.23,2015,1,22,3,478,89,27992.0,28098.0,27808.0,27074.6,237.09210587184023
2015-01-23,27884,0.030889976958525328,0.03128175156228924,0.030244908668156434,0.12390114668771827,-0.61,2015,1,23,4,301,-131,28055.0,27992.0,27863.85714285714,27101.133333333335,192.34814666090438
2015-01-25,27887,0.029737903225806467,0.029240659982915973,0.030914404103826065,0.0,0.01,2015,1,25,6,0,0,27884.0,28055.0,27894.428571428572,27124.933333333334,172.99022818556287
2015-01-27,27934,0.029089861751152052,0.030553432540574577,0.02817309171182744,0.13768280771237806,0.17,2015,1,27,1,449,119,27887.0,27884.0,27938.285714285714,27154.6,126.58161304856733
2015-01-28,27795,0.029818908410138262,0.030022928561794726,0.029864924772235846,0.10122161713742858,-0.5,2015,1,28,2,203,-101,27934.0,27887.0,27949.285714285714,27187.7,105.90516872172431
2015-01-29,27470,0.02879284274193547,0.02888998786134961,0.02682505360487103,0.1512637649357079,-1.17,2015,1,29,3,413,-312,27795.0,27934.0,27859.571428571428,27214.733333333334,190.854968621972
2015-01-30,27911,0.026614703341013818,0.03259452411994784,0.027141706851471548,0.10965117679328847,1.61,2015,1,30,4,790,371,27470.0,27795.0,27848.0,27249.8,183.81331108874727
2015-02-02,28071,0.031835037442396324,0.032028053769725284,0.029611602174955454,0.014918982565529792,0.57,2015,2,2,0,454,-49,27911.0,27470.0,27850.285714285714,27303.566666666666,186.8900873828781
2015-02-03,27687,0.03139400921658983,0.03096704581216564,0.028317847481701963,0.0036126684239399494,-1.37,2015,2,3,1,479,-384,28071.0,27911.0,27822.14285714286,27344.2,195.59688866957669
2015-02-04,27814,0.027694772465437778,0.028773097154160876,0.02811880829812452,0.0011373215408699842,0.46,2015,2,4,2,257,154,27687.0,28071.0,27811.714285714286,27390.233333333334,193.4973852415435
2015-02-05,27683,0.02881984447004607,0.02935755069010476,0.027060281730917124,0.0007359139382099897,-0.47,2015,2,5,3,439,-102,27814.0,27687.0,27775.85714285714,27416.533333333333,190.28962887456595
2015-02-06,26968,0.026236679147465414,0.02664208964618081,0.022093349377097837,0.14878841805263793,-2.58,2015,2,6,4,686,-530,27683.0,27814.0,27657.714285714286,27428.866666666665,358.6603380572198
2015-02-09,27119,0.02185339861751151,0.022811671087533153,0.02285331716893904,0.09098572326959872,0.56,2015,2,9,0,176,108,26968.0,27683.0,27607.571428571428,27435.9,410.12187503355085
2015-02-10,27016,0.02337449596774191,0.022883603830418542,0.022744750341533143,0.09051741439982873,-0.38,2015,2,10,1,196,-164,27119.0,26968.0,27479.714285714286,27449.966666666667,438.3026786312476
2015-02-11,26817,0.02220442108294929,0.02171469675853077,0.020808641919461524,0.11159131353947845,-0.74,2015,2,11,2,280,-233,27016.0,27119.0,27300.571428571428,27457.666666666668,411.82150548635656
2015-02-12,26635,0.0195582517281106,0.020545789686642973,0.019451556576887935,0.10603850836934851,-0.68,2015,2,12,3,300,-121,26817.0,27016.0,27150.285714285714,27455.5,438.3946906179508
2015-02-13,26694,0.01905421947004607,0.01960167243627209,0.019650595760465378,0.1148694756278684,0.22,2015,2,13,4,173,-6,26635.0,26817.0,26990.285714285714,27450.4,351.5725218149882
2015-02-16,26742,0.01923423099078339,0.020222092343658682,0.02035628013860366,0.05847170745413918,0.18,2015,2,16,0,164,22,26694.0,26635.0,26855.85714285714,27428.966666666667,181.160544427482
2015-02-17,26241,0.019252232142857123,0.018765454300229273,0.015787426151939288,0.07519702423163895,-1.87,2015,2,17,1,507,-481,26742.0,26694.0,26752.0,27398.366666666665,284.8637101026678
2015-02-18,26181,0.015273977534562194,0.015780245470485094,0.01500031665324661,0.10416527289026854,-0.23,2015,2,18,2,262,-99,26241.0,26742.0,26618.0,27377.466666666667,303.46444053100475
2015-02-19,26294,0.015093966013824872,0.016958144135233555,0.015642670382064766,0.11078849833415845,0.43,2015,2,19,3,322,34,26181.0,26241.0,26514.85714285714,27360.4,266.0347274146918
2015-02-20,26317,0.01578701036866359,0.016184867149215465,0.015525056319041719,0.1008871108018786,0.09,2015,2,20,4,249,-20,26294.0,26181.0,26443.428571428572,27336.566666666666,236.92112410621996
2015-02-21,26319,0.015625,0.015141842377377146,0.01672833865612361,0.0,0.01,2015,2,21,5,0,0,26317.0,26294.0,26398.285714285714,27311.5,224.09351789385212
2015-02-23,26178,0.01528297811059906,0.015060918041631066,0.01385131772986764,0.12443635682459826,-0.54,2015,2,23,0,309,-103,26319.0,26317.0,26324.571428571428,27277.1,193.3691264079113
2015-02-24,26077,0.014724942396313362,0.014764195477228792,0.013977979028507836,0.09600331830284865,-0.39,2015,2,24,1,262,-142,26178.0,26319.0,26229.571428571428,27229.9,89.64719207962763
2015-02-25,26142,0.01399589573732718,0.01535764060603334,0.014927938768309335,0.09533430563174866,0.25,2015,2,25,2,223,4,26077.0,26178.0,26215.428571428572,27178.866666666665,95.18203111807435
2015-02-26,26239,0.014553931451612878,0.01560041361327158,0.015651717617681915,0.09780965251481863,0.37,2015,2,26,3,170,39,26142.0,26077.0,26223.714285714286,27132.6,94.2049437594134
2015-02-27,26206,0.014940956221198148,0.01515083397023781,0.015036505595715233,0.09071811820115873,-0.13,2015,2,27,4,188,-37,26239.0,26142.0,26211.14285714286,27082.2,88.98956600234672
2015-02-28,26480,0.013752880184331795,0.01693116935665151,0.014231301625788229,0.05452453269464924,1.05,2015,2,28,5,475,369,26206.0,26239.0,26234.428571428572,27028.266666666666,132.16007609875317
2015-03-02,26541,0.01732610887096772,0.021238142336914984,0.01782305416579963,0.03398584369187953,0.23,2015,3,2,0,557,33,26480.0,26206.0,26266.14285714286,26979.9,175.3999511325031
2015-03-03,26453,0.017497119815668177,0.017677471564087555,0.017461164741113366,0.007024633046549902,-0.33,2015,3,3,1,201,-74,26541.0,26480.0,26305.428571428572,26926.5,182.99986989365027
2015-03-04,26539,0.017254104262672793,0.01766847997122689,0.017470211976730515,0.022077418146299693,0.33,2015,3,4,2,199,39,26453.0,26541.0,26371.428571428572,26881.666666666668,169.7143257980629
2015-03-05,26473,0.017344110023041454,0.017659488378366228,0.017624014982222186,0.0014718278764199793,-0.25,2015,3,5,3,181,-37,26539.0,26453.0,26418.714285714286,26834.533333333333,138.35065869753637
2015-03-06,26058,0.0171190956221198,0.017039068470979635,0.014068451384679409,0.10490118682847853,-1.57,2015,3,6,4,505,-427,26473.0,26539.0,26392.85714285714,26772.0,186.1821944331613
2015-03-09,26062,0.013617871543778803,0.01386503619116125,0.01421320715455393,0.08396109022304883,0.02,2015,3,9,0,136,-34,26058.0,26473.0,26372.285714285714,26714.233333333334,215.85930161884747
2015-03-10,25960,0.013203845046082935,0.013172683540889268,0.012259004261247985,0.141696883738978,-0.39,2015,3,10,1,275,-90,26062.0,26058.0,26298.0,26663.9,257.9793273374317
2015-03-11,25716,0.012564804147465414,0.012237557883379019,0.011046674688548919,0.11975326812689832,-0.94,2015,3,11,2,305,-263,25960.0,26062.0,26180.14285714286,26590.733333333334,311.38477193115904
2015-03-12,25690,0.01050367223502302,0.011284449040147443,0.010304801367942013,0.142232093875858,-0.1,2015,3,12,3,281,-60,25716.0,25960.0,26071.14285714286,26511.366666666665,332.76239199157794
2015-03-13,25909,0.01050367223502302,0.011778986647484585,0.011580461589961177,0.13219690380935814,0.85,2015,3,13,4,195,159,25690.0,25716.0,25981.14285714286,26452.1,263.022450608231
2015-03-14,25922,0.012051771313364046,0.011572180011689054,0.013136586116112237,0.0,0.05,2015,3,14,5,0,0,25909.0,25690.0,25902.428571428572,26389.033333333333,149.04569449592037
2015-03-16,25797,0.012258784562211966,0.011976801690419453,0.011444753055703832,0.09734134364504864,-0.48,2015,3,16,0,232,-148,25922.0,25909.0,25865.14285714286,26326.166666666668,135.68889486848008
2015-03-17,25635,0.010422667050691226,0.01074495346850693,0.009780061702146903,0.13741520264393808,-0.63,2015,3,17,1,279,-106,25797.0,25922.0,25804.14285714286,26281.733333333334,128.21522084876588
2015-03-18,25653,0.009738623271889402,0.009576046396619159,0.009499597398015036,0.10971807806039846,0.07,2015,3,18,2,180,-12,25635.0,25797.0,25760.285714285714,26232.866666666665,118.1266471295155
2015-03-19,25970,0.010161650345622109,0.012201591511936338,0.011236666636509213,0.142700402745628,1.24,2015,3,19,3,280,258,25653.0,25635.0,25796.571428571428,26198.0,139.35907713926477
2015-03-20,26195,0.012717813940092165,0.014512430877129862,0.01307325546679211,0.12283072641395829,0.87,2015,3,20,4,334,199,25970.0,25653.0,25868.714285714286,26177.266666666666,194.71407609293203
2015-03-23,26208,0.014508928571428548,0.01430562424133433,0.014647474464177468,0.07666885210805893,0.05,2015,3,23,0,137,13,26195.0,25970.0,25911.428571428572,26163.033333333333,233.88092208309092
2015-03-24,26350,0.014373919930875556,0.015771253877624403,0.01510888348065248,0.09493289802908868,0.54,2015,3,24,1,249,170,26208.0,26195.0,25972.571428571428,26151.566666666666,287.01501536987183
2015-03-25,26491,0.015570996543778803,0.0169401609495122,0.01582361509440791,0.0996159867267886,0.54,2015,3,25,2,300,178,26350.0,26208.0,26071.714285714286,26143.2,332.51652304116055
2015-03-26,26805,0.01742511520737325,0.02118419277975092,0.01853778577955506,0.11299624014878842,1.19,2015,3,26,3,472,286,26491.0,26350.0,26238.85714285714,26162.0,368.5183978093178
2015-03-27,26564,0.019720262096774188,0.019233017128984398,0.01728926726438737,0.10530259443113853,-0.9,2015,3,27,4,393,-210,26805.0,26491.0,26369.0,26174.766666666666,276.51521959342114
2015-03-30,26239,0.016966085829493077,0.016481589713617767,0.015651717617681915,0.07098224440370901,-1.22,2015,3,30,0,268,-229,26564.0,26805.0,26407.428571428572,26172.933333333334,225.8781804005912
2015-03-31,26061,0.014553931451612878,0.015060918041631066,0.014023215206593637,0.035323869034079504,-0.68,2015,3,31,1,290,-139,26239.0,26564.0,26388.285714285714,26164.4,251.14651386929918
2015-04-01,26510,0.013851886520737322,0.019466798543361946,0.014385104631279927,0.01070420273759985,1.72,2015,4,1,2,740,388,26061.0,26239.0,26431.428571428572,26170.766666666666,240.73834838072838
2015-04-02,26548,0.018163162442396297,0.018540664478712388,0.018003998878142774,0.05218298834579927,0.14,2015,4,2,3,237,-53,26510.0,26061.0,26459.714285714286,26183.1,241.2078732035201
2015-04-06,26941,0.018379176267281083,0.021606797644202674,0.019496792754973707,0.09085192073537873,1.48,2015,4,6,0,413,316,26548.0,26510.0,26524.0,26211.9,302.98954877485664
2015-04-07,26829,0.021079349078340998,0.02061772242952839,0.02108910622359339,0.059742831529229164,-0.42,2015,4,7,1,127,-96,26941.0,26548.0,26527.428571428572,26234.8,306.8109391483247
2015-04-08,26682,0.020332301267281083,0.020123184822191248,0.019406320398802135,0.07927800152534889,-0.55,2015,4,8,2,258,-160,26829.0,26941.0,26544.285714285714,26249.566666666666,312.3468767711556
2015-04-09,26452,0.018262168778801824,0.01777637908555499,0.01755163709728494,0.08335897881905883,-0.86,2015,4,9,3,202,-160,26682.0,26829.0,26574.714285714286,26257.766666666666,286.9957690083506
2015-04-10,26703,0.017092093894009203,0.019017218900328176,0.017931620993205527,0.09065121693404873,0.95,2015,4,10,4,298,221,26452.0,26682.0,26666.428571428572,26265.2,176.95277820482394
2015-04-13,26616,0.019081221198156667,0.01883738704311469,0.018818250083686927,0.06951041652728902,-0.33,2015,4,13,0,180,-87,26703.0,26452.0,26681.571428571428,26267.7,165.50010789846962
2015-04-14,26454,0.01787514400921658,0.01738974059254597,0.01655644117939764,0.05820410238569919,-0.61,2015,4,14,1,269,-115,26616.0,26703.0,26668.14285714286,26267.733333333334,181.21205678411522
2015-04-15,26644,0.016804075460829487,0.01838780740008092,0.017352597913707468,0.08322517628483883,0.72,2015,4,15,2,292,194,26454.0,26616.0,26625.714285714286,26271.233333333334,135.7432801112438
2015-04-16,26533,0.018550187211981567,0.018927302971721433,0.018112565705548672,0.0865033383732288,-0.42,2015,4,16,3,268,-111,26644.0,26454.0,26583.428571428572,26273.233333333334,104.33257264348792
2015-04-17,26702,0.017524121543778803,0.01883738704311469,0.01854683301517221,0.07780617364892892,0.64,2015,4,17,4,210,172,26533.0,26644.0,26586.285714285714,26294.7,107.7013065319745
2015-04-20,26719,0.019045218894009203,0.019907386593535026,0.019903918357745798,0.08021461926488888,0.06,2015,4,20,0,179,20,26702.0,26533.0,26624.428571428572,26316.6,99.15788276484844
2015-04-21,26803,0.019459245391705043,0.01964663040057546,0.019560123404293833,0.09533430563174866,0.31,2015,4,21,1,188,58,26719.0,26702.0,26638.714285714286,26344.7,117.8130076096273
2015-04-22,26489,0.019756264400921653,0.019898395000674363,0.017994951642525625,0.11065469579993846,-1.17,2015,4,22,2,389,-289,26803.0,26719.0,26620.571428571428,26370.466666666667,130.9412809153055
2015-04-23,26777,0.017389112903225784,0.019394865800476557,0.01801304611375995,0.08369348515460884,1.09,2015,4,23,3,331,262,26489.0,26803.0,26666.714285714286,26406.7,118.80897032081283
2015-04-24,26574,0.019360239055299516,0.019817470664928283,0.018555880250789386,0.08683784470877878,-0.76,2015,4,24,4,318,-160,26777.0,26489.0,26656.714285714286,26428.866666666665,123.8772433851034
2015-04-27,26944,0.018370175691244217,0.021085285258283487,0.01916204503713889,0.0858343257021288,1.39,2015,4,27,0,392,320,26574.0,26777.0,26715.428571428572,26462.933333333334,150.09425610063957
2015-04-28,27036,0.021475374423963134,0.02179562109427685,0.021378617763342406,0.06261958601495912,0.34,2015,4,28,1,226,67,26944.0,26574.0,26763.14285714286,26504.233333333334,192.27534819608664
2015-04-29,27096,0.02161938364055299,0.022523940115991542,0.022464286037401276,0.057735793515929196,0.22,2015,4,29,2,187,111,27036.0,26944.0,26817.0,26552.933333333334,227.4349723916302
2015-04-30,26593,0.022258424539170485,0.02259587285887693,0.018365888302829064,0.06977802159572903,-1.86,2015,4,30,3,648,-463,27096.0,27036.0,26787.0,26584.266666666666,242.91287875858416
2015-05-01,26483,0.01790214573732718,0.01741671537112799,0.01655644117939764,0.01351405595621981,-0.41,2015,5,1,4,272,-89,26593.0,27096.0,26786.14285714286,26601.366666666665,244.14710631896781
2015-05-04,26747,0.01797415034562211,0.022290158701613993,0.019089667152201645,0.0026091494172899637,1.0,2015,5,4,0,534,167,26483.0,26593.0,26781.85714285714,26619.766666666666,244.5972394037298
2015-05-05,26852,0.019360239055299516,0.021804612687137515,0.01963250128923108,0.0012711240750899822,0.39,2015,5,5,1,420,118,26747.0,26483.0,26821.571428571428,26641.233333333334,227.1716363921059
2015-05-06,26928,0.02130436347926265,0.021894528615744258,0.02139671223457673,0.09995049306233861,0.28,2015,5,6,2,235,-22,26852.0,26747.0,26819.285714285714,26660.5,225.8109196400526
2015-05-07,26951,0.02089033698156681,0.02171469675853077,0.021640987596239974,0.10610540963645852,0.09,2015,5,7,3,188,47,26928.0,26852.0,26807.14285714286,26675.833333333332,214.20195188324374
2015-05-08,26903,0.02139436923963131,0.021435957379849824,0.02130623987840516,0.10938357172484847,-0.18,2015,5,8,4,194,-57,26951.0,26928.0,26779.571428571428,26679.1,180.61179099863637
2015-05-11,26853,0.020836333525345613,0.02098637773681608,0.020953397689336017,0.09372867522110868,-0.19,2015,5,11,0,183,-45,26903.0,26951.0,26816.714285714286,26688.733333333334,161.5804384675106
2015-05-12,27180,0.02084533410138248,0.02328822550914894,0.021912404664754692,0.11707721744249837,1.22,2015,5,12,1,333,281,26853.0,26903.0,26916.285714285714,26720.1,134.07673708993264
2015-05-13,27539,0.02293346774193547,0.026381333453221217,0.023459481955288575,0.14517574962869798,1.32,2015,5,13,2,506,408,27180.0,26853.0,27029.428571428572,26769.366666666665,250.78733164654452
2015-05-14,27444,0.025939660138248832,0.026651081239041474,0.026236983289755822,0.12724621004321823,-0.34,2015,5,14,3,229,-21,27539.0,27180.0,27114.0,26800.5,279.1916904209469
2015-05-15,27473,0.02550763248847926,0.025760913545834624,0.025241787371868524,0.10664061977333851,0.11,2015,5,15,4,240,56,27444.0,27539.0,27191.85714285714,26831.333333333332,294.2620309473284
2015-05-18,27629,0.026416690668202764,0.027514274153666307,0.027530737983009285,0.09326036635133869,0.57,2015,5,18,0,182,111,27473.0,27444.0,27288.714285714286,26854.266666666666,312.77079695628913
2015-05-19,27309,0.02683971774193547,0.026651081239041474,0.025296070785571473,0.11754552631226836,-1.16,2015,5,19,1,333,-256,27629.0,27473.0,27346.714285714286,26870.266666666666,263.00869078543894
2015-05-20,27299,0.024274553571428548,0.024592006473946854,0.02474418941292489,0.07666885210805893,-0.04,2015,5,20,2,165,19,27309.0,27629.0,27410.428571428572,26890.833333333332,155.53548056434957
2015-05-21,27130,0.024274553571428548,0.024313267095265906,0.023866607558060637,0.08663714090744878,-0.62,2015,5,21,3,231,-150,27299.0,27309.0,27403.285714285714,26913.433333333334,168.49007318534322
2015-05-22,27105,0.02305047523041473,0.02420536798093781,0.02353185984022582,0.08991530299583875,-0.09,2015,5,22,4,256,-39,27130.0,27299.0,27341.285714285714,26926.833333333332,188.84801145013546
2015-05-25,27180,0.022762456797235014,0.02303646090905004,0.02380327690874054,0.04669708444277935,0.28,2015,5,25,0,96,68,27105.0,27130.0,27303.571428571428,26945.633333333335,191.26234787428936
2015-05-26,26917,0.02314048099078339,0.023306208694870295,0.021840026779817417,0.09794345504903863,-0.97,2015,5,26,1,343,-237,27180.0,27105.0,27224.14285714286,26961.066666666666,222.13241439265707
2015-05-27,26900,0.021115351382488462,0.02121116755833294,0.021586704182537025,0.06623225443889907,-0.06,2015,5,27,2,138,-29,26917.0,27180.0,27120.0,26969.6,163.95934455458976
2015-05-28,26899,0.020647321428571425,0.02081553747246323,0.02071816956328995,0.07526392549874895,0.0,2015,5,28,3,190,22,26900.0,26917.0,27061.428571428572,26981.8,158.32546346389776
2015-05-29,26866,0.020854334677419345,0.020806545879602567,0.02126100370031936,0.0572674846461592,-0.12,2015,5,29,4,129,-34,26899.0,26900.0,26999.571428571428,26987.266666666666,132.52025900867508
2015-06-01,26690,0.021088349654377864,0.021390999415546452,0.015045552831332382,0.02923585372706959,-0.66,2015,6,1,0,881,-236,26866.0,26899.0,26936.714285714286,26986.3,161.52163352116835
2015-06-02,26856,0.01944124423963131,0.020626714022389053,0.020446752494775233,0.005485903903019923,0.62,2015,6,2,1,199,113,26690.0,26866.0,26901.14285714286,26988.066666666666,144.8406349196201
2015-06-03,26806,0.020926339285714274,0.021265117115497,0.020853878097547296,0.0012042228079799833,-0.19,2015,6,3,2,225,-102,26856.0,26690.0,26847.714285714286,26998.633333333335,78.72042150557336
2015-06-04,26564,0.02031430011520735,0.02008721845074854,0.017949715464439853,0.00026760506843999626,-0.9,2015,6,4,3,415,-276,26806.0,26856.0,26797.285714285714,26991.533333333333,125.87919378786567
2015-06-05,26439,0.018145161290322565,0.01778537067841568,0.017198794908215798,0.0017394329448599758,-0.47,2015,6,5,4,242,-160,26564.0,26806.0,26731.428571428572,26987.033333333333,174.41889915105438
2015-06-08,26693,0.018973214285714274,0.019008227307467512,0.019460603812505084,0.053922421290659245,0.96,2015,6,8,0,128,2,26439.0,26564.0,26702.0,26978.666666666668,158.04324302791562
2015-06-09,26754,0.01918922811059906,0.019619655621993415,0.019858682179659998,0.07513012296452895,0.23,2015,6,9,1,152,39,26693.0,26439.0,26686.0,26969.266666666666,143.69063991824424
2015-06-10,26850,0.0195042482718894,0.020887470215348647,0.020446752494775233,0.07071463933526902,0.36,2015,6,10,2,228,100,26754.0,26693.0,26708.85714285714,26961.066666666666,156.58057411629983
2015-06-11,26772,0.020530313940092165,0.020042260486445168,0.02000343794953452,0.06342240122027912,-0.29,2015,6,11,3,183,-92,26850.0,26754.0,26696.85714285714,26967.033333333333,146.30610442011795
2015-06-12,26773,0.019684259792626724,0.02000629411500246,0.020401516316689433,0.06148226447408914,0.0,2015,6,12,4,135,3,26772.0,26850.0,26692.14285714286,26976.7,142.69014048136125
2015-06-15,26915,0.019909274193548376,0.021238142336914984,0.019496792754973707,0.09533430563174866,0.53,2015,6,15,0,372,120,26773.0,26772.0,26742.285714285714,26982.3,151.55165707446972
2015-06-16,26831,0.021196356566820257,0.020887470215348647,0.02071816956328995,0.06542943923357909,-0.31,2015,6,16,1,198,-107,26915.0,26773.0,26798.285714285714,26981.6,72.73631437378764
2015-06-17,26763,0.020206293202764958,0.01971856314346085,0.020084863070088943,0.05639776817372921,-0.25,2015,6,17,2,138,-65,26831.0,26915.0,26808.285714285714,26976.1,59.446654758829496
2015-06-18,27031,0.019594254032258063,0.022344108258778028,0.02071816956328995,0.10456668049292854,1.0,2015,6,18,3,360,271,26763.0,26831.0,26847.85714285714,26978.766666666666,97.37971823700737
2015-06-19,26959,0.021934403801843305,0.021813604279998206,0.021993829785309088,0.05345411242088925,-0.27,2015,6,19,4,160,-61,27031.0,26763.0,26863.428571428572,26980.633333333335,106.1034984393133
2015-06-22,26589,0.021223358294930855,0.02073461313671715,0.018999194796030072,0.07727096351204892,-1.37,2015,6,22,0,371,-352,26959.0,27031.0,26837.285714285714,26971.833333333332,147.03481932980256
2015-06-23,26478,0.018604190668202764,0.01835184102863821,0.01801304611375995,0.06496113036380909,-0.42,2015,6,23,1,215,-172,26589.0,26959.0,26795.14285714286,26948.433333333334,200.92986220052006
2015-06-24,26418,0.017344110023041454,0.0172998246639392,0.017108322552044225,0.06643295824022907,-0.23,2015,6,24,2,198,-92,26478.0,26589.0,26724.14285714286,26911.066666666666,236.2275940498659
2015-06-25,26365,0.01698408698156681,0.016715371127995315,0.01693642507531823,0.05238369214712927,-0.2,2015,6,25,3,152,-105,26418.0,26478.0,26657.571428571428,26875.1,265.0043126335856
2015-06-26,26399,0.01620103686635943,0.016481589713617767,0.016484063294460366,0.06496113036380909,0.13,2015,6,26,4,176,16,26365.0,26418.0,26605.571428571428,26839.3,276.3390774291619
2015-06-29,26508,0.017092093894009203,0.018711504743065238,0.01801304611375995,0.05927452265945917,0.41,2015,6,29,0,255,26,26399.0,26365.0,26530.85714285714,26801.933333333334,203.15628513681915
2015-06-30,26301,0.01682207661290322,0.01649957289933912,0.015751237209470637,0.05191538327735928,-0.78,2015,6,30,1,259,-151,26508.0,26399.0,26436.85714285714,26768.333333333332,96.01289595983768
2015-07-01,26182,0.015228974654377864,0.015690329541878323,0.015289828192995625,0.011975326812689834,-0.45,2015,7,1,2,220,-93,26301.0,26508.0,26378.714285714286,26731.1,110.64314150467888
2015-07-02,26024,0.014229910714285698,0.014485456098547844,0.013706561959993119,0.0031443595541699562,-0.6,2015,7,2,3,261,-140,26182.0,26301.0,26313.85714285714,26694.233333333334,163.28444360664056
2015-07-03,26393,0.01284382200460829,0.019466798543361946,0.013887506672336264,0.0018063342119699747,1.42,2015,7,3,4,795,383,26024.0,26182.0,26310.285714285714,26670.5,160.88268426203854
2015-07-06,26335,0.01629104262672809,0.01584318662050982,0.015696953795767715,0.07760546984759892,-0.22,2015,7,6,0,192,-58,26393.0,26024.0,26306.0,26642.333333333332,159.57652291859046
2015-07-07,26032,0.0151929723502304,0.014863102998696198,0.01281088563389457,0.12711240750899822,-1.15,2015,7,7,1,402,-239,26335.0,26393.0,26253.571428571428,26612.833333333332,182.56218770893912
2015-07-08,26222,0.012852822580645157,0.014521422469990553,0.012666129864020048,0.11607369843584837,0.73,2015,7,8,2,380,211,26032.0,26335.0,26212.714285714286,26590.233333333334,144.0783517003634
2015-07-09,26071,0.013923891129032251,0.014521422469990553,0.014294632275108354,0.09807725758325862,-0.58,2015,7,9,3,200,-59,26222.0,26032.0,26179.85714285714,26562.633333333335,146.78945076968418
2015-07-10,26071,0.013473862327188918,0.013847053005439897,0.01411368756276521,0.08121813827153887,0.0,2015,7,10,4,145,-9,26071.0,26222.0,26164.0,26536.133333333335,152.40734890458177
2015-07-13,26033,0.013851886520737322,0.013397473362406154,0.013408003184626927,0.08054912560043888,-0.15,2015,7,13,0,173,-89,26071.0,26071.0,26165.285714285714,26514.233333333334,151.06148228021036
2015-07-14,25934,0.012987831221198148,0.01312772557658587,0.013037066524323487,0.0791441989911289,-0.38,2015,7,14,1,184,-92,26033.0,26071.0,26099.714285714286,26483.5,134.44914067667185
2015-07-15,25852,0.01263680875576037,0.012156633547632967,0.011797595244772974,0.09406318155665869,-0.32,2015,7,15,2,213,-135,25934.0,26033.0,26030.714285714286,26451.7,116.28659178381929
2015-07-16,25774,0.01116971486175114,0.010691003911342895,0.01130904452144646,0.07071463933526902,-0.3,2015,7,16,3,104,-50,25852.0,25934.0,25993.85714285714,26425.366666666665,151.3973013539824
2015-07-17,25505,0.010773689516129031,0.010295373825473186,0.009155802444563071,0.08777446244831877,-1.04,2015,7,17,4,298,-275,25774.0,25852.0,25891.428571428572,26394.233333333334,204.53920336799166
2015-07-20,25042,0.008073516705069117,0.00759789596727059,0.003980783671549165,0.15454192702409783,-1.82,2015,7,20,0,570,-438,25505.0,25774.0,25744.428571428572,26339.2,362.6379540456494
2015-07-21,24908,0.00372623847926265,0.0038663849300903663,0.0037184138386515964,0.09780965251481863,-0.54,2015,7,21,1,184,-89,25042.0,25505.0,25578.285714285714,26277.666666666668,445.1174804798197
2015-07-22,24688,0.002403153801843305,0.0019331924650451693,0.0010947155096760197,0.13413704055554812,-0.88,2015,7,22,2,259,-162,24908.0,25042.0,25386.14285714286,26205.6,502.6909019042186
2015-07-23,24742,0.0018271169354838468,0.0025536123724317628,0.002225619961820663,0.12222861500996829,0.22,2015,7,23,3,203,-44,24688.0,24908.0,25215.85714285714,26137.933333333334,487.84916677590576
2015-07-24,24729,0.001062067972350228,0.0017443690149709923,0.0,0.13032366833027817,-0.05,2015,7,24,4,359,28,24742.0,24688.0,25055.428571428572,26069.8,424.2977952426303
2015-07-27,24910,0.0009990639400921653,0.0035876455514094185,0.0018184943590486002,0.143837724286498,0.73,2015,7,27,0,363,216,24729.0,24742.0,24932.0,26002.966666666667,282.35143586224706
2015-07-28,24768,0.002286146313364046,0.002113024322258683,0.002207525490586365,0.09894697405568861,-0.57,2015,7,28,1,156,-69,24910.0,24729.0,24826.714285714286,25934.2,128.6503197121751
2015-07-29,24729,0.0018091157834101146,0.001924200872184506,0.0021261003700319414,0.0996159867267886,-0.16,2015,7,29,2,144,-55,24768.0,24910.0,24782.0,25866.4,89.91662805143771
2015-07-30,24739,0.001071068548387094,0.0016994110506676208,0.0010042431535044472,0.11406666042254841,0.04,2015,7,30,3,243,37,24729.0,24768.0,24757.85714285714,25790.0,71.18386655193463
2015-07-31,24789,0.000873055875576012,0.0025536123724317628,0.0007328260849897295,0.10276034628095856,0.2,2015,7,31,4,368,109,24739.0,24729.0,24772.285714285714,25717.666666666668,64.59544433404044
2015-08-03,24696,0.0021601382488479204,0.0022568898080294886,0.0017732581809628,0.018933058592129737,-0.38,2015,8,3,0,220,-127,24789.0,24739.0,24765.714285714286,25654.566666666666,70.27971325623623
2015-08-04,24638,0.000783050115207351,0.0006204199073865935,0.000633306493201008,0.001940136746189973,-0.23,2015,8,4,1,164,-32,24696.0,24789.0,24752.714285714286,25593.233333333334,85.06412147342435
2015-08-05,24545,0.0002790178571428492,0.0,0.0002714170685147177,0.0006690126710999907,-0.38,2015,8,5,2,135,-69,24638.0,24696.0,24700.571428571428,25530.8,84.44891383410308
2015-08-06,24692,0.0,0.0009890752146742565,0.0005428341370294354,0.071049145670819,0.6,2015,8,6,3,215,109,24545.0,24638.0,24689.714285714286,25475.033333333333,79.0479059097211
2015-08-07,24796,0.0008910570276497443,0.0021310075079800372,0.0013118491644877883,0.12798212398142822,0.42,2015,8,7,4,257,114,24692.0,24545.0,24699.285714285714,25421.6,88.13193572921672
2015-08-10,25026,0.001953125,0.004145124308771286,0.0027503596276157727,0.09814415885036863,0.93,2015,8,10,0,322,226,24796.0,24692.0,24740.285714285714,25372.2,152.75330251327546
2015-08-11,25323,0.004158266129032251,0.00714831632423682,0.004813129348327616,0.13962294445856804,1.19,2015,8,11,1,428,278,25026.0,24796.0,24816.571428571428,25339.6,269.70592450746574
2015-08-12,25898,0.007353470622119801,0.011581171604549745,0.008413929123956165,0.15514403842808783,2.27,2015,8,12,2,523,498,25323.0,25026.0,24988.285714285714,25330.133333333335,480.45073083724867
2015-08-13,25763,0.010818692396313362,0.011005709661466523,0.011128099809103342,0.09827796138458862,-0.52,2015,8,13,3,159,-22,25898.0,25323.0,25149.0,25321.433333333334,529.4141416069992
2015-08-14,25636,0.010107646889400912,0.010762936654228283,0.010268612425473389,0.09024980933138874,-0.49,2015,8,14,4,227,-70,25763.0,25898.0,25304.85714285714,25296.2,480.27576403973677
2015-08-17,25924,0.010143649193548376,0.012264532661961064,0.011218572165274915,0.08951389539317875,1.12,2015,8,17,0,289,214,25636.0,25763.0,25480.85714285714,25282.5,442.5119315046242
2015-08-18,25890,0.012033770161290314,0.012012768061862161,0.011417611348852358,0.10135541967164859,-0.13,2015,8,18,1,239,-30,25924.0,25636.0,25637.14285714286,25277.766666666666,342.12396806414097
2015-08-19,26084,0.01158374135944698,0.013307557433799383,0.012041870606436217,0.10630611343778852,0.75,2015,8,19,2,314,214,25890.0,25924.0,25788.285714285714,25273.166666666668,247.84720715671128
2015-08-20,26723,0.014058899769585242,0.018981252528885495,0.01515411965873828,0.143101810348288,2.45,2015,8,20,3,601,578,26084.0,25890.0,25988.285714285714,25294.9,352.554825186167
2015-08-21,27090,0.019774265552995385,0.022856629051836524,0.019958201771448747,0.18284116301162745,1.37,2015,8,21,4,501,310,26723.0,26084.0,26158.571428571428,25328.866666666665,539.8165914281412
2015-08-24,27290,0.02265444988479262,0.027460324596502272,0.023522812604608673,0.1850489048262574,0.74,2015,8,24,0,619,190,27090.0,26723.0,26376.714285714286,25370.766666666666,650.5076771994181
2015-08-25,26595,0.024004536290322565,0.023513015330665826,0.018664447078195257,0.1566158663045078,-2.55,2015,8,25,1,717,-655,27290.0,27090.0,26513.714285714286,25392.8,563.7034428036745
2015-08-26,26341,0.018172163018433163,0.01851368970013037,0.014520813165537272,0.13440464562398813,-0.96,2015,8,26,2,619,-261,26595.0,27290.0,26573.285714285714,25409.1,510.5218618518853
2015-08-27,26197,0.0151929723502304,0.015510497684664837,0.014765088527200515,0.09245755114601871,-0.55,2015,8,27,3,258,-74,26341.0,26595.0,26617.14285714286,25423.2,451.8559610362063
2015-08-28,26490,0.014733942972350228,0.01766847997122689,0.01583266233002506,0.07961250786089889,1.12,2015,8,28,4,380,270,26197.0,26341.0,26675.14285714286,25456.033333333333,394.42338866242955
2015-08-31,26540,0.01716409850230413,0.01766847997122689,0.01712641702327855,0.045626664169019365,0.19,2015,8,31,0,237,50,26490.0,26197.0,26649.0,25505.966666666667,396.78037585900205
2015-09-01,26623,0.01847818260368661,0.01988940340781367,0.018637305371343782,0.015587995236629782,0.31,2015,9,1,1,317,-13,26540.0,26490.0,26582.285714285714,25563.133333333335,346.32533562444115
2015-09-02,26417,0.018100158410138234,0.018019152092793228,0.015651717617681915,0.004214779827929941,-0.77,2015,9,2,2,439,-177,26623.0,26540.0,26457.571428571428,25620.766666666666,151.2347591696264
2015-09-03,26196,0.016642065092165897,0.0165355392707818,0.015018411124480907,0.0016725316777499767,-0.84,2015,9,3,3,344,-236,26417.0,26623.0,26400.571428571428,25669.233333333334,165.33890159637033
2015-09-04,26256,0.015679003456221197,0.016679404756552607,0.01385131772986764,0.0016725316777499767,0.23,2015,9,4,4,489,-69,26196.0,26417.0,26388.428571428572,25720.133333333335,173.36941016538657
2015-09-07,26506,0.0181091589861751,0.017848311828440405,0.018049235056228574,0.06241888221362913,0.95,2015,9,7,0,155,-89,26256.0,26196.0,26432.571428571428,25773.333333333332,154.85461691888545
2015-09-08,26436,0.017254104262672793,0.017371757406824617,0.017379739620558943,0.09386247775532869,-0.26,2015,9,8,1,176,-64,26506.0,26256.0,26424.85714285714,25828.933333333334,152.8489761953012
2015-09-09,26069,0.016804075460829487,0.0166434383851099,0.013932742850422064,0.11052089326571846,-1.39,2015,9,9,2,476,-381,26436.0,26506.0,26357.571428571428,25873.6,192.2939218516625
2015-09-10,26179,0.014103902649769573,0.014962010520163632,0.014403199102514225,0.11319694395011842,0.42,2015,9,10,3,237,29,26069.0,26436.0,26294.14285714286,25921.6,160.79741765323638
2015-09-11,25981,0.014463925691244217,0.014152767162702862,0.013100397173643585,0.10363006275338855,-0.76,2015,9,11,4,291,-209,26179.0,26069.0,26231.85714285714,25961.333333333332,187.50238093763477
2015-09-14,26078,0.013158842165898604,0.013424448140988171,0.013570853425735774,0.08135194080575886,0.37,2015,9,14,0,158,33,25981.0,26179.0,26215.0,26007.4,196.35851564626773
2015-09-15,25982,0.013554867511520713,0.01312772557658587,0.013444192127095578,0.08556672063368881,-0.37,2015,9,15,1,139,-107,26078.0,25981.0,26175.85714285714,26052.2,213.39433651641642
2015-09-16,26285,0.012699812788018433,0.015573438834689562,0.0135437117188843,0.13433774435687812,1.17,2015,9,16,2,400,291,25982.0,26078.0,26144.285714285714,26110.2,167.91040694978784
2015-09-17,26176,0.0146619383640553,0.014728229105786084,0.014864608118989237,0.049573838928509306,-0.41,2015,9,17,3,160,-36,26285.0,25982.0,26107.14285714286,26159.666666666668,112.11218870970883
2015-09-18,26476,0.015453989055299516,0.01758755563548081,0.01655644117939764,0.15454192702409783,1.15,2015,9,18,4,291,176,26176.0,26285.0,26165.285714285714,26215.666666666668,176.2344218043411
2015-09-21,26345,0.0171460973502304,0.01721890032819312,0.016384543702671645,0.11975326812689832,-0.49,2015,9,21,0,269,-143,26476.0,26176.0,26189.0,26259.633333333335,189.08728143410167
2015-09-22,26242,0.015634000576036866,0.01649957289933912,0.01547077290533877,0.1492567269224079,-0.39,2015,9,22,1,290,-78,26345.0,26476.0,26226.285714285714,26290.266666666666,165.49794992298496
2015-09-23,26476,0.01491395449308755,0.01685024502090543,0.015742189973853488,0.10910927652969747,0.89,2015,9,23,2,299,236,26242.0,26345.0,26283.14285714286,26309.533333333333,174.2014433272073
2015-09-24,26965,0.017344110023041454,0.021966461358629674,0.0180220933493771,0.19033410492794733,1.85,2015,9,24,3,616,455,26476.0,26242.0,26423.571428571428,26349.6,264.03210483024793
2015-09-25,26744,0.020854334677419345,0.020365957829429487,0.01957821787552813,0.072052664677469,-0.82,2015,9,25,4,266,-156,26965.0,26476.0,26489.14285714286,26386.533333333333,280.372626202965
2015-09-28,26508,0.01946824596774191,0.018981252528885495,0.017108322552044225,0.11045399199860846,-0.88,2015,9,28,0,385,-238,26744.0,26965.0,26536.571428571428,26406.0,244.33710125103082
2015-09-29,26253,0.017920146889400912,0.01757856404262015,0.015905040214962307,0.12597508596812823,-0.96,2015,9,29,1,362,-321,26508.0,26744.0,26504.714285714286,26418.1,267.03415155252355
2015-09-30,25803,0.014652937788018433,0.015609405206132243,0.011462847526938158,0.14912292438818792,-1.71,2015,9,30,2,634,-408,26253.0,26508.0,26427.285714285714,26408.733333333334,376.99943160263626
2015-10-01,25782,0.010773689516129031,0.011041676032909231,0.010947155096760197,0.04094357547131943,-0.08,2015,10,1,3,183,2,25803.0,26253.0,26361.571428571428,26377.366666666665,448.07099777575365
2015-10-05,26094,0.014184907834101368,0.01463831317717934,0.013480381069564201,0.009031671059849873,1.21,2015,10,5,0,303,-65,25782.0,25803.0,26307.0,26344.166666666668,455.0201460742969
2015-10-06,26512,0.015453989055299516,0.01785730342130107,0.01630311858211725,0.11199272114213843,1.6,2015,10,6,1,349,212,26094.0,25782.0,26242.285714285714,26318.233333333334,370.1363326695275
2015-10-07,26449,0.017749135944700456,0.018342849435777547,0.016737385891740786,0.12316523274950827,-0.24,2015,10,7,2,355,-106,26512.0,26094.0,26200.14285714286,26313.366666666665,316.3823786558798
2015-10-08,26351,0.016354046658986154,0.016760329092298687,0.016013607042368205,0.10235893867829857,-0.37,2015,10,8,3,259,-49,26449.0,26512.0,26177.714285714286,26313.7,295.81735033978015
2015-10-09,26515,0.015552995391705043,0.01762352200692352,0.016221693461562825,0.10931667045773848,0.62,2015,10,9,4,332,204,26351.0,26449.0,26215.14285714286,26324.3,322.3183874017826
2015-10-12,26678,0.01838817684331795,0.01964663040057546,0.018610163664492307,0.10951737425906848,0.61,2015,10,12,0,293,52,26515.0,26351.0,26340.14285714286,26330.566666666666,305.05050323503775
2015-10-13,26872,0.018514184907834103,0.020509823315200265,0.01839303000968054,0.1362109798359581,0.73,2015,10,13,1,413,232,26678.0,26515.0,26495.85714285714,26341.633333333335,244.93361588522902
2015-10-14,27088,0.021034346198156667,0.022739738344647736,0.0206819806208213,0.144239131889158,0.8,2015,10,14,2,408,168,26872.0,26678.0,26637.85714285714,26357.133333333335,260.7523912142385
2015-10-15,27142,0.022924467165898604,0.02331520028773096,0.02234667197437823,0.1358095722332981,0.2,2015,10,15,3,288,12,27088.0,26872.0,26727.85714285714,26381.3,313.4673978645011
2015-10-16,27029,0.022672451036866353,0.02218225958728587,0.022364766445612555,0.09158783467358872,-0.42,2015,10,16,4,160,-73,27142.0,27088.0,26810.714285714286,26409.066666666666,303.9844920858656
2016-01-01,24943,0.003537226382488462,0.003920334487254401,0.0038903113153775926,0.014183068627319802,-0.04,2016,1,1,4,171,-33,24952.0,25017.0,25035.14285714286,25186.8,77.44552617158382
2016-01-04,25423,0.005859375,0.007822685788787476,0.005066451945608008,0.00501759503324993,1.92,2016,1,4,0,475,189,24943.0,24952.0,25095.0,25192.5,163.48802198789465
2016-01-05,25430,0.006993447580645157,0.007651845524434653,0.008052039699269875,0.0011373215408699842,0.03,2016,1,5,1,126,70,25423.0,24943.0,25135.428571428572,25200.833333333332,207.54506108585554
2016-01-06,25756,0.007713493663594445,0.010376298161219238,0.008603921071916487,0.16149965880353775,1.28,2016,1,6,2,368,316,25430.0,25423.0,25232.428571428572,25215.866666666665,309.3761772467198
2016-01-07,26106,0.010953701036866353,0.013442431326709525,0.011851878658475895,0.16939400832251764,1.36,2016,1,7,3,350,306,25756.0,25430.0,25375.285714285714,25245.066666666666,443.2018781120782
2016-01-08,25989,0.013068836405529943,0.01312772557658587,0.011897114836561695,0.15855600305069778,-0.45,2016,1,8,4,310,-46,26106.0,25756.0,25514.14285714286,25268.433333333334,464.0177541761077
2016-01-11,25877,0.013428859447004587,0.013262599469496011,0.012313287674950907,0.13320042281600813,-0.43,2016,1,11,0,279,-198,25989.0,26106.0,25646.285714285714,25295.3,405.2372614844226
2016-01-12,25689,0.011637744815668177,0.011967810097558762,0.010494793315902334,0.1348729544937581,-0.73,2016,1,12,1,336,-187,25877.0,25989.0,25752.85714285714,25314.466666666667,262.36579335721416
2016-01-13,25750,0.009693620391705043,0.010421256125522638,0.009590069754186609,0.12283072641395829,0.24,2016,1,13,2,264,90,25689.0,25877.0,25799.571428571428,25338.866666666665,219.44692383604058
2016-01-14,25652,0.010953701036866353,0.01252528885492063,0.010304801367942013,0.16109825120087776,-0.38,2016,1,14,3,419,-148,25750.0,25689.0,25831.285714285714,25364.1,166.88090991897553
2016-01-15,26126,0.00942360311059906,0.014251674684170296,0.010494793315902334,0.19709113290605726,1.85,2016,1,15,4,590,496,25652.0,25750.0,25884.14285714286,25400.2,195.24636451746667
2016-01-18,26070,0.013410858294930855,0.013262599469496011,0.013579900661352923,0.09426388535798869,-0.21,2016,1,18,0,139,-3,26126.0,25652.0,25879.0,25414.833333333332,188.79618640254603
2016-01-19,26064,0.01312283986175114,0.013037809647979126,0.012693271570871523,0.13989054952700805,-0.02,2016,1,19,1,212,23,26070.0,26126.0,25889.714285714286,25435.533333333333,197.98376556858392
2016-01-20,26563,0.013653873847926268,0.018216967135728096,0.01474699405596619,0.21589038896396698,1.91,2016,1,20,2,561,463,26064.0,26070.0,25987.714285714286,25473.5,321.7425027803745
2016-01-21,26190,0.017011088709677408,0.01688621139234814,0.015199355836824052,0.18993269732528734,-1.4,2016,1,21,3,363,-283,26563.0,26064.0,26059.285714285714,25496.533333333333,299.1491903638998
2016-01-22,26168,0.015039962557603676,0.014979993705884986,0.014864608118989237,0.11259483254612843,-0.08,2016,1,22,4,188,-86,26190.0,26563.0,26119.0,25524.533333333333,267.12731047224776
2016-01-25,26391,0.014283914170506895,0.016265791484961545,0.015380300549167197,0.10850716512570749,0.85,2016,1,25,0,274,221,26168.0,26190.0,26224.571428571428,25551.533333333333,185.3014275383548
2016-01-27,26736,0.016804075460829487,0.01963763880771477,0.0179135265219712,0.10376386528760854,1.31,2016,1,27,2,369,286,26391.0,26168.0,26311.714285714286,25600.866666666665,259.7131201191719
2016-01-28,26701,0.020404305875576012,0.020365957829429487,0.01927061186454479,0.11045399199860846,-0.13,2016,1,28,3,300,-149,26736.0,26391.0,26401.85714285714,25651.8,271.0912691154111
2016-01-29,26709,0.01886520737327188,0.019134109607516964,0.018610163664492307,0.10209133360985857,0.03,2016,1,29,4,236,30,26701.0,26736.0,26494.0,25696.366666666665,245.52664485439956
2016-02-01,26973,0.019549251152073732,0.02170570516567008,0.019677737467316853,0.023883752358269665,0.99,2016,2,1,0,404,218,26709.0,26701.0,26552.571428571428,25769.933333333334,306.1496677243696
2016-02-02,27008,0.02879284274193547,0.02829654273254506,0.021631940360622826,0.007024633046549902,0.13,2016,2,2,1,921,-774,26973.0,26709.0,26669.428571428572,25836.5,300.7584064456667
2016-02-03,27285,0.02296046947004607,0.024187384795216454,0.022672372456595896,0.0029436557528399587,1.03,2016,2,3,2,349,151,27008.0,26973.0,26829.0,25902.6,286.35351112470084
2016-02-04,27656,0.023869527649769573,0.02845839140403722,0.024762283884159186,0.0007359139382099897,1.36,2016,2,4,3,593,421,27285.0,27008.0,27009.714285714286,25985.266666666666,354.84067517973153
2016-02-05,27568,0.028684835829493077,0.031272759969428576,0.021532420768834076,0.0012711240750899822,-0.32,2016,2,5,4,1263,-202,27656.0,27285.0,27128.571428571428,26070.733333333334,385.8639039623303
2016-02-08,28367,0.02621867799539168,0.03411410331340198,0.027376934977517614,0.19655592276917724,2.9,2016,2,8,0,933,871,27568.0,27656.0,27366.571428571428,26178.066666666666,554.9362897796234
2016-02-09,28325,0.03386016705069125,0.03406015375623789,0.03264242610670309,0.1647778208919277,-0.15,2016,2,9,1,345,-20,28367.0,27568.0,27597.428571428572,26286.333333333332,571.6709009978543
2016-02-10,28211,0.032897105414746525,0.0325046081913411,0.0313486714134496,0.13734830137682807,-0.4,2016,2,10,2,315,-27,28325.0,28367.0,27774.285714285714,26389.833333333332,536.7270300273483
2016-02-11,29706,0.03300511232718892,0.048239895697522794,0.03419855063285415,0.31042187939039567,5.3,2016,2,11,3,1750,1456,28211.0,28325.0,28159.714285714286,26546.133333333335,799.2595978541433
2016-02-12,29287,0.044408842165898604,0.045740232882255094,0.043254833485628474,0.1654468335630277,-1.41,2016,2,12,4,471,-230,29706.0,28211.0,28445.714285714286,26690.633333333335,792.2511626763061
2016-02-15,28595,0.042014688940092165,0.04150519264487701,0.036650351485103705,0.13072507593293817,-2.36,2016,2,15,0,730,-656,29287.0,29706.0,28579.85714285714,26812.366666666665,711.647016568275
2016-02-16,28800,0.03570528513824886,0.0389695634581666,0.03294098488206931,0.21127420153337706,0.72,2016,2,16,1,858,250,28595.0,29287.0,28755.85714285714,26924.933333333334,554.7409090652333
2016-02-17,28781,0.03786542338709678,0.038708807265207035,0.03769983081669398,0.14504194709447799,-0.07,2016,2,17,2,303,-9,28800.0,28595.0,28815.0,27036.633333333335,527.7881519448658
2016-02-18,29210,0.03777541762672812,0.04167603290922989,0.03749174439749936,0.14918982565529793,1.49,2016,2,18,3,656,430,28781.0,28800.0,28941.428571428572,27151.766666666666,495.8826666134423
2016-02-19,29432,0.04181667626728111,0.044166704131636925,0.04261247975681032,0.17253836787668758,0.76,2016,2,19,4,367,203,29210.0,28781.0,29115.85714285714,27262.633333333335,401.98566664809226
2016-02-22,28916,0.04281574020737325,0.042305444409477144,0.03883073526883862,0.14122857486920803,-1.75,2016,2,22,0,578,-424,29432.0,29210.0,29003.0,27360.2,308.7803966144399
2016-02-23,29234,0.040610599078341,0.04209863777368161,0.04168061448824312,0.14771799777887792,1.1,2016,2,23,1,240,139,28916.0,29432.0,28995.428571428572,27472.1,301.21302381258903
2016-02-24,29523,0.042545722926267265,0.047196870925684475,0.04288389682532501,0.20893265718452708,0.99,2016,2,24,2,674,213,29234.0,28916.0,29128.0,27599.9,299.81605471805693
2016-02-25,29735,0.0439858150921659,0.04612687137526411,0.0442681238747501,0.17561582616374755,0.72,2016,2,25,3,402,265,29523.0,29234.0,29261.571428571428,27732.733333333334,335.4881305118211
2016-02-26,29290,0.0450478830645161,0.04547048509643481,0.042205354154038255,0.1722038615411376,-1.5,2016,2,26,4,557,-298,29735.0,29523.0,29334.285714285714,27854.0,260.81967863244915
2016-02-29,29437,0.041879680299539174,0.0448680483747696,0.0431191249513711,0.09894697405568861,0.5,2016,2,29,0,389,201,29290.0,29735.0,29366.714285714286,27964.366666666665,256.8733243486629
2016-03-01,29097,0.04515588997695849,0.046027963853796705,0.04170775619509459,0.026359099241339633,-1.16,2016,3,1,1,674,-503,29437.0,29290.0,29318.85714285714,28065.266666666666,273.3602193513882
2016-03-02,29219,0.03983654953917051,0.0414062851234096,0.04062208792103572,0.006690126710999907,0.42,2016,3,2,2,280,210,29097.0,29437.0,29362.14285714286,28170.433333333334,217.1469767780296
2016-03-03,29381,0.04163666474654379,0.04396888908870206,0.04206964561978088,0.006623225443889907,0.55,2016,3,3,3,405,172,29219.0,29097.0,29383.14285714286,28264.366666666665,209.6683321911959
2016-03-04,29519,0.0459119383640553,0.04808703861889135,0.04309198324451963,0.002207741814629969,0.47,2016,3,4,4,750,-165,29381.0,29219.0,29382.571428571428,28375.333333333332,209.2286286521211
2016-03-07,29597,0.04763104838709678,0.04788023198309582,0.046014240348861424,0.0937955764882187,0.26,2016,3,7,0,404,-278,29519.0,29381.0,29362.85714285714,28489.633333333335,174.02722830208143
2016-03-08,29819,0.04659598214285712,0.04956165984804206,0.04785987641476147,0.2575029771063864,0.75,2016,3,8,1,387,59,29597.0,29519.0,29438.428571428572,28603.9,239.61556511972685
2016-03-09,29597,0.04650597638248846,0.045991997482354,0.04385195103636086,0.23335161967967674,-0.74,2016,3,9,2,433,-153,29819.0,29597.0,29461.285714285714,28699.266666666666,246.9748396671168
2016-03-10,29928,0.04425583237327188,0.047790316054489024,0.04178013408003184,0.34915771304708515,1.12,2016,3,10,3,862,428,29597.0,29819.0,29580.0,28806.833333333332,242.36542657735816
2016-03-11,29504,0.047901065668202764,0.047520568268668795,0.045236178085785894,0.24686567563589656,-1.42,2016,3,11,4,450,-401,29928.0,29597.0,29620.714285714286,28900.0,189.86724685578486
2016-03-14,29204,0.04379680299539171,0.044373510767432456,0.04225059033212403,0.20692561917122712,-1.02,2016,3,14,0,430,-245,29504.0,29928.0,29595.428571428572,28974.366666666665,233.81250119339282
2016-03-15,29050,0.04073660714285712,0.04148720945915568,0.03994354524974897,0.22251361440785689,-0.53,2016,3,15,1,364,-59,29204.0,29504.0,29528.428571428572,29042.433333333334,313.11278965836715
2016-03-16,28970,0.040475590437788006,0.04065998291597356,0.040395907030606804,0.1510630611343779,-0.28,2016,3,16,2,222,-110,29050.0,29204.0,29438.85714285714,29098.6,373.9912782278538
2016-03-17,29357,0.040151569700460826,0.04455334262464594,0.04138205571287695,0.25308749347712645,1.34,2016,3,17,3,546,313,28970.0,29050.0,29372.85714285714,29155.3,334.3941928181549
2016-03-18,29135,0.043355774769585215,0.04338443555275817,0.04108349693751073,0.18163694020364746,-0.76,2016,3,18,4,449,-265,29357.0,28970.0,29306.85714285714,29207.533333333333,328.3191681740602
2016-03-21,28937,0.04067360311059906,0.04031830238726791,0.03945499452642248,0.1638412031523877,-0.68,2016,3,21,0,288,-165,29135.0,29357.0,29165.285714285714,29226.533333333333,207.13901474276852
2016-03-22,29047,0.03930551555299536,0.0422784696308951,0.040015923134686215,0.21568968516263698,0.38,2016,3,22,1,444,97,28937.0,29135.0,29100.0,29250.6,145.4120581887942
2016-03-23,28568,0.03975554435483872,0.03924830283684755,0.03655083189331498,0.22565797396202686,-1.65,2016,3,23,2,490,-432,29047.0,28937.0,29009.14285714286,29262.5,238.49907656811968
2016-03-24,28560,0.0352822580645161,0.03588544710695496,0.03600799775628555,0.0497076414627293,-0.03,2016,3,24,3,176,57,28568.0,29047.0,28939.14285714286,29224.3,290.70341620028114
2016-03-28,28400,0.034823228686635926,0.03463561569932111,0.03419855063285415,0.11145751100525844,-0.56,2016,3,28,0,237,-52,28560.0,28568.0,28857.714285714286,29194.733333333334,353.6380985724588
2016-03-29,28616,0.034247191820276496,0.03624511082138199,0.03447901493698602,0.17447850462287756,0.76,2016,3,29,1,385,228,28400.0,28560.0,28751.85714285714,29195.433333333334,283.1545093946363
2016-03-30,28301,0.03639832949308755,0.036478892235759564,0.033981416978042356,0.13407013928843814,-1.1,2016,3,30,2,466,-326,28616.0,28400.0,28632.714285714286,29178.8,270.23675686691394
2016-03-31,28441,0.03336513536866356,0.03510317852807626,0.03456044005754044,0.09593641703573866,0.49,2016,3,31,3,249,151,28301.0,28616.0,28561.85714285714,29167.466666666667,240.5503610276237
2016-04-01,28056,0.03444520449308755,0.03502225419233018,0.03152961612579275,0.03994005646466944,-1.35,2016,4,1,4,575,-354,28441.0,28301.0,28420.285714285714,29129.0,194.68668357633175
2016-04-04,28086,0.03161902361751148,0.03193813784111854,0.032226253268313854,0.004415483629259938,0.11,2016,4,4,0,155,-10,28056.0,28441.0,28351.428571428572,29084.133333333335,217.62188702962047
2016-04-05,28562,0.0327710973502304,0.03654183338578426,0.03365571649582472,0.0017394329448599758,1.69,2016,4,5,1,509,338,28086.0,28056.0,28351.714285714286,29072.333333333332,217.942434514144
2016-04-06,28571,0.037055371543778776,0.03699141302881803,0.03655083189331498,0.11620750097006838,0.03,2016,4,6,2,239,-129,28562.0,28086.0,28376.14285714286,29050.233333333334,233.29911313702613
2016-04-07,28972,0.03650633640552994,0.03951805062266778,0.037527933339967956,0.1852496086275874,1.4,2016,4,7,3,412,333,28571.0,28562.0,28427.0,29031.866666666665,317.79972729175216
2016-04-08,29047,0.03975554435483872,0.03991368070853751,0.0388578769756901,0.15092925860015788,0.26,2016,4,8,4,309,47,28972.0,28571.0,28533.571428571428,29008.933333333334,386.2213774262043
2016-04-11,29254,0.04064660138248846,0.04208065458796023,0.04155395318960292,0.142499698944298,0.71,2016,4,11,0,252,155,29047.0,28972.0,28649.714285714286,29007.733333333334,467.4443689844568
2016-04-12,29250,0.04146565380184333,0.042799982016814286,0.042359157159529925,0.14651377497089796,-0.01,2016,4,12,1,243,60,29254.0,29047.0,28820.285714285714,29001.5,431.1243881935616
2016-04-13,29128,0.04166366647465439,0.0411545205233107,0.040803032633378866,0.12584128343390824,-0.42,2016,4,13,2,232,-84,29250.0,29254.0,28969.14285714286,29002.533333333333,293.1475331475728
2016-04-14,28731,0.03993555587557604,0.03969788247988132,0.03831504283866066,0.08978150046161874,-1.36,2016,4,14,3,345,-289,29128.0,29250.0,28993.285714285714,28986.266666666666,258.9978856321716
2016-04-15,28918,0.037946428571428575,0.03879872319381378,0.03892120762501017,0.05880621378968918,0.65,2016,4,15,4,178,119,28731.0,29128.0,29042.85714285714,28970.833333333332,188.24667201265197
2016-04-18,28935,0.03930551555299536,0.04039922672301399,0.04008830101962346,0.12343283781794828,0.06,2016,4,18,0,227,-15,28918.0,28731.0,29037.571428571428,28951.366666666665,191.06618150346566
2016-04-19,29255,0.04020557315668202,0.04193678910218945,0.0414363391265799,0.08891178398918875,1.11,2016,4,19,1,249,205,28935.0,28918.0,29067.285714285714,28939.966666666667,208.18398456317507
2016-04-20,29249,0.04235671082949308,0.042350402373780516,0.041897748143054914,0.12717930877610822,-0.02,2016,4,20,2,244,-40,29255.0,28935.0,29066.571428571428,28920.966666666667,207.44385356279253
2016-04-21,29287,0.04169966877880185,0.04527267005349994,0.04225059033212403,0.1850489048262574,0.13,2016,4,21,3,530,71,29249.0,29255.0,29071.85714285714,28910.633333333335,213.28574618065397
2016-04-22,28941,0.04264472926267279,0.042332419188059134,0.04020591508264648,0.1292532480565182,-1.18,2016,4,22,4,429,-380,29287.0,29249.0,29045.14285714286,28877.733333333334,216.76441018727894
2016-04-25,29183,0.04020557315668202,0.041046621408982575,0.04083017434023034,0.09794345504903863,0.84,2016,4,25,0,217,133,28941.0,29287.0,29109.714285714286,28867.033333333333,169.83002707197022
2016-04-26,29158,0.0411146313364055,0.04103762981612191,0.04081207986899604,0.10128851840453859,-0.09,2016,4,26,1,218,7,29183.0,28941.0,29144.0,28865.5,147.42342645147718
2016-04-27,29319,0.041555659562211994,0.04244031830238726,0.04279342446915346,0.10423217415737854,0.55,2016,4,27,2,155,119,29158.0,29183.0,29198.85714285714,28874.466666666667,126.67600216235084
2016-04-28,29627,0.04216769873271889,0.045092838196286456,0.04279342446915346,0.10991878186172846,1.05,2016,4,28,3,450,359,29319.0,29158.0,29252.0,28896.366666666665,206.82762549207922
2016-04-29,30138,0.04561491935483872,0.04996628152677246,0.04687372773249132,0.12630959230367825,1.72,2016,4,29,4,541,487,29627.0,29319.0,29379.0,28922.4,393.4357211371234
2016-05-02,30213,0.0503492223502304,0.05131502045587377,0.05111688123693808,0.019535169996119726,0.25,2016,5,2,0,222,36,30138.0,29627.0,29511.285714285714,28958.333333333332,498.88967193350777
2016-05-03,30154,0.05033122119815667,0.051270062491570345,0.05048357474373705,0.004214779827929941,-0.2,2016,5,3,1,287,-21,30213.0,30138.0,29684.571428571428,28998.9,478.01773228716763
2016-05-04,29934,0.050061203917050684,0.05003821426965788,0.04930743411350663,0.0011373215408699842,-0.73,2016,5,4,2,280,-211,30154.0,30213.0,29791.85714285714,29028.466666666667,428.38356199845896
2016-05-05,29868,0.047964069700460826,0.04945376073371399,0.048511277379196804,0.0007359139382099897,-0.22,2016,5,5,3,303,-44,29934.0,30154.0,29893.285714285714,29071.8,324.8290392836113
2016-05-06,30366,0.04830609158986174,0.051836532841792904,0.04957885118202132,0.22626008536601683,1.67,2016,5,6,4,450,416,29868.0,29934.0,30042.85714285714,29132.0,248.37366243320153
2016-05-09,29805,0.05156430011520738,0.05104527267005349,0.047769404058589926,0.19802775064559724,-1.85,2016,5,9,0,562,-507,30366.0,29868.0,30068.285714285714,29178.833333333332,203.81749539373857
2016-05-10,29785,0.047415034562211994,0.04699905588274961,0.04661135789959381,0.13052437213160817,-0.07,2016,5,10,1,240,-66,29805.0,30366.0,30017.85714285714,29217.8,226.14112744880333
2016-05-11,29933,0.04718101958525342,0.04888729038349143,0.04844794672987668,0.15507713716097785,0.5,2016,5,11,2,247,108,29785.0,29805.0,29977.85714285714,29272.2,210.06302909004097
2016-05-12,29904,0.048153081797235014,0.04900418109068022,0.04790511259284724,0.1726052691437976,-0.1,2016,5,12,3,320,-29,29933.0,29785.0,29942.14285714286,29320.966666666667,195.89914800857144
2016-05-13,30023,0.04785606278801843,0.04876140808344198,0.04791415982846442,0.16103134993376775,0.4,2016,5,13,4,292,123,29904.0,29933.0,29954.85714285714,29386.533333333333,198.15770535228728
2016-05-16,29963,0.04943116359447006,0.05044283594838822,0.04926219793542086,0.15501023589386784,-0.2,2016,5,16,0,330,-112,30023.0,29904.0,29968.428571428572,29449.1,194.43581386743838
2016-05-17,30045,0.04911614343317969,0.049408802769410565,0.048764599976477196,0.1646440183577077,0.27,2016,5,17,1,270,5,29963.0,30023.0,29922.571428571428,29498.533333333333,99.92640148776512
2016-05-18,30049,0.04897213421658983,0.04894123994065547,0.04921696175733503,0.13875322798613807,0.01,2016,5,18,2,168,25,30045.0,29963.0,29957.428571428572,29547.8,94.48784250346766
2016-05-19,29800,0.04871111751152071,0.04819493773321942,0.04670183025576535,0.17481301095842755,-0.83,2016,5,19,3,363,-195,30049.0,30045.0,29959.571428571428,29575.4,89.98862361965541
2016-05-20,29693,0.04632596486175114,0.04704401384705298,0.04696420008866292,0.13440464562398813,-0.36,2016,5,20,4,206,-37,29800.0,30049.0,29925.285714285714,29596.933333333334,135.83901536468173
2016-05-23,29682,0.04600194412442396,0.045947039518050625,0.04619518506120457,0.10463358176003854,-0.04,2016,5,23,0,169,-12,29693.0,29800.0,29893.571428571428,29611.2,164.5234098265691
2016-05-24,29306,0.04497587845622117,0.04510182978914712,0.04354434502537752,0.15253488901079787,-1.27,2016,5,24,1,368,-274,29682.0,29693.0,29791.14285714286,29613.066666666666,263.7722682994188
2016-05-25,28945,0.04225770449308755,0.04174796565211525,0.03993449801413179,0.18029891486144747,-1.23,2016,5,25,2,394,-333,29306.0,29682.0,29645.714285714286,29606.966666666667,399.13060280471115
2016-05-26,28729,0.03971954205069125,0.04065998291597356,0.03831504283866066,0.1802320135943375,-0.75,2016,5,26,3,452,-267,28945.0,29306.0,29457.714285714286,29606.9,481.2067172867832
2016-05-27,28590,0.038315452188940086,0.037809647979139493,0.0368855796111498,0.12236241754418829,-0.48,2016,5,27,4,293,-250,28729.0,28945.0,29249.285714285714,29595.966666666667,498.0915960897744
2016-05-30,28590,0.03462521601382487,0.03651485860720227,0.03555563597542771,0.08677094344166879,0.0,2016,5,30,0,296,160,28590.0,28729.0,29076.428571428572,29584.466666666667,484.903033998526
2016-05-31,28610,0.0361193116359447,0.0367216652429978,0.03683129619744685,0.07272167734856898,0.07,2016,5,31,1,178,14,28590.0,28590.0,28921.714285714286,29562.966666666667,424.38689670542715
2016-06-01,28626,0.03553427419354835,0.037449984264712466,0.03646035953714344,0.017394329448599758,0.06,2016,6,1,2,300,95,28610.0,28590.0,28770.85714285714,29542.2,267.93433808273915
2016-06-02,28554,0.03629932315668202,0.036685698871555095,0.03673177660565813,0.0023415443488499672,-0.25,2016,6,2,3,185,-62,28626.0,28610.0,28663.428571428572,29517.766666666666,135.7667818269456
2016-06-03,29216,0.037082373271889374,0.0429348559097244,0.03682224896182973,0.002207741814629969,2.32,2016,6,3,4,870,513,28554.0,28626.0,28702.14285714286,29526.933333333334,233.15118740959159
2016-06-06,29329,0.042338709677419345,0.042629141752461464,0.04297436918149661,0.08677094344166879,0.39,2016,6,6,0,156,42,29216.0,28554.0,28787.85714285714,29531.8,333.40587305940215
2016-06-07,29239,0.041942684331797236,0.042170570516566974,0.041544905953985745,0.09018290806427874,-0.31,2016,6,7,1,263,-4,29329.0,29216.0,28880.571428571428,29534.5,358.50795302332955
2016-06-08,29491,0.04223070276497695,0.04439149395315378,0.043471967140440215,0.1065068172391185,0.86,2016,6,8,2,297,216,29239.0,29329.0,29009.285714285714,29540.233333333334,396.52394391166683
2016-06-09,29757,0.04444484447004607,0.046234770489592236,0.04507332784467705,0.12055608333221832,0.9,2016,6,9,3,325,236,29491.0,29239.0,29173.14285714286,29544.566666666666,438.76547591756423
2016-06-10,29851,0.04659598214285712,0.04734073641145525,0.046629452370828106,0.10369696402049855,0.32,2016,6,10,4,276,91,29757.0,29491.0,29348.14285714286,29535.0,428.33803962583016
2016-06-13,30181,0.047802059331797236,0.05021804612687136,0.04907220598746054,0.1289187417209682,1.11,2016,6,13,0,326,287,29851.0,29757.0,29580.571428571428,29533.933333333334,361.8627074563528
2016-06-14,30357,0.05002520161290322,0.05170165894888279,0.0504111968587998,0.12758071637876822,0.58,2016,6,14,1,343,216,30181.0,29851.0,29743.571428571428,29540.7,422.219081024266
2016-06-15,30262,0.051456293202764986,0.05128804567729173,0.051225448064343926,0.09968288799389861,-0.31,2016,6,15,2,207,-38,30357.0,30181.0,29876.85714285714,29551.633333333335,416.76469323088463
2016-06-16,30392,0.05147429435483872,0.057096614665287926,0.052175407804145424,0.2284009259135368,0.43,2016,6,16,3,748,90,30262.0,30357.0,30041.571428571428,29569.1,344.1781792148415
2016-06-17,30373,0.05163630472350231,0.05197140673470302,0.050854511404040514,0.12289762768106828,-0.06,2016,6,17,4,324,53,30392.0,30262.0,30167.571428571428,29569.333333333332,260.2356990261787
2016-06-20,30478,0.05111427131336402,0.05278065009216382,0.051225448064343926,0.14651377497089796,0.35,2016,6,20,0,373,216,30373.0,30392.0,30270.571428571428,29591.766666666666,208.1144373839643
2016-06-21,30072,0.05196932603686635,0.051854516027514286,0.05026644108892531,0.1368130912399481,-1.33,2016,6,21,1,376,-285,30478.0,30373.0,30302.14285714286,29601.333333333332,139.21377873795862
2016-06-22,29898,0.04924215149769581,0.04872544171199927,0.04853841908604828,0.11072159706704846,-0.58,2016,6,22,2,219,-156,30072.0,30478.0,30261.714285714286,29600.166666666668,205.5470053992435
2016-06-23,29686,0.047667050691244245,0.04781729083307107,0.04678325537631978,0.1507954560659379,-0.71,2016,6,23,3,312,-193,29898.0,30072.0,30165.85714285714,29592.9,291.9888288796368
2016-06-24,31131,0.04727102534562208,0.06943308007013443,0.04853841908604828,0.3225310087373055,4.87,2016,6,24,4,2522,1296,29686.0,29898.0,30290.0,29629.833333333332,470.0925440804446
2016-06-27,31218,0.05948480702764977,0.06071123499527942,0.0602998253883526,0.13059127339871818,0.28,2016,6,27,0,252,26,31131.0,29686.0,30408.0,29671.666666666668,588.6756322458267
2016-06-28,30999,0.05790070564516128,0.05799577395135547,0.05780278835801722,0.09995049306233861,-0.7,2016,6,28,1,226,-17,31218.0,31131.0,30497.428571428572,29703.466666666667,628.6636241910103
2016-06-29,30986,0.05862075172811057,0.058544261115856644,0.05835466973066378,0.09693993604238865,-0.04,2016,6,29,2,226,-110,30999.0,31218.0,30570.0,29734.7,654.8238949010312
2016-06-30,30851,0.05690164170506909,0.05677291732230366,0.057377568284010805,0.071316750739259,-0.44,2016,6,30,3,137,-54,30986.0,30999.0,30681.285714285714,29769.733333333334,621.4273125329528
2016-07-01,31077,0.05862075172811057,0.05920963898754661,0.05916892093620796,0.027697124583539613,0.73,2016,7,1,4,210,-19,30851.0,30986.0,30849.714285714286,29815.866666666665,526.229897252074
2016-07-04,31396,0.061266921082949316,0.06158341950276491,0.061494060489817315,0.03164429934302956,1.03,2016,7,4,0,217,6,31077.0,30851.0,31094.0,29873.0,177.0009416171467
2016-07-05,30841,0.06051087269585251,0.062356696488783,0.054554830771457785,0.00428168109503994,-1.77,2016,7,5,1,1070,-465,31396.0,31077.0,31052.571428571428,29924.166666666668,199.41652985892503
2016-07-06,32018,0.06628924251152071,0.06937013892010968,0.06765522794510137,0.08302447248350885,3.82,2016,7,6,2,402,70,30841.0,31396.0,31166.85714285714,30026.6,418.70014273204265
2016-07-07,31817,0.06685627880184333,0.06703232477633414,0.06498629343804002,0.15976022585867777,-0.63,2016,7,7,3,437,-194,32018.0,30841.0,31283.714285714286,30129.533333333333,474.478560908634
2016-07-08,31657,0.06524517569124424,0.06472148541114059,0.061647863495308985,0.17374259068466757,-0.5,2016,7,8,4,549,-175,31817.0,32018.0,31379.571428571428,30231.766666666666,472.08186336090995
2016-07-11,31524,0.06450712845622117,0.06521602301847773,0.06343921614750614,0.10135541967164859,-0.42,2016,7,11,0,406,-226,31657.0,31817.0,31475.714285714286,30329.566666666666,411.0830063323713
2016-07-12,31001,0.06280601958525342,0.0624196376388077,0.0586351340347957,0.14785180031309794,-1.66,2016,7,12,1,626,-560,31524.0,31657.0,31464.85714285714,30409.266666666666,424.16405182094985
2016-07-13,31225,0.05883676555299536,0.059569302701973637,0.059657471659534445,0.11239412874479843,0.72,2016,7,13,2,196,105,31001.0,31524.0,31440.428571428572,30495.9,433.60960057903304
2016-07-14,30895,0.059547811059907835,0.05902081553747246,0.05646379748667796,0.1790277907863575,-1.06,2016,7,14,3,488,-304,31225.0,31001.0,31448.14285714286,30573.933333333334,421.4785200424402
2016-07-15,30922,0.0561545938940092,0.05757316908690374,0.057106151215496115,0.16129895500220776,0.09,2016,7,15,4,256,100,30895.0,31225.0,31291.571428571428,30630.8,375.5777137259923
2016-07-18,30950,0.056406610023041454,0.057483253158297,0.05735947381277651,0.12002087319533833,0.09,2016,7,18,0,218,100,30922.0,30895.0,31167.714285714286,30684.833333333332,310.7955996502042
2016-07-19,31021,0.057756696428571425,0.05760014386548579,0.05791135518542312,0.08917938905762876,0.23,2016,7,19,1,170,21,30950.0,30922.0,31076.85714285714,30744.233333333334,225.05660663598022
2016-07-20,30666,0.0581617223502304,0.05768106820123181,0.05574001863730538,0.13259831141201814,-1.14,2016,7,20,2,419,-379,31021.0,30950.0,30954.285714285714,30783.4,167.1343913200767
2016-07-21,30940,0.0542554723502304,0.05696174077237781,0.055034334259167095,0.142700402745628,0.89,2016,7,21,3,417,329,30666.0,31021.0,30945.571428571428,30822.833333333332,165.87832603341207
2016-07-22,30794,0.05720766129032259,0.056683001393696864,0.056635694963403926,0.09513360183041868,-0.47,2016,7,22,4,209,-145,30940.0,30666.0,30884.0,30854.266666666666,117.93359713568543
2016-07-25,30814,0.05506552419354835,0.05587375803623612,0.055640499045516656,0.09867936898724862,0.06,2016,7,25,0,229,113,30794.0,30940.0,30872.428571428572,30875.366666666665,120.61765645065432
2016-07-26,30822,0.055920578917050684,0.05615249741491707,0.05646379748667796,0.09506670056330867,0.03,2016,7,26,1,169,26,30814.0,30794.0,30858.14285714286,30890.866666666665,119.68629630763421
2016-07-27,30878,0.05583057315668202,0.056602077057950784,0.056273805538717636,0.09580261450151867,0.18,2016,7,27,2,240,92,30822.0,30814.0,30847.85714285714,30911.4,113.40550923054407
2016-07-28,30795,0.057108654953917065,0.05884997527311964,0.05672616731957553,0.12704550624188823,-0.27,2016,7,28,3,440,-133,30878.0,30822.0,30815.571428571428,30924.833333333332,84.34424924665926
2016-07-29,31099,0.05724366359447006,0.058481319965831946,0.057377568284010805,0.11199272114213843,0.99,2016,7,29,4,327,156,30795.0,30878.0,30877.428571428572,30949.033333333333,110.95022479013397
2016-08-01,31011,0.057756696428571425,0.05829249651575774,0.05862608679917852,0.03525696776696951,-0.28,2016,8,1,0,168,11,31099.0,30795.0,30887.571428571428,30966.8,120.46141449020519
2016-08-02,31282,0.057756696428571425,0.06012678145933553,0.05901511793071629,0.008295757121639885,0.87,2016,8,2,1,329,282,31011.0,31099.0,30957.285714285714,31007.133333333335,182.51183914639176
2016-08-03,31199,0.06047487039170504,0.061178797824034514,0.06050791180754722,0.0023415443488499672,-0.27,2016,8,3,2,281,-103,31282.0,31011.0,31012.285714285714,31050.5,189.99273169061945
2016-08-04,31317,0.058701756912442365,0.06046846198804118,0.05972984954447169,0.0004014076026599944,0.38,2016,8,4,3,288,212,31199.0,31282.0,31083.0,31104.866666666665,199.25778947557015
2016-08-05,30779,0.06054687499999997,0.060648293845254664,0.05670807284834117,0.0028767544857299598,-1.72,2016,8,5,4,642,-531,31317.0,31199.0,31068.85714285714,31093.133333333335,218.78941821722952
2016-08-08,30998,0.058035714285714274,0.05751022793687899,0.05783897730048582,0.07446111029342896,0.71,2016,8,8,0,168,-33,30779.0,31317.0,31097.85714285714,31085.8,187.68273635002535
2016-08-09,31133,0.05723466301843319,0.05871510138020947,0.058092299897766264,0.08429559655859882,0.44,2016,8,9,1,274,191,30998.0,30779.0,31102.714285714286,31090.266666666666,188.15659638165292
2016-08-10,31219,0.05937680011520738,0.060693251809558035,0.06016411685409523,0.09667233097394864,0.28,2016,8,10,2,265,39,31133.0,30998.0,31132.428571428572,31098.033333333333,187.6822289073787
2016-08-11,31171,0.05919678859447006,0.06007283190217144,0.059820321900643236,0.1000842955965586,-0.15,2016,8,11,3,234,11,31219.0,31133.0,31116.571428571428,31108.7,177.34322385600788
2016-08-12,31080,0.058656754032258035,0.060828125702468205,0.05898797622386481,0.13213000254224816,-0.29,2016,8,12,4,410,-20,31171.0,31219.0,31099.571428571428,31108.8,173.79284329619563
2016-08-16,31349,0.05883676555299536,0.06118778941689518,0.06016411685409523,0.1073765337115485,0.87,2016,8,16,1,320,229,31080.0,31171.0,31104.14285714286,31107.233333333334,180.74699496948642
2016-08-17,31314,0.060141849078341,0.060369554466573716,0.060752187169210436,0.06964421906150903,-0.11,2016,8,17,2,164,49,31349.0,31080.0,31180.571428571428,31123.0,124.79964896173817
2016-08-18,31411,0.06135692684331798,0.06125073056691993,0.06181071373641783,0.06563014303490908,0.31,2016,8,18,3,145,11,31314.0,31349.0,31239.571428571428,31102.766666666666,121.68793030112433
2016-08-19,31365,0.06082589285714282,0.061421570831272754,0.06135835195556,0.11052089326571846,-0.15,2016,8,19,4,214,24,31411.0,31314.0,31272.714285714286,31087.7,119.39669772899595
2016-08-22,31395,0.06054687499999997,0.06107989030256711,0.060806470582913386,0.08095053320309886,0.1,2016,8,22,0,237,85,31365.0,31411.0,31297.85714285714,31078.966666666667,124.6173189829288
2016-08-23,31373,0.061104910714285726,0.06095400800251766,0.06165691073092616,0.06843999625352905,-0.07,2016,8,23,1,129,1,31395.0,31365.0,31326.714285714286,31073.933333333334,113.21176953797927
2016-08-24,31049,0.06062788018433177,0.060504428359483886,0.05907844858003636,0.09065121693404873,-1.03,2016,8,24,2,364,-270,31373.0,31395.0,31322.285714285714,31075.533333333333,124.5133383561267
2016-08-25,30945,0.0581347206221198,0.057788967315559936,0.05802896924844614,0.06054564673454915,-0.33,2016,8,25,3,178,-97,31049.0,31373.0,31264.571428571428,31066.2,187.67690067676628
2016-08-26,31023,0.05745967741935484,0.060243672166524265,0.0585446616786241,0.11680961237405837,0.25,2016,8,26,4,394,56,30945.0,31049.0,31223.0,31070.466666666667,206.21671448588373
2016-08-29,31077,0.057756696428571425,0.05826552173717575,0.05795659136350889,0.0641583151584891,0.17,2016,8,29,0,239,77,31023.0,30945.0,31175.285714285714,31075.633333333335,193.72980693548118
2016-08-30,30840,0.058377736175115186,0.05785190846558469,0.05744994616894811,0.04843651738763932,-0.76,2016,8,30,1,249,-229,31077.0,31023.0,31100.285714285714,31071.966666666667,209.06036949948503
2016-08-31,30746,0.056775633640552964,0.05638627882929459,0.05646379748667796,0.045626664169019365,-0.3,2016,8,31,2,195,-145,30840.0,31077.0,31007.571428571428,31062.8,200.3029847863276
2016-09-01,30710,0.055569556451612906,0.05563098502899788,0.05555907392496223,0.008362658388749883,-0.12,2016,9,1,3,211,-47,30746.0,30840.0,30912.85714285714,31064.266666666666,148.8527556250535
2016-09-02,30900,0.05595658122119815,0.056970732365238475,0.055550026689345056,0.0018732354790799738,0.62,2016,9,2,4,361,100,30710.0,30746.0,30891.571428571428,31062.933333333334,136.26060465513163
2016-09-05,31025,0.057756696428571425,0.05777098412983861,0.05871655915535007,0.01659151424327977,0.4,2016,9,5,0,100,25,30900.0,30710.0,30903.0,31070.633333333335,144.58907289290332
2016-09-06,31401,0.05825172811059906,0.0611068650811491,0.05878893704028737,0.09774275124770863,1.21,2016,9,6,1,463,346,31025.0,30900.0,30957.0,31090.2,237.5668327019313
2016-09-07,31336,0.061752952188940086,0.06156543631704353,0.06161167455284039,0.08483080669547881,-0.21,2016,9,7,2,202,-108,31401.0,31025.0,30994.0,31107.333333333332,276.3711272908697
2016-09-08,31239,0.06057387672811057,0.06091804163107495,0.06077932887606191,0.08657023964033879,-0.31,2016,9,8,3,222,-74,31336.0,31401.0,31051.0,31119.366666666665,280.4318098932863
2016-09-09,31261,0.0600608438940092,0.060243672166524265,0.06058028969248447,0.07673575337516893,0.07,2016,9,9,4,169,5,31239.0,31336.0,31124.571428571428,31134.9,253.32380934482683
2016-09-12,31087,0.060744887672811027,0.060216697387942275,0.059449385240339825,0.09386247775532869,-0.56,2016,9,12,0,291,-245,31261.0,31239.0,31178.428571428572,31134.5,179.94245111786648
2016-09-13,31141,0.05892677131336402,0.05919165580182528,0.059865558078729064,0.04723229457965934,0.17,2016,9,13,1,131,11,31087.0,31261.0,31212.85714285714,31138.833333333332,135.31251305956638
2016-09-14,31100,0.058656754032258035,0.05866115182304543,0.05967556613076874,0.05673227450927921,-0.13,2016,9,14,2,93,0,31141.0,31087.0,31223.571428571428,31132.766666666666,120.06922606412462
2016-09-15,30950,0.05909778225806453,0.05947039518050623,0.0577213632374628,0.1148694756278684,-0.48,2016,9,15,3,399,-199,31100.0,31141.0,31159.14285714286,31124.466666666667,129.61665089986286
2016-09-16,30851,0.0571266561059908,0.05688081643663173,0.05754946576073683,0.059140720125239174,-0.32,2016,9,16,4,130,-79,30950.0,31100.0,31089.85714285714,31108.933333333334,147.68934578081692
2016-09-19,30936,0.057225662442396324,0.05732140448680484,0.058309433552578005,0.055661854235519226,0.28,2016,9,19,0,95,-5,30851.0,30950.0,31046.571428571428,31114.166666666668,140.94071702070295
2016-09-20,30892,0.0576576900921659,0.05747426156543628,0.05769422153061132,0.07245407228012898,-0.14,2016,9,20,1,180,-97,30936.0,30851.0,30993.85714285714,31110.633333333335,113.75914405958197
2016-09-21,31207,0.05728866647465439,0.05934451288045678,0.05726900145660496,0.12383424542060827,1.02,2016,9,21,2,435,259,30892.0,30936.0,31011.0,31113.1,136.83566786487089
2016-09-22,31335,0.060312860023041454,0.060585352695229966,0.06071599822674184,0.09178853847491872,0.41,2016,9,22,3,192,51,31207.0,30892.0,31038.714285714286,31116.966666666667,180.29763751991422
2016-09-23,31288,0.060195852534562194,0.0602346805736636,0.061068840415810954,0.06489422909669909,-0.15,2016,9,23,4,114,17,31335.0,31207.0,31065.571428571428,31120.866666666665,203.4624102407509
2016-09-26,31351,0.06001584101382487,0.06054938632378726,0.061105029358279606,0.0643590189598191,0.2,2016,9,26,0,145,100,31288.0,31335.0,31122.85714285714,31129.9,221.1797372963833
2016-09-27,31003,0.06036686347926265,0.05983905048779392,0.05895178728139616,0.08750685737987877,-1.11,2016,9,27,1,304,-287,31351.0,31288.0,31144.571428571428,31118.366666666665,196.07894425708358
2016-09-28,30963,0.05777469758064516,0.05769005979409253,0.05801087477721184,0.06014423913188916,-0.13,2016,9,28,2,169,-39,31003.0,31351.0,31148.428571428572,31106.666666666668,191.50444480735274
2016-09-29,31224,0.057315668202764986,0.05941644562334214,0.05862608679917852,0.08456320162703881,0.84,2016,9,29,3,293,273,30963.0,31003.0,31195.85714285714,31100.433333333334,155.05528967810395
2016-09-30,30814,0.05882776497695849,0.059812075709211876,0.05697044268123874,0.06335549995316911,-1.31,2016,9,30,4,520,-305,31224.0,30963.0,31139.714285714286,31082.066666666666,211.29735310361025
2016-10-03,30749,0.05632560483870966,0.057231488558198096,0.05631904171680341,0.012644339483789823,-0.21,2016,10,3,0,305,-92,30814.0,31224.0,31056.0,31060.533333333333,235.70603160156378
2016-10-04,30068,0.05510152649769581,0.05608056467203165,0.0503026300313939,0.0015387291435299784,-2.21,2016,10,4,1,842,-637,30749.0,30814.0,30881.714285714286,31017.033333333333,416.94032917825245
2016-10-05,30004,0.05069124423963131,0.05138695319875913,0.049352670291592404,0.00046830886976999346,-0.21,2016,10,5,2,425,-211,30068.0,30749.0,30689.285714285714,30982.2,471.5201354081051
2016-10-06,29615,0.047505040322580655,0.048078047026030635,0.04624946847490752,0.09473219422775868,-1.3,2016,10,6,3,400,-246,30004.0,30068.0,30491.0,30937.866666666665,593.6384983023885
2016-10-07,29591,0.04605594758064516,0.04732275322573393,0.044195745989812796,0.13079197720004818,-0.08,2016,10,7,4,543,-109,29615.0,30004.0,30295.0,30890.133333333335,636.75531669032
2016-10-10,29662,0.04605594758064516,0.04734073641145525,0.04671992472699965,0.071651257074809,0.24,2016,10,10,0,266,-38,29591.0,29615.0,30071.85714285714,30842.966666666667,519.9107066191349
2016-10-11,29712,0.04525489631336402,0.04622577889673157,0.04651183830780503,0.026292197974229634,0.17,2016,10,11,1,165,101,29662.0,29591.0,29914.428571428572,30805.366666666665,413.73858781565247
2016-10-12,29662,0.045875936059907835,0.04592006473946858,0.04622232676805604,0.032447114548349545,-0.17,2016,10,12,2,163,-18,29712.0,29662.0,29759.14285714286,30769.233333333334,193.8611432371626
2016-10-13,29697,0.04605594758064516,0.04709796340421707,0.04715419203662319,0.06730267471265906,0.12,2016,10,13,3,191,-3,29662.0,29712.0,29706.14285714286,30735.466666666667,138.0210473945491
2016-10-14,29638,0.04648797523041473,0.045983005889493334,0.0450914223159114,0.07947870532667889,-0.2,2016,10,14,4,295,-110,29697.0,29662.0,29653.85714285714,30693.4,42.98615502566264
2016-10-17,29675,0.04561491935483872,0.04560535898934498,0.046267562946141816,0.04382032995704939,0.12,2016,10,17,0,123,24,29638.0,29697.0,29662.428571428572,30648.4,39.81146042326015
2016-10-18,29773,0.04605594758064516,0.046711324911207996,0.04705467244483447,0.07439420902631896,0.33,2016,10,18,1,159,73,29675.0,29638.0,29688.428571428572,30594.133333333335,44.5378383815185
2016-10-19,29883,0.04659598214285712,0.04796115631884185,0.047678931702418326,0.06817239118508905,0.37,2016,10,19,2,229,123,29773.0,29675.0,29720.0,30545.7,83.74962686530405
2016-10-20,29891,0.04830609158986174,0.0486804837476959,0.04873745826962572,0.06696816837710906,0.03,2016,10,20,3,192,-59,29883.0,29773.0,29745.571428571428,30500.766666666666,105.42273180405068
2017-01-02,27828,0.027811779953917037,0.028997886975677734,0.028951153974902943,0.009566881196729866,0.46,2017,1,2,0,190,155,27700.0,27810.0,27533.571428571428,27911.2,260.68937911072317
2017-01-03,28102,0.029494887672811027,0.03146158341950278,0.02985587753661867,0.00642252164255991,0.98,2017,1,3,1,364,242,27828.0,27700.0,27664.428571428572,27875.2,285.830285976015
2017-01-04,28085,0.031475014400921625,0.031677381648158975,0.03181912766554179,0.004816891231919933,-0.06,2017,1,4,2,171,5,28102.0,27828.0,27785.0,27848.533333333333,253.64673596725314
2017-01-05,28890,0.033176123271889374,0.03857393337229692,0.03359238584650459,0.0015387291435299784,2.87,2017,1,5,3,742,621,28085.0,28102.0,27993.428571428572,27851.0,443.0259048646267
2017-01-06,27960,0.030763968894009203,0.031146877669379125,0.030760601098334395,0.08108433573731887,-3.22,2017,1,6,4,229,-41,28890.0,28085.0,28053.571428571428,27827.3,397.26643332628333
2017-01-09,28124,0.031475014400921625,0.03160544890527356,0.031059159873700615,0.06342240122027912,0.59,2017,1,9,0,247,44,27960.0,28890.0,28098.428571428572,27805.0,382.6381480996355
2017-01-10,28210,0.03194304435483872,0.03318796924875239,0.032687662284788865,0.0786089888542489,0.31,2017,1,10,1,243,78,28124.0,27960.0,28171.285714285714,27783.566666666666,340.3472316552645
2017-01-11,28353,0.03286110311059906,0.03384435552758169,0.0333390632492242,0.08817587005097877,0.51,2017,1,11,2,244,119,28210.0,28124.0,28246.285714285714,27781.066666666666,308.44162834384167
2017-01-12,28463,0.03433719758064516,0.03533695994245378,0.035483258090490466,0.0865033383732288,0.39,2017,1,12,3,173,65,28353.0,28210.0,28297.85714285714,27794.433333333334,310.4692301296603
2017-01-13,28440,0.03497623847926265,0.03459065773501774,0.034659959649329164,0.07466181409475896,-0.08,2017,1,13,4,181,-29,28463.0,28353.0,28348.571428571428,27794.266666666666,298.67477136138984
2017-01-16,28601,0.035831293202764986,0.0364699006428989,0.0369760519673214,0.05358791495510925,0.57,2017,1,16,0,134,37,28440.0,28463.0,28307.285714285714,27806.433333333334,221.31554719163356
2017-01-17,28797,0.03633532546082949,0.037665782493368716,0.03754602781120231,0.08931319159184875,0.69,2017,1,17,1,204,177,28601.0,28440.0,28426.85714285714,27834.866666666665,228.40565417103807
2017-01-18,28852,0.038225446428571425,0.03812435372926315,0.03859550714279253,0.061883672076749136,0.19,2017,1,18,2,139,22,28797.0,28601.0,28530.85714285714,27861.833333333332,233.21194121220114
2017-01-19,28588,0.03739739343317969,0.036892505507350626,0.03659606807140081,0.08456320162703881,-0.92,2017,1,19,3,223,-150,28852.0,28797.0,28584.85714285714,27884.9,185.39635790371238
2017-01-20,28685,0.036875360023041454,0.03736006833610572,0.037211280093367494,0.07700335844360892,0.34,2017,1,20,4,207,5,28588.0,28852.0,28632.285714285714,27917.7,156.39449509298137
2017-01-23,28876,0.03793742799539171,0.03852897540799349,0.03900263274556459,0.06429211769270911,0.67,2017,1,23,0,139,78,28685.0,28588.0,28691.285714285714,27952.133333333335,159.75367944240517
2017-01-24,28815,0.038522465437788006,0.03812435372926315,0.038993585509947415,0.04482384896369938,-0.21,2017,1,24,1,95,-48,28876.0,28685.0,28744.85714285714,27988.966666666667,119.16295365572503
2017-01-25,28472,0.03750540034562208,0.037000404621678695,0.03484995159728943,0.07747166731337891,-1.19,2017,1,25,2,428,-278,28815.0,28876.0,28726.428571428572,28013.166666666668,150.87396190562524
2017-01-27,28449,0.03423819124423963,0.03457267454929641,0.03348381901909869,0.07011252793127902,-0.08,2017,1,27,4,309,62,28472.0,28815.0,28676.714285714286,28057.133333333335,178.54197852434484
2017-01-30,28642,0.03506624423963131,0.036442925864316855,0.03573658068777086,0.04823581358630932,0.68,2017,1,30,0,268,163,28449.0,28472.0,28646.714285714286,28101.6,160.95725549160153
2017-01-31,29172,0.037055371543778776,0.04134334397338485,0.03826980666057489,0.05091186427070929,1.85,2017,1,31,1,533,472,28642.0,28449.0,28730.14285714286,28160.933333333334,251.39572296273667
2017-02-01,28981,0.041150633640552964,0.04341141033134016,0.03927404981407934,0.0285668410559696,-0.65,2017,2,1,2,652,-174,29172.0,28642.0,28772.428571428572,28218.233333333334,266.94996856046197
2017-02-02,29064,0.04110563076036863,0.04082183158746572,0.040531615564864176,0.0025422481501799644,0.29,2017,2,2,3,225,-86,28981.0,29172.0,28799.285714285714,28283.6,287.7532011325844
2017-02-03,29166,0.0400255616359447,0.04369014971002111,0.040079253784006286,0.0016056304106399776,0.35,2017,2,3,4,594,136,29064.0,28981.0,28849.428571428572,28350.733333333334,319.7508702846045
2017-02-06,29202,0.03944052419354835,0.041262419637638825,0.040667324099121493,0.06797168738375906,0.12,2017,2,6,0,259,237,29166.0,29064.0,28953.714285714286,28417.933333333334,294.1568256821136
2017-02-07,29348,0.0420056883640553,0.04257519219529737,0.042929133003410835,0.07760546984759892,0.5,2017,2,7,1,155,98,29202.0,29166.0,29082.14285714286,28488.166666666668,225.25424788583007
2017-02-08,29371,0.04268073156682026,0.04324956165984806,0.043318164134948545,0.07258787481434899,0.08,2017,2,8,2,187,46,29348.0,29202.0,29186.285714285714,28552.833333333332,140.37415988007115
2017-02-09,29115,0.04289674539170504,0.04301578024547048,0.04170775619509459,0.08663714090744878,-0.87,2017,2,9,3,339,-234,29371.0,29348.0,29178.14285714286,28605.366666666665,142.97019336423745
2017-02-10,29195,0.04020557315668202,0.04124443645191744,0.03985307289357737,0.0792111002582389,0.27,2017,2,10,4,347,145,29115.0,29371.0,29208.714285714286,28651.533333333333,113.66575896915977
2017-02-13,29057,0.040799611175115186,0.04103762981612191,0.04081207986899604,0.05505974283152923,-0.47,2017,2,13,0,218,-59,29195.0,29115.0,29207.714285714286,28696.766666666666,115.17192118177859
2017-02-14,29027,0.040547595046082935,0.04113653733758932,0.04077589092652739,0.07439420902631896,-0.1,2017,2,14,1,233,-61,29057.0,29195.0,29187.85714285714,28736.733333333334,134.00550806070257
2017-02-15,29138,0.0400255616359447,0.04074090725171964,0.03989830907166314,0.07426040649209896,0.38,2017,2,15,2,286,108,29027.0,29057.0,29178.714285714286,28771.266666666666,135.0588936798898
2017-02-16,29377,0.04142965149769581,0.043186620509823304,0.04254914910749019,0.08369348515460884,0.82,2017,2,16,3,265,191,29138.0,29027.0,29182.85714285714,28814.333333333332,141.41243294211162
2017-02-17,29359,0.04269873271889399,0.04295283909544573,0.04360767567469759,0.0645597227611491,-0.06,2017,2,17,4,122,32,29377.0,29138.0,29181.14285714286,28829.966666666667,138.80013036956146
2017-02-20,29324,0.04272573444700459,0.04244930989524792,0.04269390487736474,0.04000695773177944,-0.12,2017,2,20,0,167,-6,29359.0,29377.0,29211.0,28875.433333333334,144.56025272113163
2017-02-21,29314,0.04182567684331798,0.042251494852313054,0.04178013408003184,0.07058083680104901,-0.03,2017,2,21,1,246,84,29324.0,29359.0,29228.0,28915.1,149.28496240455908
2017-02-22,29223,0.04232070852534561,0.042386368745223224,0.04270295211298186,0.06007733786477916,-0.31,2017,2,22,2,159,-62,29314.0,29324.0,29251.714285714286,28948.866666666665,129.46262560562357
2017-02-23,29440,0.04196068548387097,0.04342040192420088,0.04294722747464513,0.08168644714130886,0.74,2017,2,23,3,247,195,29223.0,29314.0,29310.714285714286,28985.1,100.95496402869264
2017-02-24,29613,0.044084821428571425,0.04495796430337634,0.045335697677574616,0.04201399574507941,0.59,2017,2,24,4,154,132,29440.0,29223.0,29378.571428571428,29023.433333333334,122.79095670182069
2017-02-27,29732,0.04493087557603684,0.046054938632378695,0.04579710669404963,0.052651297215569264,0.4,2017,2,27,0,225,157,29613.0,29440.0,29429.285714285714,29066.5,181.3704443821185
2017-02-28,29592,0.04610095046082949,0.0455873758036236,0.04579710669404963,0.0571336821119392,-0.47,2017,2,28,1,173,-113,29732.0,29613.0,29462.571428571428,29099.533333333333,187.59518219048485
2017-03-01,29529,0.043850806451612906,0.04459830058894931,0.042051551148546584,0.014918982565529792,-0.21,2017,3,1,2,477,74,29592.0,29732.0,29491.85714285714,29123.933333333334,178.119275179877
2017-03-02,29204,0.044246831797235014,0.0437440992671852,0.04244058228008435,0.0028767544857299598,-1.1,2017,3,2,3,339,-295,29529.0,29592.0,29476.14285714286,29135.666666666668,199.94118182756884
2017-03-03,29442,0.042455717165898604,0.04895023153351613,0.04144538636219702,0.0014049266093099804,0.81,2017,3,3,4,1028,142,29204.0,29529.0,29507.428571428572,29164.133333333335,168.37048152139798
2017-03-06,28979,0.04065560195852533,0.041208470080474735,0.04062208792103572,0.06937661399306903,-1.57,2017,3,6,0,258,-121,29442.0,29204.0,29441.571428571428,29173.933333333334,262.8122632496714
2017-03-07,28791,0.03947652649769581,0.039059479386773344,0.0388578769756901,0.06750337851398906,-0.65,2017,3,7,1,214,-178,28979.0,29442.0,29324.14285714286,29171.1,344.4200093741251
2017-03-08,28660,0.037946428571428575,0.037503933821876556,0.03756412228243661,0.06268648728206913,-0.46,2017,3,8,2,184,-139,28791.0,28979.0,29171.0,29165.933333333334,370.2071492198161
2017-03-09,28491,0.036245319700460826,0.03600233781414375,0.035917525400114,0.07258787481434899,-0.59,2017,3,9,3,199,-119,28660.0,28791.0,29013.714285714286,29166.566666666666,394.611080384262
2017-03-10,28417,0.03453521025345621,0.03495931304230543,0.03469614859179776,0.07740476604626892,-0.26,2017,3,10,4,218,-3,28491.0,28660.0,28854.85714285714,29165.5,375.9891082517415
2017-03-13,28291,0.03467921947004607,0.034177044463426676,0.03431616469587717,0.028834446124409597,-0.44,2017,3,13,0,173,-145,28417.0,28491.0,28724.428571428572,29153.8,392.67452898605023
2017-03-14,28100,0.03389616935483872,0.03339477588454792,0.03266052057793739,0.06850689752063904,-0.68,2017,3,14,1,269,-249,28291.0,28417.0,28532.714285714286,29118.066666666666,300.79933193969936
2017-03-15,28019,0.03120499711981564,0.030778222362091434,0.03132152970659813,0.072119565944579,-0.29,2017,3,15,2,126,-31,28100.0,28291.0,28395.571428571428,29086.0,281.6486328407867
2017-03-16,28436,0.031565020161290286,0.035597716135413404,0.03275099293410899,0.09459839169353867,1.49,2017,3,16,3,504,346,28019.0,28100.0,28344.85714285714,29065.066666666666,224.80467712499913
2017-03-17,28528,0.03523725518433177,0.03520208604954367,0.036107517348074325,0.04756680091520934,0.32,2017,3,17,4,89,30,28436.0,28019.0,28326.0,29043.8,197.88885769575955
2017-03-20,28518,0.03597530241935484,0.03592141347839767,0.036342745474120364,0.05224988961290927,-0.04,2017,3,20,0,143,-62,28528.0,28436.0,28329.85714285714,29021.0,201.8641693250079
2017-03-21,28853,0.03491323444700459,0.03828620240075531,0.03547421085487329,0.09974978926100861,1.17,2017,3,21,1,502,391,28518.0,28528.0,28392.14285714286,29004.5,283.84938997751703
2017-03-22,28886,0.03796442972350231,0.039185361686822795,0.03918357745790774,0.07439420902631896,0.11,2017,3,22,2,192,85,28853.0,28518.0,28477.14285714286,28988.333333333332,333.294878734445
2017-03-23,28816,0.03821644585253456,0.03888863912242052,0.0387312156770499,0.07412660395787897,-0.24,2017,3,23,3,209,-13,28886.0,28853.0,28579.428571428572,28978.366666666665,307.1003403575956
2017-03-24,28809,0.03750540034562208,0.037809647979139493,0.038396467959215086,0.05318650735244926,-0.02,2017,3,24,4,126,59,28816.0,28886.0,28692.285714285714,28965.5,189.44191219307743
2017-03-27,28839,0.03840545794930875,0.039113428943937434,0.03917453022229056,0.06081325180298915,0.1,2017,3,27,0,185,-11,28809.0,28816.0,28749.85714285714,28958.233333333334,157.04078936359397
2017-03-28,28872,0.03830645161290322,0.03843905947938675,0.039029774452416066,0.04903862879162931,0.11,2017,3,28,1,126,33,28839.0,28809.0,28799.0,28953.066666666666,126.9934381512062
2017-03-29,28762,0.03788342453917051,0.037378051521827105,0.038152192597551815,0.044756947696589375,-0.38,2017,3,29,2,105,-30,28872.0,28839.0,28833.85714285714,28940.533333333333,42.16407859707327
2017-03-30,28559,0.03719938076036863,0.0371262869217282,0.036686540427572356,0.054992841564419234,-0.71,2017,3,30,3,239,-157,28762.0,28872.0,28791.85714285714,28913.266666666666,110.67885761942217
2017-03-31,28612,0.035354262672811027,0.036442925864316855,0.03627941482480029,0.04636257810722935,0.19,2017,3,31,4,208,101,28559.0,28762.0,28752.714285714286,28888.366666666665,119.90234121443305
2017-04-03,28720,0.03621831797235023,0.03736006833610572,0.03718413838651602,0.009700683730949865,0.38,2017,4,3,0,210,113,28612.0,28559.0,28739.0,28868.233333333334,116.9102219659638
2017-04-04,28960,0.039530529953917065,0.03982376477993077,0.03988021460042884,0.0006021114039899916,0.84,2017,4,4,1,186,-15,28720.0,28612.0,28760.571428571428,28856.433333333334,142.99866799292235
2017-04-05,28617,0.03798243087557604,0.03941914310120037,0.036777012783743956,0.002207741814629969,-1.18,2017,4,5,2,484,-186,28960.0,28720.0,28728.85714285714,28836.233333333334,147.25989335391742
2017-04-06,28697,0.038657474078341,0.03916737850110147,0.03804362577014592,0.058940016323909175,0.28,2017,4,6,3,316,-181,28617.0,28960.0,28703.85714285714,28811.466666666667,133.08071306769847
2017-04-07,28650,0.03750540034562208,0.03914939531538009,0.037428413748179234,0.09185543974202871,-0.16,2017,4,7,4,382,-100,28697.0,28617.0,28687.85714285714,28779.366666666665,131.6503305120817
2017-04-10,28699,0.03661434331797234,0.037135278514588865,0.037003193674172874,0.053320309886669255,0.17,2017,4,10,0,205,48,28650.0,28697.0,28707.85714285714,28744.933333333334,118.8211941978664
2017-04-11,29149,0.03750540034562208,0.040893764330351134,0.03849598755100381,0.08991530299583875,1.57,2017,4,11,1,458,399,28699.0,28650.0,28784.571428571428,28730.166666666668,195.33463350811635
2017-04-12,29189,0.04110563076036863,0.04163107494492646,0.04217821244718678,0.06663366204155907,0.14,2017,4,12,2,133,39,29149.0,28699.0,28851.571428571428,28718.833333333332,243.89332172300993
2017-04-13,29358,0.04218569988479262,0.042781998831092904,0.0431372194226054,0.06469352529536909,0.58,2017,4,13,3,155,88,29189.0,29149.0,28908.428571428572,28723.966666666667,310.6411955634402
2017-04-17,29392,0.04325676843317969,0.04314166254551993,0.043924328921298106,0.05378192862972825,0.12,2017,4,17,0,108,3,29358.0,29189.0,29019.14285714286,28722.3,327.13270934582573
2017-04-18,29518,0.04308575748847923,0.04410376298161217,0.04303769983081668,0.08891178398918875,0.43,2017,4,18,1,313,148,29392.0,29358.0,29136.428571428572,28740.266666666666,339.3340817656687
2017-04-19,29313,0.04358078917050692,0.043069729802634515,0.04279342446915346,0.06890830512329904,-0.69,2017,4,19,2,225,-112,29518.0,29392.0,29231.14285714286,28757.666666666668,265.41001524171344
2017-04-20,29308,0.0420056883640553,0.04239536033808389,0.04297436918149661,0.062485783480739125,-0.02,2017,4,20,3,130,58,29313.0,29518.0,29318.14285714286,28779.266666666666,124.09865507170568
2017-04-21,29432,0.042293706797235014,0.04338443555275817,0.04315531389383975,0.06007733786477916,0.42,2017,4,21,4,220,150,29308.0,29313.0,29358.571428571428,28810.633333333335,104.33576750607715
2017-04-24,29128,0.04236571140552994,0.041855864766443374,0.040395907030606804,0.08048222433332887,-1.03,2017,4,24,0,355,-162,29432.0,29308.0,29349.85714285714,28834.333333333332,121.9240591130644
2017-04-25,28827,0.04056559619815667,0.04005754619430829,0.03919262469352491,0.0650280316309191,-1.03,2017,4,25,1,288,-263,29128.0,29432.0,29274.0,28852.2,231.74195419358955
2017-04-26,28757,0.03795542914746544,0.03778267320055745,0.03800743682767732,0.060612548001659154,-0.24,2017,4,26,2,166,-43,28827.0,29128.0,29183.285714285714,28874.1,293.82177947757566
2017-04-27,28784,0.03800043202764977,0.03788158072202491,0.038450751372918035,0.05091186427070929,0.09,2017,4,27,3,128,-21,28757.0,28827.0,29078.428571428572,28899.6,285.3120263519998
2017-04-28,28872,0.038342453917050684,0.03857393337229692,0.03917453022229056,0.043084416018839396,0.31,2017,4,28,4,125,29,28784.0,28757.0,29015.428571428572,28914.133333333335,273.320237781773
2017-05-01,28654,0.03826144873271889,0.038061412579238396,0.037365083098859164,0.010971807806039846,-0.76,2017,5,1,0,268,-180,28872.0,28784.0,28922.0,28918.333333333332,268.37598004814095
2017-05-02,28571,0.036731350806451596,0.03637099312143144,0.03673177660565813,0.003278162088389954,-0.29,2017,5,2,1,150,-93,28654.0,28872.0,28799.0,28920.1,177.64759122149982
2017-05-03,28571,0.03642533122119815,0.036011329407004466,0.03608942287683997,0.0006021114039899916,0.0,2017,5,3,2,181,-59,28571.0,28654.0,28719.428571428572,28910.7,121.63724367049034
2017-05-04,28060,0.03435519873271889,0.03459065773501774,0.03216292261899378,0.0005352101368799925,-1.79,2017,5,4,3,457,-340,28571.0,28571.0,28609.85714285714,28883.166666666668,267.0851478285771
2017-05-05,28184,0.03197904665898618,0.0336914984489502,0.033158118536881054,0.0004014076026599944,0.44,2017,5,5,4,247,48,28060.0,28571.0,28528.0,28862.1,300.22380540768404
2017-05-08,28119,0.03206005184331798,0.03254956615564447,0.03281432358342906,0.05251749468134927,-0.23,2017,5,8,0,158,-26,28184.0,28060.0,28433.0,28839.1,310.7453405391703
2017-05-09,27981,0.031880040322580655,0.03198309580542191,0.0314572382408555,0.06757027978109906,-0.49,2017,5,9,1,245,-144,28119.0,28184.0,28305.714285714286,28810.5,282.1191912922214
2017-05-10,28007,0.0312950028801843,0.03156948253383085,0.03176484425183884,0.062084375878079134,0.09,2017,5,10,2,165,-53,27981.0,28119.0,28213.285714285714,28781.666666666668,253.53284750115475
2017-05-11,28022,0.030709965437788006,0.031155869262239788,0.0314391437696212,0.0650280316309191,0.05,2017,5,11,3,155,27,28007.0,27981.0,28134.85714285714,28757.0,204.6325394227784
2017-05-12,28019,0.031547019009216554,0.03201007058400396,0.03180103319430749,0.06342240122027912,-0.01,2017,5,12,4,210,-69,28022.0,28007.0,28056.0,28739.0,71.78672115002715
2017-05-15,28008,0.031195996543778776,0.03166839005529831,0.031900552786096215,0.05860550998835918,-0.04,2017,5,15,0,161,-41,28019.0,28022.0,28048.571428571428,28718.866666666665,73.96137988453204
2017-05-16,28109,0.03097998271889399,0.03168637324101964,0.03216292261899378,0.05171467947602928,0.36,2017,5,16,1,134,84,28008.0,28019.0,28037.85714285714,28698.5,53.74144450311206
2017-05-17,28614,0.03228506624423963,0.035993346221283085,0.03347477178348157,0.1065068172391185,1.8,2017,5,17,2,468,444,28109.0,28008.0,28108.571428571428,28686.966666666667,226.4515085275977
2017-05-18,28710,0.03674935195852533,0.03906847097963401,0.03692176855361845,0.15922501572179779,0.34,2017,5,18,3,429,44,28614.0,28109.0,28212.714285714286,28690.066666666666,310.16216956410284
2017-05-19,28634,0.03669534850230413,0.03726116081463832,0.036740823841275305,0.08804206751675878,-0.26,2017,5,19,4,248,-26,28710.0,28614.0,28302.285714285714,28687.966666666667,330.7076827482422
2017-05-22,28783,0.036065308179723504,0.0374409926718518,0.03707557155911012,0.06228507967940913,0.52,2017,5,22,0,231,193,28634.0,28710.0,28411.0,28692.4,347.85054261872506
2017-05-23,28808,0.037991431451612906,0.03861889133660029,0.038631696085261125,0.08362658388749883,0.09,2017,5,23,1,190,4,28783.0,28634.0,28523.714285714286,28696.033333333333,326.8571116385781
2017-05-24,28719,0.03768541186635946,0.03718023647889224,0.037817444879717,0.05813720111858919,-0.31,2017,5,24,2,120,-51,28808.0,28783.0,28625.285714285714,28681.7,238.38743974612936
2017-05-25,28638,0.03767641129032259,0.03718023647889224,0.037365083098859164,0.06643295824022907,-0.28,2017,5,25,3,170,-131,28719.0,28808.0,28700.85714285714,28663.333333333332,75.9439016025602
2017-05-26,28847,0.03700136808755758,0.03804342939351707,0.038034578534528796,0.06369000628871911,0.73,2017,5,26,4,192,153,28638.0,28719.0,28734.14285714286,28646.3,82.32340406765336
2017-05-29,28874,0.038342453917050684,0.03860090815087891,0.039237860871610686,0.030506977802159572,0.09,2017,5,29,0,121,31,28847.0,28638.0,28757.571428571428,28629.033333333333,96.43453244436044
2017-05-30,28704,0.03904449884792624,0.03888863912242052,0.038088861948231745,0.06609845190467907,-0.59,2017,5,30,1,280,-217,28874.0,28847.0,28767.571428571428,28601.9,84.35808031498293
2017-05-31,28905,0.03690236175115205,0.03879872319381378,0.037618405696139556,0.05238369214712927,0.7,2017,5,31,2,322,222,28704.0,28874.0,28785.0,28588.3,99.34787365688001
2017-06-01,28749,0.03864847350230413,0.038142336914984476,0.03837837348798073,0.011841524278469835,-0.54,2017,6,1,3,165,-128,28905.0,28704.0,28776.571428571428,28569.666666666668,99.57385390299903
2017-06-02,28949,0.036920362903225784,0.039347210358314955,0.038088861948231745,0.002073939280409971,0.7,2017,6,2,4,331,264,28749.0,28905.0,28809.428571428572,28553.566666666666,114.27285642018761
2017-06-05,29111,0.04016057027649769,0.04086678955176909,0.041391102948494074,0.004749989964809934,0.56,2017,6,5,0,135,66,28949.0,28749.0,28877.0,28553.0,134.13053343717874
2017-06-06,29481,0.041735671082949316,0.04373510767432448,0.04293818023902796,0.07452801156053895,1.27,2017,6,6,1,283,261,29111.0,28949.0,28967.571428571428,28574.8,262.8179706839441
2017-06-07,29376,0.04370679723502305,0.04360922537427503,0.04378862038704073,0.06569704430201909,-0.36,2017,6,7,2,175,-63,29481.0,29111.0,29039.285714285714,28595.433333333334,299.0254806791183
2017-06-08,29049,0.04262672811059906,0.042350402373780516,0.0405406628004813,0.08663714090744878,-1.11,2017,6,8,3,394,-270,29376.0,29481.0,29088.571428571428,28604.266666666666,260.5032675055943
2017-06-09,28938,0.039764544930875584,0.03932922717259363,0.039500230704508255,0.06007733786477916,-0.38,2017,6,9,4,173,-63,29049.0,29376.0,29093.285714285714,28606.466666666667,256.9012224481948
2017-06-12,28917,0.03890048963133638,0.03898754664388798,0.03963593923876557,0.05198228454446927,-0.07,2017,6,12,0,120,12,28938.0,29049.0,29117.285714285714,28615.233333333334,225.27813496958922
2017-06-13,28862,0.038918490783410115,0.03849300903655084,0.03836932625236361,0.05158087694180928,-0.19,2017,6,13,1,205,-45,28917.0,28938.0,29104.85714285714,28624.933333333334,238.14241437414762
2017-06-14,28946,0.03876548099078339,0.039473092658364406,0.03919262469352491,0.06268648728206913,0.29,2017,6,14,2,223,56,28862.0,28917.0,29081.285714285714,28637.433333333334,245.48571871980093
2017-06-15,28686,0.03876548099078339,0.038259227622173264,0.037726972523545454,0.07646814830672893,-0.9,2017,6,15,3,250,-204,28946.0,28862.0,28967.714285714286,28658.3,211.25396586899652
2017-06-16,28616,0.03702836981566818,0.03671267365013714,0.037365083098859164,0.045359059100579364,-0.24,2017,6,16,4,118,-81,28686.0,28946.0,28859.14285714286,28672.7,153.98098212859233
2017-06-19,28473,0.0360923099078341,0.035588724542552685,0.03609847011245715,0.05051045666804929,-0.5,2017,6,19,0,133,-120,28616.0,28686.0,28776.85714285714,28684.5,186.15623238905442
2017-06-20,28475,0.034985239055299516,0.03502225419233018,0.03573658068777086,0.051447074407589284,0.01,2017,6,20,1,110,5,28473.0,28616.0,28710.714285714286,28700.966666666667,201.01883351745326
2017-06-21,28495,0.03560627880184333,0.035426875871060526,0.03558277768227919,0.06074635053587915,0.07,2017,6,21,2,172,-44,28475.0,28473.0,28650.428571428572,28717.233333333334,191.9156560777842
2017-06-22,28557,0.03552527361751148,0.036281077192824696,0.03663225701386941,0.0500421477982793,0.22,2017,6,22,3,151,27,28495.0,28475.0,28606.85714285714,28735.066666666666,169.1482865928323
2017-06-23,28648,0.0361193116359447,0.037288135593220306,0.03732889415639051,0.047499899648099336,0.32,2017,6,23,4,186,52,28557.0,28495.0,28564.285714285714,28756.033333333333,87.2309468903479
2017-06-26,28426,0.033473142281105955,0.034213010834869384,0.03432521193149435,0.03084148413770957,-0.77,2017,6,26,0,176,124,28648.0,28557.0,28527.14285714286,28769.966666666667,81.96224450293353
2017-06-27,28483,0.034454205069124416,0.035399901092478536,0.03556468321104489,0.051045666804929286,0.2,2017,6,27,1,171,72,28426.0,28648.0,28508.14285714286,28782.433333333334,72.83869981421658
2017-06-28,28485,0.035876296082949316,0.03619116126421795,0.036107517348074325,0.05171467947602928,0.01,2017,6,28,2,199,-84,28483.0,28426.0,28509.85714285714,28778.133333333335,72.01025059410316
2017-06-29,28527,0.035453269009216554,0.03520208604954367,0.03537469126308457,0.053119606085339256,0.15,2017,6,29,3,170,5,28485.0,28483.0,28517.285714285714,28772.033333333333,70.48100048041806
2017-06-30,28295,0.03530025921658983,0.03479746437081327,0.03345667731224722,0.056197064372399214,-0.81,2017,6,30,4,337,-210,28527.0,28485.0,28488.714285714286,28760.733333333334,110.30671524762643
2017-07-03,27952,0.03345514112903222,0.03295418783437487,0.03125819905727806,0.021676010543639698,-1.21,2017,7,3,0,375,-348,28295.0,28527.0,28402.285714285714,28733.033333333333,225.1353032335343
2017-07-04,28043,0.030358942972350228,0.03177628916962638,0.031538663361409924,0.008429559655859882,0.33,2017,7,4,1,213,87,27952.0,28295.0,28315.85714285714,28707.533333333333,231.13374812857137
2017-07-05,28051,0.031835037442396324,0.03165040686957693,0.030534420207905477,0.006021114039899916,0.03,2017,7,5,2,310,-69,28043.0,27952.0,28262.285714285714,28685.266666666666,244.42634492908422
2017-07-06,28143,0.03255508352534561,0.03238771748415231,0.03294098488206931,0.07071463933526902,0.33,2017,7,6,3,126,-57,28051.0,28043.0,28213.714285714286,28668.766666666666,226.37190217735224
2017-07-07,27812,0.03166402649769581,0.031515532976666816,0.029711121766744175,0.10951737425906848,-1.18,2017,7,7,4,386,-289,28143.0,28051.0,28117.571428571428,28634.266666666666,234.71248876254646
2017-07-10,27840,0.029269873271889374,0.029240659982915973,0.02849879219404511,0.08784136371542878,0.1,2017,7,10,0,267,5,27812.0,28143.0,28019.428571428572,28599.8,169.57285272445512
2017-07-11,27871,0.02899985599078339,0.029618306883064327,0.029240665514651987,0.07372519635521897,0.11,2017,7,11,1,227,66,27840.0,27812.0,27958.85714285714,28572.033333333333,124.45806331438587
2017-07-12,27889,0.030025921658986182,0.030553432540574577,0.030489184029819705,0.07004562666416903,0.06,2017,7,12,2,193,-30,27871.0,27840.0,27949.85714285714,28538.166666666668,127.2824006843358
2017-07-13,27868,0.0302599366359447,0.029968979004630636,0.030588703621608426,0.05131327187336928,-0.08,2017,7,13,3,117,-77,27889.0,27871.0,27924.85714285714,28508.8,123.05476906904012
2017-07-14,28022,0.029404881912442365,0.03160544890527356,0.029702074531127,0.09620402210417865,0.55,2017,7,14,4,397,172,27868.0,27889.0,27920.714285714286,28477.9,118.50416910554995
2017-07-17,28147,0.03120499711981564,0.03181225554106909,0.0323891035094227,0.0503097528667193,0.45,2017,7,17,0,123,97,28022.0,27868.0,27921.285714285714,28445.766666666666,119.75769187014038
2017-07-18,28280,0.03219506048387097,0.03294519624151415,0.03338429942730997,0.06255268474784913,0.47,2017,7,18,1,139,120,28147.0,28022.0,27988.14285714286,28405.733333333334,169.06352708563287
2017-07-19,28270,0.03318512384792624,0.0328193139414647,0.03329382707113843,0.056665373242169206,-0.04,2017,7,19,2,135,0,28280.0,28147.0,28049.571428571428,28368.866666666665,183.7469792434978
2017-07-20,28345,0.032735095046082935,0.03367351526322887,0.0333390632492242,0.07539772803296894,0.27,2017,7,20,3,225,125,28270.0,28280.0,28117.285714285714,28345.4,194.0238080633295
2017-07-21,28541,0.03375216013824886,0.03528301038528975,0.03465091241371199,0.0638238088229391,0.69,2017,7,21,4,259,208,28345.0,28270.0,28210.428571428572,28332.166666666668,220.81731298619437
2017-07-24,28530,0.03553427419354835,0.03575956480690551,0.03627941482480029,0.053320309886669255,-0.04,2017,7,24,0,132,-1,28541.0,28345.0,28305.0,28319.266666666666,189.2194493178678
2017-07-25,28490,0.03557027649769581,0.035507800206806606,0.03564610833159926,0.07446111029342896,-0.14,2017,7,25,1,174,-45,28530.0,28541.0,28371.85714285714,28306.866666666665,151.4765422674411
2017-07-26,28396,0.03491323444700459,0.03441082587780425,0.03483185712605513,0.054123125091989244,-0.33,2017,7,26,2,142,-66,28490.0,28530.0,28407.428571428572,28288.533333333333,114.62672338701194
2017-07-27,28477,0.034850230414746525,0.03576855639976623,0.03533850232061592,0.06997872539705902,0.29,2017,7,27,3,237,22,28396.0,28490.0,28435.571428571428,28281.566666666666,101.5658360265685
2017-07-28,28596,0.03555227534562208,0.035831497549790925,0.035600872153513485,0.05512664409863923,0.42,2017,7,28,4,215,63,28477.0,28396.0,28482.14285714286,28280.9,86.6360751879138
2017-07-31,28588,0.035903297811059914,0.03590343029267634,0.03655083189331498,0.04147878560819942,-0.03,2017,7,31,0,118,16,28596.0,28477.0,28516.85714285714,28284.733333333334,69.51841140277432
2017-08-01,28514,0.036362327188940086,0.03585847232837297,0.03598085604943407,0.014918982565529792,-0.26,2017,8,1,1,176,-109,28588.0,28596.0,28513.0,28286.033333333333,68.69983018044933
2017-08-02,28486,0.03481422811059906,0.03552578339252799,0.03531136061376444,0.003880273492379946,-0.1,2017,8,2,2,213,35,28514.0,28588.0,28506.714285714286,28285.733333333334,68.89778488500723
2017-08-03,28447,0.03435519873271889,0.0347525064065099,0.03464186517809481,0.003211260821279955,-0.14,2017,8,3,3,201,47,28486.0,28514.0,28500.571428571428,28282.066666666666,72.46115544051897
2017-08-04,28373,0.03548027073732715,0.035516791799667324,0.03514851037265565,0.00046830886976999346,-0.26,2017,8,4,4,230,-152,28447.0,28486.0,28497.285714285714,28272.9,78.28093485683982
2017-08-07,28419,0.033743159562211994,0.03418603605628734,0.03483185712605513,0.02642600050844963,0.16,2017,8,7,0,117,87,28373.0,28447.0,28489.0,28272.666666666668,83.66998665485002
2017-08-08,28357,0.03449920794930875,0.03472553162792785,0.03449710940822032,0.04950693766139931,-0.22,2017,8,8,1,214,-59,28419.0,28373.0,28454.85714285714,28268.466666666667,81.46457015557533
2017-08-09,28800,0.03449020737327188,0.03763880771478667,0.035691344509685086,0.07747166731337891,1.56,2017,8,9,2,406,385,28357.0,28419.0,28485.14285714286,28278.966666666667,149.88598841774927
2017-08-10,29130,0.038360455069124416,0.040803848401744336,0.03958165582506268,0.08295757121639884,1.15,2017,8,10,3,328,285,28800.0,28357.0,28573.14285714286,28299.066666666666,287.40066606968384
2017-08-11,29158,0.041078629032258035,0.04194578069505012,0.041273488885471055,0.07573223436851895,0.1,2017,8,11,4,268,11,29130.0,28800.0,28669.14285714286,28327.833333333332,357.19902415501764
2017-08-14,29042,0.04065560195852533,0.04029132760868587,0.040821127104613164,0.05178158074313928,-0.4,2017,8,14,0,134,-58,29158.0,29130.0,28754.14285714286,28364.166666666668,366.2073313356282
2017-08-16,28878,0.03955753168202766,0.03905048779391268,0.038514082022238105,0.07017942919838902,-0.56,2017,8,16,2,251,-100,29042.0,29158.0,28826.285714285714,28392.0,326.16085718868396
2017-08-17,29093,0.03885548675115205,0.040812839994605055,0.03917453022229056,0.06509493289802909,0.74,2017,8,17,3,374,193,28878.0,29042.0,28922.571428571428,28426.733333333334,282.442830288014
2017-08-18,29109,0.040385584677419345,0.042665108123904116,0.041101591408745086,0.08315827501772884,0.05,2017,8,18,4,367,39,29093.0,28878.0,29030.0,28458.933333333334,137.07783676978656
2017-08-21,29224,0.04020557315668202,0.04147821786629502,0.04125539441423676,0.04964074019561931,0.4,2017,8,21,0,218,174,29109.0,29093.0,29090.571428571428,28506.0,109.38899570387746
2017-08-22,29061,0.041555659562211994,0.041046621408982575,0.040803032633378866,0.058538608721249184,-0.56,2017,8,22,1,220,-139,29224.0,29109.0,29080.714285714286,28546.7,108.347764607253
2017-08-23,29090,0.04032258064516128,0.04057905858022748,0.04119206376491663,0.04863722118896932,0.1,2017,8,23,2,125,27,29061.0,29224.0,29071.0,28587.333333333332,103.18914671684576
2017-08-24,29021,0.04021457373271889,0.04021040327293979,0.040803032633378866,0.04796820851786933,-0.24,2017,8,24,3,127,-30,29090.0,29061.0,29068.0,28625.066666666666,104.47009141448446
2017-08-25,29086,0.039764544930875584,0.04045317628017803,0.038414562430449384,0.04709849204543934,0.22,2017,8,25,4,418,85,29021.0,29090.0,29097.714285714286,28665.666666666668,62.61978996602084
2017-08-28,29425,0.040664602534562194,0.04320460369554463,0.041843464729351965,0.0639576113571591,1.17,2017,8,28,0,345,324,29086.0,29021.0,29145.14285714286,28712.433333333334,138.3683833972188
2017-08-29,29588,0.04397681451612903,0.04653149305399451,0.04482905248301383,0.07405970269076896,0.55,2017,8,29,1,385,119,29425.0,29086.0,29213.571428571428,28760.466666666667,214.83083045604894
2017-08-30,29540,0.04551591301843319,0.04500292226767971,0.044648107770670686,0.05659847197505921,-0.16,2017,8,30,2,235,-100,29588.0,29425.0,29258.714285714286,28802.466666666667,248.0240003750737
2017-08-31,29756,0.04362579205069125,0.04672930809692938,0.04479286354054518,0.046429479374339354,0.73,2017,8,31,3,411,326,29540.0,29588.0,29358.0,28852.0,291.05955862471916
2017-09-01,29788,0.0459389400921659,0.047709391718742944,0.04705467244483447,0.0076936457176498925,0.11,2017,9,1,4,270,101,29756.0,29540.0,29457.714285714286,28900.1,303.25166352177024
2017-09-04,30174,0.05043922811059906,0.05048779391269165,0.04822176583944776,0.0018063342119699747,1.3,2017,9,4,0,450,-13,29788.0,29756.0,29622.428571428572,28954.533333333333,337.68814861412454
2017-09-05,30226,0.05225734447004607,0.05202535629186711,0.05012168531905076,0.0012711240750899822,0.17,2017,9,5,1,411,-163,30174.0,29788.0,29785.285714285714,29011.066666666666,309.59258942797715
2017-09-06,30088,0.05055623559907832,0.050919390370004036,0.05052881092182282,0.08295757121639884,-0.46,2017,9,6,2,243,-112,30226.0,30174.0,29880.0,29064.333333333332,281.1049626032027
2017-09-07,30287,0.04920614919354835,0.05136897001303781,0.05012168531905076,0.09673923224105865,0.66,2017,9,7,3,338,237,30088.0,30226.0,29979.85714285714,29127.366666666665,284.2255140857165
2017-09-08,30271,0.05190632200460829,0.05246594434204016,0.05203065203427093,0.08951389539317875,-0.05,2017,9,8,4,249,-79,30287.0,30088.0,30084.285714285714,29187.166666666668,223.4790924494965
2017-09-11,29942,0.05043922811059906,0.04992132356246909,0.04901792257375759,0.08416179402437883,-1.09,2017,9,11,0,299,-245,30271.0,30287.0,30110.85714285714,29232.033333333333,185.82646794959487
2017-09-12,29953,0.047946068548387094,0.04803308906172726,0.04849318290796245,0.06282028981628912,0.04,2017,9,12,1,147,43,29942.0,30271.0,30134.428571428572,29277.533333333333,143.74845754916657
2017-09-13,29896,0.04885512672811057,0.048932248347794804,0.04859270249975123,0.07098224440370901,-0.19,2017,9,13,2,236,-115,29953.0,29942.0,30094.714285714286,29323.6,167.4432384283812
2017-09-14,30020,0.047235023041474616,0.048770399676302645,0.047995584949018844,0.08289066994928884,0.41,2017,9,14,3,284,189,29896.0,29953.0,30065.285714285714,29374.733333333334,158.38109555346927
2017-09-15,29869,0.04932315668202766,0.04910308861214763,0.04858365526413405,0.07747166731337891,-0.5,2017,9,15,4,256,-194,30020.0,29896.0,30034.0,29422.133333333335,174.00574703194715
2017-09-18,29561,0.0473610311059908,0.046846198804118167,0.045959956935158475,0.07258787481434899,-1.03,2017,9,18,0,295,-284,29869.0,30020.0,29930.285714285714,29461.733333333334,210.5910050992636
2017-09-19,29628,0.04444484447004607,0.04545250191071348,0.045697587102260906,0.05425023749949824,0.23,2017,9,19,1,169,107,29561.0,29869.0,29838.428571428572,29502.033333333333,174.31662489399307
2017-09-20,29780,0.04569592453917051,0.04659443420401921,0.046955152853045745,0.05633086690661921,0.51,2017,9,20,2,157,120,29628.0,29561.0,29815.285714285714,29549.466666666667,168.94546880197473
2017-09-21,29584,0.04533590149769581,0.04536258598210674,0.04505523337344275,0.08817587005097877,-0.66,2017,9,21,3,230,-36,29780.0,29628.0,29762.571428571428,29575.6,176.22509955858618
2017-09-22,29608,0.04569592453917051,0.04614485456098549,0.046285657417376114,0.0571336821119392,0.08,2017,9,22,4,181,-52,29584.0,29780.0,29721.428571428572,29591.533333333333,173.47992885182367
2017-09-25,30065,0.04497587845622117,0.049588634626624106,0.04573377604472956,0.08998220426294874,1.54,2017,9,25,0,625,485,29608.0,29584.0,29727.85714285714,29621.766666666666,186.71674498365394
2017-09-26,29885,0.049917194700460826,0.049993256305354505,0.04823986031068206,0.07961250786089889,-0.6,2017,9,26,1,393,-244,30065.0,29608.0,29730.14285714286,29649.866666666665,188.81863305993983
2017-09-27,29673,0.047505040322580655,0.04773636649732499,0.04681039708317125,0.06937661399306903,-0.71,2017,9,27,2,300,-188,29885.0,30065.0,29746.14285714286,29676.366666666665,176.4364177939392
2017-09-28,29624,0.04560591877880185,0.04559636739648426,0.04577901222281533,0.05345411242088925,-0.17,2017,9,28,3,176,-26,29673.0,29885.0,29745.571428571428,29694.066666666666,176.88871939094085
2017-09-29,29549,0.04529089861751148,0.045902081553747254,0.044874288661099604,0.0501090490653893,-0.25,2017,9,29,4,310,-66,29624.0,29673.0,29712.571428571428,29708.733333333334,190.42483831624276
2017-10-03,29400,0.04353578629032259,0.04334846918131546,0.04416860428296132,0.010235893867829858,-0.5,2017,10,3,1,104,-20,29549.0,29624.0,29686.285714285714,29714.6,221.3230777891296
2017-10-04,29331,0.04406682027649769,0.04386098997437393,0.043318164134948545,0.0015387291435299784,-0.23,2017,10,4,2,255,-148,29400.0,29549.0,29646.714285714286,29723.6,259.1786477098757
2017-10-05,29412,0.04397681451612903,0.04346535988850425,0.044250029403515745,0.0004014076026599944,0.28,2017,10,5,3,108,-57,29331.0,29400.0,29553.428571428572,29734.333333333332,192.46372571067573
2017-10-06,29510,0.04268073156682026,0.04410376298161217,0.043462919904823094,0.07559843183429894,0.33,2017,10,6,4,266,185,29412.0,29331.0,29499.85714285714,29750.633333333335,125.24034037518219
2017-10-09,29670,0.044615855414746525,0.045704266510812386,0.045869484578986874,0.04127808180686943,0.54,2017,10,9,0,178,130,29510.0,29412.0,29499.428571428572,29770.1,124.55234126436268
2017-10-10,29768,0.04605594758064516,0.046423593939666385,0.047317042277732035,0.04669708444277935,0.33,2017,10,10,1,98,68,29670.0,29510.0,29520.0,29781.533333333333,156.38094513126714
2017-10-11,29659,0.04620895737327188,0.04617182933956748,0.0467561136694683,0.03632738804072949,-0.37,2017,10,11,2,132,-58,29768.0,29670.0,29535.714285714286,29783.9,165.06636472053594
2017-10-12,29756,0.04628096198156681,0.04680124083981474,0.04724466439279479,0.046028071771679356,0.33,2017,10,12,3,148,31,29659.0,29768.0,29586.571428571428,29791.1,171.01837829436147
2017-10-13,29800,0.04650597638248846,0.04659443420401921,0.046955152853045745,0.048904826257409315,0.15,2017,10,13,4,157,50,29756.0,29659.0,29653.571428571428,29792.566666666666,143.93037337927996
2017-10-16,29808,0.04703701036866356,0.0473047700400126,0.04813129348327616,0.03860203112246946,0.03,2017,10,16,0,106,-1,29800.0,29756.0,29710.14285714286,29793.233333333334,105.97551379425035
2017-10-17,29565,0.04651497695852533,0.04600098907521466,0.045959956935158475,0.05532734789996923,-0.82,2017,10,17,1,201,-186,29808.0,29800.0,29718.0,29772.933333333334,89.40730768126531
2017-10-18,29536,0.04551591301843319,0.04502989704626176,0.045543784096769235,0.03398584369187953,-0.1,2017,10,18,2,139,-104,29565.0,29808.0,29698.85714285714,29749.933333333334,112.70674125337646
2018-01-01,29324,0.04274373559907832,0.04271006608820754,0.043471967140440215,0.010570400203379852,-0.16,2018,1,1,0,110,-8,29372.0,29171.0,29033.714285714286,28951.833333333332,289.00675556475323
2018-01-02,29392,0.04274373559907832,0.04341141033134016,0.043987659570618176,0.01137321540869984,0.23,2018,1,2,1,131,60,29324.0,29372.0,29147.428571428572,28953.6,240.62685991893107
2018-01-03,29481,0.04322076612903222,0.04367216652429978,0.04446716305832754,0.0012711240750899822,0.3,2018,1,3,2,107,96,29392.0,29324.0,29250.85714285714,28958.5,196.36736708857876
2018-01-04,29472,0.0430407546082949,0.043519309445668286,0.04348101437605739,0.0013380253421999813,-0.03,2018,1,4,3,199,107,29481.0,29392.0,29329.14285714286,28957.433333333334,147.4951169495666
2018-01-05,29465,0.04425583237327188,0.044193678910218914,0.04496476101727115,0.0012711240750899822,-0.02,2018,1,5,4,110,-35,29472.0,29481.0,29382.428571428572,28958.933333333334,110.2071642307127
2018-01-08,29270,0.04187067972350231,0.041855864766443374,0.042576290814341666,0.03947174759489945,-0.66,2018,1,8,0,114,35,29465.0,29472.0,29396.571428571428,28955.433333333334,81.04701751313914
2018-01-09,29173,0.04214069700460829,0.04174796565211525,0.04236820439514705,0.036260486773619496,-0.33,2018,1,9,1,125,-92,29270.0,29465.0,29368.14285714286,28945.866666666665,117.71070267382606
2018-01-10,29343,0.041150633640552964,0.04324057006698734,0.04209678732663236,0.07245407228012898,0.58,2018,1,10,2,321,188,29173.0,29270.0,29370.85714285714,28944.6,116.73820935737301
2018-01-11,29404,0.042797739055299516,0.043024771838331144,0.043833856565126506,0.038869636190909454,0.21,2018,1,11,3,105,66,29343.0,29173.0,29372.571428571428,28950.9,117.18768015925856
2018-01-12,29553,0.04358078917050692,0.04455334262464594,0.04482905248301383,0.06174986954252914,0.51,2018,1,12,4,165,128,29404.0,29343.0,29382.85714285714,28969.6,130.67444097437607
2018-01-15,29763,0.04506588421658983,0.0463067032324776,0.046321846359844765,0.04014076026599944,0.71,2018,1,15,0,195,173,29553.0,29404.0,29424.428571428572,28987.8,194.47352617029404
2018-01-16,29830,0.046775993663594445,0.04698107269702828,0.04780559300105852,0.05813720111858919,0.23,2018,1,16,1,106,50,29763.0,29553.0,29476.571428571428,29013.5,248.57249589293056
2018-01-17,29761,0.04764004896313365,0.047196870925684475,0.04736227845581781,0.04569356543612936,-0.23,2018,1,17,2,179,-115,29830.0,29763.0,29546.714285714286,29042.433333333334,249.83909107408746
2018-01-18,29644,0.04607394873271889,0.04556040102504155,0.04551664238991776,0.0637569075558291,-0.39,2018,1,18,3,201,-58,29761.0,29830.0,29614.0,29064.833333333332,188.24983399768024
2018-01-19,29743,0.04529089861751148,0.046216787303870854,0.04641231871601631,0.039806253930449446,0.33,2018,1,19,4,175,128,29644.0,29761.0,29671.14285714286,29100.6,148.86843024618466
2018-01-22,29806,0.04606494815668202,0.046666366946904625,0.04732608951334921,0.03692949944471948,0.21,2018,1,22,0,124,105,29743.0,29644.0,29728.571428571428,29141.2,97.21600887253817
2018-01-23,29876,0.04728002592165895,0.0475565346401115,0.047787498529824224,0.04696468951121934,0.23,2018,1,23,1,172,40,29806.0,29743.0,29774.714285714286,29189.433333333334,73.8370148506668
2018-01-24,30244,0.047919066820276496,0.05084745762711862,0.048936497453203165,0.07412660395787897,1.23,2018,1,24,2,411,337,29876.0,29806.0,29843.428571428572,29253.633333333335,191.3773385603384
2018-01-25,30367,0.05154629896313365,0.05251989389920425,0.05170495155205329,0.06609845190467907,0.41,2018,1,25,3,291,57,30244.0,29876.0,29920.14285714286,29319.966666666667,274.6218178828756
2018-01-29,30074,0.051321284562211994,0.05080249966281525,0.05006740190534781,0.057735793515929196,-0.96,2018,1,29,0,281,-211,30367.0,30244.0,29964.85714285714,29372.433333333334,269.83107590483684
2018-01-30,30052,0.04875612039170504,0.05001123949107583,0.04966932353819292,0.04555976290190936,-0.07,2018,1,30,1,237,52,30074.0,30367.0,30023.14285714286,29426.133333333335,230.1147746755117
2018-01-31,30064,0.04952116935483872,0.049786449669558974,0.049814079308067416,0.03666189437627949,0.04,2018,1,31,2,196,-21,30052.0,30074.0,30069.0,29472.833333333332,194.15886965786154
2018-02-01,30512,0.04988119239631336,0.053185271770894216,0.05048357474373705,0.01210912934690983,1.49,2018,2,1,3,500,387,30064.0,30052.0,30169.85714285714,29538.066666666666,216.81822538083392
2018-02-02,30399,0.055776569700460826,0.05558602706469451,0.05184066008631061,0.004415483629259938,-0.37,2018,2,2,4,617,-381,30512.0,30064.0,30244.571428571428,29597.466666666667,186.69927436326554
2018-02-05,30286,0.052221342165898604,0.05271770894213906,0.05010359084781646,0.0012711240750899822,-0.37,2018,2,5,0,490,-99,30399.0,30512.0,30250.571428571428,29653.8,187.35159206094264
2018-02-06,30182,0.05163630472350231,0.05408443105696176,0.05147877066162432,0.08074982940176888,-0.34,2018,2,6,1,490,-138,30286.0,30399.0,30224.14285714286,29701.3,181.13570287851564
2018-02-07,29976,0.050727246543778776,0.05056871824843773,0.04957885118202132,0.05840480618702919,-0.68,2018,2,7,2,309,-243,30182.0,30286.0,30210.14285714286,29736.366666666665,197.7038429671025
2018-02-08,30103,0.047901065668202764,0.04956165984804206,0.04806796283395609,0.07426040649209896,0.42,2018,2,8,3,364,198,29976.0,30182.0,30217.428571428572,29770.066666666666,191.75492791869382
2018-02-09,29999,0.049296154953917065,0.04922897091219708,0.049026969809374765,0.06154916574119914,-0.35,2018,2,9,4,221,-61,30103.0,29976.0,30208.14285714286,29797.666666666668,201.73698105196468
2018-02-12,30133,0.04967417914746544,0.049813424448140964,0.05018501596837088,0.0428168109503994,0.45,2018,2,12,0,158,31,29999.0,30103.0,30154.0,29823.033333333333,151.09820206348792
2018-02-13,30195,0.05028621831797234,0.050227037719732026,0.050854511404040514,0.02361614728982967,0.21,2018,2,13,1,130,25,30133.0,29999.0,30124.85714285714,29852.066666666666,110.07183801482554
2018-02-14,30605,0.05073624711981564,0.054471069549970774,0.0506283305136116,0.0861019307705688,1.36,2018,2,14,2,627,385,30195.0,30133.0,30170.428571428572,29892.5,209.2557105101419
2018-02-15,30549,0.054264472926267265,0.05403048149979767,0.05456387800707496,0.051045666804929286,-0.18,2018,2,15,3,143,-63,30605.0,30195.0,30222.85714285714,29928.1,253.85982258711346
2018-02-16,30785,0.05415646601382487,0.055532077507530475,0.05545955433317351,0.05800339858436919,0.77,2018,2,16,4,211,185,30549.0,30605.0,30338.428571428572,29971.866666666665,302.2795930609641
2018-02-19,30715,0.05520953341013826,0.05522636335026748,0.05616523871131174,0.026961210645329622,-0.23,2018,2,19,0,99,-2,30785.0,30549.0,30425.85714285714,30013.533333333333,311.210233642723
2018-02-20,30524,0.05476850518433177,0.054866699635840455,0.05460006694954356,0.061883672076749136,-0.62,2018,2,20,1,232,-144,30715.0,30785.0,30500.85714285714,30055.333333333332,248.04598268054488
2018-02-21,30459,0.05325640841013826,0.05287955761363122,0.05338773737684449,0.04736609711387934,-0.21,2018,2,21,2,145,-41,30524.0,30715.0,30547.428571428572,30098.2,191.66451344584584
2018-02-22,30564,0.0528063796082949,0.053455019556714445,0.053469162497398914,0.04368652742282939,0.34,2018,2,22,3,200,114,30459.0,30524.0,30600.14285714286,30138.9,113.30552880283214
2018-02-23,30492,0.05322940668202766,0.05280762487074586,0.053885335335788154,0.03438725129453952,-0.24,2018,2,23,4,82,-5,30564.0,30459.0,30584.0,30175.166666666668,120.33010152692496
2018-02-26,30518,0.053436419930875584,0.05381468327114147,0.05448245288652054,0.03907033999223945,0.09,2018,2,26,0,128,-2,30492.0,30564.0,30579.571428571428,30207.333333333332,122.3858068340952
2018-02-27,30306,0.05341841877880185,0.05360787663534594,0.052473966579511644,0.05258439594845927,-0.69,2018,2,27,1,327,-212,30518.0,30492.0,30511.14285714286,30225.433333333334,122.29258436480633
2018-02-28,30423,0.05162730414746544,0.05251090230634353,0.052537297228831714,0.03425344876031952,0.39,2018,2,28,2,198,104,30306.0,30518.0,30469.428571428572,30245.2,85.4046391076011
2018-03-01,30181,0.05151929723502305,0.051584768241694,0.05103545611638366,0.009834486265169863,-0.8,2018,3,1,3,261,-126,30423.0,30306.0,30420.428571428572,30259.2,133.64736827849035
2018-03-02,30473,0.05276137672811057,0.05341006159241107,0.05365010720974206,0.001003519006649986,0.97,2018,3,2,4,175,28,30181.0,30423.0,30422.428571428572,30286.833333333332,134.4232831311839
2018-03-05,30429,0.052356350806451596,0.0530503978779841,0.052835856004197934,0.0012042228079799833,-0.14,2018,3,5,0,225,29,30473.0,30181.0,30403.14285714286,30309.7,119.59296045597182
2018-03-06,30568,0.052356350806451596,0.05425527132131458,0.05333345396314154,0.072320269745909,0.46,2018,3,6,1,304,168,30429.0,30473.0,30414.0,30335.1,131.8281709909305
2018-03-07,30461,0.054336477534562194,0.053985523535494295,0.05368629615221071,0.06757027978109906,-0.35,2018,3,7,2,235,-159,30568.0,30429.0,30405.85714285714,30354.6,125.96352457738278
2018-03-08,30436,0.05317540322580647,0.05303241469226272,0.053559634853570515,0.051848482010249275,-0.08,2018,3,8,3,143,-55,30461.0,30568.0,30424.428571428572,30361.0,118.12684868860049
2018-03-09,30408,0.052473358294930855,0.05250191071348287,0.05265491129185479,0.07332378875255897,-0.09,2018,3,9,4,184,-5,30436.0,30461.0,30422.285714285714,30362.366666666665,118.29301794858921
2018-03-12,30340,0.052176339285714274,0.052124263813334515,0.05260062787815184,0.04930623386006931,-0.22,2018,3,12,0,148,-40,30408.0,30436.0,30445.0,30371.233333333334,69.40220937991575
2018-03-13,30387,0.05190632200460829,0.051917457177538984,0.05203969926988811,0.07345759128677898,0.15,2018,3,13,1,187,37,30340.0,30408.0,30432.714285714286,30382.4,71.20794498311605
2018-03-14,30413,0.05234735023041473,0.053140313806590844,0.05332440672752442,0.0639576113571591,0.09,2018,3,14,2,181,14,30387.0,30340.0,30430.428571428572,30394.033333333333,71.60274003904769
2018-03-15,30314,0.0528603830645161,0.05250191071348287,0.052636816820620436,0.05572875550262922,-0.33,2018,3,15,3,186,-142,30413.0,30387.0,30394.14285714286,30387.433333333334,51.92118569482633
2018-03-16,30251,0.05123127880184333,0.051512835498808585,0.051695904316436114,0.06703506964421907,-0.21,2018,3,16,4,180,-24,30314.0,30413.0,30364.14285714286,30382.5,65.69482113497754
2018-03-19,30432,0.050754248271889374,0.05231308726340872,0.05119830635749245,0.07773927238181891,0.6,2018,3,19,0,324,210,30251.0,30314.0,30363.571428571428,30387.366666666665,64.97911752580879
2018-03-20,30284,0.05229334677419353,0.051773591691768206,0.05202160479865375,0.06108085687142915,-0.49,2018,3,20,1,173,-109,30432.0,30251.0,30345.85714285714,30390.766666666666,67.69398932418981
2018-03-21,30464,0.05154629896313365,0.053086364249426754,0.05260062787815184,0.07573223436851895,0.59,2018,3,21,2,255,154,30284.0,30432.0,30363.571428571428,30407.033333333333,80.85142163932234
2018-03-22,30506,0.053454421082949316,0.0537697253068381,0.05430150817417739,0.07579913563562894,0.14,2018,3,22,3,143,-16,30464.0,30284.0,30380.571428571428,30420.466666666667,97.41296481697158
2018-03-23,30901,0.05370643721198157,0.05675493413658228,0.05500719255231562,0.09125332833803873,1.29,2018,3,23,4,397,351,30506.0,30464.0,30450.285714285714,30450.533333333333,220.87305123543354
2018-03-26,30889,0.05631660426267279,0.05646720316504067,0.05700663162370739,0.04903862879162931,-0.04,2018,3,26,0,144,49,30901.0,30506.0,30532.428571428572,30475.733333333334,264.3777960566349
2018-03-27,30717,0.05659562211981564,0.05622443015780243,0.056228569360631864,0.06328859868605911,-0.56,2018,3,27,1,203,-154,30889.0,30901.0,30599.0,30493.133333333335,239.1707897440875
2018-03-28,30518,0.05534454205069125,0.05498359034302924,0.05446435841528624,0.0572674846461592,-0.65,2018,3,28,2,260,-214,30717.0,30889.0,30611.285714285714,30490.233333333334,231.23992899594248
2018-03-29,30426,0.053094398041474616,0.05343703637099312,0.053677248916593534,0.0214084054751997,-0.3,2018,3,29,3,175,-56,30518.0,30717.0,30631.571428571428,30486.133333333335,202.14092208431225
2018-04-02,30961,0.05397645449308755,0.057950815987052096,0.05464530312762933,0.00923237486117987,1.76,2018,4,2,0,570,381,30426.0,30518.0,30702.571428571428,30492.0,219.97034432190063
2018-04-03,30625,0.056793634792626696,0.0562693881221058,0.055025287023549974,0.002207741814629969,-1.09,2018,4,3,1,341,-268,30961.0,30426.0,30719.571428571428,30489.0,206.4282418850727
2018-04-04,30886,0.05469650057603684,0.05697972395809919,0.05545955433317351,0.00046830886976999346,0.85,2018,4,4,2,372,226,30625.0,30961.0,30717.428571428572,30501.066666666666,204.29786843665832
2018-04-05,30505,0.06225698444700459,0.06172728498853569,0.05410246899059995,0.0004014076026599944,-1.23,2018,4,5,3,1050,-995,30886.0,30625.0,30662.571428571428,30502.6,202.0930950026804
2018-04-06,30605,0.053895449308755755,0.05408443105696176,0.053767721272765134,0.08978150046161874,0.33,2018,4,6,4,237,34,30505.0,30886.0,30646.571428571428,30503.966666666667,201.4984343556111
2018-04-09,30675,0.05415646601382487,0.054471069549970774,0.05506147596601857,0.05084496300359929,0.23,2018,4,9,0,137,75,30605.0,30505.0,30669.0,30510.066666666666,193.37614468562725
2018-04-10,30798,0.05427347350230413,0.055604010250415836,0.05532384579891614,0.05860550998835918,0.4,2018,4,10,1,234,185,30675.0,30605.0,30722.14285714286,30519.4,164.41251835130777
2018-04-11,31244,0.05613659274193547,0.06102594074540302,0.05744994616894811,0.12122509600331831,1.45,2018,4,11,2,602,424,30798.0,30675.0,30762.571428571428,30550.666666666668,246.99180630355946
2018-04-12,30897,0.059340797811059914,0.05918266420896462,0.05778469388678292,0.08837657385230877,-1.11,2018,4,12,3,360,-279,31244.0,30798.0,30801.428571428572,30566.466666666667,243.10687440114634
2018-04-13,31005,0.05705465149769581,0.057905858022748724,0.05699758438809022,0.06616535317178908,0.35,2018,4,13,4,305,83,30897.0,31244.0,30818.428571428572,30593.933333333334,253.92640478642866
2018-04-16,31167,0.05825172811059906,0.05927258013757136,0.05953081036089425,0.054123125091989244,0.52,2018,4,16,0,177,112,31005.0,30897.0,30913.0,30617.066666666666,240.66920589640858
2018-04-17,31257,0.05900777649769581,0.05974913455918712,0.05988365254996336,0.06148226447408914,0.29,2018,4,17,1,191,118,31167.0,31005.0,31006.14285714286,30644.666666666668,227.40304056296955
2018-04-18,31410,0.05994383640552994,0.06157442790990425,0.06067980928427319,0.06623225443889907,0.49,2018,4,18,2,306,167,31257.0,31167.0,31111.14285714286,30672.733333333334,218.53407710762897
2018-04-19,31479,0.061797955069124416,0.06188014206716719,0.06183785544326931,0.058739312522579176,0.22,2018,4,19,3,212,30,31410.0,31257.0,31208.428571428572,30706.666666666668,207.18418307010216
2018-04-20,31314,0.06140192972350231,0.06118778941689518,0.06165691073092616,0.04027456280021944,-0.52,2018,4,20,4,155,-91,31479.0,31410.0,31218.428571428572,30735.933333333334,210.84422143949212
2018-04-23,31164,0.06045686923963131,0.059928966416400664,0.060073644497923684,0.04462314516236938,-0.48,2018,4,23,0,190,-136,31314.0,31479.0,31256.571428571428,30761.133333333335,161.34523765647845
2018-04-24,31262,0.05919678859447006,0.05974913455918712,0.05969366060200304,0.042482304614849406,0.31,2018,4,24,1,212,102,31164.0,31314.0,31293.285714285714,30791.866666666665,117.96851880358281
2018-04-25,31301,0.06043886808755758,0.06014476464505686,0.06102360423772518,0.04127808180686943,0.12,2018,4,25,2,109,3,31262.0,31164.0,31312.428571428572,30822.333333333332,104.11989426181844
2018-04-26,31158,0.06001584101382487,0.05971316818774447,0.06009173896915798,0.04194709447796941,-0.46,2018,4,26,3,164,-93,31301.0,31262.0,31298.285714285714,30847.166666666668,118.61803444408422
2018-04-27,31129,0.0586657546082949,0.05893089960886572,0.059503668654042774,0.04080977293709943,-0.09,2018,4,27,4,142,28,31158.0,31301.0,31258.14285714286,30874.333333333332,122.01014790014756
2018-04-30,30947,0.058566748271889374,0.05804073191565884,0.058101347133383385,0.042683008416179405,-0.58,2018,4,30,0,198,-143,31129.0,31158.0,31182.14285714286,30897.533333333333,127.09501507644693
2018-05-01,30874,0.056451612903225784,0.05648518635076205,0.0566809311414897,0.0057535089714599195,-0.24,2018,5,1,1,182,19,30947.0,31129.0,31119.285714285714,30912.266666666666,156.43285491026901
2018-05-02,30926,0.05793670794930875,0.060378546059434435,0.05781183559363434,0.0033450633554999534,0.17,2018,5,2,2,490,-94,30874.0,30947.0,31085.285714285714,30933.666666666668,170.34055524755072
2018-05-03,31003,0.05708165322580647,0.058544261115856644,0.05782088282925152,0.0014049266093099804,0.25,2018,5,3,3,285,78,30926.0,30874.0,31048.285714285714,30951.633333333335,152.78275893801134
2018-05-04,31068,0.05691964285714282,0.05861619385874206,0.05823705566764076,0.0008697164724299879,0.21,2018,5,4,4,247,161,31003.0,30926.0,31015.0,30970.366666666665,107.10119825102636
2018-05-07,31247,0.05888176843317969,0.059928966416400664,0.060209353032181,0.041211180539759425,0.58,2018,5,7,0,175,122,31068.0,31003.0,31027.714285714286,30981.9,129.78663809772746
2018-05-08,31200,0.05973682315668202,0.05937148765903877,0.059756991251323166,0.05813720111858919,-0.15,2018,5,8,1,163,-20,31247.0,31068.0,31037.85714285714,30992.266666666666,141.28626799497795
2018-05-09,31303,0.05972782258064516,0.060504428359483886,0.06048981733631287,0.06643295824022907,0.33,2018,5,9,2,208,84,31200.0,31247.0,31088.714285714286,31011.8,165.18243882258804
2018-05-10,31352,0.06079889112903222,0.06145753720271546,0.061168360007599676,0.07178505960902899,0.16,2018,5,10,3,239,14,31303.0,31200.0,31157.0,31039.6,160.35793297123678
2018-05-11,31500,0.060816892281105955,0.06213190666726609,0.062154508689869825,0.059140720125239174,0.47,2018,5,11,4,205,160,31352.0,31303.0,31239.0,31075.4,169.0700052250811
2018-05-14,31496,0.06180695564516128,0.06212291507440543,0.06251639811455612,0.05285200101689926,-0.01,2018,5,14,0,164,46,31500.0,31352.0,31309.428571428572,31093.233333333334,156.59912424540937
2018-05-15,31186,0.06158194124423963,0.06171829339567503,0.06063457310618742,0.09707373857660864,-0.98,2018,5,15,1,327,-239,31496.0,31500.0,31326.285714285714,31111.933333333334,130.44630349451003
2018-05-16,31007,0.059295794930875584,0.05876905093737356,0.0585446616786241,0.07178505960902899,-0.57,2018,5,16,2,230,-164,31186.0,31496.0,31292.0,31115.966666666667,177.7291947509191
2018-05-17,30986,0.05776569700460829,0.05724048015105876,0.057739457708697095,0.0571336821119392,-0.07,2018,5,17,3,149,-15,31007.0,31186.0,31261.428571428572,31132.0,211.40628904496262
2018-05-18,31093,0.05749567972350231,0.05826552173717575,0.05862608679917852,0.04937313512717931,0.35,2018,5,18,4,165,122,30986.0,31007.0,31231.428571428572,31148.266666666666,219.2774932540093
2018-05-21,31114,0.05807171658986174,0.058481319965831946,0.058399905908749605,0.053715027362618246,0.07,2018,5,21,0,214,79,31093.0,30986.0,31197.428571428572,31162.9,215.89183799863414
2018-05-22,31111,0.05798171082949308,0.05878703412309488,0.059123684758122186,0.04903862879162931,-0.01,2018,5,22,1,168,86,31114.0,31093.0,31141.85714285714,31173.333333333332,170.27372920472868
2018-05-23,31186,0.05884576612903222,0.06054938632378726,0.06001031384860356,0.08014771799777888,0.24,2018,5,23,2,266,65,31111.0,31114.0,31097.571428571428,31171.4,78.27485152393872
2018-05-24,31461,0.05992583525345621,0.06160140268848624,0.06120454895006833,0.07399280142365897,0.88,2018,5,24,3,251,220,31186.0,31111.0,31136.85714285714,31190.2,158.22918880730757
2018-05-25,31194,0.061086909562211994,0.06107089870970639,0.06063457310618742,0.06723577344554905,-0.85,2018,5,25,4,255,-176,31461.0,31186.0,31163.571428571428,31196.5,148.11353431662312
2018-05-28,30971,0.059106782834101396,0.05858022748729935,0.058038016484063315,0.04555976290190936,-0.71,2018,5,28,0,265,-179,31194.0,31461.0,31161.428571428572,31189.966666666667,151.18736404793037
2018-05-29,31184,0.05793670794930875,0.06010879827361415,0.0592593932923795,0.08282376868217885,0.69,2018,5,29,1,300,164,30971.0,31194.0,31174.428571428572,31187.533333333333,148.20577715154988
2018-05-30,31030,0.05883676555299536,0.05833745448006111,0.05850847273615545,0.06114775813853915,-0.49,2018,5,30,2,186,-90,31184.0,30971.0,31162.428571428572,31174.866666666665,157.05079554429128
2018-05-31,30882,0.05820672523041473,0.05831047970147912,0.05760374917443978,0.040609069135769435,-0.48,2018,5,31,3,283,-168,31030.0,31184.0,31129.714285714286,31154.966666666667,189.9532523948465
2018-06-01,30568,0.055920578917050684,0.05578384210762938,0.0541748468755372,0.013848562291769806,-1.02,2018,6,1,4,381,-228,30882.0,31030.0,31041.428571428572,31130.1,281.15467696820167
2018-06-04,30708,0.05460649481566818,0.05554106910039114,0.055278609620830366,0.0022746430817399683,0.46,2018,6,4,0,232,58,30568.0,30882.0,30933.85714285714,31114.9,233.9589911158584
2018-06-05,30699,0.0548135080645161,0.056647035022254155,0.055966199527734295,0.0005352101368799925,-0.03,2018,6,5,1,279,26,30708.0,30568.0,30863.14285714286,31096.133333333335,216.37192406583225
2018-06-06,30755,0.05664062499999997,0.05644921997931934,0.05654522260723238,0.04234850208062941,0.18,2018,6,6,2,193,-121,30699.0,30708.0,30832.285714285714,31077.933333333334,213.813559194404
2018-06-07,31055,0.05613659274193547,0.057905858022748724,0.057169481864816185,0.05492594029730923,0.98,2018,6,7,3,286,235,30755.0,30699.0,30813.85714285714,31074.5,181.5759056812063
2018-06-08,31076,0.05785570276497695,0.058993840758890415,0.05862608679917852,0.05472523649597923,0.07,2018,6,8,4,246,65,31055.0,30755.0,30820.428571428572,31072.733333333334,191.2754184792876
2018-06-11,31035,0.05838673675115205,0.05797779076563414,0.05835466973066378,0.0503097528667193,-0.13,2018,6,11,0,163,-35,31076.0,31055.0,30842.285714285714,31075.666666666668,207.5345065976074
2018-06-12,30952,0.05776569700460829,0.05724048015105876,0.05792944965665742,0.04649638064144935,-0.27,2018,6,12,1,128,-49,31035.0,31076.0,30897.14285714286,31078.266666666666,170.37353919339643
2018-06-13,30952,0.057180659562211994,0.057177539001034006,0.05835466973066378,0.026158395440009634,0.0,2018,6,13,2,74,16,30952.0,31035.0,30932.0,31079.133333333335,148.82428117349497
2018-06-14,31145,0.05751368087557604,0.058831992087398255,0.05883417321837314,0.057468188447489195,0.62,2018,6,14,3,205,172,30952.0,30952.0,30995.714285714286,31083.866666666665,126.19787938806915
2018-06-15,30804,0.05937680011520738,0.05898484916602975,0.056861875853832844,0.07472871536186895,-1.09,2018,6,15,4,440,-376,31145.0,30952.0,31002.714285714286,31075.066666666666,111.07312048996805
2018-06-18,30773,0.05594758064516128,0.05575686732904733,0.0565542698428495,0.03217950947990955,-0.1,2018,6,18,0,115,-26,30804.0,31145.0,30962.428571428572,31059.266666666666,137.05091163904487
2018-06-19,30702,0.05638860887096772,0.05632333767926989,0.056120002533225966,0.04863722118896932,-0.23,2018,6,19,1,226,-146,30773.0,30804.0,30909.0,31042.666666666668,156.86512253145247
2018-06-20,30605,0.05487651209677416,0.054551993885716854,0.055278609620830366,0.03298232468522954,-0.32,2018,6,20,2,122,-75,30702.0,30773.0,30847.571428571428,31019.4,181.55151440044025
2018-06-21,30451,0.05393145161290322,0.05341006159241107,0.053351548434375895,0.046429479374339354,-0.5,2018,6,21,3,208,-124,30605.0,30702.0,30776.0,30989.366666666665,226.6686274428094
2018-06-22,30498,0.05244635656682026,0.053221238142336924,0.05353249314671904,0.04555976290190936,0.15,2018,6,22,4,167,88,30451.0,30605.0,30711.14285714286,30955.966666666667,232.78561565801903
2018-06-25,30540,0.05325640841013826,0.054066447871240375,0.054554830771457785,0.033316831020779536,0.14,2018,6,25,0,148,40,30498.0,30451.0,30624.714285714286,30924.1,137.78209158684078
2018-06-26,30480,0.053364415322580655,0.05340106999955041,0.05306203689462685,0.042883712217509404,-0.2,2018,6,26,1,239,-32,30540.0,30498.0,30578.428571428572,30900.566666666666,120.90334589149721
2018-06-27,30606,0.05295038882488476,0.05391359079260888,0.05396676045634258,0.04014076026599944,0.41,2018,6,27,2,196,140,30480.0,30540.0,30554.571428571428,30887.2,88.15111484127166
2018-06-28,30431,0.05404845910138248,0.053670817785370695,0.053722485094679306,0.028901347391519595,-0.57,2018,6,28,3,196,-157,30606.0,30480.0,30515.85714285714,30868.7,70.31696943566433
2018-06-29,30363,0.05239235311059906,0.05227712089196601,0.052636816820620436,0.03753161084870948,-0.22,2018,6,29,4,161,-41,30431.0,30606.0,30481.285714285714,30844.366666666665,78.22982015858585
2018-07-02,30153,0.052176339285714274,0.05194443195612103,0.05003121296287921,0.01511968636685979,-0.69,2018,7,2,0,412,-227,30363.0,30431.0,30438.714285714286,30812.333333333332,147.6975674434462
2018-07-03,30469,0.05042122695852533,0.053634851413927986,0.05093593652459494,0.0012711240750899822,1.05,2018,7,3,1,500,284,30153.0,30363.0,30434.571428571428,30790.933333333334,146.156146116949
2018-07-04,30510,0.05292338709677416,0.053185271770894216,0.05422008305362297,0.00026760506843999626,0.13,2018,7,4,2,87,47,30469.0,30153.0,30430.285714285714,30768.4,142.95420512193647
2018-07-05,30541,0.05415646601382487,0.05399451512835496,0.05450959459337201,0.00013380253421999813,0.1,2018,7,5,3,145,-59,30510.0,30469.0,30439.0,30737.733333333334,148.25091343217142
2018-07-06,30582,0.05460649481566818,0.0548936744144225,0.055188137264658765,0.03238021328123955,0.13,2018,7,6,4,170,-68,30541.0,30510.0,30435.571428571428,30717.333333333332,143.96047738097758
2018-07-09,30638,0.05427347350230413,0.055325270871734944,0.05557716839619653,0.04857031992185932,0.18,2018,7,9,0,175,25,30582.0,30541.0,30465.14285714286,30706.233333333334,162.88178593880892
2018-07-10,30551,0.05472350230414744,0.05434518724992132,0.0539758076919597,0.0503097528667193,-0.28,2018,7,10,1,243,-112,30638.0,30582.0,30492.0,30685.133333333335,158.67787075331705
2018-07-11,30344,0.053274409562211994,0.053140313806590844,0.05297156453845525,0.04027456280021944,-0.68,2018,7,11,2,220,-158,30551.0,30638.0,30519.285714285714,30662.266666666666,93.8468864447713
2018-07-12,30175,0.05159130184331798,0.05107224744863553,0.051487817897241495,0.051848482010249275,-0.56,2018,7,12,3,154,-140,30344.0,30551.0,30477.285714285714,30638.7,161.5030590898441
2018-07-13,30131,0.05027721774193547,0.05012813019826462,0.050347866209479675,0.04796820851786933,-0.15,2018,7,13,4,175,-38,30175.0,30344.0,30423.14285714286,30624.133333333335,206.08366308520328
2018-07-16,30103,0.05011520737327188,0.050469810726970266,0.050700708398548844,0.03719710451315948,-0.09,2018,7,16,0,174,-48,30131.0,30175.0,30360.571428571428,30603.966666666667,229.49862537226215
2018-07-17,29757,0.04967417914746544,0.04931888684080382,0.047678931702418326,0.062084375878079134,-1.15,2018,7,17,1,380,-345,30103.0,30131.0,30242.714285714286,30572.566666666666,298.34360184532545
2018-07-18,29799,0.04874711981566818,0.04823090410466213,0.04705467244483447,0.05298580355111926,0.14,2018,7,18,2,328,-200,29757.0,30103.0,30122.85714285714,30540.7,281.10640249546924
2018-07-19,29913,0.04579493087557604,0.04795216472598118,0.046629452370828106,0.056197064372399214,0.38,2018,7,19,3,344,242,29799.0,29757.0,30031.714285714286,30502.633333333335,214.75157297531342
2018-07-20,29957,0.046847998271889374,0.04803308906172726,0.0479232070640816,0.04729919584676934,0.15,2018,7,20,4,210,169,29913.0,29799.0,29976.428571428572,30465.333333333332,165.0119764777219
2018-07-23,29914,0.04805407546082949,0.04862653419053187,0.048782694447711494,0.047499899648099336,-0.14,2018,7,23,0,181,-8,29957.0,29913.0,29939.14285714286,30427.966666666667,140.3025642101402
2018-07-24,29912,0.04749603974654379,0.048042080654587926,0.048040821127104616,0.051447074407589284,-0.01,2018,7,24,1,198,52,29914.0,29957.0,29907.85714285714,30393.3,111.94109845780443
2018-07-25,29959,0.04755904377880185,0.04855460144764645,0.04853841908604828,0.05071116046937929,0.16,2018,7,25,2,200,92,29912.0,29914.0,29887.285714285714,30360.2,78.27028871396867
2018-07-26,29836,0.047964069700460826,0.047808299240210406,0.048366521609322255,0.03860203112246946,-0.41,2018,7,26,3,136,-76,29959.0,29912.0,29898.571428571428,30316.566666666666,59.89117114469048
2018-07-27,29805,0.0483960973502304,0.04788023198309582,0.04715419203662319,0.050376654133829295,-0.1,2018,7,27,4,278,-155,29836.0,29959.0,29899.428571428572,30283.266666666666,58.249054765572524
2018-07-30,29755,0.046289962557603676,0.04627972845389561,0.047317042277732035,0.03278162088389954,-0.17,2018,7,30,0,82,29,29805.0,29836.0,29876.85714285714,30249.333333333332,79.02199814359305
2018-07-31,29638,0.04632596486175114,0.045902081553747254,0.046059476526947196,0.04435554009392938,-0.39,2018,7,31,1,179,-92,29755.0,29805.0,29831.285714285714,30213.866666666665,110.7244542187211
2018-08-01,29462,0.045074884792626696,0.04527267005349994,0.044973808252888325,0.0143168711615398,-0.59,2018,8,1,2,229,-129,29638.0,29755.0,29766.714285714286,30175.766666666666,170.24659985454238
2018-08-02,29520,0.044543850806451596,0.044984939081958386,0.045299508735105964,0.006154916574119914,0.2,2018,8,2,3,161,-12,29462.0,29638.0,29710.714285714286,30144.733333333334,178.75095737374897
2018-08-03,29800,0.0444358438940092,0.04734073641145525,0.04482905248301383,0.0007359139382099897,0.95,2018,8,3,4,475,280,29520.0,29462.0,29688.0,30121.466666666667,149.68077142191655
2018-08-06,29563,0.04565992223502305,0.04514678775345049,0.045851390107752577,0.026887619251508624,-0.8,2018,8,6,0,118,-93,29800.0,29520.0,29649.0,30088.9,139.94046353167252
2018-08-07,29534,0.045191892281105955,0.045254686867778615,0.04568853986664373,0.04000695773177944,-0.1,2018,8,7,1,148,-70,29563.0,29800.0,29610.285714285714,30057.366666666665,126.4235134855466
2018-08-08,29544,0.04479586693548385,0.04491300633907297,0.045507595154300584,0.0431513172859494,0.03,2018,8,8,2,130,-16,29534.0,29563.0,29580.14285714286,30021.966666666667,110.2941953320045
2018-08-09,29605,0.04484086981566818,0.04522771208919657,0.04576996498719815,0.03733090704737948,0.21,2018,8,9,3,136,40,29544.0,29534.0,29575.428571428572,29994.433333333334,108.09233266553701
2018-08-10,29706,0.0453809043778802,0.04593804792518996,0.045869484578986874,0.048904826257409315,0.34,2018,8,10,4,204,81,29605.0,29544.0,29610.285714285714,29972.533333333333,104.70707439660906
2018-08-13,29665,0.04650597638248846,0.04676527446837209,0.04681039708317125,0.051647778208919276,-0.14,2018,8,13,0,192,-85,29706.0,29605.0,29631.0,29956.266666666666,97.99659858107042
2018-08-14,29664,0.04574092741935484,0.045902081553747254,0.04618613782558739,0.03338373228788953,0.0,2018,8,14,1,165,-1,29665.0,29706.0,29611.571428571428,29929.433333333334,67.70735347369117
2018-08-16,29275,0.04529089861751148,0.044778132446162855,0.042992463652730906,0.06870760132196904,-1.31,2018,8,16,3,393,-340,29664.0,29665.0,29570.428571428572,29888.266666666666,145.24560480238415
2018-08-17,29275,0.04237471198156681,0.042620150159600745,0.04264866869927891,0.04014076026599944,0.0,2018,8,17,4,191,-16,29275.0,29664.0,29533.428571428572,29846.066666666666,183.913799684552
2018-08-20,29435,0.04324776785714282,0.04337544395989751,0.04415050981172702,0.037866117184259473,0.55,2018,8,20,0,109,47,29275.0,29275.0,29517.85714285714,29807.833333333332,187.44992982287215
2018-08-21,29542,0.043895809331797236,0.044328552803129084,0.04492857207480255,0.04194709447796941,0.36,2018,8,21,1,129,82,29435.0,29275.0,29508.85714285714,29771.3,184.05020019168543
2018-08-22,29627,0.043805803571428575,0.0458391404037225,0.04505523337344275,0.03084148413770957,0.29,2018,8,22,2,283,177,29542.0,29435.0,29497.571428571428,29740.5,171.97272762779014
2018-08-23,29576,0.04574992799539171,0.04523670368205729,0.04541712279812904,0.04000695773177944,-0.17,2018,8,23,3,176,-90,29627.0,29542.0,29484.85714285714,29714.9,160.4342321864809
2018-08-24,29882,0.044705861175115186,0.04734073641145525,0.045959956935158475,0.060411844200329155,1.03,2018,8,24,4,350,332,29576.0,29627.0,29516.0,29705.133333333335,213.4150885015481
2018-08-27,29973,0.048126080069124416,0.048644517376253193,0.04879174168332867,0.04462314516236938,0.3,2018,8,27,0,182,43,29882.0,29576.0,29615.714285714286,29699.866666666665,243.05123896419647
2018-08-28,29981,0.048891129032258035,0.04976846648383759,0.0495878984176385,0.045359059100579364,0.03,2018,8,28,1,219,-34,29973.0,29882.0,29716.571428571428,29695.8,223.824974137712
2018-08-29,30144,0.04854910714285712,0.049750483298116266,0.04982312654368459,0.04067597040287943,0.54,2018,8,29,2,191,167,29981.0,29973.0,29817.85714285714,29708.7,235.29657071578134
2018-08-30,30131,0.04974618375576037,0.05065863417704447,0.05077308628348609,0.04221469954640941,-0.04,2018,8,30,3,187,21,30144.0,29981.0,29902.0,29719.766666666666,225.31015659929568
2018-08-31,30116,0.050772249423963106,0.050919390370004036,0.05052881092182282,0.03866893238957946,-0.05,2018,8,31,4,243,-108,30131.0,30144.0,29971.85714285714,29726.533333333333,200.24936834842623
2018-09-03,30327,0.04943116359447006,0.05226812929910535,0.050592141571142946,0.009633782463839866,0.7,2018,9,3,0,386,252,30116.0,30131.0,30079.14285714286,29738.866666666665,146.8847945067135
2018-09-04,30221,0.05089825748847923,0.05093737355572536,0.051424487247921424,0.0011373215408699842,-0.35,2018,9,4,1,146,-17,30327.0,30116.0,30127.571428571428,29749.1,125.36062266287347
2018-09-05,30310,0.05106926843317969,0.05268174257069641,0.0522930218671685,0.0003345063355499953,0.29,2018,9,5,2,244,53,30221.0,30327.0,30175.714285714286,29762.366666666665,120.73071175986344
2018-09-06,30565,0.05205033122119815,0.054471069549970774,0.05334250119875872,0.09901387532279862,0.84,2018,9,6,3,327,199,30310.0,30221.0,30259.14285714286,29782.566666666666,159.35435207094162
2018-09-07,30509,0.054543490783410115,0.054021489906937004,0.05369534338782783,0.06315479615183912,-0.18,2018,9,7,4,238,-134,30565.0,30310.0,30311.285714285714,29805.0,174.40442873403796
2018-09-10,30725,0.0536974366359447,0.054965607157307916,0.05479005889750388,0.07640124703961894,0.71,2018,9,10,0,222,176,30509.0,30565.0,30396.14285714286,29835.666666666668,212.42757869593953
2018-09-11,30732,0.05469650057603684,0.05492964078586521,0.055088617672870044,0.07626744450539893,0.02,2018,9,11,1,185,72,30725.0,30509.0,30484.14285714286,29868.233333333334,204.47691684871168
2018-09-12,30664,0.05489451324884789,0.055244346535988864,0.054039138341279824,0.10623921217067851,-0.22,2018,9,12,2,336,-18,30732.0,30725.0,30532.285714285714,29902.433333333334,200.95415255405402
2018-09-13,30470,0.053940452188940086,0.05444409477138873,0.05410246899059995,0.04435554009392938,-0.63,2018,9,13,3,240,-106,30664.0,30732.0,30567.85714285714,29936.033333333333,152.98085781329107
2018-09-14,30453,0.05326540898617513,0.054066447871240375,0.053659154445359236,0.07907729772401889,-0.06,2018,9,14,4,247,-48,30470.0,30664.0,30588.285714285714,29967.133333333335,118.46196898324021
2018-09-17,30778,0.05333741359447006,0.05543316998606301,0.05463625589201221,0.09212304481046871,1.07,2018,9,17,0,291,269,30453.0,30470.0,30618.714285714286,29999.733333333334,137.33622280879575
2018-09-18,30811,0.0551465293778802,0.05655711909364741,0.0559300105852657,0.08001391546355888,0.11,2018,9,18,1,273,101,30778.0,30453.0,30661.85714285714,30041.333333333332,144.38077962097276
2018-09-19,30649,0.05614559331797234,0.056656026615114874,0.05576716034415685,0.08764065991409878,-0.53,2018,9,19,2,302,-172,30811.0,30778.0,30651.0,30078.5,141.67333317700755
2018-09-20,30623,0.05505652361751148,0.05453401069999547,0.05532384579891614,0.026559803042669628,-0.08,2018,9,20,3,115,-77,30649.0,30811.0,30635.428571428572,30114.466666666667,137.2064832570551
2018-09-21,30609,0.05533554147465439,0.0564222452007373,0.05414770516868572,0.10376386528760854,-0.05,2018,9,21,4,455,-122,30623.0,30649.0,30627.571428571428,30147.933333333334,136.87202921379352
2018-09-24,30862,0.054336477534562194,0.05632333767926989,0.055640499045516656,0.07017942919838902,0.83,2018,9,24,0,279,242,30609.0,30623.0,30683.571428571428,30186.466666666667,141.76254458696332
2018-09-25,30838,0.05614559331797234,0.056008631929146235,0.056861875853832844,0.051447074407589284,-0.08,2018,9,25,1,109,17,30862.0,30609.0,30738.571428571428,30225.566666666666,108.08153888510839
2018-09-26,30608,0.056172595046082935,0.0557029177718833,0.055341940270150436,0.061013955604319145,-0.75,2018,9,26,2,243,-216,30838.0,30862.0,30714.285714285714,30257.033333333333,116.51568461824291
2018-09-27,30356,0.05539854550691245,0.05487569122870117,0.052935375595986656,0.06877450258907904,-0.82,2018,9,27,3,417,-382,30608.0,30838.0,30649.285714285714,30293.066666666666,168.76780329411696
2018-09-28,30479,0.052338349654377864,0.05291552398507393,0.052419683165808695,0.059207621392349176,0.41,2018,9,28,4,256,81,30356.0,30608.0,30625.0,30333.2,180.63037765969096
2018-10-01,30614,0.05234735023041473,0.0541743469855685,0.05343297355493032,0.014852081298419792,0.44,2018,10,1,0,284,215,30479.0,30356.0,30623.714285714286,30372.5,180.67901029741657
2018-10-03,31025,0.0567666330645161,0.05874207615879151,0.05807420542653191,0.0012711240750899822,1.34,2018,10,3,2,279,135,30614.0,30479.0,30683.14285714286,30421.933333333334,235.21651626525102
2018-10-04,31136,0.058404737903225784,0.058706109787348804,0.05921415711429373,0.00026760506843999626,0.36,2018,10,4,3,149,64,31025.0,30614.0,30722.285714285714,30472.233333333334,287.03235258194223
2018-10-05,31233,0.0586657546082949,0.05982106730207254,0.05894274004577904,0.00046830886976999346,0.31,2018,10,5,4,303,132,31136.0,31025.0,30778.714285714286,30527.466666666667,346.2839462474781
2018-10-08,31096,0.06107790898617513,0.060729218181000744,0.05982936913626041,0.06663366204155907,-0.44,2018,10,8,0,306,-273,31233.0,31136.0,30848.428571428572,30567.933333333334,355.19518443776263
2018-10-09,31161,0.0595568116359447,0.05970417659488375,0.060118880676009456,0.048904826257409315,0.21,2018,10,9,1,160,-39,31096.0,31233.0,30963.428571428572,30607.533333333333,294.2849283394916
2018-10-10,31247,0.059871831797235014,0.05961426066627701,0.060444581158227095,0.04402103375837939,0.28,2018,10,10,2,114,12,31161.0,31096.0,31073.14285714286,30649.733333333334,216.44970822489094
2018-10-11,31793,0.06045686923963131,0.06455963673964843,0.061340257484325644,0.11627440223717837,1.75,2018,10,11,3,565,493,31247.0,31161.0,31241.571428571428,30704.7,254.92080936594598
2018-10-12,31670,0.064048099078341,0.06370543541788426,0.06427156182428462,0.07098224440370901,-0.39,2018,10,12,4,146,-29,31793.0,31247.0,31333.714285714286,30756.0,279.0231258553273
2018-10-15,31877,0.06426411290322578,0.06689745088342397,0.065619599931241,0.09573571323440866,0.65,2018,10,15,0,352,154,31670.0,31793.0,31439.571428571428,30814.7,327.8088147804994
2018-10-16,31701,0.06565020161290322,0.06583644292586432,0.06523056879970324,0.071651257074809,-0.55,2018,10,16,1,277,-176,31877.0,31670.0,31506.428571428572,30860.5,326.378030890252
2018-10-17,31702,0.06378708237327188,0.06477543496830462,0.06482344319693117,0.057735793515929196,0.0,2018,10,17,2,204,32,31701.0,31877.0,31593.0,30909.866666666665,275.82301088472656
2019-01-01,31560,0.06270701324884789,0.06308501551049767,0.0627878151830708,0.004549286163479937,0.23,2019,1,1,1,241,10,31489.0,31506.0,31447.14285714286,31101.933333333334,159.89103432443227
2019-01-02,31934,0.06252700172811057,0.07071887784921099,0.06369253874478653,0.0026760506843999626,1.19,2019,1,2,2,990,404,31560.0,31489.0,31562.571428571428,31138.733333333334,179.82478244432886
2019-01-03,31939,0.06675727246543775,0.06662770309760374,0.0666419375559798,0.0011373215408699842,0.02,2019,1,3,3,209,-61,31934.0,31560.0,31643.14285714286,31175.4,206.19362144356074
2019-01-04,31679,0.07293166762672812,0.07239131412129657,0.0632401769639287,0.0004014076026599944,-0.81,2019,1,4,4,1226,-1007,31939.0,31934.0,31674.0,31210.933333333334,190.29100521797875
2019-01-07,31652,0.06258100518433177,0.06395720001798316,0.06320398802146004,0.0856336219007988,-0.09,2019,1,7,0,292,116,31679.0,31939.0,31679.85714285714,31248.9,188.65261600097654
2019-01-08,31736,0.06330105126728111,0.0640471159465899,0.06425346735305026,0.07252097354723899,0.27,2019,1,8,1,186,120,31652.0,31679.0,31712.714285714286,31287.633333333335,172.67861697995113
2019-01-09,31993,0.06392209101382487,0.06636694690464418,0.06485963213939983,0.09787655378192864,0.81,2019,1,9,2,377,308,31736.0,31652.0,31784.714285714286,31339.966666666667,168.88429400661357
2019-01-10,31878,0.06756732430875576,0.0672930809692937,0.06681383503270577,0.08917938905762876,-0.36,2019,1,10,3,264,-212,31993.0,31736.0,31830.14285714286,31387.333333333332,138.37801917459993
2019-01-11,31924,0.0659202188940092,0.06680753495481723,0.06711239380807194,0.07064773806815901,0.14,2019,1,11,4,177,17,31878.0,31993.0,31828.714285714286,31443.033333333333,137.1735084802497
2019-01-14,32130,0.06720730126728111,0.06796745043384433,0.06779093647935874,0.09132022960514873,0.65,2019,1,14,0,231,80,31924.0,31878.0,31856.0,31507.833333333332,176.20915602453184
2019-01-15,32169,0.06735131048387097,0.06867778626983767,0.06870470727669159,0.08422869529148883,0.12,2019,1,15,1,209,103,32130.0,31924.0,31926.0,31553.9,190.89176689129727
2019-01-16,32272,0.06808935771889399,0.06891156768421525,0.06905754946576076,0.07599983943695894,0.32,2019,1,16,2,196,124,32169.0,32130.0,32014.571428571428,31597.5,186.35258440522014
2019-01-17,32253,0.06945744527649769,0.06948702962729847,0.06984465896445341,0.0864364371061188,-0.06,2019,1,17,3,173,-47,32272.0,32169.0,32088.428571428572,31641.733333333334,157.81091760238866
2019-01-18,32089,0.06941244239631336,0.06896551724137928,0.06859614044928575,0.08449630035992882,-0.51,2019,1,18,4,253,-206,32253.0,32272.0,32102.14285714286,31677.866666666665,152.20756504643776
2019-01-21,32039,0.06722530241935484,0.06787753450523759,0.06798997566293619,0.059542127727899165,-0.16,2019,1,21,0,199,-13,32089.0,32253.0,32125.14285714286,31697.833333333332,121.82422935264744
2019-01-22,32154,0.06702728974654379,0.06792249246954096,0.06766427518071855,0.08054912560043888,0.36,2019,1,22,1,240,124,32039.0,32089.0,32158.0,31706.466666666667,83.5304335769798
2019-01-23,32135,0.06770233294930875,0.0680124083981477,0.068668518334223,0.07298928241700899,-0.06,2019,1,23,2,139,30,32154.0,32039.0,32158.714285714286,31717.233333333334,83.27207272227004
2019-01-24,32016,0.06765733006912442,0.06754484556939261,0.06799902289855336,0.06389071009004911,-0.37,2019,1,24,3,161,-84,32135.0,32154.0,32136.85714285714,31730.233333333334,98.76137668154227
2019-01-25,32339,0.06727030529953917,0.06952299599874118,0.06829758167391953,0.08717235104432879,1.01,2019,1,25,4,348,282,32016.0,32135.0,32146.428571428572,31761.066666666666,115.81574035730269
2019-01-28,32536,0.07020449308755758,0.07134828934945825,0.07159077543856474,0.07292238114989898,0.61,2019,1,28,0,187,153,32339.0,32016.0,32186.85714285714,31797.7,186.836317465411
2019-01-29,32891,0.0718876008064516,0.07491795171514631,0.07292071907428688,0.08730615357854878,1.09,2019,1,29,1,437,321,32536.0,32339.0,32301.428571428572,31844.033333333333,317.2280237429394
2019-01-30,32903,0.07485779089861752,0.07498988445803173,0.07542680334023938,0.06569704430201909,0.04,2019,1,30,2,168,3,32891.0,32536.0,32424.85714285714,31904.966666666667,362.9000911968939
2019-01-31,33100,0.07519081221198157,0.07741761453041407,0.07629533795948651,0.06951041652728902,0.6,2019,1,31,3,342,163,32903.0,32891.0,32560.0,31970.333333333332,417.2904663823234
2019-02-01,33405,0.07682891705069125,0.07971047070988624,0.07714577810749929,0.02087319533831971,0.92,2019,2,1,4,503,286,33100.0,32903.0,32741.428571428572,32043.2,473.95036911179136
2019-02-04,33455,0.0869815668202765,0.087802904284494,0.07975138196524051,0.002809853218619961,0.15,2019,2,4,0,1115,-792,33405.0,33100.0,32947.0,32120.833333333332,415.3099244342616
2019-02-05,33381,0.08069916474654379,0.08015105876005935,0.07943472871864005,0.0008697164724299879,-0.22,2019,2,5,1,299,-168,33455.0,33405.0,33095.857142857145,32187.7,341.19321435819023
2019-02-06,33222,0.07754896313364054,0.07861349638088388,0.07875618604735324,0.04863722118896932,-0.48,2019,2,6,2,203,23,33381.0,33455.0,33193.857142857145,32246.333333333332,235.83923095492813
2019-02-07,33056,0.07727894585253456,0.07701299285168367,0.07672960526911005,0.07091534313659902,-0.5,2019,2,7,3,249,-113,33222.0,33381.0,33217.42857142857,32294.5,207.00793635644985
2019-02-08,33125,0.07575784850230413,0.07649148046576448,0.07635866860880658,0.06308789488472911,0.21,2019,2,8,4,232,125,33056.0,33222.0,33249.142857142855,32348.466666666667,163.1721264720607
2019-02-11,32931,0.0762978830645161,0.07595198489412397,0.07546299228270803,0.07459491282764896,-0.59,2019,2,11,0,271,-129,33125.0,33056.0,33225.0,32396.533333333333,197.7548988022042
2019-02-12,32747,0.07499279953917051,0.07472013667221145,0.0746487410771639,0.06261958601495912,-0.56,2019,2,12,1,224,-168,32931.0,33125.0,33131.0,32436.1,247.94959165174058
2019-02-13,32909,0.07330069124423963,0.07546643887964755,0.07427780441686044,0.07258787481434899,0.49,2019,2,13,2,348,182,32747.0,32931.0,33053.0,32468.6,212.36525139546873
2019-02-14,32970,0.07451576900921655,0.07521467427954859,0.07504681944431879,0.07660195084094892,0.19,2019,2,14,3,235,108,32909.0,32747.0,32994.28571428572,32502.966666666667,155.867159558481
2019-02-15,33263,0.0756858438940092,0.07773232028053767,0.07710054192941346,0.07887659392268889,0.89,2019,2,15,4,288,271,32970.0,32909.0,33000.142857142855,32555.766666666666,166.27329768807652
2019-02-18,33463,0.07875504032258066,0.07956660522411546,0.08018564927486405,0.05940832519367917,0.6,2019,2,18,0,151,130,33263.0,32970.0,33058.28571428572,32616.133333333335,242.67036234811746
2019-02-19,33753,0.08024913594470043,0.08238097378950682,0.08109942007219695,0.07967940912800889,0.87,2019,2,19,1,363,254,33463.0,33263.0,33148.0,32683.366666666665,359.437059859258
2019-02-20,33719,0.08295830933179724,0.08310030121836082,0.08332504003401764,0.06081325180298915,-0.1,2019,2,20,2,197,-81,33753.0,33463.0,33260.57142857143,32740.9,401.1266870302876
2019-02-21,33302,0.08142821140552994,0.08113114238187291,0.07957043725289736,0.09700683730949865,-1.24,2019,2,21,3,393,-328,33719.0,33753.0,33339.857142857145,32788.36666666667,331.50486601369414
2019-02-22,33369,0.07847602246543775,0.07892820213100749,0.07889189458161061,0.06389071009004911,0.2,2019,2,22,4,223,67,33302.0,33719.0,33405.57142857143,32836.53333333333,272.13835766861683
2019-02-25,33159,0.07922307027649769,0.07879332823809737,0.07834906044458118,0.056464669440839214,-0.63,2019,2,25,0,268,-226,33369.0,33302.0,33432.57142857143,32870.833333333336,227.42314243404087
2019-02-26,33228,0.07778297811059906,0.07926089106685247,0.07902760311586793,0.06027804166610916,0.21,2019,2,26,1,245,3,33159.0,33369.0,33427.57142857143,32906.13333333333,232.10906713850497
2019-02-27,33171,0.07845802131336402,0.0794047565526233,0.07842143832951842,0.06288719108339912,-0.17,2019,2,27,2,328,-129,33228.0,33159.0,33385.857142857145,32936.1,250.21352785989455
2019-02-28,32902,0.07745895737327188,0.07755248842332418,0.07606010983344041,0.05439073016042924,-0.81,2019,2,28,3,383,-287,33171.0,33228.0,33264.28571428572,32957.73333333333,248.83308614848622
2019-03-01,32533,0.07447076612903222,0.07479206941509686,0.0673566691697352,0.010436597669159855,-1.12,2019,3,1,4,1038,-324,32902.0,33171.0,33094.857142857145,32972.53333333333,288.26459406374994
2019-03-04,32505,0.0703034994239631,0.0716270287281392,0.07097556341659805,0.001003519006649986,-0.09,2019,3,4,0,286,111,32533.0,32902.0,32981.0,32988.066666666666,344.6877814296868
2019-03-05,32015,0.079673099078341,0.07917097513824572,0.06812568419719356,0.0016056304106399776,-1.51,2019,3,5,1,1440,-1420,32505.0,32533.0,32787.57142857143,32983.433333333334,453.42542832075003
2019-03-06,31954,0.0679813508064516,0.06892055927707591,0.06708525210122046,0.11179201734080844,-0.19,2019,3,6,2,415,-182,32015.0,32505.0,32615.428571428572,32977.4,513.6499641920632
2019-03-07,31946,0.06638824884792624,0.06604324956165986,0.06631623707376211,0.09867936898724862,-0.03,2019,3,7,3,180,-13,31954.0,32015.0,32432.285714285714,32975.066666666666,486.6757011557541
2019-03-08,32174,0.06657726094470043,0.06833610574113202,0.0677185585944215,0.11118990593681845,0.71,2019,3,8,4,280,194,31946.0,31954.0,32289.85714285714,32969.566666666666,365.1782343696533
2019-03-11,31915,0.06868339573732715,0.06814728229105788,0.06719381892862636,0.08302447248350885,-0.8,2019,3,11,0,317,-299,32174.0,31946.0,32148.85714285714,32948.86666666667,266.6967244968053
2019-03-12,32015,0.06591121831797234,0.06672661061907115,0.06708525210122046,0.08068292813465887,0.31,2019,3,12,1,171,109,31915.0,32174.0,32074.85714285714,32919.666666666664,207.6787812720683
2019-03-13,32225,0.06754932315668202,0.0691903070628962,0.06892184093150339,0.09245755114601871,0.66,2019,3,13,2,242,137,32015.0,31915.0,32034.85714285714,32897.066666666666,119.09579977472468
2019-03-14,31832,0.06922343029953917,0.06868677786269839,0.06643385113678518,0.11513708069630839,-1.22,2019,3,14,3,461,-442,32225.0,32015.0,32008.714285714286,32854.8,142.05364513241986
2019-03-15,31853,0.06581221198156681,0.06586341770444631,0.06602672553401306,0.08830967258519877,0.07,2019,3,15,4,192,-42,31832.0,32225.0,31994.285714285714,32803.066666666666,153.22718893440407
2019-03-18,31685,0.06495715725806453,0.06455963673964843,0.06441631759415911,0.08208785474396885,-0.53,2019,3,18,0,225,-115,31853.0,31832.0,31957.0,32744.066666666666,193.41923379065747
2019-03-19,31985,0.06450712845622117,0.06637593849750484,0.06533008839149196,0.09814415885036863,0.95,2019,3,19,1,326,235,31685.0,31853.0,31930.0,32697.533333333333,169.83227019669366
2019-03-20,31740,0.06640624999999997,0.06587240929730703,0.06544770245451503,0.09620402210417865,-0.77,2019,3,20,2,257,-221,31985.0,31685.0,31905.0,32648.133333333335,184.64289859120117
2019-03-21,31842,0.06584821428571427,0.06679854336195656,0.06637052048746506,0.06295409235050912,0.32,2019,3,21,3,258,-57,31740.0,31985.0,31880.285714285714,32607.666666666668,178.95596691755378
2019-03-22,32155,0.06557819700460829,0.06787753450523759,0.06584578082166992,0.1285173341183082,0.98,2019,3,22,4,436,286,31842.0,31740.0,31870.285714285714,32575.333333333332,157.10475728653932
2019-03-25,32223,0.06854838709677416,0.06842602166973877,0.06887660475341761,0.0937955764882187,0.21,2019,3,25,0,162,24,32155.0,31842.0,31926.14285714286,32551.733333333334,203.7943641450989
2019-03-26,32113,0.06855738767281103,0.06802139999100842,0.06840614850132543,0.08723925231143878,-0.34,2019,3,26,1,169,-87,32223.0,32155.0,31963.285714285714,32530.6,211.77874797864754
2019-03-27,32019,0.06766633064516128,0.06785955131951626,0.06812568419719356,0.11854904531891834,-0.29,2019,3,27,2,182,-82,32113.0,32223.0,32011.0,32500.933333333334,172.639315723571
2019-03-28,31624,0.06669426843317969,0.06649282920469363,0.06442536482977629,0.10075330826765859,-1.23,2019,3,28,3,439,-369,32019.0,32113.0,31959.428571428572,32456.066666666666,227.04687999276925
2019-03-29,31703,0.06315704205069125,0.06431686373241019,0.06369253874478653,0.07599983943695894,0.25,2019,3,29,4,278,103,31624.0,32019.0,31954.14285714286,32404.066666666666,233.34982934921487
2019-04-01,31570,0.06304903513824886,0.063795351346491,0.06398205028453557,0.03023937273371958,-0.42,2019,4,1,0,188,-18,31703.0,31624.0,31915.285714285714,32340.966666666667,274.20595318494867
2019-04-02,31535,0.06270701324884789,0.06253652834599649,0.062326406166595794,0.0026091494172899637,-0.11,2019,4,2,1,231,-15,31570.0,31703.0,31826.714285714286,32267.033333333333,283.8348782221667
2019-04-03,31450,0.06224798387096772,0.06268938542462799,0.06195546950629238,0.0011373215408699842,-0.27,2019,4,3,2,289,-49,31535.0,31570.0,31716.285714285714,32191.4,252.61414204681716
2019-04-04,31503,0.06224798387096772,0.0621678730387088,0.06224498104604137,0.00046830886976999346,0.17,2019,4,4,3,199,4,31450.0,31535.0,31629.14285714286,32131.433333333334,190.54083426905342
2019-04-05,31566,0.0625720046082949,0.06280627613181672,0.06269734282689926,0.0004014076026599944,0.2,2019,4,5,4,220,31,31503.0,31450.0,31564.428571428572,32071.333333333332,82.17634928058436
2019-04-08,32076,0.0649121543778802,0.06761677831227803,0.06627100089567634,0.0863026345718988,1.62,2019,4,8,0,360,281,31566.0,31503.0,31629.0,32035.233333333334,211.9308063184862
2019-04-09,32098,0.06793634792626727,0.0677606437980488,0.0683066289095367,0.07365829508810898,0.07,2019,4,9,1,151,-33,32076.0,31566.0,31685.428571428572,31997.566666666666,277.3937376986492
2019-04-10,32174,0.06738731278801843,0.06799442521242638,0.06783617265744452,0.0785420875871389,0.24,2019,4,10,2,229,104,32098.0,32076.0,31771.714285714286,31964.333333333332,325.30637573737465
2019-04-11,31663,0.06808935771889399,0.06755383716225327,0.06485058490378265,0.1144680680252084,-1.59,2019,4,11,3,510,-485,32174.0,32098.0,31790.0,31923.033333333333,313.1533170831011
2019-04-12,31760,0.06424611175115205,0.06506316593984623,0.06545674969013221,0.07365829508810898,0.31,2019,4,12,4,166,39,31663.0,32174.0,31834.285714285714,31897.266666666666,276.87585321835263
2019-04-15,31760,0.06414710541474652,0.06434383851099224,0.06423537288181597,0.0571336821119392,0.0,2019,4,15,0,221,50,31760.0,31663.0,31871.0,31872.433333333334,240.24085136966661
2019-04-16,31474,0.06405709965437786,0.0641370318751967,0.06317684631460857,0.09687303477527864,-0.9,2019,4,16,1,315,-226,31760.0,31760.0,31857.85714285714,31854.4,261.30086654524814
2019-04-17,31410,0.06225698444700459,0.061952074810052604,0.06263401217757913,0.03779921591714947,-0.2,2019,4,17,2,132,-90,31474.0,31760.0,31762.714285714286,31836.266666666666,288.47109288231843
2019-04-18,31403,0.06202296947004607,0.06212291507440543,0.0622902172241272,0.06603155063756908,-0.02,2019,4,18,3,189,-71,31410.0,31474.0,31663.428571428572,31818.166666666668,273.0286048159778
2019-04-22,31531,0.06222998271889399,0.06349862878208873,0.06357492468176351,0.06616535317178908,0.41,2019,4,22,0,200,34,31403.0,31410.0,31571.571428571428,31796.733333333334,155.48725257852868
2019-04-23,31525,0.062166978686635926,0.062320730117340295,0.06270639006251638,0.06636605697311908,-0.02,2019,4,23,1,165,35,31531.0,31403.0,31551.85714285714,31783.733333333334,150.635795404926
2019-04-24,31759,0.062076972926267265,0.0644157712538776,0.0631497046077571,0.08456320162703881,0.74,2019,4,24,2,349,279,31525.0,31531.0,31551.714285714286,31775.2,150.40580029386015
2019-04-25,31843,0.06450712845622117,0.06555770354718338,0.06487772661063412,0.07787307491603891,0.26,2019,4,25,3,285,93,31759.0,31525.0,31563.571428571428,31762.466666666667,171.3727488480931
2019-04-26,31868,0.0654161866359447,0.0656296362900688,0.06545674969013221,0.06469352529536909,0.08,2019,4,26,4,229,17,31843.0,31759.0,31619.85714285714,31763.666666666668,199.45294229620376
2019-04-30,31625,0.06495715725806453,0.06464056107539451,0.06447964824347924,0.043084416018839396,-0.76,2019,4,30,1,227,-175,31868.0,31843.0,31650.571428571428,31756.066666666666,177.04599886590054
2019-05-01,31563,0.06319304435483872,0.0631389650676617,0.06362920809546646,0.010369696402049855,-0.2,2019,5,1,2,154,-41,31625.0,31868.0,31673.428571428572,31752.0,147.6435540338941
2019-05-02,31203,0.0615369383640553,0.06105291552398506,0.06052600627878152,0.003211260821279955,-1.14,2019,5,2,3,265,-217,31563.0,31625.0,31626.571428571428,31725.933333333334,229.65180683175532
2019-05-03,31341,0.060006840437788006,0.06172728498853569,0.060553147985632993,0.0005352101368799925,0.44,2019,5,3,4,337,91,31203.0,31563.0,31600.285714285714,31712.633333333335,252.59896693251542
2019-05-06,31578,0.06221198156682026,0.06315694825338308,0.06355683021052916,0.08074982940176888,0.76,2019,5,6,0,164,83,31341.0,31203.0,31574.428571428572,31703.833333333332,242.71509851625095
2019-05-07,31739,0.06315704205069125,0.0640471159465899,0.06398205028453557,0.08275686741506884,0.51,2019,5,7,1,216,139,31578.0,31341.0,31559.571428571428,31689.966666666667,226.15323502974522
2019-05-08,31697,0.06441712269585251,0.06559366991862609,0.06519437985723464,0.11152441227236844,-0.13,2019,5,8,2,254,-43,31739.0,31578.0,31535.14285714286,31672.433333333334,194.2733714570142
2019-05-09,31926,0.0644981278801843,0.06666366946904645,0.0655834109887724,0.12503846822858825,0.72,2019,5,9,3,330,177,31697.0,31739.0,31578.14285714286,31666.2,244.3374910322689
2019-05-10,31917,0.06581221198156681,0.06625904779031605,0.06622576471759056,0.10623921217067851,-0.03,2019,5,10,4,214,22,31926.0,31697.0,31628.714285714286,31662.8,275.3474860887158
2019-05-13,32499,0.06585721486175114,0.07106055837791664,0.06708525210122046,0.16732006904210767,1.82,2019,5,13,0,653,599,31917.0,31926.0,31813.85714285714,31691.966666666667,363.115421765528
2019-05-14,32248,0.07081653225806453,0.07027828979903789,0.07025178456722547,0.11874974912024834,-0.77,2019,5,14,1,216,-203,32499.0,31917.0,31943.428571428572,31710.133333333335,326.21100387291364
2019-05-15,32261,0.06945744527649769,0.0699096344917502,0.06961847807402449,0.11814763771625834,0.04,2019,5,15,2,245,-39,32248.0,32499.0,32041.0,31733.166666666668,299.7649078864307
2019-05-16,31985,0.06910642281105991,0.06910039113428945,0.0675014249396097,0.12457015935881827,-0.86,2019,5,16,3,389,-276,32261.0,32248.0,32076.14285714286,31748.166666666668,271.55136320281093
2019-05-17,31809,0.06667626728110596,0.0665737535404397,0.06618052853950473,0.11607369843584837,-0.55,2019,5,17,4,254,-182,31985.0,32261.0,32092.14285714286,31760.133333333335,247.74478034993822
2019-05-20,31566,0.06475014400921655,0.06421795621094278,0.05999221937736926,0.09774275124770863,-0.76,2019,5,20,0,676,-211,31809.0,31985.0,32040.714285714286,31762.233333333334,315.9571248794133
2019-05-21,31442,0.06269801267281103,0.0621678730387088,0.0627878151830708,0.07686955590938893,-0.39,2019,5,21,1,139,-107,31566.0,31809.0,31972.85714285714,31758.1,389.42154904075295
2019-05-22,31452,0.06189696140552994,0.06233871330306162,0.06284209859677375,0.06429211769270911,0.03,2019,5,22,2,152,-8,31442.0,31566.0,31823.285714285714,31737.3,353.024887831892
2019-05-23,31696,0.06136592741935484,0.06403812435372924,0.06147596601858302,0.11353145028566841,0.78,2019,5,23,3,492,295,31452.0,31442.0,31744.428571428572,31723.9,300.01380920622665
2019-05-24,31554,0.06388608870967741,0.06361551948927752,0.06376491662972378,0.071517454540589,-0.45,2019,5,24,4,192,-127,31696.0,31452.0,31643.428571428572,31703.233333333334,199.18990699269563
2019-05-27,31630,0.06304903513824886,0.06366946904644155,0.06432584523798751,0.05592945930395922,0.24,2019,5,27,0,136,42,31554.0,31696.0,31592.714285714286,31702.133333333335,131.38076252648986
2019-05-28,31569,0.06341805875576037,0.06368745223216293,0.06369253874478653,0.07807377871736891,-0.19,2019,5,28,1,208,-60,31630.0,31554.0,31558.428571428572,31695.766666666666,90.47993726652625
2019-05-29,31760,0.06361607142857142,0.06487434248977203,0.06485058490378265,0.0865033383732288,0.61,2019,5,29,2,212,109,31569.0,31630.0,31586.14285714286,31695.766666666666,118.54454658037345
2019-05-30,31831,0.06424611175115205,0.06528795576136309,0.06414490052564442,0.07178505960902899,0.22,2019,5,30,3,336,110,31760.0,31569.0,31641.714285714286,31707.666666666668,130.30568456023295
2019-05-31,32131,0.06504716301843319,0.06770669424088477,0.06640670942993371,0.05613016310528922,0.94,2019,5,31,4,355,321,31831.0,31760.0,31738.714285714286,31731.7,199.75961744569213
2019-06-03,32405,0.06808035714285712,0.07070988625635033,0.0691480218219323,0.008630263457189879,0.85,2019,6,3,0,386,258,32131.0,31831.0,31840.0,31765.1,318.7799659119382
2019-06-04,32465,0.07125756048387097,0.07341635570741356,0.07083985488234068,0.0008028152053199888,0.19,2019,6,4,1,500,-35,32405.0,32131.0,31970.14285714286,31796.233333333334,365.1467415400266
2019-06-05,32607,0.07161758352534561,0.07400980083621811,0.07301119143045842,0.07693645717649893,0.44,2019,6,5,2,326,67,32465.0,32405.0,32109.714285714286,31832.3,398.6480127824555
2019-06-06,32734,0.07243663594470043,0.07305669199298653,0.07383448987161972,0.06716887217843906,0.39,2019,6,6,3,129,103,32607.0,32465.0,32276.14285714286,31864.8,377.93139967104395
2019-06-07,32867,0.07252664170506909,0.07471114507935078,0.07364449792365946,0.12390114668771827,0.41,2019,6,7,4,334,226,32734.0,32607.0,32434.285714285714,31898.933333333334,356.98679447390157
2019-06-10,32611,0.07395773329493086,0.07341635570741356,0.07341831703323048,0.0643590189598191,-0.78,2019,6,10,0,215,-189,32867.0,32734.0,32545.714285714286,31923.7,239.79068253115568
2019-06-11,32576,0.07251764112903222,0.07217551589264037,0.07202504274818827,0.07345759128677898,-0.11,2019,6,11,1,231,-64,32611.0,32867.0,32609.285714285714,31955.4,155.7976404253097
2019-06-12,32685,0.0723106278801843,0.07320055747875737,0.07370782857297953,0.07620054323828894,0.33,2019,6,12,2,159,68,32576.0,32611.0,32649.285714285714,31992.8,128.08683810380182
2019-06-13,32884,0.07340869815668202,0.07447736366497326,0.07411495417575159,0.08048222433332887,0.61,2019,6,13,3,256,145,32685.0,32576.0,32709.14285714286,32048.833333333332,125.4902766113932
2019-06-14,32984,0.07530781970046083,0.07738164815897136,0.07672055803349287,0.14116167360209803,0.3,2019,6,14,4,291,34,32884.0,32685.0,32763.0,32103.6,152.36797563857408
2019-06-17,32961,0.07589285714285712,0.07593400170840264,0.0755987008169654,0.10396456908893854,-0.07,2019,6,17,0,254,-54,32984.0,32884.0,32795.42857142857,32149.7,168.4724083675162
2019-06-18,32939,0.07552383352534561,0.07655442161578924,0.07577964552930855,0.144239131889158,-0.07,2019,6,18,1,303,-35,32961.0,32984.0,32805.71428571428,32189.7,175.6167363762271
2019-06-19,32976,0.07492079493087558,0.07520568268668792,0.07604201536220606,0.07064773806815901,0.11,2019,6,19,2,124,69,32939.0,32961.0,32857.857142857145,32232.333333333332,161.8120602963339
2019-06-20,33838,0.07575784850230413,0.08309130962550015,0.0771729198143507,0.1788270869850275,2.61,2019,6,20,3,876,838,32976.0,32939.0,33038.142857142855,32296.066666666666,367.60822831380995
2019-06-21,33960,0.08376836117511519,0.08687677021984441,0.08358740986691515,0.18451369468937742,0.36,2019,6,21,4,588,70,33838.0,32976.0,33220.28571428572,32364.166666666668,466.13542892109655
2019-06-24,34214,0.08565848214285712,0.08653508969113877,0.08650061973563977,0.10403147035604855,0.75,2019,6,24,0,228,114,33960.0,33838.0,33410.28571428572,32421.333333333332,566.4764526693019
2019-06-25,34300,0.08786362327188937,0.08959223126376836,0.08766771313025307,0.20645731030145711,0.25,2019,6,25,1,439,-45,34214.0,33960.0,33598.28571428572,32489.733333333334,617.4999903607046
2019-06-26,34135,0.08619851670506909,0.08576181270512068,0.08589445494929027,0.1368130912399481,-0.48,2019,6,26,2,209,-25,34300.0,34214.0,33766.0,32552.2,573.4210204264458
2019-06-27,33931,0.08718858006912442,0.08663399721260623,0.08420262188888183,0.09085192073537873,-0.6,2019,6,27,3,493,-339,34135.0,34300.0,33907.71428571428,32617.066666666666,442.6408304281835
2019-06-28,33947,0.08475842453917051,0.08600458571235892,0.08531543186979218,0.07506322169741896,0.05,2019,6,28,4,300,-53,33931.0,34135.0,34046.42857142857,32688.333333333332,170.46295506025402
2019-07-01,33348,0.08275129608294932,0.08220114193229328,0.07907283929395376,0.02569008657023964,-1.76,2019,7,1,0,567,-429,33947.0,33931.0,33976.42857142857,32747.733333333334,312.0912564959214
2019-07-02,33779,0.08052815380184333,0.08244391493953152,0.0817598682722494,0.0023415443488499672,1.29,2019,7,2,1,297,249,33348.0,33947.0,33950.57142857143,32825.63333333333,321.0487279441154
2019-07-03,34077,0.0829673099078341,0.09094996178573034,0.08441975554369363,0.0012711240750899822,0.88,2019,7,3,2,949,276,33779.0,33348.0,33931.0,32913.13333333333,306.14321267490857
2019-07-04,34023,0.08654953917050692,0.08690374499842646,0.0854149514615809,0.0012042228079799833,-0.16,2019,7,4,3,389,-176,34077.0,33779.0,33891.42857142857,32990.7,265.73285905434534
2019-07-05,34370,0.08831365207373268,0.09353054893674412,0.08531543186979218,0.00026760506843999626,1.02,2019,7,5,4,1137,-25,34023.0,34077.0,33925.0,33084.566666666666,312.3827780148052
2019-07-08,34535,0.08970874135944698,0.09103088612147642,0.09051759234965756,0.15996092966000777,0.48,2019,7,8,0,284,-15,34370.0,34023.0,34011.28571428572,33181.4,388.4682373487263
2019-07-09,34533,0.08924971198156681,0.0894303825922762,0.08893432611665508,0.1710665400002676,-0.01,2019,7,9,1,281,34,34535.0,34370.0,34095.0,33280.2,432.9053014231429
2019-07-10,34765,0.08897969470046083,0.09145349098592814,0.08922383765640407,0.20980237365695706,0.67,2019,7,10,2,474,296,34533.0,34535.0,34297.42857142857,33380.36666666667,348.44696255609006
2019-07-11,34612,0.09195888536866356,0.09315290203659576,0.09156707168124778,0.23154528546770675,-0.44,2019,7,11,3,404,-188,34765.0,34533.0,34416.42857142857,33473.066666666666,276.7525110658288
2019-07-12,34812,0.09104082661290322,0.09195702018612595,0.09174801639359093,0.15460882829120784,0.58,2019,7,12,4,251,114,34612.0,34765.0,34521.42857142857,33562.433333333334,265.719687605662
2019-07-15,34792,0.0914188508064516,0.09184912107179788,0.09243560630049491,0.13166169367247815,-0.06,2019,7,15,0,163,52,34812.0,34612.0,34631.28571428572,33642.0,165.29742313643547
2019-07-16,34738,0.09203989055299536,0.09175021355033042,0.09200133899087137,0.1704644285962776,-0.16,2019,7,16,1,200,-71,34792.0,34812.0,34683.857142857145,33717.76666666667,120.90689058440356
2019-07-17,35039,0.09105882776497695,0.09391718742975319,0.09174801639359093,0.1844467934222674,0.87,2019,7,17,2,469,339,34738.0,34792.0,34755.857142857145,33798.833333333336,160.93003507983133
2019-07-18,35117,0.0946590581797235,0.09454659893000045,0.09391935294170867,0.2080629407120971,0.22,2019,7,18,3,299,17,35039.0,34738.0,34839.28571428572,33878.26666666667,176.7424814871415
2019-07-19,35033,0.09537910426267279,0.09661466528795576,0.09529453275551658,0.19749254050871723,-0.24,2019,7,19,4,377,-147,35117.0,35039.0,34877.57142857143,33950.46666666667,186.71444966744536
2019-07-22,35143,0.0946590581797235,0.09489727105156676,0.09558404429526557,0.1077110400470985,0.31,2019,7,22,0,154,43,35033.0,35117.0,34953.42857142857,34034.86666666667,167.73874243782606
2019-07-23,35030,0.09434403801843319,0.09441172503709033,0.09442599813626945,0.13654548617150808,-0.32,2019,7,23,1,228,-35,35143.0,35033.0,34984.57142857143,34116.666666666664,156.99772518933517
2019-07-24,35036,0.09386700748847923,0.09400710335835993,0.09455265943490965,0.10316175388361856,0.02,2019,7,24,2,169,24,35030.0,35143.0,35019.42857142857,34195.03333333333,132.25336434773908
2019-07-25,34850,0.09358798963133638,0.09428584273704088,0.09347603839646795,0.14357011921805798,-0.53,2019,7,25,3,319,-131,35036.0,35030.0,35035.42857142857,34260.566666666666,93.68183236162028
2019-07-26,34815,0.09258892569124424,0.09234365867913502,0.09309605450054736,0.09573571323440866,-0.1,2019,7,26,4,145,-55,34850.0,35036.0,35003.42857142857,34321.6,125.21029928868039
2019-07-29,34788,0.0923099078341014,0.09212786045047877,0.09286987361011845,0.07178505960902899,-0.08,2019,7,29,0,146,-51,34815.0,34850.0,34956.42857142857,34382.5,136.6953512302309
2019-07-30,34737,0.09216589861751148,0.09228071752911027,0.09092471795242962,0.12182720740730829,-0.15,2019,7,30,1,378,-86,34788.0,34815.0,34914.142857142855,34442.433333333334,153.77627534010418
2019-07-31,34714,0.0922289026497696,0.09166928921458434,0.09187467769223112,0.056866077043499205,-0.07,2019,7,31,2,205,-116,34737.0,34788.0,34852.857142857145,34500.36666666667,131.19505652832066
2019-08-01,35134,0.089438724078341,0.09769365643123679,0.0901104667468855,0.018130243386809748,1.21,2019,8,1,3,1070,614,34714.0,34737.0,34867.71428571428,34543.566666666666,157.7917554739975
2019-08-02,35705,0.09555911578341011,0.10075079800386638,0.09617211461038083,0.005485903903019923,1.63,2019,8,2,4,740,505,35134.0,34714.0,34963.28571428572,34601.73333333333,355.4760724656088
2019-08-05,36711,0.10646781394009217,0.10915793732859774,0.10648596321394,0.001940136746189973,2.82,2019,8,5,0,535,299,35705.0,35134.0,35229.142857142855,34684.96666666667,742.1916707905291
2019-08-06,37182,0.1117871543778802,0.11304230544440946,0.10993295998407687,0.18277426174451744,1.28,2019,8,6,1,586,179,36711.0,35705.0,35567.28571428572,34781.03333333333,1012.1629832997733
2019-08-07,37899,0.11401029665898618,0.12129658769050938,0.11562367118726874,0.29510148922220586,1.93,2019,8,7,2,875,649,37182.0,36711.0,36011.71428571428,34906.5,1264.5046084385529
2019-08-08,37311,0.11985167050691245,0.11926448770399678,0.11494512851598193,0.22605938156468683,-1.55,2019,8,8,3,724,-588,37899.0,37182.0,36379.42857142857,35019.166666666664,1204.8915382921764
2019-08-09,37558,0.11553139400921655,0.11733129523895158,0.11657363092707024,0.15300319788056788,0.66,2019,8,9,4,329,139,37311.0,37899.0,36785.71428571428,35139.53333333333,1014.1074424154544
2019-08-12,37812,0.1173405097926267,0.11935440363260352,0.1189711483656169,0.06141536320697914,0.68,2019,8,12,0,289,192,37558.0,37311.0,37168.28571428572,35288.333333333336,760.5983859846518
2019-08-13,37268,0.11950064804147462,0.1214944027334442,0.11209524929657744,0.2787106787802561,-1.44,2019,8,13,1,1287,-592,37812.0,37558.0,37391.57142857143,35404.63333333333,406.36636062572416
2019-08-14,37688,0.11422631048387097,0.11876995009665964,0.115062742579005,0.22291502201051688,1.13,2019,8,14,2,656,414,37268.0,37812.0,37531.142857142855,35525.0,282.5871125707393
2019-08-16,37487,0.119680659562212,0.11964213460414513,0.1159041354914006,0.16250317781018772,-0.53,2019,8,16,4,660,-393,37688.0,37268.0,37574.71428571428,35640.46666666667,240.10116915410399
2019-08-19,37484,0.11482034850230413,0.11590163197410419,0.11580461589961188,0.15380601308588784,-0.01,2019,8,19,0,255,144,37487.0,37688.0,37515.42857142857,35744.26666666667,193.37171211997088
2019-08-20,37640,0.1153603830645161,0.11729532886750887,0.11652839474898447,0.13253141014490816,0.42,2019,8,20,1,330,240,37484.0,37487.0,37562.42857142857,35847.76666666667,174.46093845962662
2019-08-21,37598,0.1167554723502304,0.11689969878163914,0.11735169319014577,0.10557019949957852,-0.11,2019,8,21,2,195,43,37640.0,37484.0,37568.142857142855,35949.933333333334,174.9461141544391
2019-08-22,37779,0.11680047523041473,0.1183743200107899,0.1178945273271752,0.13420394182265813,0.48,2019,8,22,3,299,219,37598.0,37640.0,37563.42857142857,36050.4,167.5687492191795
2019-08-23,38357,0.11806055587557604,0.12400305714157261,0.11874496747518798,0.1937460695505573,1.53,2019,8,23,4,831,657,37779.0,37598.0,37719.0,36175.23333333333,300.4263636910228
2019-08-26,38415,0.12571104550691245,0.12798633277885174,0.1256661027223132,0.19040100619505734,0.15,2019,8,26,0,509,-135,38357.0,37779.0,37822.857142857145,36295.333333333336,397.8037324164162
2019-08-27,38644,0.1240639400921659,0.12627793013532346,0.12540373288941564,0.13413704055554812,0.6,2019,8,27,1,348,277,38415.0,38357.0,37988.142857142855,36423.73333333333,468.99304492829805
2019-08-28,38772,0.12568404377880185,0.12807624870745854,0.1266160624621147,0.1281159265156482,0.33,2019,8,28,2,414,225,38644.0,38415.0,38172.142857142855,36558.2,490.40915861941534
2019-08-29,38426,0.12742115495391707,0.12914624825787885,0.12502374899349505,0.16665105637100766,-0.89,2019,8,29,3,709,-314,38772.0,38644.0,38284.42857142857,36671.1,435.1278958133552
2019-08-30,38300,0.12457697292626727,0.125459695185002,0.12443567867837985,0.11313004268300841,-0.33,2019,8,30,4,364,-124,38426.0,38772.0,38384.71428571428,36777.2,314.82149137130915
2019-09-02,38708,0.12544102822580647,0.12736591287146515,0.1260279921469995,0.015521093969519784,1.07,2019,9,2,0,400,188,38300.0,38426.0,38517.42857142857,36899.7,186.6403467857823
2019-09-03,39314,0.12842921947004607,0.1330396079665513,0.1281450452814143,0.008028152053199887,1.57,2019,9,3,1,797,462,38708.0,38300.0,38654.142857142855,37038.73333333333,338.36884636619357
2019-09-04,39337,0.13279449884792624,0.13357011194533108,0.13128443604056783,0.012376734415349828,0.06,2019,9,4,2,509,0,39314.0,38708.0,38785.857142857145,37182.3,403.0353287135037
2019-09-05,38504,0.13154341877880185,0.13249112080205006,0.12560277207299309,0.004214779827929941,-2.12,2019,9,5,3,1017,-694,39337.0,39314.0,38765.857142857145,37297.9,414.55696374708265
2019-09-06,38551,0.12815020161290322,0.12882255091489458,0.12589228361274213,0.2706156254599462,0.12,2019,9,6,4,577,-270,38504.0,39337.0,38734.28571428572,37421.26666666667,422.3532148521648
2019-09-09,38459,0.1259630616359447,0.13544935485321224,0.12480661533868326,0.21227772054002703,-0.24,2019,9,9,0,1434,-119,38551.0,38504.0,38739.0,37542.73333333333,418.5052767497539
2019-09-10,38248,0.12419894873271889,0.12455154430607379,0.12421854502356805,0.12450325809170826,-0.55,2019,9,10,1,287,-134,38459.0,38551.0,38731.57142857143,37658.066666666666,427.9512655840699
2019-09-11,37965,0.1225608438940092,0.12251045272670052,0.1217848386425528,0.1855841149631374,-0.74,2019,9,11,2,329,-235,38248.0,38459.0,38625.42857142857,37765.666666666664,517.5367481783297
2019-09-12,37747,0.11986067108294932,0.12210583104797013,0.11935113226153748,0.2787106787802561,-0.57,2019,9,12,3,553,-153,37965.0,38248.0,38401.57142857143,37866.76666666667,508.8856640231856
2019-09-13,37517,0.11806055587557604,0.11919255496111136,0.11744216554631731,0.1875911529764374,-0.61,2019,9,13,4,440,-183,37747.0,37965.0,38141.57142857143,37946.2,405.79709919486356
2019-09-16,38161,0.11850158410138248,0.12186305804073189,0.12013824176023019,0.17273907167801758,1.72,2019,9,16,0,439,412,37517.0,37747.0,38092.57142857143,38028.066666666666,374.2200142273201
2019-09-17,37995,0.12137276785714282,0.12165625140493636,0.12107915426441451,0.16337289428261773,-0.43,2019,9,17,1,312,-73,38161.0,37517.0,38013.142857142855,38070.86666666667,315.0250934838053
2019-09-18,37837,0.12136376728110596,0.1207750753045902,0.11994824981226987,0.12992226072761817,-0.42,2019,9,18,2,339,-230,37995.0,38161.0,37924.28571428572,38092.7,249.13631763066851
2019-09-19,37672,0.11806055587557604,0.11807759744638763,0.11811166098198694,0.15407361815432785,-0.44,2019,9,19,3,242,-28,37837.0,37995.0,37842.0,38085.13333333333,217.51398422628492
2019-09-20,37669,0.11806055587557604,0.11791574877489547,0.11731550424767712,0.13848562291769806,-0.01,2019,9,20,4,312,-31,37672.0,37837.0,37799.71428571428,38097.066666666666,218.38705264406337
2019-09-23,37905,0.11851058467741934,0.11981297486849796,0.1199211081054184,0.13366873168577814,0.63,2019,9,23,0,235,155,37669.0,37672.0,37822.28571428572,38108.63333333333,220.18833929743553
2019-09-24,38091,0.11985167050691245,0.1214314615834195,0.12021966688078456,0.17133414506870762,0.49,2019,9,24,1,382,192,37905.0,37669.0,37904.28571428572,38117.933333333334,192.71629777793996
2019-09-25,37571,0.12085073444700459,0.12170120936923973,0.11747835448878596,0.18424608962093741,-1.37,2019,9,25,2,715,-439,38091.0,37905.0,37820.0,38128.03333333333,190.73804025589143
2019-09-26,37773,0.11690848214285712,0.11859910983230676,0.11722503189150557,0.16865809438430765,0.54,2019,9,26,3,398,201,37571.0,38091.0,37788.28571428572,38130.86666666667,174.5610822297666
2019-09-27,37706,0.11917662730414744,0.1185901182394461,0.11608508020374375,0.18344327441561745,-0.18,2019,9,27,4,523,-118,37773.0,37571.0,37769.57142857143,38138.166666666664,175.48775564582013
2019-09-30,36873,0.11716049827188937,0.11675583329586836,0.11165193475133672,0.11373215408699841,-2.21,2019,9,30,0,809,-727,37706.0,37773.0,37655.42857142857,38117.8,384.6850907538089
2019-10-01,37377,0.11157114055299536,0.11573978330261203,0.11110005337869017,0.024552765029369657,1.37,2019,10,1,1,757,398,36873.0,37706.0,37613.71428571428,38109.03333333333,398.55017011147123
2019-10-03,38012,0.11700748847926265,0.12210583104797013,0.11863640064778208,0.0025422481501799644,1.7,2019,10,3,3,632,429,37377.0,36873.0,37629.0,38122.833333333336,413.36061737984403
2019-10-04,38002,0.12029269873271889,0.12210583104797013,0.1213143823904606,0.001003519006649986,-0.03,2019,10,4,4,336,54,38012.0,37377.0,37616.28571428572,38130.26666666667,397.8599897315847
2019-10-07,37978,0.12278585829493086,0.12288809962684888,0.12028299753010468,0.10570400203379852,-0.06,2019,10,7,0,537,-247,38002.0,38012.0,37674.42857142857,38117.63333333333,419.30055137288144
2019-10-08,38242,0.12237183179723501,0.12376927572719504,0.12402855307560778,0.07038013299971901,0.7,2019,10,8,1,221,63,37978.0,38002.0,37741.42857142857,38111.86666666667,471.8537404552475
2019-10-09,38384,0.12327188940092162,0.1239311243986872,0.12380237218517881,0.13400323802132813,0.37,2019,10,9,2,264,105,38242.0,37978.0,37838.28571428572,38103.2,529.4414397229418
2019-10-10,38120,0.12436095910138248,0.12407498988445803,0.12268051496865134,0.13808421531503806,-0.69,2019,10,10,3,404,-280,38384.0,38242.0,38016.42857142857,38081.46666666667,318.1434986212401
2019-10-11,37839,0.12121075748847923,0.12253742750528257,0.12002062769720712,0.18116863133387748,-0.74,2019,10,11,4,527,-211,38120.0,38384.0,38082.42857142857,38061.9,182.305473628656
2019-10-14,38250,0.11891561059907832,0.1227442341410781,0.12021061964516744,0.14711588637488796,1.09,2019,10,14,0,529,455,37839.0,38120.0,38116.42857142857,38060.23333333333,189.05013192705783
2019-10-15,38067,0.1230918778801843,0.12382322528435913,0.12259908984809692,0.15755248404404779,-0.48,2019,10,15,1,385,-192,38250.0,37839.0,38125.71428571428,38038.86666666667,184.0223847686048
2019-10-16,38248,0.12233582949308755,0.12260936024816793,0.12222815318779345,0.17735525910860753,0.48,2019,10,16,2,291,73,38067.0,38250.0,38164.28571428572,38003.333333333336,176.02340212576308
2019-10-17,38216,0.12247083813364054,0.12242053679809378,0.12241814513575378,0.1357426709661881,-0.08,2019,10,17,3,249,26,38248.0,38067.0,38160.57142857143,37965.96666666667,174.37684971054904
2019-10-18,38121,0.12237183179723501,0.12207885626938814,0.12263527879056557,0.10858075651952848,-0.25,2019,10,18,4,187,-58,38216.0,38248.0,38123.0,37953.2,143.87957928079732
2020-01-01,38938,0.12958129320276499,0.12976666816526544,0.13055160995557807,0.0008028152053199888,-0.16,2020,1,1,2,167,-42,38999.0,38823.0,38765.71428571428,38088.333333333336,270.3255532921069
2020-01-02,39220,0.1293382776497696,0.1353234725531628,0.13059684613366385,0.0016725316777499767,0.72,2020,1,2,3,780,267,38938.0,38999.0,38907.0,38123.833333333336,191.12822920960377
2020-01-03,39925,0.1344416042626728,0.13817380748999686,0.13585329002723218,0.0014049266093099804,1.8,2020,1,3,4,516,405,39220.0,38938.0,39092.857142857145,38188.96666666667,394.4647971508991
2020-01-06,40448,0.14101202476958521,0.14758800521512383,0.1427653780387403,0.2219115030038669,1.31,2020,1,6,0,799,198,39925.0,39220.0,39333.0,38273.0,613.7540223907752
2020-01-07,40635,0.14128204205069125,0.14414422514948522,0.14214111878115643,0.18377778075116744,0.46,2020,1,7,1,485,355,40448.0,39925.0,39569.71428571428,38368.1,756.8693665991028
2020-01-08,40078,0.1458903369815668,0.14957514723733306,0.13953551492341515,0.31918594538180556,-1.37,2020,1,8,2,1377,-714,40635.0,40448.0,39749.0,38444.86666666667,696.7634701491224
2020-01-09,39806,0.1402469758064516,0.1396394371262869,0.13683039147388515,0.18411228708671742,-0.68,2020,1,9,3,571,-359,40078.0,40635.0,39864.28571428572,38519.13333333333,613.8117828478319
2020-01-10,39849,0.13625072004608293,0.13714876590387987,0.13643231310673026,0.1780911730468175,0.11,2020,1,10,4,338,128,39806.0,40078.0,39994.42857142857,38588.1,462.64776275466704
2020-01-13,39541,0.13697076612903222,0.1363664973250011,0.13607042368204397,0.1360771773017381,-0.77,2020,1,13,0,291,-260,39849.0,39806.0,40040.28571428572,38640.76666666667,381.9675877560695
2020-01-14,39443,0.13426159274193547,0.13388481769545474,0.13398955949009783,0.12778142018009822,-0.25,2020,1,14,1,245,-57,39541.0,39849.0,39971.42857142857,38691.7,444.5345345211054
2020-01-15,39598,0.13516165034562208,0.13544935485321224,0.13565425084365473,0.1216934048730883,0.39,2020,1,15,2,235,-2,39443.0,39541.0,39850.0,38736.066666666666,407.1813682716757
2020-01-16,39676,0.13481962845622117,0.1360158252034348,0.13654087993413616,0.10583780456801851,0.2,2020,1,16,3,200,114,39598.0,39443.0,39713.0,38785.666666666664,215.03798114342976
2020-01-17,39920,0.13650273617511519,0.13778716899698779,0.13764464267942933,0.10369696402049855,0.61,2020,1,17,4,275,171,39676.0,39598.0,39690.42857142857,38846.5,174.88363478379364
2020-01-20,39927,0.13867187499999997,0.13806590837566873,0.13932742850422053,0.06696816837710906,0.02,2020,1,20,0,120,-63,39920.0,39676.0,39707.71428571428,38919.13333333333,193.22846088541462
2020-01-21,39892,0.13876188076036863,0.1395045632333768,0.13742750902461753,0.1650454259603677,-0.09,2020,1,21,1,490,-108,39927.0,39920.0,39713.857142857145,38994.26666666667,199.0640002395837
2020-01-22,39893,0.13707877304147462,0.1376073371397743,0.13811509893152146,0.10209133360985857,0.0,2020,1,22,2,203,80,39892.0,39927.0,39764.142857142855,39070.566666666666,192.4711481185127
2020-01-23,40255,0.13801483294930875,0.14061952074810052,0.1387484054247225,0.14276730401273802,0.91,2020,1,23,3,468,338,39893.0,39892.0,39880.142857142855,39155.96666666667,210.51003822005217
2020-01-24,40322,0.14001296082949308,0.14174346985568492,0.13986121540563284,0.15674966883872782,0.17,2020,1,24,4,470,183,40255.0,39893.0,39983.57142857143,39248.066666666666,226.06699386516286
2020-01-27,40557,0.14236211117511519,0.14463876275682236,0.14412246338131385,0.13440464562398813,0.58,2020,1,27,0,321,157,40322.0,40255.0,40109.42857142857,39340.76666666667,267.69936940888675
2020-01-28,40200,0.14346918202764977,0.1432001078991143,0.14167970976468142,0.12978845819339818,-0.88,2020,1,28,1,431,-323,40557.0,40322.0,40149.42857142857,39418.333333333336,255.30952270121244
2020-01-29,40321,0.1396619383640553,0.1415726295913321,0.14071165555364562,0.08857727765363876,0.3,2020,1,29,2,357,221,40200.0,40557.0,40205.71428571428,39497.0,241.13738427753998
2020-01-30,40897,0.14236211117511519,0.14705750123634403,0.14412246338131385,0.03311612721944954,1.43,2020,1,30,3,590,497,40321.0,40200.0,40349.28571428572,39595.833333333336,311.99717642349356
2020-01-31,41012,0.1431721630184332,0.1485950636155195,0.14493671458685797,0.0076936457176498925,0.28,2020,1,31,4,671,522,40897.0,40321.0,40509.142857142855,39692.566666666666,325.61911725945106
2020-02-01,41099,0.15000360023041473,0.14997976891606346,0.1486551284255096,0.04903862879162931,0.21,2020,2,1,5,414,-150,41012.0,40897.0,40629.71428571428,39795.8,369.17643220588525
2020-02-03,40633,0.14936455933179724,0.14874792069415094,0.1458414381485737,0.0012711240750899822,-1.13,2020,2,3,0,588,-545,41099.0,41012.0,40674.142857142855,39875.86666666667,343.815080420919
2020-02-04,40056,0.14432423675115205,0.14569977071438206,0.13824176023016166,0.0006690126710999907,-1.42,2020,2,4,1,1089,-562,40633.0,41099.0,40602.57142857143,39923.6,416.68807564169293
2020-02-05,40213,0.14497227822580647,0.14444993930674815,0.14140829269616667,0.00026760506843999626,0.39,2020,2,5,2,600,-477,40056.0,40633.0,40604.42857142857,39971.8,414.6186429101376
2020-02-06,40287,0.13914890552995393,0.14125792384120844,0.14025024653717055,0.10443287795870854,0.18,2020,2,6,3,373,244,40213.0,40056.0,40599.57142857143,40015.433333333334,418.67165223116893
2020-02-07,40563,0.14186707949308755,0.14384750258508294,0.14260252779763144,0.13360183041866813,0.69,2020,2,7,4,401,218,40287.0,40213.0,40551.857142857145,40073.433333333334,397.6289847644766
2020-02-10,40607,0.14355918778801843,0.14386548577080427,0.14458387239778886,0.08723925231143878,0.11,2020,2,10,0,184,74,40563.0,40287.0,40494.0,40127.03333333333,345.57440105956783
2020-02-11,40353,0.1433521745391705,0.14274153666321987,0.14270204738942016,0.11901735418868833,-0.63,2020,2,11,1,267,-157,40607.0,40563.0,40387.42857142857,40174.2,220.1831488752495
2020-02-12,40427,0.1419300835253456,0.1423279233916288,0.1427744252743574,0.09453149042642868,0.18,2020,2,12,2,213,75,40353.0,40607.0,40358.0,40214.433333333334,194.1142275422686
2020-02-13,40580,0.14302815380184333,0.14377556984219753,0.14466529751834328,0.0998835917952286,0.38,2020,2,13,3,165,106,40427.0,40353.0,40432.857142857145,40236.26666666667,155.42246574465526
2020-02-14,40879,0.14316316244239632,0.14635615699321136,0.14492766735124085,0.1006864070005486,0.74,2020,2,14,4,423,390,40580.0,40427.0,40528.0,40250.63333333333,196.75619431422047
2020-02-17,40686,0.14619635656682026,0.14573573708582477,0.14647474464177473,0.07419350522498896,-0.47,2020,2,17,0,183,-140,40879.0,40580.0,40585.0,40252.333333333336,171.47302995229666
2020-02-18,41311,0.14614235311059906,0.15023153351616236,0.1477413576281767,0.14898912185396793,1.54,2020,2,18,1,543,491,40686.0,40879.0,40691.857142857145,40293.433333333334,322.252710655539
2020-02-19,41463,0.15136268721198157,0.15151733129523892,0.1516316689435543,0.1276476176458782,0.37,2020,2,19,2,256,63,41311.0,40686.0,40814.142857142855,40348.666666666664,429.3143481469692
2020-02-20,41886,0.15215473790322578,0.15602211931843724,0.15307922664229945,0.1869890415724474,1.02,2020,2,20,3,597,398,41463.0,41311.0,41033.142857142855,40416.566666666666,533.2858609834724
2020-02-21,42511,0.1567630328341014,0.1612732095490716,0.15859804036876535,0.13159479240536817,1.49,2020,2,21,4,571,511,41886.0,41463.0,41330.857142857145,40515.566666666666,695.5308353036925
2020-02-24,43456,0.16351346486175114,0.17039068470979635,0.1653834670816332,0.26158395440009635,2.22,2020,2,24,0,835,706,42511.0,41886.0,41741.71428571428,40649.333333333336,972.4024739940389
2020-02-25,42675,0.16720370103686635,0.16692892145843635,0.1609231799223747,0.2226474169420769,-1.8,2020,2,25,1,943,-485,43456.0,42511.0,41998.28571428572,40751.9,943.3401143965821
2020-02-26,42349,0.16099330357142858,0.16274783077822236,0.1586523237824683,0.1804327173956675,-0.76,2020,2,26,2,729,-121,42675.0,43456.0,42235.857142857145,40841.0,746.6780717674485
2020-02-27,42193,0.16090329781105991,0.16274783077822236,0.15999131465380756,0.12309833148239828,-0.37,2020,2,27,3,581,-267,42349.0,42675.0,42361.857142857145,40916.76666666667,629.8826421313494
2020-02-28,41763,0.1599132344470046,0.16513060288630133,0.15179451918466313,0.029904866398169583,-1.02,2020,2,28,4,1752,-587,42193.0,42349.0,42404.71428571428,40977.96666666667,565.4410415152079
2020-03-02,42017,0.16588961693548385,0.16525648518635078,0.15578435009182945,0.002073939280409971,0.61,2020,3,2,0,1325,-997,41763.0,42193.0,42423.42857142857,41048.8,547.2884240040648
2020-03-03,43100,0.1572130616359447,0.16762127410870836,0.15823615094407906,0.00046830886976999346,2.58,2020,3,3,1,1317,1050,42017.0,41763.0,42507.57142857143,41155.7,605.2090154501955
2020-03-04,43235,0.1666636664746544,0.17096614665287957,0.16769955939962544,0.0006021114039899916,0.31,2020,3,4,2,643,135,43100.0,42017.0,42476.0,41255.03333333333,550.8063785650143
2020-03-05,43874,0.16621363767281103,0.17641505192644874,0.16809763776678038,0.0024753468830699655,1.48,2020,3,5,3,1205,824,43235.0,43100.0,42647.28571428572,41373.433333333334,767.0025454737163
2020-03-06,44098,0.17656430011520738,0.18204378905723145,0.17132750088210547,0.5101221617137429,0.51,2020,3,6,4,1474,-102,43874.0,43235.0,42897.142857142855,41491.46666666667,922.7093129430058
2020-03-09,44308,0.17656430011520738,0.18077597446387628,0.1751454343125458,0.4092350509118643,0.48,2020,3,9,0,911,108,44098.0,43874.0,43199.28571428572,41628.4,996.9974447124775
2020-03-10,43694,0.17728434619815667,0.17663984174796565,0.17226841338628984,0.15996092966000777,-1.39,2020,3,10,1,769,-586,44308.0,44098.0,43475.142857142855,41740.833333333336,776.0121194447546
2020-03-11,43334,0.1719740063364055,0.1726655577035472,0.17008802960255492,0.2350241513574267,-0.82,2020,3,11,2,568,-356,43694.0,44308.0,43663.28571428572,41822.066666666666,458.0985026133415
2020-03-12,42217,0.1685627880184332,0.17066043249561658,0.15498819335751962,0.502094009660543,-2.58,2020,3,12,3,2014,-1094,43334.0,43694.0,43537.142857142855,41862.23333333333,697.8768823069577
2020-03-13,40382,0.1567630328341014,0.15690329541878345,0.14190589065511033,0.44569624148681375,-4.35,2020,3,13,4,1930,-1618,42217.0,43334.0,43129.57142857143,41838.333333333336,1391.8230080421815
2020-03-16,39548,0.14598034274193547,0.14976397068740727,0.12619988962372547,0.71530834794011,-2.07,2020,3,16,0,2872,-1254,40382.0,42217.0,42511.57142857143,41802.166666666664,1880.7374313591818
2020-03-17,40279,0.13651173675115205,0.146697837521917,0.12874216283214662,0.5524037625272623,1.85,2020,3,17,1,2250,529,39548.0,40382.0,41966.0,41809.6,1897.679372286372
2020-03-18,39764,0.1409130184331797,0.14247178887739964,0.13478571622440766,0.4847665814790532,-1.28,2020,3,18,2,1112,-475,40279.0,39548.0,41316.857142857145,41794.63333333333,1733.073226821347
2020-03-19,39889,0.13606170794930875,0.13968439509059027,0.1325510490269698,0.3308267658589454,0.31,2020,3,19,3,1049,189,39764.0,40279.0,40773.28571428572,41781.36666666667,1434.1626725827425
2020-03-20,40419,0.13920290898617513,0.147030526457762,0.1394631370384779,0.3128972262734656,1.33,2020,3,20,4,1102,370,39889.0,39764.0,40356.857142857145,41776.566666666666,884.6192078279869
2020-03-23,41317,0.14477426555299536,0.15164321359528837,0.1388750667233627,0.2931613524760159,2.22,2020,3,23,0,1680,649,40419.0,39889.0,40228.28571428572,41800.23333333333,583.2860116869192
2020-03-24,41873,0.15182171658986174,0.15772153036910486,0.14154400123042404,0.2681402785768763,1.35,2020,3,24,1,2061,422,41317.0,40419.0,40441.28571428572,41850.9,856.8556304475389
2020-03-25,42713,0.157663090437788,0.16413253607876632,0.15316969899847105,0.215020672491537,2.01,2020,3,25,2,1489,613,41873.0,41317.0,40893.42857142857,41927.1,1105.8106916264644
2020-03-26,43631,0.1603632632488479,0.17322303646090903,0.15859804036876535,0.23047486519394678,2.15,2020,3,26,3,1900,1231,42713.0,41873.0,41372.28571428572,42028.8,1463.3608252112865
2020-03-27,43590,0.17044390841013826,0.17195522186755385,0.167961929232523,0.13788351151370806,-0.09,2020,3,27,4,724,70,43631.0,42713.0,41918.857142857145,42119.166666666664,1476.9924879717587
2020-03-30,43883,0.167563724078341,0.1757406824618981,0.16945472310935394,0.006154916574119914,0.67,2020,3,30,0,980,683,43590.0,43631.0,42489.42857142857,42225.73333333333,1325.8780558742424
2020-03-31,43225,0.17812139976958521,0.17770984129838602,0.16818811012295193,0.001940136746189973,-1.5,2020,3,31,1,1339,-1148,43883.0,43590.0,42890.28571428572,42289.53333333333,972.7368116624255
2020-04-01,43578,0.16444952476958521,0.17093018028143686,0.1658358288624911,0.0003345063355499953,0.82,2020,4,1,2,845,724,43225.0,43883.0,43213.28571428572,42360.03333333333,700.5618493489424
2020-04-03,44298,0.17647429435483872,0.17771883289124668,0.17542589861667768,0.0005352101368799925,1.65,2020,4,3,4,540,108,43578.0,43225.0,43559.71428571428,42440.433333333334,497.47218156386305
2020-04-07,45043,0.1747641849078341,0.19479386773366902,0.1766925116030797,0.13774970897948807,1.68,2020,4,7,1,2299,1043,44298.0,43578.0,43892.57142857143,42524.833333333336,604.5005809611126
2020-04-08,44944,0.18162262384792624,0.18311378860765182,0.18257321475423188,0.08456320162703881,-0.22,2020,4,8,2,350,182,45043.0,44298.0,44080.142857142855,42574.433333333334,705.1390946887948
2020-04-09,45279,0.18349474366359445,0.18608101425167467,0.18394839456803974,0.08804206751675878,0.75,2020,4,9,3,528,309,44944.0,45043.0,44321.42857142857,42661.23333333333,792.9705453014652
2020-04-13,46270,0.18825604838709678,0.1953423548981702,0.1902543177931983,0.13052437213160817,2.19,2020,4,13,0,861,771,45279.0,44944.0,44662.42857142857,42791.933333333334,1045.9093104642213
2020-04-15,46696,0.1972566244239631,0.19913680708537518,0.19505839990590879,0.17454540588998757,0.92,2020,4,15,2,752,197,46270.0,45279.0,45158.28571428572,42942.03333333333,1073.2854100518116
2020-04-16,47203,0.1998127880184332,0.2037045362585982,0.19911156146239517,0.14490814456025797,1.09,2020,4,16,3,812,420,46696.0,46270.0,45676.142857142855,43123.36666666667,1058.1407323817468
2020-04-17,45855,0.20181091589861752,0.20114193229330574,0.18935864146709974,0.21602419149818697,-2.86,2020,4,17,4,1605,-1150,47203.0,46696.0,45898.57142857143,43251.3,866.4450082853191
2020-04-20,45724,0.18736499135944698,0.19164681023243268,0.1881372646587835,0.1646440183577077,-0.29,2020,4,20,0,684,324,45855.0,47203.0,45995.857142857145,43338.76666666667,789.1538566879173
2020-04-21,45383,0.19038018433179724,0.19457806950501283,0.18664447078195257,0.2085981508489771,-0.75,2020,4,21,1,1175,-352,45724.0,45855.0,46058.57142857143,43410.36666666667,704.53787623465
2020-04-22,46189,0.18966913882488476,0.19471294339792294,0.19003718413838655,0.21916186092564593,1.78,2020,4,22,2,815,533,45383.0,45724.0,46188.57142857143,43487.53333333333,614.9826168675374
2020-04-23,46475,0.1972566244239631,0.1982196646135863,0.19633406012792792,0.28553460802547603,0.62,2020,4,23,3,509,-24,46189.0,45383.0,46217.857142857145,43566.76666666667,624.3168075521469
2020-04-24,46550,0.19718461981566818,0.1997482353999011,0.1962345405361392,0.29269304360624593,0.16,2020,4,24,4,690,59,46475.0,46189.0,46197.0,43641.5,607.9037752816032
2020-04-27,46353,0.1959335397465438,0.19815672346356156,0.19704879174168333,0.24626356423190657,-0.42,2020,4,27,0,423,1,46550.0,46475.0,46075.57142857143,43730.13333333333,433.27583867851223
2020-04-28,46188,0.19537550403225803,0.19509958189093196,0.19252517393310475,0.16986231719228762,-0.36,2020,4,28,1,583,-102,46353.0,46550.0,46123.142857142855,43825.26666666667,423.185313456681
2020-04-29,45439,0.19537550403225803,0.1948747920694151,0.18936768870271692,0.03197880567857955,-1.62,2020,4,29,2,907,-851,46188.0,46353.0,46082.42857142857,43932.666666666664,478.12963972396443
2020-04-30,44647,0.18954313076036863,0.18995639077462573,0.17850195872651115,0.0142499698944298,-1.74,2020,4,30,3,1561,-995,45439.0,46188.0,45977.28571428572,44074.833333333336,691.0761449340034
2020-05-01,45251,0.18109158986175114,0.18653059389470844,0.180682342510246,0.002073939280409971,1.35,2020,5,1,4,939,548,44647.0,45439.0,45843.28571428572,44264.933333333334,732.8589482955308
2020-05-04,45762,0.18739199308755758,0.19291462482578786,0.18889723245062473,0.003278162088389954,1.13,2020,5,4,0,741,359,45251.0,44647.0,45741.42857142857,44447.7,677.9151513150717
2020-05-05,45539,0.18736499135944698,0.18841882839545027,0.1836407885570564,0.0015387291435299784,-0.49,2020,5,5,1,822,139,45762.0,45251.0,45597.0,44640.2,577.1461397845776
2020-05-06,45387,0.19006516417050692,0.1907566425392258,0.18872533497389876,0.2541579137508864,-0.33,2020,5,6,2,520,-313,45539.0,45762.0,45459.0,44823.46666666667,472.20087533615106
2020-05-07,46147,0.18781502016129029,0.194101515083397,0.18895151586432768,0.2729571698087962,1.67,2020,5,7,3,867,697,45387.0,45539.0,45453.142857142855,45014.4,461.79087206804974
2020-05-08,45820,0.19321536578341011,0.1951894978195387,0.19253422116872193,0.35477741948432506,-0.71,2020,5,8,4,592,-230,46147.0,45387.0,45507.57142857143,45164.5,481.86300167424923
2020-05-11,45785,0.1913432459677419,0.19192554961111358,0.19124951371108562,0.2648621164884863,-0.08,2020,5,11,0,371,-57,45820.0,46147.0,45670.142857142855,45294.9,301.25538920555243
2020-05-12,45635,0.19115423387096772,0.19183563368250683,0.19072477404529048,0.25322129601134646,-0.33,2020,5,12,1,419,-186,45785.0,45820.0,45725.0,45392.3,241.18388558991853
2020-05-13,45983,0.1894711261520737,0.19288765004720587,0.19050764039047868,0.27710504836961614,0.76,2020,5,13,2,560,349,45635.0,45785.0,45756.57142857143,45470.7,260.52373989563023
2020-05-14,46631,0.19294534850230413,0.19871420222092345,0.19496792754973719,0.32105918086088553,1.41,2020,5,14,3,715,611,45983.0,45635.0,45912.57142857143,45572.066666666666,398.78392526432054
2020-05-15,47352,0.1971756192396313,0.20487344333048596,0.19912965593362947,0.34139716606232523,1.55,2020,5,15,4,940,862,46631.0,45983.0,46193.28571428572,45687.7,605.2957167893481
2020-05-18,46652,0.20626620103686635,0.209773861439554,0.1997629624268305,0.43974202871402385,-1.48,2020,5,18,0,1415,-848,47352.0,46631.0,46265.42857142857,45801.933333333334,628.5090445246204
2020-05-19,47036,0.19866971486175114,0.2027154610439239,0.1989758529281378,0.3197880567857955,0.82,2020,5,19,1,717,380,46652.0,47352.0,46439.142857142855,45917.2,652.4669668717248
2020-05-20,47129,0.2032510080645161,0.204513779616059,0.20247713311197763,0.2697459089875162,0.2,2020,5,20,2,530,-36,47036.0,46652.0,46631.142857142855,46011.566666666666,625.0641109988661
2020-05-21,46417,0.20126188076036863,0.20091714247178888,0.1971845002759407,0.2726895647403562,-1.51,2020,5,21,3,715,-527,47129.0,47036.0,46742.857142857145,46057.36666666667,467.3376468808654
2020-05-22,47057,0.19654557891705068,0.20215798228656207,0.1985868217966001,0.287006435901896,1.38,2020,5,22,4,698,637,46417.0,47129.0,46896.28571428572,46127.8,333.40351642354653
2020-05-25,46953,0.19996579781105991,0.20135773052196193,0.20081244175842072,0.11553848829896839,-0.22,2020,5,25,0,363,153,47057.0,46417.0,46942.28571428572,46183.6,312.2433422246025
2020-05-26,46393,0.2021889400921659,0.20244571325810368,0.19751924799377552,0.27442899768521617,-1.19,2020,5,26,1,848,-654,46953.0,47057.0,46805.28571428572,46187.7,312.9007906087452
2020-05-27,46647,0.1962755616359447,0.19838151328507841,0.19347513367290625,0.3177141175053856,0.55,2020,5,27,2,843,257,46393.0,46953.0,46804.57142857143,46186.066666666666,313.31446245365885
2020-05-28,46474,0.1994257632488479,0.2004675628287551,0.19840587708425694,0.2377671033089367,-0.37,2020,5,28,3,530,-266,46647.0,46393.0,46724.28571428572,46161.76666666667,316.1206068843074
2020-05-29,46858,0.19797667050691245,0.20041361327159107,0.19902108910622363,0.16163346133775774,0.83,2020,5,29,4,456,279,46474.0,46647.0,46685.57142857143,46195.2,271.78046112493115
2020-06-01,47018,0.20086585541474652,0.20378546059434427,0.20113814224063836,0.013440464562398812,0.34,2020,6,1,0,597,118,46858.0,46474.0,46771.42857142857,46238.333333333336,267.6956338505021
2020-06-02,46796,0.20257596486175114,0.20446882165175562,0.20159955125711343,0.0014718278764199793,-0.47,2020,6,2,1,622,-294,47018.0,46858.0,46734.142857142855,46285.433333333334,237.79783330694062
2020-06-03,46203,0.19951576900921655,0.19975722699276177,0.1961440681799676,0.0012042228079799833,-1.27,2020,6,3,2,701,-547,46796.0,47018.0,46627.0,46285.9,286.68914640830593
2020-06-04,46781,0.1963565668202765,0.20222092343658676,0.196913083207426,0.0005352101368799925,1.25,2020,6,4,3,890,382,46203.0,46796.0,46682.42857142857,46296.1,270.985151590661
2020-06-05,46346,0.19951576900921655,0.1993436137211707,0.19569170639910977,0.0004014076026599944,-0.93,2020,6,5,4,705,-404,46781.0,46203.0,46639.42857142857,46289.3,299.8843427878099
2020-06-08,46110,0.19096522177419353,0.1936789102189453,0.1927242131166822,0.26312268354362633,-0.51,2020,6,8,0,403,310,46346.0,46781.0,46587.42857142857,46281.2,359.0691006606838
2020-06-09,46595,0.19339537730414744,0.19809378231353686,0.19444318788394205,0.2790451851158061,1.05,2020,6,9,1,704,525,46110.0,46346.0,46549.857142857145,46294.76666666667,339.25183791021624
2020-06-10,46629,0.19829169066820276,0.20040462167873035,0.19932869511720697,0.23147838420059677,0.07,2020,6,10,2,421,15,46595.0,46110.0,46494.28571428572,46334.433333333334,275.69289332555707
2020-06-11,47405,0.19966877880184333,0.20676167783122779,0.20172621255575363,0.357721075237165,1.66,2020,6,11,3,863,638,46629.0,46595.0,46581.28571428572,46426.36666666667,436.1623223413773
2020-06-12,47325,0.2053661434331797,0.20552982960931526,0.2044946666546037,0.2729571698087962,-0.17,2020,6,12,4,420,-75,47405.0,46629.0,46741.57142857143,46495.5,478.12057654523835
2020-06-15,46999,0.20356602822580647,0.2032729398012858,0.19993485990355647,0.28285855734107607,-0.69,2020,6,15,0,673,-201,47325.0,47405.0,46772.71428571428,46536.73333333333,488.11225289910476
2020-06-16,47534,0.20356602822580647,0.2065818459740143,0.20359899032850515,0.31349933767745564,1.14,2020,6,16,1,636,334,46999.0,47325.0,46942.42857142857,46603.23333333333,520.4760183869861
2020-06-17,47320,0.20503312211981564,0.2051701658948883,0.2040151631668944,0.2364959792338467,-0.45,2020,6,17,2,433,-43,47534.0,46999.0,47115.28571428572,46667.666666666664,379.8766090415949
2020-06-18,47328,0.20437608006912442,0.2060423504023738,0.20501035908478166,0.26680225323467627,0.02,2020,6,18,3,420,38,47320.0,47534.0,47220.0,46707.03333333333,306.4941543788092
2020-06-19,47907,0.20446608582949308,0.20953108843231577,0.20654838913969836,0.2518163694020365,1.22,2020,6,19,4,638,607,47328.0,47320.0,47402.57142857143,46776.6,274.7707269391858
2020-06-22,47912,0.21075748847926265,0.21241738974059254,0.2109996290633397,0.28285855734107607,0.01,2020,6,22,0,467,-87,47907.0,47328.0,47475.0,46847.5,335.6049264662418
2020-06-23,48186,0.20985743087557604,0.21212965876905093,0.21040251151260736,0.23897132611691665,0.57,2020,6,23,1,501,287,47912.0,47907.0,47598.0,46932.53333333333,418.9077066233397
2020-06-24,48105,0.21093749999999997,0.21387402778402193,0.21260098976757652,0.284196582683276,-0.17,2020,6,24,2,452,86,48186.0,47912.0,47756.0,47003.26666666667,359.72257829487444
2020-06-25,47952,0.2111985167050691,0.21141033134019693,0.21134342401679168,0.18839396818175735,-0.32,2020,6,25,3,317,-96,48105.0,48186.0,47815.71428571428,47047.3,351.32450065956175
2020-06-26,48363,0.2110365063364055,0.21396394371262867,0.2112981878387059,0.17534822109530754,0.86,2020,6,26,4,606,333,47952.0,48105.0,47964.71428571428,47081.0,326.3319957196559
2020-06-29,48194,0.2145467309907834,0.21470125432720405,0.21360523292108097,0.02502107389913965,-0.35,2020,6,29,0,433,-226,48363.0,47952.0,48088.42857142857,47132.4,172.7163929184725
2020-06-30,48861,0.21289962557603684,0.21907116845749225,0.21502564891297465,0.004214779827929941,1.38,2020,6,30,1,762,624,48194.0,48363.0,48224.71428571428,47193.23333333333,319.61420196397813
2020-07-01,48400,0.21964105702764977,0.2192599919075664,0.21515231021161485,0.002207741814629969,-0.94,2020,7,1,2,769,-586,48861.0,48194.0,48294.42857142857,47235.6,292.0712568012478
2020-07-02,48437,0.2138266849078341,0.21484511981297488,0.2126100370031937,0.0006021114039899916,0.08,2020,7,2,3,559,97,48400.0,48861.0,48330.28571428572,47302.933333333334,291.9484625130792
2020-07-03,48336,0.22250324020737325,0.2218136042799982,0.2137861776334241,0.00046830886976999346,-0.21,2020,7,3,4,1204,-968,48437.0,48400.0,48363.28571428572,47345.566666666666,274.79065625263723
2020-07-06,48247,0.21055047523041473,0.21278604504788023,0.21134342401679168,0.24251709327374663,-0.18,2020,7,6,0,470,271,48336.0,48437.0,48405.42857142857,47388.7,217.94254376511248
2020-07-07,48796,0.2125666042626728,0.21754259767117745,0.2138766499895957,0.2944324765511059,1.14,2020,7,7,1,719,596,48247.0,48336.0,48467.28571428572,47468.8,261.0732427827519
2020-07-08,49160,0.21707589285714282,0.22193049498718698,0.2186264486886032,0.28466489155304603,0.75,2020,7,8,2,682,459,48796.0,48247.0,48605.28571428572,47552.566666666666,336.851952788045
2020-07-09,48896,0.22062211981566818,0.22175965472283415,0.219938297853091,0.30941836038374565,-0.54,2020,7,9,3,518,-199,49160.0,48796.0,48610.28571428572,47633.3,341.50779117093845
2020-07-10,48883,0.21886700748847923,0.22103133570111944,0.21949498330785028,0.2572353720379464,-0.03,2020,7,10,4,486,-17,48896.0,49160.0,48679.28571428572,47700.8,340.7324044326604
2020-07-13,49180,0.21904701900921655,0.22139999100840713,0.221204910839493,0.2291368398517468,0.61,2020,7,13,0,338,260,48883.0,48896.0,48785.42857142857,47772.86666666667,367.3644226779777
2020-07-14,49277,0.2211171514976958,0.22176864631569482,0.22021876215722286,0.2776402585064961,0.2,2020,7,14,1,488,127,49180.0,48883.0,48919.857142857145,47855.566666666666,347.1068176499347
2020-07-15,49182,0.22192720334101382,0.22153486490131724,0.22148537514362487,0.2520839744704765,-0.19,2020,7,15,2,322,-58,49277.0,49180.0,49053.42857142857,47954.86666666667,188.85255019783406
2020-07-16,48811,0.2208561347926267,0.221292091894079,0.21971211696266207,0.2009714063984372,-0.75,2020,7,16,3,491,-310,49182.0,49277.0,49055.57142857143,48022.53333333333,185.50009627012582
2020-07-17,49001,0.21807495679723501,0.219853437036371,0.21975735314074785,0.1873904491751074,0.39,2020,7,17,4,326,189,48811.0,49182.0,49032.857142857145,48111.03333333333,180.24190095280386
2020-07-20,49067,0.2197670650921659,0.2207885626938812,0.22094254100659544,0.1855841149631374,0.13,2020,7,20,0,299,67,49001.0,48811.0,49057.28571428572,48209.6,169.8928233637655
2020-07-21,49559,0.22091913882488476,0.22446612417389739,0.22252580723959797,0.21107349773204706,1.0,2020,7,21,1,533,431,49067.0,49001.0,49153.857142857145,48308.4,234.25088301312172
2020-07-22,50115,0.22637348790322578,0.2302117520118689,0.22771892048384618,0.31142539839704564,1.12,2020,7,22,2,598,381,49559.0,49067.0,49287.42857142857,48424.6,433.48658462469825
2020-07-23,50762,0.22876764112903222,0.23679359798588318,0.2309759253060228,0.30393245648072575,1.29,2020,7,23,3,970,762,50115.0,49559.0,49499.57142857143,48536.5,705.5356965098302
2020-07-24,51120,0.23596810195852533,0.23913141212965877,0.2370285259339009,0.26104874426321634,0.71,2020,7,24,4,561,320,50762.0,50115.0,49776.42857142857,48663.0,910.5924549707426
2020-07-27,52227,0.24406862039170504,0.24942678595513196,0.24635622585518996,0.2641262025502763,2.17,2020,7,27,0,675,527,51120.0,50762.0,50264.42857142857,48837.26666666667,1181.8990167168963
2020-07-28,52731,0.2502790178571428,0.25364384300678866,0.24319874062480212,0.36789006783788486,0.97,2020,7,28,1,1493,341,52227.0,51120.0,50797.28571428572,49010.5,1346.6920848622794
2020-07-29,53207,0.2546712989631337,0.2579508159870521,0.2533678334584868,0.1929432543452373,0.9,2020,7,29,2,848,329,52731.0,52227.0,51388.71428571428,49206.73333333333,1369.0506095213489
2020-07-30,52986,0.2584785426267281,0.258535269522996,0.2555391700066045,0.024753468830699656,-0.42,2020,7,30,3,673,-315,53207.0,52731.0,51878.28571428572,49395.333333333336,1209.0976958449207
2020-07-31,53582,0.26476094470046085,0.26403812435372925,0.2600175516370973,0.004482384896369937,1.12,2020,7,31,4,790,-417,52986.0,53207.0,52373.57142857143,49584.5,1068.3175022981686
2020-08-03,53927,0.26466193836405527,0.26393022523940113,0.2635459735277886,0.001003519006649986,0.64,2020,8,3,0,388,-61,53582.0,52986.0,52825.71428571428,49785.0,933.8771714904115
2020-08-04,54784,0.2656159994239631,0.2725801375713708,0.26391691018809205,0.0007359139382099897,1.59,2020,8,4,1,1309,690,53927.0,53582.0,53349.142857142855,50004.933333333334,840.6682715908598
2020-08-05,55597,0.2728704637096774,0.2815627388391853,0.2735069799422787,0.00026760506843999626,1.48,2020,8,5,2,1248,697,54784.0,53927.0,53830.57142857143,50254.666666666664,1033.7296321492538
2020-08-06,56117,0.27741575460829493,0.2838106370543542,0.27983099763867153,0.30547118562425574,0.94,2020,8,6,3,799,712,55597.0,54784.0,54314.28571428572,50526.833333333336,1210.5386837125218
2020-08-07,55018,0.2859302995391705,0.28650811491255673,0.2755335607205219,0.358523890442485,-1.96,2020,8,7,4,1574,-1333,56117.0,55597.0,54573.0,50748.666666666664,1124.946220937949
2020-08-10,55243,0.2728704637096774,0.27896416850245015,0.27530737983009296,0.23816851091159666,0.41,2020,8,10,0,760,343,55018.0,56117.0,54895.42857142857,50983.63333333333,894.0202937947752
2020-08-11,52144,0.275120607718894,0.2743784561435058,0.24842804281151898,0.5408967445843424,-5.61,2020,8,11,1,3221,-3006,55243.0,55018.0,54690.0,51093.066666666666,1313.1064947936452
2020-08-12,52505,0.2348880328341014,0.25360787663534595,0.23121115343206883,0.6166958802199713,0.69,2020,8,12,2,2814,1825,52144.0,55243.0,54486.857142857145,51229.9,1541.0320598632504
2020-08-13,53148,0.24994599654377878,0.2572944297082228,0.24925134125268028,0.3646119057494949,1.22,2020,8,13,3,1230,795,52505.0,52144.0,54253.142857142855,51386.933333333334,1610.9296931253746
2020-08-14,52451,0.25397825460829493,0.255046531493054,0.24907039654033714,0.3172458086356156,-1.31,2020,8,14,4,1000,-350,53148.0,52505.0,53803.71428571428,51524.1,1612.370482063927
2020-08-17,53435,0.25098106278801846,0.26080115092388617,0.25151315015696957,0.2938972664142259,1.88,2020,8,17,0,1370,967,52451.0,53148.0,53420.57142857143,51697.03333333333,1248.6994377017768
2020-08-18,53738,0.2592525921658986,0.2656566110686508,0.2480571061512155,0.47339336607035337,0.57,2020,8,18,1,2292,351,53435.0,52451.0,53237.71428571428,51861.76666666667,1054.3898258065342
2020-08-19,52824,0.2609537010368663,0.2621139234815447,0.2536392505270015,0.3776576528359447,-1.7,2020,8,19,2,1281,-752,53738.0,53435.0,52892.142857142855,51983.9,575.105621771231
2020-08-20,52302,0.2512690812211982,0.2519803983275637,0.24780378355393512,0.3727069590698048,-0.99,2020,8,20,3,799,-198,52824.0,53738.0,52914.71428571428,52097.433333333334,543.056692649093
2020-08-21,52045,0.25036902361751145,0.2514319111630625,0.24323492956727072,0.39578789622275445,-0.49,2020,8,21,4,1243,-355,52302.0,52824.0,52849.0,52202.833333333336,622.8659566892338
2020-08-24,51385,0.24639976958525342,0.24830283684754756,0.24242972559734377,0.3169782035671756,-1.27,2020,8,24,0,984,-574,52045.0,52302.0,52597.142857142855,52276.333333333336,810.1072827262973
2020-08-25,50936,0.2423405097926267,0.2421256125522636,0.23875654793677792,0.2645276101529363,-0.87,2020,8,25,1,703,-572,51385.0,52045.0,52380.71428571428,52331.63333333333,1028.574371690058
2020-08-26,51619,0.23839825748847923,0.24379804882434924,0.23561715717762438,0.32534086195592543,1.34,2020,8,26,2,1236,549,50936.0,51385.0,52121.28571428572,52412.86666666667,943.8714097256989
2020-08-27,50507,0.24406862039170504,0.24354628422425034,0.23290298649247726,0.358189384106935,-2.15,2020,8,27,3,1508,-1193,51619.0,50936.0,51659.71428571428,52469.4,800.6430153929662
2020-08-28,51050,0.2377682171658986,0.2406150249516702,0.23596095213107637,0.21147490533470706,1.08,2020,8,28,4,844,50,50507.0,51619.0,51406.28571428572,52537.7,634.1376596850682
2020-08-31,51099,0.2401713709677419,0.23971586566560266,0.23912748459708139,0.030573879069269574,0.1,2020,8,31,0,394,-168,51050.0,50507.0,51234.42857142857,52605.433333333334,499.69319158515344
2020-09-01,51017,0.24256552419354835,0.24342939351706155,0.2397155549121966,0.00996828879938986,-0.16,2020,9,1,1,742,-516,51099.0,51050.0,51087.57142857143,52654.03333333333,350.5804031172883
2020-09-02,50577,0.23808323732718892,0.23850200062941151,0.23549954311460136,0.0006690126710999907,-0.86,2020,9,2,2,660,-458,51017.0,51099.0,50972.142857142855,52669.433333333334,368.8705412373414
2020-09-03,50768,0.23556307603686635,0.23726116081463833,0.23551763758583566,0.0023415443488499672,0.38,2020,9,3,3,520,13,50577.0,51017.0,50948.142857142855,52669.63333333333,376.99002134370534
2020-09-04,50728,0.23758820564516128,0.23688351391448992,0.23550859035021848,0.0009366177395399869,-0.08,2020,9,4,4,479,-252,50768.0,50577.0,50820.857142857145,52656.566666666666,237.25192558274108
2020-09-07,51149,0.23646313364055296,0.23961695814413525,0.23811419420795976,0.14082716726654804,0.83,2020,9,7,0,495,294,50728.0,50768.0,50912.57142857143,52620.63333333333,219.09728215992843
2020-09-08,51433,0.2377682171658986,0.24154115901631973,0.237435651536673,0.29764373737238586,0.56,2020,9,8,1,784,433,51149.0,50728.0,50967.28571428572,52577.36666666667,294.1160282906912
2020-09-09,51486,0.24001836117511519,0.24188283954502537,0.2397336493834309,0.22371783721583688,0.1,2020,9,9,2,568,236,51433.0,51149.0,51022.57142857143,52520.0,353.3991403260763
2020-09-10,51832,0.24160246255760368,0.24505687182484376,0.24287304014258443,0.22699599930422684,0.67,2020,9,10,3,574,406,51486.0,51433.0,51139.0,52481.53333333333,467.19018254767946
2020-09-11,51393,0.2427815380184332,0.24370813289574245,0.24278256778641288,0.19555240376252728,-0.85,2020,9,11,4,434,-164,51832.0,51486.0,51255.57142857143,52408.566666666666,400.6556531277564
2020-09-14,51759,0.24262852822580647,0.24502090545340105,0.24366919687689426,0.19274255054390732,0.71,2020,9,14,0,482,219,51393.0,51832.0,51397.142857142855,52336.3,373.84641613827114
2020-09-15,51818,0.245688724078341,0.24784426561165307,0.24563244700581738,0.2360945716311867,0.11,2020,9,15,1,579,-62,51759.0,51393.0,51552.857142857145,52237.433333333334,257.6195053292898
2020-09-16,51876,0.24540970622119815,0.2472688036685699,0.24736951624431158,0.22659459170156684,0.11,2020,9,16,2,323,27,51818.0,51759.0,51656.71428571428,52113.4,209.77107704402744
2020-09-17,51498,0.24451864919354835,0.2438070404172099,0.24234830047678935,0.23161218673481676,-0.73,2020,9,17,3,493,-252,51876.0,51818.0,51666.0,51959.433333333334,199.39993313850596
2020-09-18,51764,0.2431505616359447,0.24505687182484376,0.24468248726601588,0.17541512236241755,0.52,2020,9,18,4,374,166,51498.0,51876.0,51705.71428571428,51850.96666666667,184.7184472764291
2020-09-21,50512,0.2443746399769585,0.24366317493143907,0.22981787914702662,0.35591474102519505,-2.42,2020,9,21,0,1862,-1222,51764.0,51498.0,51517.142857142855,51693.26666666667,476.9376019908392
2020-09-22,50454,0.2345010080645161,0.2348154475565346,0.23269490007328264,0.24746778703988653,-0.11,2020,9,22,1,560,-183,50512.0,51764.0,51383.0,51636.933333333334,626.3276565310047
2020-09-23,49576,0.23191784274193547,0.23229780155554558,0.22654277985361576,0.28392897761483604,-1.74,2020,9,23,2,960,-774,50454.0,50512.0,51071.142857142855,51539.3,894.1296379866147
2020-09-24,49959,0.22426735311059906,0.22841343343973386,0.22457048248907546,0.27710504836961614,0.77,2020,9,24,3,746,459,49576.0,50454.0,50805.57142857143,51433.0,911.2423492407847
2020-09-25,49539,0.22777757776497695,0.22737040866789548,0.22491427744252745,0.20980237365695706,-0.84,2020,9,25,4,592,-351,49959.0,49576.0,50471.71428571428,51335.933333333334,881.318843985606
2020-09-28,49928,0.2242583525345622,0.22811671087533153,0.22384670363970288,0.059809732796339166,0.79,2020,9,28,0,793,429,49539.0,49959.0,50247.42857142857,51219.03333333333,769.2606530839565
2020-09-29,50607,0.22963169642857142,0.23391628827046712,0.23029738263473598,0.0031443595541699562,1.36,2020,9,29,1,725,511,49928.0,49539.0,50082.142857142855,51114.666666666664,445.09153686928886
2020-09-30,50232,0.23286290322580647,0.2325675493413658,0.23160923179922377,0.002073939280409971,-0.74,2020,9,30,2,430,-223,50607.0,49928.0,50042.142857142855,51028.26666666667,411.3228369452183
2020-10-01,50345,0.2314588133640553,0.23225284359124215,0.23250490812532232,0.0007359139382099897,0.22,2020,10,1,3,296,46,50232.0,50607.0,50026.57142857143,50963.03333333333,394.86658386068103
2020-10-05,50809,0.2287766417050691,0.23590343029267635,0.2309849725416399,0.0009366177395399869,0.92,2020,10,5,0,870,808,50345.0,50232.0,50202.71428571428,50921.833333333336,433.496141579257
2020-10-06,50617,0.2345010080645161,0.2375848581576226,0.23574381847626458,0.19515099615986728,-0.38,2020,10,6,1,531,-20,50809.0,50345.0,50296.71428571428,50896.23333333333,443.0758830013695
2020-10-07,50133,0.231881840437788,0.23200107899114325,0.2301616741004786,0.23134458166637678,-0.96,2020,10,7,2,527,-213,50617.0,50809.0,50381.57142857143,50869.46666666667,310.95651204495454
2020-10-08,50239,0.22980270737327188,0.23229780155554558,0.2309759253060228,0.19929887472068722,0.21,2020,10,8,3,470,124,50133.0,50617.0,50426.0,50823.46666666667,251.97420503340143
2020-10-09,50872,0.23236787154377878,0.23695544665737533,0.23459481955288564,0.20384816088416716,1.26,2020,10,9,4,588,472,50239.0,50133.0,50463.857142857145,50835.63333333333,299.1846857589703
2020-10-12,51166,0.2377682171658986,0.2392033448725442,0.23987840515330544,0.14651377497089796,0.58,2020,10,12,0,254,166,50872.0,50239.0,50597.28571428572,50839.5,376.7610711898646
2020-10-13,50306,0.23758820564516128,0.2382412444364519,0.23306583673358605,0.22559107269491685,-1.68,2020,10,13,1,900,-674,51166.0,50872.0,50591.71428571428,50813.066666666666,381.3737074892995
2020-10-14,50614,0.23176483294930875,0.2350042710066088,0.233925324117216,0.16745387157632766,0.61,2020,10,14,2,445,281,50306.0,51166.0,50563.857142857145,50799.63333333333,369.8032939181351
2020-10-15,50775,0.23308791762672812,0.23570561524974148,0.2341967411857307,0.19193973533858733,0.32,2020,10,15,3,493,295,50614.0,50306.0,50586.42857142857,50806.23333333333,378.31153702979697
2020-10-16,50605,0.23476202476958521,0.2358045227712089,0.23568953506256163,0.1361440785688481,-0.33,2020,10,16,4,339,-61,50775.0,50614.0,50653.857142857145,50800.8,321.87959890727825
2020-10-19,50751,0.23424899193548385,0.23679359798588318,0.23342772615827234,0.14183068627319803,0.29,2020,10,19,0,699,142,50605.0,50775.0,50727.0,50801.566666666666,265.0534537325888
2020-10-20,50937,0.23496003744239632,0.23688351391448992,0.23596095213107637,0.1582883979822578,0.37,2020,10,20,1,429,249,50751.0,50605.0,50736.28571428572,50794.5,272.02678439964757
2021-01-01,50081,0.2298747119815668,0.22988805466888457,0.2310030670128742,0.0003345063355499953,0.0,2021,1,1,4,199,-42,50081.0,49881.0,49888.857142857145,49424.73333333333,146.55423180299647
2021-01-04,51349,0.2352030529953917,0.24149620105201636,0.23689281739964357,0.001003519006649986,2.53,2021,1,4,0,839,634,50081.0,50081.0,50094.57142857143,49460.4,572.1671833620974
2021-01-05,51456,0.240774409562212,0.24199973025221416,0.24185070251784568,0.001003519006649986,0.21,2021,1,5,1,347,122,51349.0,50081.0,50333.0,49523.76666666667,744.4463266989585
2021-01-06,50545,0.24284454205069125,0.24476914085330215,0.23521003157485232,0.3153725731565356,-1.77,2021,1,6,2,1389,-1019,51456.0,51349.0,50445.0,49585.833333333336,701.8017288870908
2021-01-07,50918,0.23445600518433177,0.23746796745043386,0.23669377821606608,0.19060170999638734,0.74,2021,1,7,3,413,286,50545.0,51456.0,50615.857142857145,49664.166666666664,639.2455002000859
2021-01-08,49035,0.23613011232718892,0.23548082542822463,0.2206168405243778,0.39063649865528455,-3.7,2021,1,8,4,1969,-1783,50918.0,50545.0,50495.0,49678.76666666667,847.4135157459511
2021-01-11,49386,0.21828197004608293,0.22299150294474668,0.21811075625842524,0.23167908800192677,0.72,2021,1,11,0,857,551,49035.0,50918.0,50395.71428571428,49718.666666666664,939.6931616743223
2021-01-12,49098,0.22276425691244237,0.2246549476239716,0.2219286896888656,0.19167213027014732,-0.58,2021,1,12,1,620,-235,49386.0,49035.0,50255.28571428572,49758.666666666664,1060.2763341526347
2021-01-13,49354,0.22199920794930875,0.22354898170210852,0.22382860916846858,0.14517574962869798,0.52,2021,1,13,2,287,106,49098.0,49386.0,49970.28571428572,49782.433333333334,982.5685242079281
2021-01-14,49238,0.22265624999999997,0.22196646135862969,0.22018257321475426,0.19809465191270723,-0.24,2021,1,14,3,514,-83,49354.0,49098.0,49653.42857142857,49791.73333333333,754.8456480520979
2021-01-15,48745,0.22226022465437786,0.22202940250865438,0.21830979544200269,0.20130591273398718,-1.0,2021,1,15,4,728,-532,49238.0,49354.0,49396.28571428572,49781.2,705.4829821459045
2021-01-18,48918,0.21707589285714282,0.2190801600503529,0.21820122861459684,0.11988707066111833,0.35,2021,1,18,0,412,217,48745.0,49238.0,49110.57142857143,49767.73333333333,233.79182844971757
2021-01-19,49011,0.21902901785714282,0.2198174706649283,0.21989306167500522,0.15480953209253784,0.19,2021,1,19,1,307,93,48918.0,48745.0,49107.142857142855,49737.333333333336,235.2561926766633
2021-01-20,49528,0.2206401209677419,0.2246009980668075,0.22044494304765183,0.2433199084790666,1.05,2021,1,20,2,778,431,49011.0,48918.0,49127.42857142857,49719.96666666667,267.255094837365
2021-01-21,49418,0.22516741071428573,0.2257609135458346,0.22477856890827008,0.15594685363340782,-0.22,2021,1,21,3,428,-182,49528.0,49011.0,49173.142857142855,49725.36666666667,287.94931763428855
2021-01-22,49131,0.22334029377880185,0.22264982241604098,0.21931403859550713,0.20324604948017716,-0.58,2021,1,22,4,686,-266,49418.0,49528.0,49141.28571428572,49727.03333333333,276.7223122508942
2021-01-25,49144,0.22100014400921655,0.22196646135862969,0.2213496666093675,0.1647778208919277,0.03,2021,1,25,0,385,7,49131.0,49418.0,49127.857142857145,49721.63333333333,273.50894475206155
2021-01-27,48879,0.2190380184331797,0.2189452861574428,0.2178936226036135,0.16818978551453764,-0.54,2021,1,27,2,431,-40,49144.0,49131.0,49147.0,49720.4,245.50220637618895
2021-01-28,48672,0.2170578917050691,0.22131007507980038,0.2180202839022537,0.18953128972262734,-0.42,2021,1,28,3,680,-27,48879.0,49144.0,49111.857142857145,49695.6,296.1325314664361
2021-01-29,49111,0.2168148761520737,0.22348604055208376,0.21896119640643802,0.1868552390382274,0.9,2021,1,29,4,818,439,48672.0,48879.0,49126.142857142855,49681.166666666664,292.85003476077367
2021-02-01,48424,0.22244923675115205,0.22301847772332867,0.207679293591843,0.021006997872539707,-1.4,2021,2,1,0,2013,-874,49111.0,48672.0,48968.42857142857,49619.86666666667,334.655473160877
2021-02-02,47752,0.21386268721198157,0.21318167513374991,0.20863830056726168,0.0025422481501799644,-1.39,2021,2,2,1,813,-592,48424.0,49111.0,48730.42857142857,49541.6,508.7634870119226
2021-02-03,47703,0.20977642569124424,0.20941419772512698,0.20961540201391465,0.0012711240750899822,-0.1,2021,2,3,2,286,-187,47752.0,48424.0,48526.42857142857,49460.166666666664,599.5667483412768
2021-02-04,46695,0.2022159418202765,0.20626714022389064,0.1993196478815898,0.0009366177395399869,-2.11,2021,2,4,3,1074,-355,47703.0,47752.0,48176.57142857143,49357.73333333333,843.8816775570683
2021-02-05,46978,0.19818368375576037,0.2019961336150699,0.20022437144330552,0.0002007038013299972,0.61,2021,2,5,4,499,376,46695.0,47703.0,47905.0,49260.03333333333,885.0355925058867
2021-02-08,47726,0.2030889976958525,0.2085420132176415,0.20441324153404927,0.19515099615986728,1.59,2021,2,8,0,764,579,46978.0,46695.0,47769.857142857145,49191.333333333336,818.0907505849958
2021-02-09,47818,0.2094164026497696,0.21063705435417884,0.20972396884132055,0.18284116301162745,0.19,2021,2,9,1,410,-32,47726.0,46978.0,47585.142857142855,49126.566666666666,574.5219544914883
2021-02-10,47863,0.2101364487327189,0.21131142381872947,0.21026680297835,0.1848482010249274,0.09,2021,2,10,2,425,-67,47818.0,47726.0,47505.0,49064.6,467.08600207625216
2021-02-11,47377,0.208444340437788,0.2096389875466439,0.20684694791506458,0.16631655003545767,-1.02,2021,2,11,3,617,-365,47863.0,47818.0,47451.42857142857,48981.13333333333,455.3939163513953
2021-02-12,47169,0.20779629896313365,0.2071213415456548,0.20394278528195714,0.20552069256191713,-0.44,2021,2,12,4,658,-501,47377.0,47863.0,47375.142857142855,48884.066666666666,450.93289544312194
2021-02-15,47118,0.20356602822580647,0.20376747740862294,0.20441324153404927,0.10296105008228856,-0.11,2021,2,15,0,233,-82,47169.0,47377.0,47435.57142857143,48785.3,364.69387032120727
2021-02-16,46777,0.2028279809907834,0.20401924200872185,0.20021532420768834,0.2524853820731365,-0.72,2021,2,16,1,725,-341,47118.0,47169.0,47406.857142857145,48632.9,411.6193340851679
2021-02-17,46134,0.19906574020737325,0.19848042080654588,0.19558313957170387,0.23274950827568675,-1.37,2021,2,17,2,621,-566,46777.0,47118.0,47179.42857142857,48455.5,601.7792666057179
2021-02-18,46046,0.1949614775345622,0.19551319516252302,0.19437985723462198,0.19093621633193733,-0.19,2021,2,18,3,424,-198,46134.0,46777.0,46926.28571428572,48305.53333333333,658.4258283442335
2021-02-19,46095,0.19249531970046083,0.19533336330530954,0.19302277189204842,0.20525308749347712,0.11,2021,2,19,4,554,125,46046.0,46134.0,46673.71428571428,48144.76666666667,572.7424419091988
2021-02-22,46782,0.1954385080645161,0.1996583194712943,0.19591788728953868,0.2010383076655472,1.49,2021,2,22,0,715,485,46095.0,46046.0,46588.71428571428,48069.666666666664,489.00297009743025
2021-02-23,46632,0.20077584965437786,0.20010789911432808,0.19867729415277163,0.15313700041478787,-0.32,2021,2,23,1,460,-258,46782.0,46095.0,46512.0,47977.86666666667,420.0575357442522
2021-02-24,46369,0.19798567108294932,0.1985343703637099,0.1962345405361392,0.14524265089580798,-0.56,2021,2,24,2,555,-211,46632.0,46782.0,46405.0,47886.9,324.4893424066927
2021-02-25,46085,0.19565452188940088,0.19656521152722206,0.1945698491825823,0.16397500568660772,-0.61,2021,2,25,3,520,-236,46369.0,46632.0,46306.142857142855,47777.933333333334,296.4700257912513
2021-02-26,45569,0.19196428571428573,0.19674504338443555,0.19003718413838655,0.22050657639455692,-1.12,2021,2,26,4,1041,-342,46085.0,46369.0,46225.42857142857,47655.63333333333,407.3306834949594
2021-03-01,45021,0.19444844470046083,0.19379580092613408,0.18492549601469271,0.034721757630089514,-1.2,2021,3,1,0,1278,-1166,45569.0,46085.0,46079.0,47531.5,614.2575464212961
2021-03-02,45224,0.1832697292626728,0.18698916513060287,0.1845907482968579,0.00214084054751997,0.45,2021,3,2,1,558,279,45021.0,45569.0,45954.57142857143,47408.36666666667,693.573561863813
2021-03-03,44721,0.1861679147465438,0.1855145439014521,0.18096280681437787,0.0002007038013299972,-1.11,2021,3,3,2,795,-546,45224.0,45021.0,45660.142857142855,47265.36666666667,720.7066968325593
2021-03-04,44581,0.18093858006912442,0.1802904284493998,0.18003998878142785,6.690126710999907e-05,-0.31,2021,3,4,3,316,-105,44721.0,45224.0,45367.142857142855,47100.46666666667,675.2294495398952
2021-03-05,44442,0.1772753456221198,0.1786090005844535,0.17839339189910525,0.0003345063355499953,-0.31,2021,3,5,4,311,163,44581.0,44721.0,45091.857142857145,46934.6,585.5630989562691
2021-03-08,44233,0.18124459965437786,0.18109068021399988,0.17816721100867633,0.1996333810562372,-0.47,2021,3,8,0,612,-487,44442.0,44581.0,44827.28571428572,46771.333333333336,468.79658498900505
2021-03-09,44844,0.17745535714285712,0.18237647799307644,0.17922573757588373,0.19929887472068722,1.38,2021,3,9,1,638,545,44233.0,44442.0,44723.71428571428,46628.0,340.01750655519976
2021-03-10,44774,0.18151461693548385,0.18239446117879782,0.18244655345559163,0.14778489904598793,-0.16,2021,3,10,2,284,24,44844.0,44233.0,44688.42857142857,46491.166666666664,315.99201316340486
2021-03-11,44876,0.18331473214285712,0.18432765364384301,0.18379459156254807,0.10597160710223852,0.23,2021,3,11,3,350,-74,44774.0,44844.0,44638.71428571428,46364.63333333333,234.57458962416322
2021-03-12,44737,0.18142461117511519,0.18112664658544259,0.17949715464439842,0.21528827755997698,-0.31,2021,3,12,4,469,-3,44876.0,44774.0,44641.0,46218.833333333336,235.585794709217
2021-03-15,44906,0.18250468029953917,0.18345546913635752,0.18359555237897063,0.143837724286498,0.38,2021,3,15,0,275,46,44737.0,44876.0,44687.42857142857,46101.566666666666,253.15993439535777
2021-03-16,44820,0.18342273905529952,0.1837521917007598,0.18370411920637653,0.12657719737211823,-0.19,2021,3,16,1,296,-142,44906.0,44737.0,44741.42857142857,46003.833333333336,231.46911755797024
2021-03-17,44848,0.18288270449308755,0.18327563727914398,0.18347793831594755,0.12202791120863829,0.06,2021,3,17,2,268,-54,44820.0,44906.0,44829.28571428572,45908.666666666664,58.15701245212646
2021-03-18,44942,0.18376476094470043,0.18581126646585444,0.1823470338638029,0.22452065242115687,0.21,2021,3,18,3,675,-58,44848.0,44820.0,44843.28571428572,45850.23333333333,72.35264172111727
2021-03-19,45008,0.18327872983870966,0.18423773771523627,0.1840931503379143,0.12590818470101825,0.15,2021,3,19,4,307,62,44942.0,44848.0,44876.71428571428,45784.566666666666,87.4808822773677
2021-03-22,44885,0.18306271601382487,0.18328462887200464,0.18241036451312304,0.1355419671648581,-0.27,2021,3,22,0,387,-37,45008.0,44942.0,44878.0,45689.86666666667,87.5347550145388
2021-03-23,44636,0.18295470910138248,0.18296992312188104,0.1819760972034995,0.13253141014490816,-0.55,2021,3,23,1,400,-274,44885.0,45008.0,44863.57142857143,45583.8,117.75660936754242
2021-03-24,44841,0.18183863767281103,0.1820347974643708,0.1828355845871294,0.11085539960126845,0.46,2021,3,24,2,201,55,44636.0,44885.0,44854.28571428572,45483.066666666666,116.40835349761211
2021-03-25,44726,0.18259468605990783,0.18333857842916873,0.1822113253295456,0.1502602459290579,-0.26,2021,3,25,3,415,-144,44841.0,44636.0,44840.857142857145,45394.7,126.04553221989036
2021-03-26,44629,0.18063256048387097,0.1809468147282291,0.18064615356777736,0.15139756746992789,-0.22,2021,3,26,4,322,-23,44726.0,44841.0,44809.57142857143,45310.03333333333,149.05575819047033
2021-03-29,43754,0.17903045794930875,0.17915748774895474,0.1732636093041771,0.07479561662897896,-1.96,2021,3,29,0,939,-720,44629.0,44726.0,44639.857142857145,45197.9,414.00057511141245
2021-03-30,43941,0.1743141561059908,0.1759205143191116,0.17505496195637427,0.012711240750899822,0.43,2021,3,30,1,381,-9,43754.0,44629.0,44487.42857142857,45103.36666666667,450.66796985109806
2021-03-31,44418,0.17385512672811057,0.1788787483702738,0.17429499416453303,0.002207741814629969,1.09,2021,3,31,2,794,519,43941.0,43754.0,44420.71428571428,45046.166666666664,415.17294159260587
2021-04-01,44957,0.17926447292626727,0.1831317717933732,0.18121612941165827,0.001003519006649986,1.21,2021,4,1,3,502,457,44418.0,43941.0,44466.57142857143,45009.86666666667,458.3931562713111
2021-04-05,44985,0.1830267137096774,0.1835633682506856,0.18397553627489122,0.002073939280409971,0.06,2021,4,5,0,245,67,44957.0,44418.0,44487.142857142855,44972.86666666667,480.6861167739645
2021-04-06,45685,0.18607790898617513,0.18967765139594478,0.18800155612452618,0.11955256432556834,1.56,2021,4,6,1,480,428,44985.0,44957.0,44624.142857142855,44936.3,662.4173982663119
2021-04-07,46128,0.18916510656682026,0.19372386818324866,0.19042621526992431,0.143503217950948,0.97,2021,4,7,2,662,528,45685.0,44985.0,44838.28571428572,44919.5,873.0543538428857
2021-04-08,46576,0.19313436059907832,0.1976801690419458,0.1949226913716514,0.143302514149618,0.97,2021,4,8,3,605,535,46128.0,45685.0,45241.42857142857,44926.4,938.0520342975423
2021-04-09,46344,0.1968876008064516,0.19816571505642222,0.1955559978648524,0.14704898510777795,-0.5,2021,4,9,4,589,-114,46576.0,46128.0,45584.71428571428,44935.03333333333,814.379459935026
2021-04-12,46188,0.19576252880184333,0.19672706019871417,0.1962526350073735,0.12048918206510832,-0.34,2021,4,12,0,352,-145,46344.0,46576.0,45837.57142857143,44955.666666666664,649.9304724736289
2021-04-13,46674,0.19458345334101382,0.19884907611383357,0.19591788728953868,0.1354750658977481,1.05,2021,4,13,1,625,472,46188.0,46344.0,46082.857142857145,45010.76666666667,582.7390578346381
2021-04-14,46317,0.19861571140552994,0.1980308411635121,0.19641548524848235,0.08449630035992882,-0.76,2021,4,14,2,479,-333,46674.0,46188.0,46273.142857142855,45047.2,324.95662714586103
2021-04-15,46881,0.19609555011520738,0.20085420132176413,0.1981344600157422,0.144640539491818,1.22,2021,4,15,3,603,511,46317.0,46674.0,46444.0,45119.2,274.71621721736403
2021-04-16,47022,0.20003780241935484,0.20196915883648786,0.1994101202377614,0.1574855827769378,0.3,2021,4,16,4,586,214,46881.0,46317.0,46571.71428571428,45200.566666666666,308.99445210359255
2021-04-19,47084,0.20199092741935484,0.20559277075934002,0.20383421845455124,0.1645102158234877,0.13,2021,4,19,0,500,59,47022.0,46881.0,46644.28571428572,45288.63333333333,364.787022015319
2021-04-20,47498,0.20276497695852533,0.20593445128804566,0.20122861459680996,0.18170384147075747,0.88,2021,4,20,1,826,387,47084.0,47022.0,46809.142857142855,45397.46666666667,455.8561280997074
2021-04-21,47892,0.2065452188940092,0.21040327293980127,0.20863830056726168,0.1069751261088885,0.83,2021,4,21,2,504,361,47498.0,47084.0,47052.57142857143,45499.066666666666,519.4207854747648
2021-04-22,47426,0.20980342741935484,0.20951310524659444,0.20704598709864203,0.14858771425130793,-0.97,2021,4,22,3,581,-467,47892.0,47498.0,47160.0,45587.46666666667,505.65699837170143
2021-04-23,47169,0.2065722206221198,0.20709436676707277,0.20425039129294048,0.16578133989857768,-0.54,2021,4,23,4,621,-365,47426.0,47892.0,47281.71428571428,45663.9,346.37778714989895
2021-04-26,47117,0.20428607430875576,0.20361462032999145,0.20328233708190463,0.12363354161927827,-0.11,2021,4,26,0,341,-163,47169.0,47426.0,47315.42857142857,45743.23333333333,310.50166781609755
2021-04-27,46960,0.20257596486175114,0.20277840219394866,0.20311043960517866,0.09004910553005874,-0.33,2021,4,27,1,267,-130,47117.0,47169.0,47306.57142857143,45811.7,320.9744834872558
2021-04-28,46697,0.20077584965437786,0.20010789911432808,0.1990482308130751,0.11828144025047835,-0.56,2021,4,28,2,419,-193,46960.0,47117.0,47251.28571428572,45874.26666666667,391.3207185470647
2021-04-29,46400,0.20056883640552994,0.20023378141437753,0.19603550135256176,0.04649638064144935,-0.64,2021,4,29,3,766,-467,46697.0,46960.0,47094.42857142857,45926.0,484.83359934093926
2021-04-30,46431,0.1955195132488479,0.1974104212561255,0.19755543693624417,0.002073939280409971,0.07,2021,4,30,4,284,125,46400.0,46697.0,46885.71428571428,45975.63333333333,389.3300717439571
2021-05-03,46963,0.20040682603686635,0.20109697432900236,0.20037817444879719,0.0008028152053199888,1.15,2021,5,3,0,382,114,46431.0,46400.0,46819.57142857143,46040.8,314.3532286826321
2021-05-04,46782,0.20077584965437786,0.2005844535359439,0.1993106006459726,0.0002007038013299972,-0.39,2021,5,4,1,443,-108,46963.0,46431.0,46764.28571428572,46104.03333333333,274.1117255745827
2021-05-05,46591,0.19888572868663593,0.19832756372791438,0.1993106006459726,0.0003345063355499953,-0.41,2021,5,5,2,192,-89,46782.0,46963.0,46689.142857142855,46169.2,229.82560676747914
2021-05-06,47536,0.20193692396313365,0.20624915703816932,0.2036532737422081,0.1948164898243173,2.03,2021,5,6,3,593,517,46591.0,46782.0,46771.42857142857,46259.03333333333,390.15503634220795
2021-05-07,47719,0.206626224078341,0.20999865126107087,0.2084664030905357,0.20980237365695706,0.38,2021,5,7,4,478,179,47536.0,46591.0,46917.42857142857,46358.8,525.4308889377064
2021-05-10,47925,0.20940740207373268,0.2108348693971137,0.21040251151260736,0.14437293442337798,0.43,2021,5,10,0,357,76,47719.0,47536.0,47135.28571428572,46468.666666666664,587.6083486735342
2021-05-11,47625,0.2099204349078341,0.20996268488962821,0.20700979815617337,0.19876366458380723,-0.63,2021,5,11,1,635,-281,47925.0,47719.0,47305.857142857145,46597.7,518.3050673680729
2021-05-12,47491,0.206761232718894,0.20863192914624823,0.2074531127014141,0.17173555267136761,-0.28,2021,5,12,2,438,-64,47625.0,47925.0,47381.28571428572,46716.03333333333,498.1200371706177
2021-05-13,47452,0.2053661434331797,0.20590747650946362,0.2061050745944577,0.08376038642171883,-0.08,2021,5,13,3,284,52,47491.0,47625.0,47477.0,46817.166666666664,422.3880522327327
2021-05-14,47682,0.20535714285714282,0.20744503888863913,0.2070550343342592,0.1146018705594284,0.48,2021,5,14,4,350,283,47452.0,47491.0,47632.857142857145,46908.0,161.997354482876
2021-05-17,48437,0.20946140552995393,0.214287641055613,0.2115696049072206,0.1570172739071678,1.58,2021,5,17,0,612,582,47682.0,47452.0,47761.57142857143,47023.066666666666,336.34102591953393
2021-05-18,48288,0.21297163018433177,0.21454839724857255,0.21426568112113348,0.12610888850234825,-0.31,2021,5,18,1,343,43,48437.0,47682.0,47842.857142857145,47109.833333333336,388.9761897504817
2021-05-19,48660,0.21324164746543775,0.21755158926403811,0.2125195646470221,0.2379678071102667,0.77,2021,5,19,2,870,385,48288.0,48437.0,47947.857142857145,47194.23333333333,498.60051764194213
2021-05-20,48519,0.21760692684331798,0.21692217776379086,0.215333254923958,0.14089406853365802,-0.29,2021,5,20,3,489,-241,48660.0,48288.0,48075.57142857143,47259.0,516.3018681449519
2021-05-21,48368,0.21392569124423963,0.2156633547632963,0.21496231826365453,0.13815111658214807,-0.31,2021,5,21,4,390,17,48519.0,48660.0,48200.857142857145,47326.46666666667,453.3800571185671
2021-05-24,48514,0.21566280241935484,0.21552848087038617,0.21605703377333058,0.11045399199860846,0.3,2021,5,24,0,254,-30,48368.0,48519.0,48352.57142857143,47404.0,318.71400824248354
2021-05-25,48780,0.21478974654377878,0.21733579103538192,0.21559562475685556,0.14089406853365802,0.55,2021,5,25,1,506,333,48514.0,48368.0,48509.42857142857,47474.2,168.45954722128573
2021-05-26,48728,0.21841697868663593,0.21997931933642045,0.21830979544200269,0.11045399199860846,-0.11,2021,5,26,2,500,-122,48780.0,48514.0,48551.0,47554.566666666666,182.89432286355213
2021-05-27,48561,0.217336909562212,0.21717394236388976,0.21681700156517175,0.11935186052423834,-0.34,2021,5,27,3,353,-169,48728.0,48780.0,48590.0,47610.566666666666,142.0011737124707
2021-05-28,48543,0.2149967597926267,0.21537562379175468,0.21502564891297465,0.11868284785313835,-0.04,2021,5,28,4,351,73,48561.0,48728.0,48573.28571428572,47661.26666666667,139.24763827185654
2021-05-31,48807,0.21674287154377878,0.21794721934990785,0.2181469452008939,0.018933058592129737,0.54,2021,5,31,0,292,143,48543.0,48561.0,48614.42857142857,47718.7,161.33077527244086
2021-06-01,48935,0.21954205069124424,0.22096839455109474,0.22011924256543414,0.005954212772789917,0.26,2021,6,1,1,410,-40,48807.0,48543.0,48695.42857142857,47766.6,159.30982094651864
2021-06-02,49108,0.21943404377880185,0.2203839410151508,0.2214582334367734,0.0005352101368799925,0.35,2021,6,2,2,197,145,48935.0,48807.0,48780.28571428572,47807.13333333333,199.65446342194022
2021-06-03,48293,0.22254824308755758,0.22185856224430156,0.21480851525816286,0.001003519006649986,-1.66,2021,6,3,3,1096,-1016,49108.0,48935.0,48710.71428571428,47836.03333333333,271.642359419448
2021-06-04,48650,0.21365567396313365,0.21696713572809423,0.21469090119513984,0.0014718278764199793,0.74,2021,6,4,4,565,329,48293.0,49108.0,48699.57142857143,47885.4,272.4138133734742
2021-06-07,48911,0.21766993087557604,0.2185046981072697,0.21821932308583114,0.07298928241700899,0.54,2021,6,7,0,346,144,48650.0,48293.0,48749.57142857143,47945.2,274.8501756412302
2021-06-08,48908,0.21870499711981564,0.22015915119363394,0.21950403054346745,0.10222513614407858,-0.01,2021,6,8,1,388,26,48911.0,48650.0,48801.71428571428,48010.13333333333,263.5183195990453
2021-06-09,48904,0.21896601382488476,0.21940385739333723,0.2203635179270974,0.06870760132196904,-0.01,2021,6,9,2,209,-7,48908.0,48911.0,48815.57142857143,48083.7,266.3774622286074
2021-06-10,48975,0.21822796658986174,0.21921503394326303,0.2174231663515213,0.13721449884260808,0.15,2021,6,10,3,513,146,48904.0,48908.0,48821.28571428572,48169.53333333333,269.77380296149227
2021-06-11,48717,0.21991107430875576,0.2203839410151508,0.21904262152699244,0.1139997591554384,-0.53,2021,6,11,4,464,-299,48975.0,48904.0,48765.42857142857,48245.73333333333,239.2689262106891
2021-06-14,48318,0.21688688076036863,0.2162028503349368,0.21253765911825645,0.1566827675716178,-0.82,2021,6,14,0,718,-362,48717.0,48975.0,48769.0,48290.9,231.08872755371968
2021-06-15,48230,0.21355666762672812,0.2145394056557119,0.2145099564827967,0.08951389539317875,-0.18,2021,6,15,1,315,-80,48318.0,48717.0,48709.0,48339.166666666664,308.6454276388899
2021-06-16,48279,0.21292662730414744,0.21328058265521738,0.21451900371841387,0.06757027978109906,0.1,2021,6,16,2,174,39,48230.0,48318.0,48618.71428571428,48395.433333333334,331.31239754088836
2021-06-17,46781,0.21261160714285712,0.21193184372611606,0.20046864680496873,0.214552363621767,-3.1,2021,6,17,3,1577,-1424,48279.0,48230.0,48314.857142857145,48370.26666666667,742.2725080405713
2021-06-18,46592,0.20050583237327188,0.20277840219394866,0.1995458287720187,0.11961946559267833,-0.4,2021,6,18,4,661,-268,46781.0,48279.0,47984.57142857143,48332.7,927.6617302210028
2021-06-21,46904,0.19996579781105991,0.20073731061457534,0.19914775040486382,0.1146018705594284,0.67,2021,6,21,0,478,104,46592.0,46781.0,47688.71428571428,48298.666666666664,888.5665824410058
2021-06-22,46838,0.20159490207373268,0.2017084026435283,0.2013100397173644,0.09814415885036863,-0.14,2021,6,22,1,347,-143,46904.0,46592.0,47420.28571428572,48272.433333333334,806.1502577668365
2021-06-23,46921,0.20100086405529952,0.20220294025086544,0.2020157240955026,0.08048222433332887,0.18,2021,6,23,2,324,6,46838.0,46904.0,47220.71428571428,48253.433333333334,714.5935241549502
2021-06-24,46701,0.20041582661290322,0.20106999955042032,0.20055911916114033,0.09392937902243868,-0.47,2021,6,24,3,359,-149,46921.0,46838.0,47002.28571428572,48228.4,574.6493755014257
2021-06-25,46757,0.2003168202764977,0.20154655397203614,0.20055007192552315,0.11165821480658844,0.12,2021,6,25,4,413,-82,46701.0,46921.0,46784.857142857145,48197.566666666666,115.88130217052725
2021-06-28,46821,0.19636556739631336,0.20072831902171467,0.19840587708425694,0.10403147035604855,0.14,2021,6,28,0,559,421,46757.0,46701.0,46790.57142857143,48143.7,116.64312688658609
2021-06-29,46438,0.1992367511520737,0.19937958009261342,0.1966145244320598,0.03458795509586952,-0.82,2021,6,29,1,607,-281,46821.0,46757.0,46768.57142857143,48082.03333333333,164.8846638811883
2021-06-30,46817,0.19679759504608293,0.19982016814278647,0.1981525544869765,0.005552805170129922,0.82,2021,6,30,2,486,369,46438.0,46821.0,46756.142857142855,48020.6,156.0154143861077
2021-07-01,46985,0.20070384504608293,0.21007957559681695,0.2023595190489546,0.0008028152053199888,0.36,2021,7,1,3,1162,103,46817.0,46438.0,46777.142857142855,47969.46666666667,177.30992506363003
2021-07-02,47286,0.20356602822580647,0.20606932518095578,0.20564366557798264,0.0013380253421999813,0.64,2021,7,2,4,353,86,46985.0,46817.0,46829.28571428572,47933.4,260.71741681528346
2021-07-05,47567,0.20896637384792624,0.21641864856359305,0.204512761125838,0.0002007038013299972,0.59,2021,7,5,0,1629,-233,47286.0,46985.0,46953.0,47901.833333333336,371.58893058809247
2021-07-06,47694,0.20552815380184333,0.20982781099671804,0.20761596294252294,0.15360530928455784,0.27,2021,7,6,1,553,276,47567.0,47286.0,47086.857142857145,47865.63333333333,449.76120648563966
2021-07-07,47887,0.20877736175115205,0.20975587825383268,0.2098868190824294,0.0931265638171187,0.4,2021,7,7,2,294,108,47694.0,47567.0,47239.142857142855,47837.6,519.7632244840843
2021-07-08,47735,0.20909238191244237,0.21228251584768243,0.20971492160570337,0.17193625647269759,-0.32,2021,7,8,3,594,-79,47887.0,47694.0,47424.42857142857,47810.066666666666,405.10322024134985
2021-07-09,47898,0.2089483726958525,0.209387222946545,0.20945255177280586,0.10148922220586858,0.34,2021,7,9,4,301,100,47735.0,47887.0,47578.857142857145,47788.566666666666,334.9166207572309
2021-07-12,47768,0.20851634504608293,0.2087308366677157,0.2083849779699813,0.1139997591554384,-0.27,2021,7,12,0,346,18,47898.0,47735.0,47690.71428571428,47753.933333333334,211.55748965913762
2021-07-13,47887,0.2095514112903226,0.21040327293980127,0.2102577557427328,0.12630959230367825,0.25,2021,7,13,1,325,22,47768.0,47898.0,47776.57142857143,47719.0,123.60805954006814
2021-07-14,48265,0.21035246255760368,0.21296587690509372,0.21199482498122701,0.12263002261262829,0.79,2021,7,14,2,418,311,47887.0,47768.0,47876.28571428572,47690.9,190.05061982943528
2021-07-15,48358,0.2133766561059908,0.2142246999055883,0.214238539414282,0.1075103362457685,0.19,2021,7,15,3,310,68,48265.0,47887.0,47971.142857142855,47693.066666666666,242.4014772908704
2021-07-16,48040,0.21373667914746544,0.21346041451243086,0.21270050935936524,0.11660890857272838,-0.66,2021,7,16,4,395,-290,48358.0,48265.0,47993.0,47672.73333333333,240.43987467900288
2021-07-19,48069,0.2119545650921659,0.2118868857618127,0.2109453456496368,0.11540468576474838,0.06,2021,7,19,0,414,-63,48040.0,48358.0,48040.71428571428,47644.666666666664,212.1883709448486
2021-07-20,47861,0.2122965869815668,0.21230949062626442,0.2109634401208711,0.1277145189129882,-0.43,2021,7,20,1,459,-309,48069.0,48040.0,48035.42857142857,47609.76666666667,216.74782363369312
2021-07-21,47584,0.20887636808755758,0.20820033268893584,0.20852068650423866,0.05633086690661921,-0.58,2021,7,21,2,272,-206,47861.0,48069.0,48009.142857142855,47565.76666666667,261.18666924787414
2021-07-22,47624,0.20642821140552994,0.2071213415456548,0.2067293338520415,0.1069082248417785,0.08,2021,7,22,3,350,106,47584.0,47861.0,47971.57142857143,47520.73333333333,298.0060721695771
2021-07-23,47521,0.20680623559907832,0.20739108933147504,0.20684694791506458,0.09479909549486867,-0.22,2021,7,23,4,367,-39,47624.0,47584.0,47865.28571428572,47480.86666666667,308.40542272181233
2021-07-26,47455,0.20730126728110596,0.20802050083172235,0.20772452976992883,0.08743995611276878,-0.14,2021,7,26,0,340,-160,47521.0,47624.0,47736.28571428572,47452.1,251.58279902293364
2021-07-27,47551,0.20580717165898618,0.20657285438115364,0.20712741221919645,0.0861019307705688,0.2,2021,7,27,1,245,102,47455.0,47521.0,47666.42857142857,47429.46666666667,218.9717311662052
2021-07-28,47535,0.20752628168202766,0.20694150968844127,0.2075526322932028,0.058739312522579176,-0.03,2021,7,28,2,239,-105,47551.0,47455.0,47590.142857142855,47404.666666666664,130.48937195334364
2021-07-29,48210,0.20824632776497695,0.21233646540484646,0.21028489744958428,0.09145403213936872,1.42,2021,7,29,3,537,490,47535.0,47551.0,47640.0,47452.3,256.7826577782032
2021-07-30,47901,0.21291762672811057,0.21237243177628917,0.21134342401679168,0.017728835784149754,-0.64,2021,7,30,4,424,-338,48210.0,47535.0,47685.28571428572,47495.933333333334,272.7188505235354
2021-08-02,47937,0.21161254320276499,0.2116351211617138,0.2103482280989044,0.0011373215408699842,0.08,2021,8,2,0,452,-157,47901.0,48210.0,47730.0,47530.36666666667,286.316258711079
2021-08-03,47854,0.20914638536866356,0.21159915479027108,0.2107101175235907,0.00046830886976999346,-0.17,2021,8,3,1,408,34,47937.0,47901.0,47777.57142857143,47564.23333333333,273.16530840609636
2021-08-04,47872,0.2103164602534562,0.21278604504788023,0.21052012557563038,0.00026760506843999626,0.04,2021,8,4,2,561,-78,47854.0,47937.0,47837.142857142855,47595.933333333334,233.7159448121973
2021-08-05,47959,0.20959641417050692,0.21187789416895203,0.2109815345921054,0.0002007038013299972,0.18,2021,8,5,3,409,89,47872.0,47854.0,47895.42857142857,47637.86666666667,198.71659648002242
2021-08-06,46682,0.20671622983870966,0.20623117385244794,0.20040531615564866,0.15521093969519784,-2.66,2021,8,6,4,950,-868,47959.0,47872.0,47773.57142857143,47635.36666666667,495.8974548398081
2021-08-09,45949,0.19816568260368664,0.19750033718473226,0.19352036985099202,0.142901106546958,-1.57,2021,8,9,0,740,-651,46682.0,47959.0,47450.57142857143,47606.3,804.5468408053821
2021-08-10,45936,0.1935663882488479,0.19343613721170705,0.19214519003718417,0.10904906538929848,-0.03,2021,8,10,1,440,-153,45949.0,46682.0,47169.857142857145,47589.566666666666,950.7199778024913
2021-08-11,46351,0.19302635368663593,0.19566605224115452,0.1940179678099357,0.10235893867829857,0.9,2021,8,11,2,481,322,45936.0,45949.0,46943.28571428572,47574.03333333333,926.0928164952969
2021-08-12,46335,0.1953575028801843,0.19676302657015687,0.1962345405361392,0.08369348515460884,-0.03,2021,8,12,3,358,47,46351.0,45936.0,46726.28571428572,47552.36666666667,852.1419510646014
2021-08-13,46886,0.19636556739631336,0.20042260486445174,0.1981344600157422,0.09285895874867871,1.19,2021,8,13,4,555,486,46335.0,46351.0,46585.42857142857,47539.03333333333,698.9084005670769
2021-08-16,47138,0.20086585541474652,0.20280537697253065,0.20167192914205068,0.08342588008616883,0.54,2021,8,16,0,429,238,46886.0,46335.0,46468.142857142855,47524.73333333333,457.016202695356
2021-08-17,47206,0.20295398905529952,0.20518814908060962,0.20479322542996986,0.08335897881905883,0.14,2021,8,17,1,349,74,47138.0,46886.0,46543.0,47508.46666666667,534.2683470588
2021-08-18,47069,0.20468209965437786,0.20419008227307467,0.20351756520795072,0.07700335844360892,-0.29,2021,8,18,2,379,-255,47206.0,47138.0,46703.0,47481.2,492.8312760661071
2021-08-19,47119,0.2031159994239631,0.20489142651620734,0.20407849381621446,0.06088015307009915,0.11,2021,8,19,3,395,-31,47069.0,47206.0,46872.0,47460.666666666664,374.6411616497671
2021-08-20,47110,0.2035570276497696,0.20366856988715548,0.20393373804633996,0.06308789488472911,-0.02,2021,8,20,4,275,-89,47119.0,47069.0,46980.42857142857,47434.4,301.397222476546
2021-08-23,47511,0.20329601094470043,0.20603335880951307,0.20473894201626697,0.08262306488084885,0.85,2021,8,23,0,449,341,47110.0,47119.0,47148.42857142857,47425.833333333336,188.14963650398496
2021-08-24,47532,0.2062031970046083,0.2067976442026705,0.20749834887949986,0.06322169741894912,0.04,2021,8,24,1,229,39,47511.0,47110.0,47240.71428571428,47414.0,196.23261221707597
2021-08-25,47108,0.20492511520737325,0.20467562828755115,0.20406039934498016,0.06977802159572903,-0.89,2021,8,25,2,373,-243,47532.0,47511.0,47236.42857142857,47375.433333333334,199.15559842307104
2021-08-26,47163,0.20289098502304145,0.20365957829429482,0.2027214084736409,0.06663366204155907,0.12,2021,8,26,3,408,38,47108.0,47532.0,47230.28571428572,47335.6,200.9060429592328
2021-08-27,47416,0.20457409274193547,0.20541293890212647,0.20181668491192517,0.09091882200248873,0.54,2021,8,27,4,703,104,47163.0,47108.0,47279.857142857145,47314.8,197.25400594016546
2021-08-30,47049,0.2042500720046083,0.20528705660207702,0.203879454632637,0.02013728140010972,-0.77,2021,8,30,0,461,-227,47416.0,47163.0,47269.857142857145,47280.8,208.23658706571237
2021-08-31,47060,0.2037460397465438,0.20343478847277796,0.2020247713311198,0.0012711240750899822,0.02,2021,8,31,1,460,-160,47049.0,47416.0,47262.71428571428,47254.1,215.3692289167711
2021-09-01,47093,0.20230594758064516,0.20648293845254684,0.20350851797233355,0.0004014076026599944,0.07,2021,9,1,2,635,33,47060.0,47049.0,47203.0,47237.73333333333,191.7028951328049
2021-09-02,47048,0.20304399481566818,0.20328193139414646,0.20319186472573308,0.00013380253421999813,-0.1,2021,9,2,3,314,-94,47093.0,47060.0,47133.857142857145,47218.53333333333,130.90636421799425
2021-09-03,47342,0.2044570852534562,0.20559277075934002,0.2065031529616126,6.690126710999907e-05,0.62,2021,9,3,4,205,43,47048.0,47093.0,47167.28571428572,47212.566666666666,151.46585345946283
2021-09-06,47450,0.2065722206221198,0.20589848491660295,0.2074712071726484,0.03840132732113946,0.23,2021,9,6,0,132,-84,47342.0,47048.0,47208.28571428572,47212.4,185.19963489220115
2021-09-07,46989,0.2059871831797235,0.20531403138065907,0.20301996724900706,0.11092230086837845,-0.97,2021,9,7,1,559,-480,47450.0,47342.0,47147.28571428572,47193.666666666664,175.44582667460784
2021-09-08,47072,0.2021889400921659,0.20262554511531716,0.2020247713311198,0.08362658388749883,0.18,2021,9,8,2,370,25,46989.0,47450.0,47150.57142857143,47178.23333333333,173.50298474834457
2021-09-09,47021,0.20162190380184333,0.2022478982151688,0.2017533542626051,0.09754204744637864,-0.11,2021,9,9,3,358,37,47072.0,46989.0,47145.0,47138.6,177.4767590483286
2021-09-10,46858,0.20164890552995393,0.20136672211482265,0.2021152436872914,0.04087667420420943,-0.35,2021,9,10,4,220,-129,47021.0,47072.0,47111.42857142857,47103.833333333336,208.4721061675086
2021-09-13,46946,0.2011358726958525,0.20163646990064288,0.2020247713311198,0.08175334840841886,0.19,2021,9,13,0,260,16,46858.0,47021.0,47096.857142857145,47070.8,217.0333527197466
2021-09-14,47267,0.2010818692396313,0.20401924200872185,0.20086672517212367,0.14102787106787804,0.68,2021,9,14,1,653,343,46946.0,46858.0,47086.142857142855,47051.23333333333,204.39783803351233
2021-09-15,46949,0.20398905529953917,0.2036236119228521,0.20311043960517866,0.09607021956995866,-0.67,2021,9,15,2,361,-298,47267.0,46946.0,47014.57142857143,47020.46666666667,129.89079663284423
2021-09-16,46120,0.20162190380184333,0.2009531088432316,0.19366512562086657,0.16711936524077767,-1.77,2021,9,16,3,1108,-864,46949.0,47267.0,46890.42857142857,46959.166666666664,363.536727695076
2021-09-17,46025,0.19357538882488476,0.1944701703906847,0.1939094009825298,0.0930596625500087,-0.21,2021,9,17,4,360,-65,46120.0,46949.0,46740.857142857145,46937.26666666667,474.7544728868768
2021-09-20,46297,0.19294534850230413,0.19565706064829386,0.1939998733387014,0.09901387532279862,0.59,2021,9,20,0,482,277,46025.0,46120.0,46637.42857142857,46948.86666666667,482.3549374854259
2021-09-21,46641,0.1954385080645161,0.19928067257114596,0.19626168224299068,0.11848214405180835,0.74,2021,9,21,1,635,344,46297.0,46025.0,46606.42857142857,46972.36666666667,472.69294372763954
2021-09-22,46682,0.1987327188940092,0.19898395000674368,0.19998914331725942,0.0648273278295891,0.09,2021,9,22,2,190,19,46641.0,46297.0,46568.71428571428,46983.4,451.1240458722921
2021-09-23,46083,0.19745463709677416,0.19705075754169848,0.1944612823551764,0.12550677709835825,-1.28,2021,9,23,3,586,-438,46682.0,46641.0,46399.57142857143,46975.0,358.0334514863477
2021-09-24,45995,0.19366539458525342,0.19341815402598567,0.19302277189204842,0.08536601683235881,-0.19,2021,9,24,4,341,-105,46083.0,46682.0,46263.28571428572,46945.3,288.93985204105775
2021-09-27,46064,0.1939804147465438,0.19403857393337226,0.19397273163184992,0.09633782463839866,0.15,2021,9,27,0,305,-71,45995.0,46083.0,46255.28571428572,46909.5,294.29390881255904
2021-09-28,45819,0.19283734158986174,0.1927527761542957,0.1918828202042866,0.11888355165446834,-0.53,2021,9,28,1,393,-189,46064.0,45995.0,46225.857142857145,46863.26666666667,329.3693107431425
2021-09-29,45550,0.1913432459677419,0.1917457177539001,0.19015479820140957,0.04923933259295931,-0.59,2021,9,29,2,472,-292,45819.0,46064.0,46119.142857142855,46812.63333333333,412.89846555710386
2021-09-30,46221,0.19087521601382487,0.1954952119768017,0.19032669567813554,0.002073939280409971,1.47,2021,9,30,3,870,431,45550.0,45819.0,46059.142857142855,46782.7,350.1787298786287
2021-10-01,46315,0.1954925115207373,0.1953423548981702,0.19591788728953868,0.0012711240750899822,0.2,2021,10,1,4,235,12,46221.0,45550.0,46006.71428571428,46756.2,256.2620496630426
2021-10-04,46618,0.19545650921658983,0.19786000089915928,0.19667785508137992,0.0003345063355499953,0.65,2021,10,4,0,431,319,46315.0,46221.0,46083.142857142855,46726.433333333334,346.6465195643497
2021-10-05,46459,0.19776965725806453,0.19711369869172324,0.19790827912531328,0.00013380253421999813,-0.34,2021,10,5,1,212,-97,46618.0,46315.0,46149.42857142857,46690.666666666664,370.52343927191487
2021-10-06,46781,0.19771565380184333,0.1999640336285573,0.19886728610073195,0.0998166905281186,0.69,2021,10,6,2,423,231,46459.0,46618.0,46251.857142857145,46679.76666666667,436.2470357409306
2021-10-07,46737,0.19948876728110596,0.19991907566425393,0.20032389103509424,0.07686955590938893,-0.09,2021,10,7,3,257,-10,46781.0,46459.0,46383.0,46665.566666666666,422.19229426365644
2021-10-08,46922,0.1994257632488479,0.2031200827226543,0.20113814224063836,0.13119338480270817,0.4,2021,10,8,4,523,182,46737.0,46781.0,46579.0,46649.1,257.29295884059934
2021-10-11,46941,0.20095586117511519,0.20190621768646316,0.20157240955026196,0.06690126710999907,0.04,2021,10,11,0,340,31,46922.0,46737.0,46681.857142857145,46645.5,233.10257297184987
2021-10-12,47097,0.20199092741935484,0.20361462032999145,0.20330043155313893,0.09533430563174866,0.33,2021,10,12,1,339,72,46941.0,46922.0,46793.57142857143,46646.73333333333,214.63912127858444
2021-10-13,47753,0.20230594758064516,0.20869487029627298,0.20405135210936298,0.15775318784537778,1.39,2021,10,13,2,821,693,47097.0,46941.0,46955.71428571428,46668.73333333333,404.5708484689281
2021-10-14,47748,0.20790430587557604,0.2096749539180866,0.20972396884132055,0.08335897881905883,-0.01,2021,10,14,3,303,66,47753.0,47097.0,47139.857142857145,46692.066666666666,433.146791353056
2021-10-15,47106,0.20812031970046083,0.20744503888863913,0.20396992698880856,0.09239064987890871,-1.34,2021,10,15,4,691,-600,47748.0,47753.0,47186.28571428572,46684.2,404.75824648491755
2021-10-18,47186,0.20356602822580647,0.20374949422290156,0.20453085559707235,0.0937955764882187,0.17,2021,10,18,0,218,-14,47106.0,47748.0,47250.42857142857,46675.4,354.0992596950689
2021-10-19,47196,0.2035570276497696,0.20581756058085687,0.20510083144095326,0.09700683730949865,0.02,2021,10,19,1,385,-3,47186.0,47106.0,47289.57142857143,46682.3,325.752900805602
2021-10-20,47380,0.20410606278801843,0.20513419952344558,0.2054084374519366,0.09687303477527864,0.39,2021,10,20,2,275,120,47196.0,47186.0,47352.28571428572,46692.566666666666,287.4698327898423
2022-01-03,47473,0.21022645449308755,0.21098772647574515,0.20679266450136163,0.0014049266093099804,-1.09,2022,1,3,0,773,-467,47994.0,47746.0,47812.71428571428,47808.7,191.9355050468694
2022-01-04,47763,0.2083363335253456,0.20866789551769094,0.2074712071726484,0.0005352101368799925,0.61,2022,1,4,1,440,33,47473.0,47994.0,47781.42857142857,47818.8,177.0111645724953
2022-01-05,47974,0.2100824452764977,0.2109787348828845,0.21172340791271227,0.0006021114039899916,0.44,2022,1,5,2,227,50,47763.0,47473.0,47787.28571428572,47835.63333333333,183.4245660508154
2022-01-06,47499,0.2110365063364055,0.2103583149754979,0.20790547448227198,0.12202791120863829,-0.99,2022,1,6,3,580,-531,47974.0,47763.0,47731.71428571428,47837.46666666667,205.43264451135772
2022-01-07,47481,0.20627520161290322,0.20622218225958727,0.20654838913969836,0.08355968262038883,-0.04,2022,1,7,4,270,-20,47499.0,47974.0,47704.28571428572,47833.166666666664,226.3328774856407
2022-01-10,47471,0.2053661434331797,0.20579957739513555,0.20684694791506458,0.0779399761831489,-0.02,2022,1,10,0,190,71,47481.0,47499.0,47665.0,47828.433333333334,241.25988753974846
2022-01-11,47694,0.20671622983870966,0.20749898844580317,0.20828545837819257,0.06656676077444908,0.47,2022,1,11,1,220,144,47471.0,47481.0,47622.142857142855,47836.933333333334,195.35474448509012
2022-01-12,47802,0.20761628744239632,0.20872184507485503,0.2096515909563833,0.0637569075558291,0.23,2022,1,12,2,205,152,47694.0,47471.0,47669.142857142855,47846.166666666664,193.05562978798358
2022-01-13,47759,0.20891237039170504,0.20942318931798765,0.2099049135536637,0.06067944926876915,-0.09,2022,1,13,3,255,-35,47802.0,47694.0,47668.57142857143,47861.23333333333,192.73717609734197
2022-01-14,47803,0.20896637384792624,0.2099896596682102,0.21089106223593385,0.08382728768882883,0.09,2022,1,14,4,209,3,47759.0,47802.0,47644.142857142855,47873.833333333336,154.64629382185302
2022-01-17,47908,0.20909238191244237,0.20981881940385738,0.21112629036197988,0.031109089206149566,0.22,2022,1,17,0,164,94,47803.0,47759.0,47702.57142857143,47877.86666666667,167.40654820917692
2022-01-18,47926,0.21004644297235023,0.2103942813469406,0.2109815345921054,0.07238717101301899,0.04,2022,1,18,1,244,6,47908.0,47803.0,47766.142857142855,47878.0,153.126775993517
2022-01-19,48368,0.21017245103686635,0.21367621274108706,0.21217576969357016,0.08703854851010878,0.92,2022,1,19,2,477,434,47926.0,47908.0,47894.28571428572,47893.6,223.9290916732313
2022-01-20,48372,0.21407870103686635,0.21492604414872096,0.2155594358143869,0.059742831529229164,0.01,2022,1,20,3,242,4,48368.0,47926.0,47991.142857142855,47912.6,265.610258699039
2022-01-21,48243,0.21431271601382487,0.21459335521287592,0.21401235852385303,0.06563014303490908,-0.27,2022,1,21,4,376,-151,48372.0,48368.0,48054.142857142855,47920.933333333334,265.57072415115846
2022-01-24,48537,0.21319664458525342,0.21545654812750076,0.2151884991540835,0.07492941916319895,0.61,2022,1,24,0,342,267,48243.0,48372.0,48165.28571428572,47935.3,283.6486760606042
2022-01-25,48836,0.2158068116359447,0.2180731016499573,0.21764934724195023,0.061281560672759146,0.62,2022,1,25,1,361,276,48537.0,48243.0,48312.857142857145,47966.666666666664,328.8629038462272
2022-01-27,47974,0.21707589285714282,0.216391673785011,0.21179578579764952,0.072119565944579,-1.77,2022,1,27,3,821,-727,48836.0,48537.0,48322.28571428572,47969.13333333333,316.0161991063142
2022-01-28,47652,0.20926339285714282,0.21043923931124398,0.20851163926862148,0.04669708444277935,-0.67,2022,1,28,4,522,-181,47974.0,48836.0,48283.142857142855,47943.96666666667,383.1259273304791
2022-01-31,47840,0.20763428859447006,0.20922537427505283,0.2089368593426279,0.015387291435299785,0.39,2022,1,31,0,340,188,47652.0,47974.0,48207.71428571428,47923.066666666666,414.33911807149934
2022-02-01,47966,0.21534778225806453,0.21466528795576134,0.208366883498747,0.003010557019949958,0.26,2022,2,1,1,1008,-543,47840.0,47652.0,48149.71428571428,47917.6,415.9225546071456
2022-02-02,48049,0.21212557603686635,0.21144629771163959,0.21211243904425003,0.004214779827929941,0.17,2022,2,2,2,236,-102,47966.0,47840.0,48122.0,47921.46666666667,415.13331192404826
2022-02-03,47884,0.2105864775345622,0.21071797868992492,0.20835783626312981,0.00046830886976999346,-0.34,2022,2,3,3,570,-96,48049.0,47966.0,48028.71428571428,47916.73333333333,378.04704922923844
2022-02-04,48081,0.2108474942396313,0.21818100076428537,0.21245623399770203,0.0002007038013299972,0.41,2022,2,4,4,947,72,47884.0,48049.0,47920.857142857145,47919.03333333333,145.5500241366296
2022-02-07,48168,0.2103164602534562,0.21171604549745987,0.21220291140042163,0.052718198482679265,0.18,2022,2,7,0,256,218,48081.0,47884.0,47948.57142857143,47925.23333333333,173.19916969580535
2022-02-08,48345,0.2124315956221198,0.21363125477678369,0.21384046104712706,0.05318650735244926,0.37,2022,2,8,1,288,160,48168.0,48081.0,48047.57142857143,47938.96666666667,173.4847324213762
2022-02-09,48575,0.2143307171658986,0.2154835229060828,0.21583990011851878,0.06174986954252914,0.48,2022,2,9,2,273,179,48345.0,48168.0,48152.57142857143,47961.86666666667,237.52253026464012
2022-02-10,48867,0.21571680587557604,0.2185046981072697,0.2165003483185713,0.07031323173260902,0.6,2022,2,10,3,536,317,48575.0,48345.0,48281.28571428572,48001.666666666664,341.10834754410524
2022-02-11,49024,0.21701288882488476,0.2195117565076653,0.21794790601731645,0.06623225443889907,0.32,2022,2,11,4,488,330,48867.0,48575.0,48420.57142857143,48044.26666666667,420.31609420766483
2022-02-14,49827,0.22138716877880185,0.2273074675178708,0.2233038695026735,0.07974631039511888,1.64,2022,2,14,0,763,647,49024.0,48867.0,48698.142857142855,48105.36666666667,607.0152190784418
2022-02-15,49332,0.22831761232718892,0.230319651126197,0.22334910568075927,0.1079786451155385,-0.99,2022,2,15,1,1093,-618,49827.0,49024.0,48876.857142857145,48167.333333333336,578.5243955036411
2022-02-16,49546,0.2227552563364055,0.22445713258103672,0.2235752865711882,0.061281560672759146,0.43,2022,2,16,2,416,214,49332.0,49827.0,49073.71428571428,48226.76666666667,529.488342425296
2022-02-17,50277,0.22410534274193547,0.23149754979094544,0.22628945725633537,0.10824625018397849,1.48,2022,2,17,3,899,795,49546.0,49332.0,49349.71428571428,48303.53333333333,586.7690386892389
2022-02-18,50034,0.22806559619815667,0.22967225644022837,0.22880458875790505,0.07599983943695894,-0.48,2022,2,18,4,418,112,50277.0,49546.0,49558.142857142855,48388.03333333333,521.1773302113238
2022-02-21,49998,0.2296676987327189,0.2289709121970957,0.22837936868389863,0.061816770809639134,-0.07,2022,2,21,0,387,-102,50034.0,50277.0,49719.71428571428,48471.933333333334,440.2297560338642
2022-02-22,50186,0.2301177275345622,0.23325990199163782,0.23062308311695362,0.10336245768494856,0.38,2022,2,22,1,616,36,49998.0,50034.0,49885.71428571428,48562.433333333334,342.3753857453919
2022-02-23,50226,0.23044174827188937,0.23049049139054983,0.22961883996344917,0.056197064372399214,0.08,2022,2,23,2,419,40,50186.0,49998.0,49942.71428571428,48646.833333333336,363.5311606510608
2022-02-24,51403,0.23200784850230413,0.2517646000989075,0.23423293012819935,0.16578133989857768,2.34,2022,2,24,3,2275,1043,50226.0,50186.0,50238.57142857143,48766.86666666667,568.5759571508725
2022-02-25,50039,0.23938832085253456,0.238681832486625,0.22996263491690117,0.07486251789608896,-2.65,2022,2,25,4,1292,-1141,51403.0,50226.0,50309.0,48842.86666666667,494.15314765338434
2022-02-28,50530,0.2348880328341014,0.23679359798588318,0.23320154526784342,0.014718278764199795,0.98,2022,2,28,0,724,-150,50039.0,51403.0,50345.142857142855,48933.76666666667,500.6324095843426
2022-03-01,51565,0.23928031394009217,0.24332149440273343,0.23860274493128625,0.0033450633554999534,2.05,2022,3,1,1,853,397,50530.0,50039.0,50563.857142857145,49055.666666666664,653.2211030931522
2022-03-02,51133,0.24392461117511519,0.24435552758171109,0.24020410563552308,0.0014718278764199793,-0.84,2022,3,2,2,791,-551,51565.0,50530.0,50726.0,49162.566666666666,629.7994389770178
2022-03-03,51569,0.24092741935483872,0.243582250595693,0.24228496982746922,0.00026760506843999626,0.85,2022,3,3,3,475,218,51133.0,51565.0,50923.57142857143,49269.26666666667,648.8055325365706
2022-03-04,52274,0.24453665034562208,0.25008317223396126,0.24333444915905944,0.0008028152053199888,1.37,2022,3,4,4,1082,522,51569.0,51133.0,51216.142857142855,49399.333333333336,737.5134865611628
2022-03-07,53461,0.2517911146313364,0.2634806455963674,0.25411875401471085,0.21916186092564593,2.27,2022,3,7,0,1380,903,52274.0,51569.0,51510.142857142855,49573.26666666667,1130.115986463168
2022-03-08,54146,0.25997263824884786,0.2768781189587735,0.26119369226732775,0.34741828010222514,1.28,2022,3,8,1,2088,679,53461.0,52274.0,52096.857142857145,49760.23333333333,1293.3689121281868
2022-03-09,52724,0.27073732718894006,0.2730297172144045,0.2543992183188427,0.3213936871964355,-2.63,2022,3,9,2,2411,-1939,54146.0,53461.0,52410.28571428572,49889.833333333336,1102.075574282949
2022-03-10,53183,0.2528891849078341,0.2589938407588904,0.2527797631433716,0.2208410827301069,0.87,2022,3,10,3,1029,503,52724.0,54146.0,52641.42857142857,50063.46666666667,1064.2692104836465
2022-03-11,52828,0.25577836981566815,0.25637728723643394,0.2511241190254318,0.22766501197532682,-0.67,2022,3,11,4,921,-173,53183.0,52724.0,52883.57142857143,50236.0,831.1672228760565
2022-03-14,52238,0.252286146313364,0.25279863327788515,0.2496222779129837,0.1494574307237379,-1.12,2022,3,14,0,689,-375,52828.0,53183.0,52979.142857142855,50382.6,679.4312397339102
2022-03-15,51522,0.24586873559907832,0.24613586296812479,0.24185070251784568,0.1718024539384776,-1.37,2022,3,15,1,807,-378,52238.0,52828.0,52871.71428571428,50501.13333333333,848.0382684551737
2022-03-16,51105,0.24136844758064516,0.24134334397338486,0.24002316092317993,0.10844695398530849,-0.81,2022,3,16,2,476,-295,51522.0,52238.0,52535.142857142855,50603.0,1024.3756518938776
2022-03-17,51597,0.24136844758064516,0.2438070404172099,0.2429001818494359,0.09834486265169863,0.96,2022,3,17,3,432,197,51105.0,51522.0,52171.0,50726.76666666667,780.2909713706275
2022-03-18,51383,0.24271853398617513,0.24308771298835585,0.24270114266585846,0.04729919584676934,-0.41,2022,3,18,4,374,-167,51597.0,51105.0,51979.42857142857,50836.833333333336,786.4860365682256
2022-03-21,51546,0.2412784418202765,0.243555275817111,0.24258352860283544,0.07827448251869891,0.32,2022,3,21,0,439,156,51383.0,51597.0,51745.57142857143,50949.433333333334,587.0567426153297
2022-03-22,51219,0.2431235599078341,0.24463426696039203,0.2398422162108368,0.10838005271819849,-0.63,2022,3,22,1,862,-376,51546.0,51383.0,51515.71428571428,51045.23333333333,365.968903184044
2022-03-23,51580,0.2399103542626728,0.24263813334532214,0.24095502619174713,0.0785420875871389,0.7,2022,3,23,2,517,342,51219.0,51546.0,51421.71428571428,51145.4,193.29745152069407
2022-03-24,51841,0.2437626008064516,0.24535359438924603,0.24458296767422716,0.1148025743607584,0.51,2022,3,24,3,418,175,51580.0,51219.0,51467.28571428572,51244.53333333333,250.12977584525416
2022-03-25,51687,0.2460847494239631,0.24537157757496741,0.24492676262767915,0.07292238114989898,-0.3,2022,3,25,4,382,-237,51841.0,51580.0,51550.42857142857,51333.3,201.66957889110412
2022-03-28,51442,0.24318656394009217,0.24378006563862786,0.24234830047678935,0.0933272676184487,-0.47,2022,3,28,0,490,-160,51687.0,51841.0,51528.28571428572,51387.13333333333,204.1973835069064
2022-03-29,50730,0.24039638536866356,0.23972485725846332,0.2340519854158562,0.11955256432556834,-1.38,2022,3,29,1,956,-562,51442.0,51687.0,51435.0,51433.73333333333,366.38231398703005
2022-03-30,51042,0.23713817684331798,0.24014746212291505,0.23762564348463328,0.03773231465003947,0.62,2022,3,30,2,608,112,50730.0,51442.0,51363.0,51483.6,389.71271470467417
2022-03-31,51633,0.23866827476958521,0.24414872094591555,0.23917272077516716,0.0028767544857299598,1.16,2022,3,31,3,882,533,51042.0,50730.0,51422.142857142855,51528.8,395.5870863155582
2022-04-01,51264,0.24254752304147462,0.24250325945241197,0.24183260804661139,0.0013380253421999813,-0.71,2022,4,1,4,405,-267,51633.0,51042.0,51377.0,51569.8,392.5896925151682
2022-04-04,51229,0.23964933755760368,0.23981477318707006,0.2395707991423221,0.0012711240750899822,-0.07,2022,4,4,0,356,20,51264.0,51633.0,51289.57142857143,51610.833333333336,336.1204432691289
2022-04-05,51619,0.2404683899769585,0.2478532572045138,0.24117215984655888,0.0022746430817399683,0.76,2022,4,5,1,1073,319,51229.0,51264.0,51279.857142857145,51658.6,323.4642837464833
2022-04-06,51433,0.24081941244239632,0.242862923166839,0.2414526241506908,0.08804206751675878,-0.36,2022,4,6,2,487,94,51619.0,51229.0,51278.57142857143,51698.833333333336,322.72943112887634
2022-04-07,51681,0.24181847638248846,0.24389695634581665,0.24362396069880848,0.06649985950733907,0.48,2022,4,7,3,362,231,51433.0,51619.0,51414.42857142857,51708.1,243.83864688923387
2022-04-08,51854,0.2433665754608295,0.24577619925369776,0.24468248726601588,0.08028152053199888,0.33,2022,4,8,4,454,232,51681.0,51433.0,51530.42857142857,51768.6,229.88102513425505
2022-04-11,51985,0.24675979262672812,0.2507395585127905,0.24762283884159197,0.10536949569824852,0.25,2022,4,11,0,681,-14,51854.0,51681.0,51580.71428571428,51817.1,287.36893493277444
2022-04-12,52656,0.2476688508064516,0.2529245155779346,0.24997512010205286,0.10282724754806856,1.29,2022,4,12,1,664,556,51985.0,51854.0,51779.57142857143,51853.46666666667,460.906301812114
2022-04-13,52871,0.2523401497695852,0.2543721620285033,0.2543177931982883,0.06215127714518913,0.41,2022,4,13,2,345,252,52656.0,51985.0,52014.142857142855,51911.4,544.2929445862026
2022-04-14,52793,0.2540142569124424,0.2542462797284539,0.2526892907872,0.052450593414239265,-0.15,2022,4,14,3,511,-12,52871.0,52656.0,52181.857142857145,51952.2,581.8236928196774
2022-04-18,53104,0.25531934043778803,0.2593445128804568,0.25766527037663645,0.0929258600157887,0.59,2022,4,18,0,528,154,52793.0,52871.0,52420.57142857143,51979.86666666667,565.9478353907547
2022-04-19,52603,0.25576936923963134,0.2573753540439689,0.25365734499823583,0.10229203741118857,-0.94,2022,4,19,1,752,-397,53104.0,52793.0,52552.28571428572,51951.26666666667,463.079443973825
2022-04-20,52499,0.25136808755760365,0.25095535674144676,0.25072604065827686,0.08503151049680881,-0.2,2022,4,20,2,362,-12,52603.0,53104.0,52644.42857142857,51896.36666666667,351.77163859075796
2022-04-21,52356,0.25125108006912444,0.250532751876995,0.24998416733766998,0.08101743447020887,-0.27,2022,4,21,3,397,-142,52499.0,52603.0,52697.42857142857,51884.1,248.7105795568356
2022-04-22,52250,0.2499099942396313,0.2517196421346041,0.24999321457328716,0.10363006275338855,-0.2,2022,4,22,4,528,-99,52356.0,52499.0,52639.42857142857,51853.0,301.6813203533819
2022-04-25,51462,0.24789386520737325,0.2471788877399631,0.2434611104576997,0.09185543974202871,-1.51,2022,4,25,0,745,-663,52250.0,52356.0,52438.142857142855,51807.46666666667,515.617891006835
2022-04-26,51655,0.24252052131336402,0.24425662006024368,0.2443025033700953,0.06114775813853915,0.38,2022,4,26,1,327,127,51462.0,52250.0,52275.57142857143,51788.03333333333,562.3690535435493
2022-04-27,51357,0.24400561635944698,0.24329451962415138,0.242040694465806,0.06509493289802909,-0.58,2022,4,27,2,470,-336,51655.0,51462.0,52026.0,51782.53333333333,519.4599760031219
2022-04-28,51391,0.23978434619815667,0.24110956255900734,0.24002316092317993,0.06148226447408914,0.07,2022,4,28,3,450,167,51357.0,51655.0,51852.857142857145,51792.066666666666,496.5680311158737
2022-04-29,51809,0.24316856278801843,0.24593804792518992,0.24502628221946787,0.013313352154889813,0.81,2022,4,29,4,434,209,51391.0,51357.0,51754.28571428572,51799.13333333333,407.4079504596316
2022-05-02,50831,0.23957733294930875,0.2453356112035247,0.23617808578588811,0.004616187430589935,-1.89,2022,5,2,0,1345,-370,51809.0,51391.0,51536.42857142857,51780.73333333333,438.56807041030555
2022-05-03,51022,0.24946896601382487,0.24875241649058127,0.23694710081334652,0.0005352101368799925,0.38,2022,5,3,1,1640,-1278,50831.0,51809.0,51361.0,51763.26666666667,340.11713668840997
2022-05-04,50836,0.23670614919354835,0.23679359798588318,0.23824990274221713,0.0002007038013299972,-0.36,2022,5,4,2,166,-46,51022.0,50831.0,51271.57142857143,51750.5,388.05491756975636
2022-05-05,51653,0.24405961981566818,0.24515577934631116,0.24219449747129768,6.690126710999907e-05,1.61,2022,5,5,3,660,-46,50836.0,51022.0,51271.28571428572,51752.933333333334,387.7261552062518
2022-05-06,51381,0.2373451900921659,0.24194578069505013,0.23959794084917357,0.09754204744637864,-0.53,2022,5,6,4,590,428,51653.0,50836.0,51274.71428571428,51737.6,388.71528324857843
2022-05-09,51026,0.24132344470046083,0.24080384840174435,0.23979698003275102,0.0865033383732288,-0.69,2022,5,9,0,441,-369,51381.0,51653.0,51222.57142857143,51715.566666666666,394.9476155771398
2022-05-10,50662,0.23823624711981564,0.23841208470080472,0.23625951090644254,0.08770756118120877,-0.71,2022,5,10,1,566,-390,51026.0,51381.0,51058.71428571428,51689.566666666666,346.00082576637624
2022-05-11,50862,0.2339429723502304,0.2363440183428494,0.23427816630628512,0.0998835917952286,0.39,2022,5,11,2,555,287,50662.0,51026.0,51063.142857142855,51693.96666666667,342.7839108334175
2022-05-12,50249,0.23666114631336402,0.23757586656476193,0.23278537242945418,0.09546810816596867,-1.21,2022,5,12,3,857,-628,50862.0,50662.0,50952.71428571428,51667.53333333333,462.0208199829034
2022-05-13,49944,0.23146781394009217,0.2307872139549521,0.22868697469488197,0.08349278135327884,-0.61,2022,5,13,4,555,-356,50249.0,50862.0,50825.28571428572,51611.23333333333,601.5252043189877
2022-05-16,50291,0.22962269585253456,0.23111091129793643,0.22789986519618932,0.08683784470877878,0.69,2022,5,16,0,678,196,49944.0,50249.0,50630.71428571428,51578.8,501.0554574405781
2022-05-17,50237,0.23234987039170504,0.23301712898439958,0.23270394730889976,0.07499632043030895,-0.11,2022,5,17,1,359,-161,50291.0,49944.0,50467.28571428572,51545.73333333333,389.75621196371935
2022-05-18,50235,0.230198732718894,0.2316234320909949,0.2301616741004786,0.09004910553005874,0.0,2022,5,18,2,485,76,50237.0,50291.0,50354.28571428572,51499.6,306.5592462004133
2022-05-19,50579,0.23186383928571427,0.2350851953423549,0.23174494033348114,0.10242583994540858,0.68,2022,5,19,3,695,235,50235.0,50237.0,50342.42857142857,51471.13333333333,294.02259388808676
2022-05-20,50842,0.2337269585253456,0.23603830418558647,0.23562620441324156,0.07867589012135891,0.52,2022,5,20,4,372,291,50579.0,50235.0,50339.57142857143,51443.166666666664,288.1711627661799
2022-05-23,50934,0.2364541330645161,0.2385469585937149,0.23845798916141175,0.06696816837710906,0.18,2022,5,23,0,338,80,50842.0,50579.0,50437.42857142857,51412.5,359.7141722488656
2022-05-24,51146,0.23664314516129029,0.23921233646540485,0.2388922564710353,0.06683436584288907,0.42,2022,5,24,1,364,271,50934.0,50842.0,50609.142857142855,51384.53333333333,371.61065134477826
2022-05-25,50815,0.23866827476958521,0.23834914355078002,0.2373089902380328,0.07098224440370901,-0.65,2022,5,25,2,443,-285,51146.0,50934.0,50684.0,51323.166666666664,348.9278817593781
2022-05-26,50858,0.23596810195852533,0.23632603515712808,0.2365399752105744,0.04716539331254934,0.08,2022,5,26,3,303,58,50815.0,51146.0,50772.71428571428,51256.066666666666,290.36741913938226
2022-05-27,50961,0.2373181883640553,0.23803443780065636,0.2387836896436294,0.06723577344554905,0.2,2022,5,27,4,245,11,50858.0,50815.0,50876.42857142857,51195.0,171.70600567070983
2022-05-30,50908,0.23864127304147462,0.23809737895068112,0.238530367046349,0.02007038013299972,-0.1,2022,5,30,0,280,-189,50961.0,50858.0,50923.42857142857,51121.8,111.03131262573888
2022-05-31,50924,0.23668814804147462,0.23958099177269254,0.23780658819697642,0.0022746430817399683,0.03,2022,5,31,1,525,44,50908.0,50961.0,50935.142857142855,51065.833333333336,105.17989126374337
2022-06-01,50504,0.23461801555299536,0.23570561524974148,0.23384389899666158,0.001003519006649986,-0.82,2022,6,1,2,532,-146,50924.0,50908.0,50873.71428571428,50999.333333333336,194.01264073338453
2022-06-02,51078,0.236868159562212,0.23972485725846332,0.2391184373614642,6.690126710999907e-05,1.14,2022,6,2,3,396,178,50504.0,50924.0,50864.0,50956.73333333333,179.2475011516265
2022-06-03,51287,0.24703881048387097,0.246324686418199,0.24029457799169468,0.00026760506843999626,0.41,2022,6,3,4,1000,-743,51078.0,50504.0,50931.42857142857,50924.63333333333,237.16369673721724
2022-06-06,50871,0.23855126728110596,0.2381423369149845,0.23839465851209163,0.05051045666804929,-0.81,2022,6,6,0,300,-216,51287.0,51078.0,50933.28571428572,50904.933333333334,236.54295895463744
2022-06-07,50929,0.23616611463133638,0.2373330935575237,0.23712804552568967,0.06154916574119914,0.11,2022,6,7,1,350,107,50871.0,51287.0,50928.71428571428,50880.73333333333,236.22709010120187
2022-06-08,51036,0.23655313940092162,0.237989479836353,0.238530367046349,0.0504435554009393,0.21,2022,6,8,2,268,171,50929.0,50871.0,50947.0,50870.03333333333,239.2906182917453
2022-06-09,50971,0.2381912442396313,0.23791754709346757,0.2382589499778343,0.05405622382487924,-0.13,2022,6,9,3,290,-76,51036.0,50929.0,50953.71428571428,50856.03333333333,239.1970695842338
2022-06-10,51645,0.23680515552995393,0.243582250595693,0.23513765368991507,0.1584222005164778,1.32,2022,6,10,4,1265,752,50971.0,51036.0,51116.71428571428,50850.566666666666,268.62037295107416
2022-06-13,50682,0.24188148041474652,0.24275502405251087,0.2364042666763171,0.1290525442551882,-1.86,2022,6,13,0,1033,-775,51645.0,50971.0,51060.142857142855,50845.6,315.70472944341174
2022-06-14,50251,0.23443800403225803,0.23418603605628735,0.23278537242945418,0.07238717101301899,-0.85,2022,6,14,1,480,-379,50682.0,51645.0,50912.142857142855,50819.9,417.9188232893843
2022-06-15,50433,0.23234987039170504,0.23553477498538866,0.23343677339388952,0.09513360183041868,0.36,2022,6,15,2,558,35,50251.0,50682.0,50849.57142857143,50806.46666666667,456.1461232069364
2022-06-16,50945,0.23574308755760368,0.23742300948613043,0.23384389899666158,0.11346454901855842,1.02,2022,6,16,3,723,170,50433.0,50251.0,50851.857142857145,50782.86666666667,456.65027777601154
2022-06-17,50824,0.23676915322580647,0.23823225284359123,0.23821371379974848,0.071450553273479,-0.24,2022,6,17,4,330,-65,50945.0,50433.0,50821.57142857143,50764.3,449.3743269443789
2022-06-20,50748,0.23639112903225803,0.2364609090500382,0.23740850982982153,0.03840132732113946,-0.15,2022,6,20,0,222,-99,50824.0,50945.0,50789.71428571428,50755.03333333333,444.8976340286917
2022-06-21,50775,0.23641813076036863,0.23656880816436632,0.23717328170377544,0.04863722118896932,0.05,2022,6,21,1,260,-75,50748.0,50824.0,50665.42857142857,50758.8,240.89337693266828
2022-06-22,50898,0.23541006624423963,0.23794452187204962,0.23587047977490477,0.09600331830284865,0.24,2022,6,22,2,557,160,50775.0,50748.0,50696.28571428572,50760.0,256.6863938044134
2022-06-23,50608,0.23604010656682026,0.23712628692172816,0.23617808578588811,0.08516531303102881,-0.57,2022,6,23,3,432,-200,50898.0,50775.0,50747.28571428572,50771.96666666667,176.36866151422993
2022-06-24,50614,0.23398797523041473,0.234500741806411,0.23497480344880622,0.05532734789996923,0.01,2022,6,24,4,273,34,50608.0,50898.0,50773.142857142855,50794.3,129.7079136350684
2022-06-27,50681,0.23554507488479262,0.23656880816436632,0.23647664456125433,0.05291890228400926,0.13,2022,6,27,0,337,-72,50614.0,50608.0,50735.42857142857,50807.3,107.96891088040009
2022-06-28,50824,0.23569808467741934,0.2364339342714562,0.2375623128353132,0.04689778824410935,0.28,2022,6,28,1,202,54,50681.0,50614.0,50735.42857142857,50826.86666666667,107.96891088040009
2022-06-29,50836,0.23587809619815667,0.23860090815087892,0.23767087966271905,0.01920066366056973,0.02,2022,6,29,2,431,46,50824.0,50681.0,50748.0,50846.9,114.59639320567351
2022-06-30,50719,0.23641813076036863,0.2374050263004091,0.2363137943201455,0.0028767544857299598,-0.23,2022,6,30,3,448,-131,50836.0,50824.0,50740.0,50851.566666666666,114.35179638181528
2022-07-01,52227,0.2424485167050691,0.26111585667400977,0.2417240412192055,0.001003519006649986,2.97,2022,7,1,4,2487,707,50719.0,50836.0,50929.857142857145,50897.73333333333,579.1290669556479
2022-07-04,51808,0.25214213709677413,0.25142291957020185,0.2438320471180031,0.0008697164724299879,-0.8,2022,7,4,0,1176,-789,52227.0,50719.0,51101.28571428572,50926.86666666667,642.1541129389212
2022-07-05,52238,0.25366323444700456,0.252942498763656,0.24906134930471996,0.00013380253421999813,0.83,2022,7,5,1,767,-528,51808.0,52227.0,51333.28571428572,50963.26666666667,724.8074949698068
2022-07-06,50581,0.24180047523041473,0.24241334352380522,0.23563525164885873,0.12457015935881827,-3.17,2022,7,6,2,1080,-867,52238.0,51808.0,51319.0,50955.46666666667,740.6195604599116
2022-07-07,50691,0.23543706797235023,0.236245110821382,0.23646759732563716,0.06348930248738911,0.22,2022,7,7,3,302,-50,50581.0,52238.0,51300.0,50949.9,756.9605890241775
2022-07-08,50832,0.23515805011520738,0.2373330935575237,0.23469433914467436,0.08362658388749883,0.28,2022,7,8,4,619,122,50691.0,50581.0,51299.42857142857,50945.6,757.3706395925194
2022-07-11,50709,0.23587809619815667,0.23630805197140675,0.23708280934760384,0.047700603449429335,-0.24,2022,7,11,0,241,-81,50832.0,50691.0,51298.0,50938.96666666667,758.6562682373549
2022-07-12,50532,0.23556307603686635,0.2354898170210853,0.23560810994200726,0.06843999625352905,-0.35,2022,7,12,1,313,-223,50709.0,50832.0,51055.857142857145,50925.9,679.0482134524291
2022-07-13,50849,0.23371795794930875,0.23688351391448992,0.23278537242945418,0.11098920213548845,0.63,2022,7,13,2,780,299,50532.0,50709.0,50918.857142857145,50937.4,593.3417869937323
2022-07-14,50323,0.23551807315668202,0.23513914489951893,0.23247776641847084,0.1071758299102185,-1.03,2022,7,14,3,620,-427,50849.0,50532.0,50645.28571428572,50912.23333333333,184.0948254685722
2022-07-15,50212,0.2315128168202765,0.23155149934810948,0.2314373343224978,0.0789434951897989,-0.22,2022,7,15,4,336,-93,50323.0,50849.0,50592.57142857143,50876.4,247.48660377889328
2022-07-18,50457,0.23065776209677416,0.2340961201276806,0.23287584478562579,0.07640124703961894,0.49,2022,7,18,0,460,247,50212.0,50323.0,50559.142857142855,50862.6,247.77908748089186
2022-07-19,50395,0.23253888248847923,0.23292721305579284,0.2336900959911699,0.04716539331254934,-0.12,2022,7,19,1,240,-24,50457.0,50212.0,50496.71428571428,50844.8,221.20029708603477
2022-07-20,50309,0.23224186347926265,0.2328372971271861,0.23350915127882677,0.05238369214712927,-0.17,2022,7,20,2,250,-77,50395.0,50457.0,50439.57142857143,50820.566666666666,208.52326580821367
2022-07-21,50427,0.2310627880184332,0.23281032234860405,0.2288950611140766,0.12383424542060827,0.23,2022,7,21,3,757,172,50309.0,50395.0,50424.57142857143,50802.433333333334,204.50416226404997
2022-07-22,50720,0.2325478830645161,0.23627208559996404,0.2344138748405425,0.07412660395787897,0.58,2022,7,22,4,532,300,50427.0,50309.0,50406.142857142855,50771.6,161.08634183621996
2022-07-25,50567,0.23538306451612903,0.23549880861394595,0.23527336222417244,0.05813720111858919,-0.3,2022,7,25,0,351,-168,50720.0,50427.0,50441.0,50767.76666666667,166.4081328211989
2022-07-26,50612,0.23398797523041473,0.2346805736636245,0.23550859035021848,0.04442244136103938,0.09,2022,7,26,1,234,32,50567.0,50720.0,50498.142857142855,50779.8,141.47606226092103
2022-07-27,50722,0.23406898041474652,0.2349053634851414,0.23572572400503028,0.04656328190855935,0.22,2022,7,27,2,235,133,50612.0,50567.0,50536.0,50789.433333333334,162.5217934177416
2022-07-28,51274,0.236868159562212,0.24016544530863643,0.23890130370665247,0.06576394556912908,1.09,2022,7,28,3,469,374,50722.0,50612.0,50661.57142857143,50800.4,308.99452915872604
2022-07-29,51365,0.2417554723502304,0.24126241963763878,0.24152500203562804,0.03799991971847947,0.18,2022,7,29,4,301,-78,51274.0,50722.0,50812.42857142857,50818.433333333334,361.4935947565926
2022-08-01,51260,0.24585973502304145,0.2451467877534505,0.24023124734237455,0.009031671059849873,-0.2,2022,8,1,0,876,-639,51365.0,51274.0,50931.42857142857,50835.5,350.4054114641966
2022-08-02,51274,0.24171046947004607,0.2418019152092793,0.24092788448489566,0.0015387291435299784,0.03,2022,8,2,1,427,-164,51260.0,51365.0,51010.57142857143,50852.13333333333,357.19082535353147
2022-08-03,51216,0.24001836117511519,0.24043519309445666,0.24126263220273048,0.00046830886976999346,-0.11,2022,8,3,2,238,-34,51274.0,51260.0,51103.28571428572,50862.73333333333,302.981140388368
2022-08-04,51802,0.2441856278801843,0.2451827541248932,0.24647383991821303,6.690126710999907e-05,1.14,2022,8,4,3,190,89,51216.0,51274.0,51273.28571428572,50902.53333333333,314.9934995589503
2022-08-05,51641,0.24618375576036863,0.2457402328822551,0.24477295962218748,0.0004014076026599944,-0.31,2022,8,5,4,440,-294,51802.0,51216.0,51404.57142857143,50936.76666666667,225.8213579730558
2022-08-08,52183,0.24588673675115205,0.24813199658319468,0.2466638318661733,0.05813720111858919,1.05,2022,8,8,0,497,281,51641.0,51802.0,51534.42857142857,50986.833333333336,359.82257532958505
2022-08-09,52383,0.24923495103686635,0.25036191161264215,0.25073508789389404,0.031175990473259564,0.38,2022,8,9,1,295,109,52183.0,51641.0,51679.857142857145,51038.8,469.06908822300414
2022-08-10,52184,0.24991899481566818,0.25041586116980624,0.25002035628013863,0.06750337851398906,-0.38,2022,8,10,2,380,-166,52383.0,52183.0,51811.857142857145,51083.73333333333,461.17004404707427
2022-08-11,52246,0.24735383064516128,0.24965157577664882,0.24819281468547288,0.06108085687142915,0.12,2022,8,11,3,497,181,52184.0,52383.0,51950.71428571428,51134.63333333333,416.3907276799392
2022-08-12,52456,0.24928895449308755,0.25037090320550287,0.25083460748568276,0.050978765537819284,0.4,2022,8,12,4,285,176,52246.0,52184.0,52127.857142857145,51142.26666666667,298.92553620106077
2022-08-16,51821,0.24879392281105991,0.25014611338398596,0.24694429617030517,0.07432730775920895,-1.21,2022,8,16,1,690,-404,52456.0,52246.0,52130.57142857143,51142.7,295.5406667734601
2022-08-17,51563,0.2451576900921659,0.2455514094321809,0.24461010938107863,0.06054564673454915,-0.5,2022,8,17,2,437,-258,51821.0,52456.0,52119.42857142857,51120.2,317.7141572497204
2022-08-18,51642,0.24316856278801843,0.2447151912961381,0.24545150229347423,0.04923933259295931,0.15,2022,8,18,3,251,42,51563.0,51821.0,52042.142857142855,51155.566666666666,362.33935685544037
2022-08-19,51517,0.24404161866359445,0.2433304859955941,0.24412155865775215,0.03967245139622944,-0.24,2022,8,19,4,244,-180,51642.0,51563.0,51918.42857142857,51183.1,374.2088797942596
2022-08-22,51217,0.24182747695852533,0.2412714112304995,0.24056599506020937,0.05546115043418923,-0.58,2022,8,22,0,408,-234,51517.0,51642.0,51780.28571428572,51195.933333333334,433.6057019510644
2022-08-23,51458,0.2398563508064516,0.242143595737985,0.24119930155341035,0.05298580355111926,0.47,2022,8,23,1,435,226,51217.0,51517.0,51667.71428571428,51220.9,392.9282013690629
2022-08-24,51480,0.2410354262672811,0.24228746122375577,0.24290922908505308,0.03492246143141951,0.04,2022,8,24,2,262,117,51458.0,51217.0,51528.28571428572,51252.5,184.44304838560254
2022-08-25,51628,0.2422595046082949,0.24440048554601446,0.2445377314961414,0.07178505960902899,0.29,2022,8,25,3,317,129,51480.0,51458.0,51500.71428571428,51278.46666666667,143.21046783587323
2022-08-26,51242,0.24297055011520738,0.24279998201681424,0.24160642715618247,0.04903862879162931,-0.75,2022,8,26,4,463,-336,51628.0,51480.0,51454.857142857145,51309.1,169.01127041216665
2022-08-29,51181,0.23859627016129029,0.23991368070853752,0.23871131175869215,0.04214779827929941,-0.12,2022,8,29,0,462,89,51242.0,51628.0,51389.0,51341.4,173.6874587753774
2022-08-30,50701,0.23842525921658983,0.23833116036505864,0.23649473903248863,0.015922501572179778,-0.94,2022,8,30,1,531,-372,51181.0,51242.0,51272.42857142857,51349.53333333333,300.7883293116882
2022-08-31,50520,0.23325892857142858,0.23438385109922222,0.234730528087143,0.0007359139382099897,-0.36,2022,8,31,2,287,21,50701.0,51181.0,51172.857142857145,51353.7,415.63542862259976
2022-09-01,50169,0.23128780241935484,0.23122780200512522,0.2308854529498512,0.001003519006649986,-0.69,2022,9,1,3,361,-111,50520.0,50701.0,50988.71428571428,51349.03333333333,536.280310500978
2022-09-02,50313,0.2312427995391705,0.23157847412669152,0.233463915100741,0.0,0.29,2022,9,2,4,115,38,50169.0,50520.0,50822.0,51345.23333333333,539.483085928028
2022-09-05,50604,0.236868159562212,0.23616418648563592,0.2336900959911699,0.0,0.58,2022,9,5,0,600,-296,50313.0,50169.0,50675.71428571428,51341.36666666667,407.0920101946372
2022-09-06,50354,0.2342579925115207,0.23503124578519086,0.23389818241036453,0.0569998795777192,-0.49,2022,9,6,1,451,-256,50604.0,50313.0,50548.857142857145,51334.26666666667,332.7949461648479
2022-09-07,50570,0.23155781970046083,0.23343074225599064,0.23159113732798947,0.06884140385618903,0.43,2022,9,7,2,528,260,50354.0,50604.0,50461.57142857143,51332.86666666667,187.98302862225077
2022-09-08,50429,0.23368195564516128,0.2354898170210853,0.23351819851444394,0.07994701419644888,-0.28,2022,9,8,3,544,-117,50570.0,50354.0,50422.71428571428,51323.1,155.55890019841684
2022-09-09,50592,0.23367295506912442,0.23511217012093694,0.23491147279948615,0.0788096926555789,0.32,2022,9,9,4,348,47,50429.0,50570.0,50433.0,51300.36666666667,165.14841810435604
2022-09-12,50696,0.23374495967741934,0.2356606572854381,0.23507432304059495,0.0858343257021288,0.21,2022,9,12,0,391,143,50592.0,50429.0,50508.28571428572,51278.066666666666,143.4349031127143
2022-09-13,50233,0.23487003168202766,0.23416805287056602,0.23179017651156691,0.13360183041866813,-0.91,2022,9,13,1,588,-445,50696.0,50592.0,50496.857142857145,51243.833333333336,163.3875031722341
2022-09-14,50101,0.23033374135944698,0.23004990334037673,0.23165446797730954,0.07740476604626892,-0.26,2022,9,14,2,145,-73,50233.0,50696.0,50425.0,51204.73333333333,211.83798841497546
2022-09-15,49394,0.22894765264976955,0.2282515847682417,0.22426287647809212,0.143168711615398,-1.41,2022,9,15,3,762,-626,50101.0,50233.0,50287.857142857145,51144.0,446.377056077959
2022-09-16,49451,0.22168418778801843,0.2239805781594209,0.22200106757380283,0.11018638693016847,0.12,2022,9,16,4,537,238,49394.0,50101.0,50128.0,51065.63333333333,522.3919346005048
2022-09-19,49361,0.2232772897465438,0.22324326754484558,0.22305959414101023,0.058538608721249184,-0.18,2022,9,19,0,338,-29,49451.0,49394.0,49975.42857142857,50989.63333333333,573.3093571972468
2022-09-20,49218,0.22399733582949308,0.22419637638807716,0.22334910568075927,0.059207621392349176,-0.29,2022,9,20,1,412,-252,49361.0,49451.0,49779.142857142855,50890.8,562.1303017919845
2022-09-21,49428,0.2215851814516129,0.22400755293800295,0.22333101120952492,0.1069751261088885,0.43,2022,9,21,2,393,226,49218.0,49361.0,49598.0,50792.3,397.68664381508944
2022-09-22,49955,0.2228092597926267,0.22933057591152273,0.224253829242475,0.11306314141589842,1.07,2022,9,22,3,883,617,49428.0,49218.0,49558.28571428572,50718.0,332.1925718075912
2022-09-23,49382,0.22833561347926265,0.22822460998965965,0.22419954582877205,0.0933272676184487,-1.15,2022,9,23,4,766,-570,49955.0,49428.0,49455.57142857143,50622.53333333333,232.6648928892681
2022-09-26,49110,0.22156718029953917,0.22466393921683225,0.22238105146972342,0.09218994607757872,-0.55,2022,9,26,0,571,-90,49382.0,49955.0,49415.0,50511.0,267.3649191689452
2022-09-27,49160,0.22170218894009217,0.22236209144449937,0.2222453429354661,0.09821106011747863,0.1,2022,9,27,1,330,-55,49110.0,49382.0,49373.42857142857,50422.3,283.00050479901415
2022-09-28,49726,0.21983906970046083,0.2260306613316549,0.22091539929974396,0.08958079666028874,1.15,2022,9,28,2,885,718,49160.0,49110.0,49425.57142857143,50361.066666666666,312.4248481099156
2022-09-29,49902,0.22614847350230413,0.2273794002607562,0.22683229139336475,0.0037464709581599477,0.35,2022,9,29,3,381,193,49726.0,49160.0,49523.28571428572,50303.066666666666,342.227368033012
2022-09-30,50029,0.22804759504608293,0.22987007148316324,0.2301616741004786,0.0006690126710999907,0.25,2022,9,30,4,290,109,49902.0,49726.0,49609.142857142855,50253.46666666667,386.8214181325182
2022-10-03,50245,0.2298477102534562,0.23301712898439958,0.23177208204033262,6.690126710999907e-05,0.43,2022,10,3,0,462,125,50029.0,49902.0,49650.57142857143,50221.066666666666,441.6762981904295
2022-10-04,51127,0.2359771025345622,0.2433394775884548,0.23821371379974848,6.690126710999907e-05,1.76,2022,10,4,1,898,326,50245.0,50029.0,49899.857142857145,50210.03333333333,688.3766964335448
2022-10-05,51361,0.24013536866359445,0.24057006698736683,0.24106359301915303,0.043954132491269386,0.46,2022,10,5,2,275,98,51127.0,50245.0,50221.42857142857,50206.066666666666,777.8583541043645
2022-10-06,51711,0.24226850518433177,0.24424762846738296,0.2445467787317585,0.08416179402437883,0.68,2022,10,6,3,299,211,51361.0,51127.0,50585.857142857145,50208.833333333336,795.0803792863945
2022-10-07,51716,0.243870607718894,0.24490401474621226,0.2438320471180031,0.09580261450151867,0.01,2022,10,7,4,451,38,51711.0,51361.0,50870.142857142855,50224.63333333333,792.1549571850868
2022-10-10,50871,0.24184547811059906,0.24113653733758933,0.23787896608191367,0.10035190066499859,-1.63,2022,10,10,0,690,-582,51716.0,51711.0,51008.57142857143,50214.3,670.0273270920162
2022-10-11,50874,0.23596810195852533,0.23688351391448992,0.2359338104242249,0.07466181409475896,0.01,2022,10,11,1,432,74,50871.0,51716.0,51129.28571428572,50220.066666666666,524.4307117542246
2022-10-12,50713,0.233834965437788,0.23530998516387175,0.2359519048954592,0.05117946933914928,-0.32,2022,10,12,2,255,150,50874.0,50871.0,51196.142857142855,50226.5,410.3268731872496
2022-10-13,50615,0.23503204205069125,0.2363440183428494,0.23278537242945418,0.11011948566305846,-0.19,2022,10,13,3,720,-81,50713.0,50874.0,51123.0,50241.36666666667,466.495087508043
2022-10-14,50067,0.2337269585253456,0.23464460729218178,0.23081307506491394,0.09660542970683865,-1.08,2022,10,14,4,749,-484,50615.0,50713.0,50938.142857142855,50233.166666666664,595.1180355130522
2022-10-17,50231,0.23028873847926265,0.23233376792698823,0.2319258850458243,0.058739312522579176,0.33,2022,10,17,0,369,62,50067.0,50615.0,50726.71428571428,50220.73333333333,534.6059964412793
2022-10-18,50192,0.23073876728110596,0.23070628961920603,0.23173589309786397,0.04816891231919933,-0.08,2022,10,18,1,209,-27,50231.0,50067.0,50509.0,50215.333333333336,339.17989327547434
2022-10-19,49981,0.22933467741935484,0.23016679404756551,0.22967312337715212,0.06054564673454915,-0.42,2022,10,19,2,377,-82,50192.0,50231.0,50381.857142857145,50195.7,347.5727399065512
2023-01-02,55016,0.2728704637096774,0.2732904734073641,0.2752892853588586,0.0036795696910499488,0.43,2023,1,2,0,131,116,54779.0,54642.0,54520.142857142855,53672.066666666666,322.5494425050423
2023-01-03,55380,0.27754176267281105,0.28040282336015826,0.27860057359473817,0.010637301470489852,0.66,2023,1,3,1,556,-39,55016.0,54779.0,54702.42857142857,53779.36666666667,399.5438470524776
2023-01-04,55688,0.2791708669354839,0.28041181495301887,0.28123331915933086,0.003010557019949958,0.56,2023,1,4,2,266,88,55380.0,55016.0,54910.71428571428,53893.666666666664,483.44138365661246
2023-01-05,55071,0.28373415898617516,0.2829834105111721,0.2761849616849572,0.004950693766139931,-1.11,2023,1,5,3,1110,-1036,55688.0,55380.0,54985.71428571428,53979.566666666666,457.45554038817187
2023-01-06,55628,0.2764976958525346,0.27932383221687723,0.27806678669332585,0.06134846193986914,1.01,2023,1,6,4,495,325,55071.0,55688.0,55172.0,54087.63333333333,405.65625842984144
2023-01-09,55792,0.28233906970046085,0.28271366272535176,0.282735160271779,0.05472523649597923,0.29,2023,1,9,0,356,-160,55628.0,55071.0,55336.28571428572,54209.1,387.7098203105427
2023-01-10,55642,0.2814120103686636,0.2809333273389381,0.2814595000497598,0.046630183175669346,-0.27,2023,1,10,1,299,-207,55792.0,55628.0,55459.57142857143,54318.6,310.48663801249637
2023-01-11,55641,0.27966589861751157,0.28071752911028186,0.2804823986031068,0.04910553005873931,0.0,2023,1,11,2,383,-14,55642.0,55792.0,55548.857142857145,54425.5,244.5297722715491
2023-01-12,55801,0.2800709245391705,0.2813019826462258,0.28118808298124515,0.059207621392349176,0.29,2023,1,12,3,370,101,55641.0,55642.0,55609.0,54507.566666666666,247.82789727963097
2023-01-13,56224,0.2813760080645161,0.2842961830688306,0.28344989188553443,0.0790103964569089,0.76,2023,1,13,4,453,379,55801.0,55641.0,55685.57142857143,54603.5,341.43171945648055
2023-01-16,56414,0.285426267281106,0.28615744279099037,0.28762971474066096,0.036862598177609486,0.34,2023,1,16,0,198,119,56224.0,55801.0,55877.42857142857,54707.3,314.8279197451234
2023-01-17,56306,0.28484122983870974,0.28588769500517014,0.28734020320091197,0.04529215783346937,-0.19,2023,1,17,1,200,76,56414.0,56224.0,55974.28571428572,54802.63333333333,329.26418688546204
2023-01-18,56220,0.2853722638248848,0.28644517376253203,0.2859197872090183,0.0642252164255991,-0.15,2023,1,18,2,419,-69,56306.0,56414.0,56035.42857142857,54887.8,329.51168778118193
2023-01-19,56443,0.28546226958525345,0.2862473587195971,0.2869511720693742,0.05131327187336928,0.4,2023,1,19,3,283,144,56220.0,56306.0,56149.857142857145,54977.86666666667,308.5284582129849
2023-01-20,56569,0.28763140841013823,0.2889268533920784,0.2898462874668645,0.043352021087279397,0.22,2023,1,20,4,261,29,56443.0,56220.0,56282.42857142857,55065.166666666664,246.5960645491227
2023-01-23,56705,0.28826144873271886,0.28920559277075936,0.2887425247215713,0.058271003652809183,0.24,2023,1,23,0,414,95,56569.0,56443.0,56411.57142857143,55162.3,180.23397492649644
2023-01-24,56881,0.29010656682027647,0.29101290293575505,0.29098623915462635,0.06067944926876915,0.31,2023,1,24,1,367,66,56705.0,56569.0,56505.42857142857,55245.8,230.36988891307138
2023-01-25,56865,0.29082661290322587,0.2903744998426471,0.29114004216011796,0.04402103375837939,-0.03,2023,1,25,2,279,-30,56881.0,56705.0,56569.857142857145,55329.96666666667,261.5010698397911
2023-01-27,56789,0.2893415178571429,0.29006878568538413,0.28978295681754446,0.06830619371930904,-0.13,2023,1,27,4,395,59,56865.0,56881.0,56638.857142857145,55429.76666666667,243.36969722495618
2023-01-30,56754,0.2896115351382489,0.29102189452861577,0.29057911355185423,0.032447114548349545,-0.06,2023,1,30,0,413,-6,56789.0,56865.0,56715.142857142855,55523.0,159.40141005455192
2023-01-31,56864,0.2890715005760369,0.2904284493998112,0.28942106739285817,0.006957731779439903,0.19,2023,1,31,1,475,164,56754.0,56789.0,56775.28571428572,55620.3,111.97427427234155
2023-02-01,57599,0.290682603686636,0.3009036550824979,0.2924971275026916,0.00428168109503994,1.29,2023,2,1,2,1300,720,56864.0,56754.0,56922.42857142857,55722.23333333333,305.4023887451159
2023-02-02,57710,0.3034634216589862,0.30805197140673474,0.30063963955813305,0.0014049266093099804,0.19,2023,2,2,3,1195,-589,57599.0,56864.0,57066.0,55823.1,405.8587603304395
2023-02-03,57424,0.3004302275345623,0.2999145798678236,0.2961341162207887,0.0006021114039899916,-0.5,2023,2,3,4,788,-538,57710.0,57599.0,57143.57142857143,55935.03333333333,416.36236507549535
2023-02-06,56926,0.28898149481566826,0.29169626399316634,0.29127575069437533,0.06710197091132906,-0.87,2023,2,6,0,411,236,57424.0,57710.0,57152.28571428572,56029.1,410.1522945998805
2023-02-07,57175,0.29177167338709675,0.2934316414152767,0.29329328423700135,0.06067944926876915,0.44,2023,2,7,1,381,175,56926.0,57424.0,57207.42857142857,56127.26666666667,377.84558448913776
2023-02-08,57128,0.2934637816820277,0.2937373555725397,0.293673268132922,0.050577357935159294,-0.08,2023,2,8,2,373,-60,57175.0,56926.0,57260.857142857145,56213.333333333336,325.917386558013
2023-02-09,56797,0.29282474078341014,0.2935395405296048,0.29150193158480425,0.0646266240282591,-0.58,2023,2,9,3,591,-320,57128.0,57175.0,57251.28571428572,56295.76666666667,340.18608353698454
2023-02-10,56711,0.28943152361751157,0.28921458436361996,0.2894663035709439,0.07044703426682901,-0.15,2023,2,10,4,335,-29,56797.0,57128.0,57124.42857142857,56364.73333333333,354.19244164426107
2023-02-13,56486,0.28960253456221197,0.28956525648518633,0.2894753508065611,0.052651297215569264,-0.4,2023,2,13,0,373,-273,56711.0,56797.0,56949.57142857143,56421.63333333333,317.11872495627074
2023-02-14,56679,0.28781141993087556,0.2905543316998606,0.28857967448046257,0.10918286792351847,0.34,2023,2,14,1,582,119,56486.0,56711.0,56843.142857142855,56477.066666666666,249.07256545177322
2023-02-15,56151,0.28847746255760365,0.2877219799487479,0.28619120427753303,0.07017942919838902,-0.93,2023,2,15,2,531,-483,56679.0,56486.0,56732.42857142857,56502.76666666667,355.5783350887915
2023-02-16,56229,0.284886232718894,0.2845389560760689,0.2846169852801476,0.05967593026211917,0.14,2023,2,16,3,351,-6,56151.0,56679.0,56597.28571428572,56520.8,338.7086822508563
2023-02-17,56232,0.28590329781105994,0.28515038439059476,0.28287991604165347,0.06154916574119914,0.01,2023,2,17,4,611,-116,56229.0,56151.0,56469.28571428572,56559.5,266.2797490712006
2023-02-20,56202,0.28451720910138245,0.28506946005484873,0.28689688865567126,0.02348234475560967,-0.05,2023,2,20,0,158,8,56232.0,56229.0,56384.28571428572,56578.63333333333,237.66202494033342
2023-02-21,56157,0.28440020161290325,0.28458391404037225,0.2852593390089659,0.0427499096832894,-0.08,2023,2,21,1,285,-24,56202.0,56232.0,56305.142857142855,56590.8,199.9878567829304
2023-02-22,56060,0.2836981566820277,0.2851683675763161,0.28492459129113107,0.04214779827929941,-0.17,2023,2,22,2,387,-43,56157.0,56202.0,56244.28571428572,56604.73333333333,200.5955419047163
2023-02-23,55630,0.2827710973502304,0.28202131007507975,0.28133283875111964,0.041411884341089424,-0.77,2023,2,23,3,434,-370,56060.0,56157.0,56094.42857142857,56604.36666666667,213.15163393946713
2023-02-24,55535,0.280916978686636,0.2801690419457807,0.28060905990174706,0.044556243895259376,-0.17,2023,2,24,4,308,-259,55630.0,56060.0,56006.42857142857,56595.5,296.6911172432481
2023-02-27,55447,0.2782978110599078,0.2778851773591692,0.27929721073725927,0.017461230715709757,-0.16,2023,2,27,0,199,-56,55535.0,55630.0,55894.71428571428,56569.6,342.59194108829206
2023-02-28,55714,0.27871183755760365,0.28201231848221914,0.2791524549673848,0.0025422481501799644,0.48,2023,2,28,1,674,165,55447.0,55535.0,55820.71428571428,56546.26666666667,312.19102821610613
2023-03-01,56047,0.28268109158986177,0.283316099447017,0.2834408446499172,0.0007359139382099897,0.6,2023,3,1,2,345,57,55714.0,55447.0,55798.57142857143,56537.63333333333,284.94844981330596
2023-03-02,55915,0.2821860599078341,0.28247088971811357,0.27711682695352435,0.0011373215408699842,-0.24,2023,3,2,3,950,-20,56047.0,55714.0,55764.0,56527.46666666667,246.2695000808003
2023-03-03,55879,0.2827620967741936,0.28228206626803937,0.2826356406799902,0.0004014076026599944,-0.06,2023,3,3,4,319,-120,55915.0,56047.0,55738.142857142855,56508.666666666664,217.8764394341862
2023-03-06,55752,0.27921586981566826,0.28189542777503035,0.2816856809401887,0.0427499096832894,-0.23,2023,3,6,0,381,147,55879.0,55915.0,55755.57142857143,56481.433333333334,212.59966851102604
2023-03-07,55077,0.27966589861751157,0.2791170255810817,0.2766644651726665,0.05285200101689926,-1.21,2023,3,7,1,627,-578,55752.0,55879.0,55690.142857142855,56427.166666666664,329.90727413498524
2023-03-08,54955,0.27386052707373265,0.27428854021489907,0.27519881300268706,0.04823581358630932,-0.22,2023,3,8,2,252,-55,55077.0,55752.0,55619.857142857145,56362.96666666667,428.12943081171414
2023-03-09,55272,0.2736535138248848,0.27658139639437124,0.2745745537451032,0.06108085687142915,0.58,2023,3,9,3,576,285,54955.0,55077.0,55556.71428571428,56309.86666666667,444.22243463372257
2023-03-10,56101,0.27608366935483875,0.28334307422559907,0.27850105400294944,0.0925913536802387,1.5,2023,3,10,4,894,844,55272.0,54955.0,55564.42857142857,56286.933333333334,454.5055398096125
2023-03-13,57539,0.2847152217741936,0.2964078586521602,0.28721354190227183,0.12564057963257824,2.56,2023,3,13,0,1384,1323,56101.0,55272.0,55796.42857142857,56313.1,879.2720203200319
2023-03-14,57417,0.2917806739631337,0.2971092028952929,0.29430657462612303,0.07800687745025892,-0.21,2023,3,14,1,678,416,57539.0,56101.0,56016.142857142855,56331.53333333333,1073.9513379077748
2023-03-15,58263,0.2955519153225806,0.30501281301982647,0.2944422831603804,0.13380253421999813,1.47,2023,3,15,2,1542,843,57417.0,57539.0,56374.857142857145,56353.666666666664,1353.8890191570224
2023-03-16,57942,0.3024463565668203,0.30387088072652074,0.3015443631198487,0.09433078662509868,-0.55,2023,3,16,3,630,-244,58263.0,57417.0,56784.142857142855,56361.4,1328.971585924258
2023-03-17,59231,0.3030223934331797,0.3116486085510048,0.3039509277940126,0.11192581987502843,2.22,2023,3,17,4,1229,981,57942.0,58263.0,57395.0,56421.63333333333,1330.8089018852409
2023-03-20,59424,0.3126260080645161,0.32086499123319695,0.3134867141344962,0.1644433145563777,0.33,2023,3,20,0,1200,107,59231.0,57942.0,57988.142857142855,56504.9,1138.2220680492208
2023-03-21,58520,0.3140210973502304,0.31467877534505234,0.3076421999258127,0.11252793127901843,-1.52,2023,3,21,1,1158,-952,59424.0,59231.0,58333.71428571428,56549.73333333333,780.910091772671
2023-03-22,58684,0.3054075460829493,0.30694600548487166,0.3067917597777999,0.06750337851398906,0.28,2023,3,22,2,392,169,58520.0,59424.0,58497.28571428572,56601.6,702.7047066625952
2023-03-23,59436,0.3076936923963134,0.3134019691588365,0.310311134432874,0.08830967258519877,1.28,2023,3,23,3,721,667,58684.0,58520.0,58785.71428571428,56689.566666666666,590.8459230339296
2023-03-24,59226,0.31346306163594473,0.3170165894888279,0.3136767060824565,0.10142232093875858,-0.35,2023,3,24,4,751,-184,59436.0,58684.0,58923.28571428572,56773.4,560.1686395772626
2023-03-27,58496,0.31208597350230416,0.31130692802229915,0.3069817517257602,0.08335897881905883,-1.23,2023,3,27,0,856,-761,59226.0,59436.0,59002.42857142857,56840.4,420.02772017836674
2023-03-28,58986,0.3066856278801844,0.3094546598930001,0.30754268033402393,0.05960902899500917,0.84,2023,3,28,1,588,329,58496.0,59226.0,58967.42857142857,56917.3,407.8377361789407
2023-03-29,58997,0.308863767281106,0.30979634042170573,0.30937022192868974,0.05820410238569919,0.02,2023,3,29,2,424,98,58986.0,58496.0,58906.42857142857,57012.166666666664,356.92196026333073
2023-03-30,59389,0.3101688508064516,0.3130962550015735,0.3114148971781672,0.017996440852589748,0.66,2023,3,30,3,565,345,58997.0,58986.0,59030.57142857143,57117.5,351.19503468145496
2023-03-31,59314,0.31258100518433185,0.315020455873758,0.31463571305787524,0.005954212772789917,-0.13,2023,3,31,4,423,2,59389.0,58997.0,59120.57142857143,57220.23333333333,327.5025990506413
2023-04-03,59600,0.3165232574884793,0.3158296992312188,0.3126815101645692,0.001940136746189973,0.48,2023,4,3,0,729,-150,59314.0,59389.0,59144.0,57333.5,358.2508432239117
2023-04-04,60435,0.3147951468894009,0.32360742705570295,0.31744940333481103,0.001070420273759985,1.4,2023,4,4,1,1067,877,59600.0,59314.0,59316.71428571428,57476.1,608.4416472425653
2023-04-05,60366,0.3241647465437788,0.3265207031425617,0.32235300503931025,0.0023415443488499672,-0.11,2023,4,5,2,849,-233,60435.0,59600.0,59583.857142857145,57619.63333333333,598.4812524447738
2023-04-06,60276,0.323273689516129,0.3232028053769725,0.32212682414888133,0.07258787481434899,-0.15,2023,4,6,3,505,-224,60366.0,60435.0,59768.142857142855,57774.5,582.0908945584852
2023-04-10,59867,0.31888140841013823,0.3197860000899159,0.3190055278609621,0.06890830512329904,-0.68,2023,4,10,0,470,-145,60276.0,60366.0,59892.42857142857,57918.9,472.57481141620565
2023-04-11,60281,0.3185933899769585,0.3211347390190172,0.3210954392885254,0.06549634050068909,0.69,2023,4,11,1,389,301,59867.0,60276.0,60019.857142857145,58080.03333333333,432.7899523571177
2023-04-12,60404,0.32228362615207373,0.325378770849256,0.3228144140557853,0.09413008282376868,0.2,2023,4,12,2,671,14,60281.0,59867.0,60175.57142857143,58236.36666666667,317.1344915307174
2023-04-13,60987,0.32325568836405527,0.328256080564672,0.325619057097104,0.0998835917952286,0.97,2023,4,13,3,681,489,60404.0,60281.0,60373.71428571428,58401.03333333333,330.59427011484485
2023-04-14,60145,0.32764796947004615,0.32685339207840663,0.32070640815698764,0.09413008282376868,-1.38,2023,4,14,4,1068,-841,60987.0,60404.0,60332.28571428572,58542.03333333333,339.6801016143861
2023-04-17,60051,0.31922343029953915,0.32197994874792063,0.31931313387194543,0.09031671059849875,-0.16,2023,4,17,0,680,1,60145.0,60987.0,60287.28571428572,58681.1,354.9895370750406
2023-04-18,60331,0.31922343029953915,0.32247448635525783,0.32151161212691465,0.07613364197117893,0.47,2023,4,18,1,492,281,60051.0,60145.0,60295.142857142855,58833.73333333333,355.3066415478201
2023-04-19,60172,0.32168058755760365,0.32144045317628017,0.31807366259239495,0.11553848829896839,-0.26,2023,4,19,2,757,-151,60331.0,60051.0,60338.71428571428,59003.566666666666,309.8455068246549
2023-04-20,60389,0.31816136232718895,0.32292406599829154,0.3208330694556279,0.06890830512329904,0.36,2023,4,20,3,617,457,60172.0,60331.0,60354.142857142855,59184.7,309.18086863194094
2023-04-21,59810,0.32157258064516125,0.3213415456548127,0.3175127339841312,0.1144680680252084,-0.96,2023,4,21,4,808,-501,60389.0,60172.0,60269.28571428572,59335.96666666667,368.95289414695554
2023-04-24,59928,0.3156412010368663,0.31778986647484603,0.31760320634030276,0.056866077043499205,0.2,2023,4,24,0,403,276,59810.0,60389.0,60118.0,59463.53333333333,207.32743829704717
2023-04-25,60123,0.3185933899769585,0.31974104212561255,0.3187431580280646,0.07700335844360892,0.33,2023,4,25,1,494,143,59928.0,59810.0,60114.857142857145,59549.666666666664,207.0164474817355
2023-04-26,59849,0.3195384504608295,0.32068515937598346,0.31968407053224884,0.06703506964421907,-0.46,2023,4,26,2,495,-236,60123.0,59928.0,60086.0,59630.73333333333,230.18398439250805
2023-04-27,59913,0.31967345910138245,0.3202175965472283,0.3178746234088175,0.06496113036380909,0.11,2023,4,27,3,643,-187,59849.0,60123.0,60026.28571428572,59685.73333333333,209.30497230764786
2023-04-28,60057,0.31776533698156684,0.31910263903250463,0.31910504745275087,0.047031590778329344,0.24,2023,4,28,4,383,169,59913.0,59849.0,60009.857142857145,59756.23333333333,200.28016092782136
2023-05-01,59979,0.3203034994239632,0.3220249067122241,0.3205435579158788,0.00996828879938986,-0.13,2023,5,1,0,549,-191,60057.0,59913.0,59951.28571428572,59781.166666666664,110.95151237977605
2023-05-02,60787,0.31922343029953915,0.32572944297082224,0.3205435579158788,0.004749989964809934,1.35,2023,5,2,1,961,737,59979.0,60057.0,60090.857142857145,59826.6,320.4051750434425
2023-05-03,61073,0.32709893433179726,0.32829204693611475,0.3277813464096046,0.0012711240750899822,0.47,2023,5,3,2,446,148,60787.0,59979.0,60254.42857142857,59911.7,477.27520263657743
2023-05-04,61683,0.3311401929723502,0.3350537247673426,0.33185260243732534,0.0012042228079799833,1.0,2023,5,4,3,748,309,61073.0,60787.0,60477.28571428572,60011.666666666664,712.1136880906777
2023-05-05,60799,0.33586549539170507,0.3350627163602032,0.32325772860102603,0.0007359139382099897,-1.43,2023,5,5,4,1699,-1100,61683.0,61073.0,60613.0,60057.1,661.1182445958948
2023-05-08,60916,0.32552383352534564,0.32735692127860444,0.32823370819046244,0.06027804166610916,0.19,2023,5,8,0,292,166,60799.0,61683.0,60756.28571428572,60113.433333333334,588.862947919817
2023-05-09,61359,0.3270179291474654,0.33048599559411945,0.329645076946739,0.07954560659378888,0.73,2023,5,9,1,484,443,60916.0,60799.0,60942.28571428572,60208.86666666667,534.2673220709307
2023-05-10,61207,0.33015913018433185,0.33211347390190166,0.33010648596321396,0.1071758299102185,-0.25,2023,5,10,2,614,-58,61359.0,60916.0,61117.71428571428,60282.9,326.43974140138346
2023-05-11,60886,0.32982610887096775,0.33102549116576,0.3286951172069374,0.12457015935881827,-0.52,2023,5,11,3,649,-342,61207.0,61359.0,61131.857142857145,60345.86666666667,311.52764916580907
2023-05-12,60843,0.32641489055299544,0.3272580137571371,0.32626141082592214,0.1001511968636686,-0.07,2023,5,12,4,499,-6,60886.0,61207.0,61099.0,60394.333333333336,330.33165153265924
2023-05-15,60987,0.325433827764977,0.3277075934001708,0.3281432358342909,0.05158087694180928,0.24,2023,5,15,0,341,247,60843.0,60886.0,60999.57142857143,60450.1,206.96203931775713
2023-05-16,60280,0.32721594182027647,0.32679944252124266,0.32325772860102603,0.09493289802908868,-1.16,2023,5,16,1,780,-658,60987.0,60843.0,60925.42857142857,60472.76666666667,340.6057628968607
2023-05-17,60189,0.3222746255760369,0.3217641505192645,0.3215387538337661,0.06328859868605911,-0.15,2023,5,17,2,410,-200,60280.0,60987.0,60821.57142857143,60464.566666666666,440.2286743483828
2023-05-18,59758,0.32010548675115214,0.3195162523040957,0.318019379178692,0.08355968262038883,-0.72,2023,5,18,3,549,-390,60189.0,60280.0,60592.857142857145,60444.3,522.652028467652
2023-05-19,60389,0.3165052563364056,0.32241154520523313,0.31916837810207094,0.08489770796258882,1.06,2023,5,19,4,744,641,59758.0,60189.0,60476.0,60448.066666666666,448.66245664662836
2023-05-22,60271,0.32313868087557607,0.3225733938767253,0.32271489446399654,0.0497076414627293,-0.2,2023,5,22,0,370,-214,60389.0,59758.0,60388.142857142855,60461.53333333333,413.8600522656372
2023-05-23,60220,0.3190704205069125,0.32042440318302384,0.319403606228117,0.07526392549874895,-0.08,2023,5,23,1,497,187,60271.0,60389.0,60299.142857142855,60459.5,363.687333013724
2023-05-24,59918,0.3213655673963134,0.32153936069774763,0.31961169264731165,0.06984492286283903,-0.5,2023,5,24,2,598,-370,60220.0,60271.0,60146.42857142857,60443.3,224.52977319668278
2023-05-25,59493,0.31654125864055305,0.31798768151778084,0.316119459699089,0.07379209762232897,-0.71,2023,5,25,3,589,-259,59918.0,60220.0,60034.0,60393.5,322.2649013944625
2023-05-26,59430,0.3149031538018433,0.3152002877309716,0.3151242637812017,0.06047874546743916,-0.11,2023,5,26,4,389,-140,59493.0,59918.0,59925.57142857143,60369.666666666664,383.3235609573851
2023-05-29,59358,0.3138230846774194,0.31438205278065007,0.3146628547647266,0.05880621378968918,-0.12,2023,5,29,0,349,-92,59430.0,59493.0,59868.42857142857,60346.566666666666,438.33429296033916
2023-05-30,59845,0.3088727678571429,0.31750213550330436,0.31149632229872165,0.023080937152949677,0.82,2023,5,30,1,1046,945,59358.0,59430.0,59790.71428571428,60330.36666666667,374.18788253048297
2023-05-31,60252,0.3175853254608295,0.32129658769050934,0.31994644036514647,0.00214084054751997,0.68,2023,5,31,2,534,384,59845.0,59358.0,59788.0,60333.03333333333,370.1706813584895
2023-06-01,60033,0.31967345910138245,0.3244436451917457,0.31869792184997875,0.0023415443488499672,-0.36,2023,6,1,3,1022,-67,60252.0,59845.0,59761.28571428572,60321.166666666664,339.25492592735543
2023-06-02,59656,0.3228146601382489,0.3220249067122241,0.3178384344663488,0.0004014076026599944,-0.63,2023,6,2,4,848,-793,60033.0,60252.0,59723.857142857145,60316.03333333333,333.4873453789116
2023-06-05,59805,0.3150651641705069,0.3197860000899159,0.31421049298386877,0.00026760506843999626,0.25,2023,6,5,0,1000,217,59656.0,60033.0,59768.42857142857,60311.933333333334,317.9794842203259
2023-06-06,59902,0.3167302707373272,0.3179696983320595,0.3187431580280646,0.053521013687999254,0.16,2023,6,6,1,297,129,59805.0,59656.0,59835.857142857145,60304.566666666666,282.29619703642373
2023-06-07,59511,0.31787334389400923,0.3182124713392977,0.31611041246347177,0.09821106011747863,-0.65,2023,6,7,2,615,-389,59902.0,59805.0,59857.71428571428,60293.3,242.2077030828293
2023-06-08,59809,0.314723142281106,0.3175381018747471,0.31611041246347177,0.09600331830284865,0.5,2023,6,8,3,540,259,59511.0,59902.0,59852.57142857143,60289.833333333336,242.9038610610653
2023-06-09,59777,0.3170182891705069,0.3183473452322079,0.31851697713763566,0.05231679088001927,-0.05,2023,6,9,4,364,-28,59809.0,59511.0,59784.71428571428,60280.5,167.30681824912634
2023-06-12,59595,0.3158932171658987,0.3166389425886796,0.3167799078991414,0.061013955604319145,-0.3,2023,6,12,0,366,-85,59777.0,59809.0,59722.142857142855,60267.7,138.37681475306965
2023-06-13,59222,0.3158932171658987,0.31618936294564576,0.31376717843862806,0.10282724754806856,-0.63,2023,6,13,1,649,-458,59595.0,59777.0,59660.142857142855,60215.53333333333,235.84912450094035
2023-06-14,59249,0.31241899481566826,0.31250280987276896,0.3133510056002388,0.07620054323828894,0.05,2023,6,14,2,285,-45,59222.0,59595.0,59580.71428571428,60154.73333333333,270.0745047191116
2023-06-15,59249,0.3106728830645161,0.3114687766937913,0.30878215161357453,0.10978497932750847,0.0,2023,6,15,3,675,149,59249.0,59222.0,59487.42857142857,60073.6,252.8292290294699
2023-06-16,59249,0.31202296947004615,0.3128354988086139,0.3138124146167139,0.06255268474784913,0.0,2023,6,16,4,271,-1,59249.0,59249.0,59450.0,60021.933333333334,267.71315495758296
2023-06-19,59043,0.31090689804147464,0.3113339028008812,0.31244628203852315,0.04074287166998943,-0.35,2023,6,19,0,255,-83,59249.0,59249.0,59340.57142857143,59959.5,252.64194502287074
2023-06-20,58721,0.31034886232718895,0.31113608775794627,0.3083750260108024,0.0787427913884689,-0.55,2023,6,20,1,683,-343,59043.0,59249.0,59189.71428571428,59871.566666666666,263.64794347613093
2023-06-21,58630,0.3070906538018433,0.3068560895562649,0.30630320905447345,0.06616535317178908,-0.15,2023,6,21,2,436,-72,58721.0,59043.0,59051.857142857145,59785.666666666664,268.6549388982122
2023-06-22,58144,0.3057495679723502,0.3057950815987052,0.3043580533967846,0.07011252793127902,-0.83,2023,6,22,3,533,-409,58630.0,58721.0,58897.857142857145,59694.26666666667,420.7724755665093
2023-06-23,58188,0.30177131336405527,0.3053455019556714,0.3037699830816694,0.06770408231531905,0.08,2023,6,23,4,548,77,58144.0,58630.0,58746.28571428572,59605.76666666667,462.2545165805285
2023-06-26,58256,0.30331041186635943,0.30445533426246457,0.3052627769585004,0.05084496300359929,0.12,2023,6,26,0,284,-26,58188.0,58144.0,58604.42857142857,59514.73333333333,433.75678943940653
2023-06-27,58015,0.3039224510368663,0.3035202086049544,0.30272050375007914,0.056197064372399214,-0.41,2023,6,27,1,461,-335,58256.0,58188.0,58428.142857142855,59439.23333333333,374.89706524271435
2023-06-28,57796,0.3014922955069125,0.3007238232252844,0.3005491672019615,0.06750337851398906,-0.38,2023,6,28,2,390,-284,58015.0,58256.0,58250.0,59359.46666666667,327.28631706364393
2023-06-29,57578,0.29717201900921664,0.2983050847457627,0.2976992879825569,0.0432182185530594,-0.38,2023,6,29,3,436,-22,57796.0,58015.0,58086.71428571428,59286.8,338.0841681676622
2023-06-30,58020,0.29845910138248855,0.3005349997752102,0.3003953641964698,0.0029436557528399587,0.77,2023,6,30,4,386,277,57578.0,57796.0,57999.57142857143,59207.833333333336,238.72568438408427
2023-07-03,58119,0.30058323732718895,0.3018477723328688,0.30181578018836347,0.00046830886976999346,0.17,2023,7,3,0,375,140,58020.0,57578.0,57996.0,59136.1,236.38034324021731
2023-07-04,58194,0.30231134792626735,0.3021534864901317,0.30447566745980764,0.00013380253421999813,0.13,2023,7,4,1,115,23,58119.0,58020.0,57996.857142857145,59068.566666666666,237.20204368324045
2023-07-05,58308,0.3024463565668203,0.30405071258373423,0.30469280111461944,0.0008028152053199888,0.2,2023,7,5,2,302,122,58194.0,58119.0,58004.28571428572,59014.9,247.2709137072182
2023-07-06,58385,0.30499351958525345,0.3057321404486805,0.3047108955858538,0.0933941688855587,0.13,2023,7,6,3,487,-84,58308.0,58194.0,58057.142857142855,58977.96666666667,286.39391787219375
2023-07-07,58747,0.3043364775345623,0.30807894618531667,0.3061855949914504,0.08790826498253877,0.62,2023,7,7,4,585,351,58385.0,58308.0,58193.0,58955.2,358.3843374605957
2023-07-10,58635,0.3069826468894009,0.3064784426561165,0.30688223213397153,0.06576394556912908,-0.19,2023,7,10,0,330,-55,58747.0,58385.0,58344.0,58931.1,267.1354213448694
2023-07-11,58737,0.3061815956221199,0.30755743379939754,0.30835693153956806,0.05934142392656917,0.17,2023,7,11,1,287,136,58635.0,58747.0,58446.42857142857,58894.166666666664,259.5508024480129
2023-07-12,59113,0.3078827044930875,0.31050667625769907,0.3095783083478843,0.08810896878386877,0.64,2023,7,12,2,480,323,58737.0,58635.0,58588.42857142857,58856.2,316.26985163217216
2023-07-13,59185,0.31112291186635943,0.311918356336825,0.31285340764129527,0.06221817841229913,0.12,2023,7,13,3,275,35,59113.0,58737.0,58730.0,58827.933333333334,331.7092100075676
2023-07-14,59229,0.31163594470046085,0.31187339837252165,0.3131519664166614,0.051647778208919276,0.07,2023,7,14,4,237,22,59185.0,59113.0,58861.57142857143,58813.7,318.83269236098545
2023-07-17,59061,0.31062788018433185,0.31061457537202714,0.3111434801096525,0.0571336821119392,-0.28,2023,7,17,0,319,-34,59229.0,59185.0,58958.142857142855,58788.9,244.02693060609153
2023-07-18,59633,0.3109879032258065,0.3158926403812435,0.313414336249559,0.10222513614407858,0.97,2023,7,18,1,655,498,59061.0,59229.0,59084.71428571428,58779.933333333334,330.65677789184247
2023-07-19,59683,0.3156231998847926,0.3156408757811446,0.3169698998471017,0.046830886976999345,0.08,2023,7,19,2,234,33,59633.0,59061.0,59234.42857142857,58785.666666666664,330.3547876423515
2023-07-20,59459,0.3165232574884793,0.31656700984579417,0.3154590114990365,0.06643295824022907,-0.38,2023,7,20,3,504,-291,59683.0,59633.0,59337.57142857143,58774.0,252.76264040579431
2023-07-21,59221,0.31391309043778803,0.31349188508744324,0.31339624177832465,0.04950693766139931,-0.4,2023,7,21,4,390,-239,59459.0,59683.0,59353.0,58755.46666666667,239.73040414312516
2023-07-24,59013,0.31146493375576034,0.3111001213865036,0.3121024870850712,0.05378192862972825,-0.35,2023,7,24,0,267,-175,59221.0,59459.0,59328.42857142857,58736.066666666666,267.074806720715
2023-07-25,59120,0.31028585829493094,0.3107134828934946,0.3112249052302069,0.059207621392349176,0.18,2023,7,25,1,321,63,59013.0,59221.0,59312.857142857145,58732.666666666664,276.83715344541736
2023-07-26,59347,0.3115639400921659,0.3131322213730163,0.3132786277153016,0.06629915570600907,0.38,2023,7,26,2,363,148,59120.0,59013.0,59353.71428571428,58735.933333333334,253.6012055029135
2023-07-27,58878,0.31386808755760365,0.3138335656161489,0.309786394767079,0.09145403213936872,-0.79,2023,7,27,3,827,-577,59347.0,59120.0,59245.857142857145,58723.566666666666,274.6976693161951
2023-07-28,59288,0.30967381912442393,0.31200827226543176,0.3115867946548932,0.07298928241700899,0.7,2023,7,28,4,425,299,58878.0,59347.0,59189.42857142857,58724.86666666667,200.47681258659904
2023-07-31,59628,0.31034886232718895,0.31530818684529965,0.3129800689399354,0.028299235987529606,0.57,2023,7,31,0,638,564,59288.0,58878.0,59213.57142857143,58744.36666666667,243.83796337913967
2023-08-01,59048,0.31452512960829493,0.31374364968754215,0.31266341569333495,0.005218298834579927,-0.97,2023,8,1,1,499,-480,59628.0,59288.0,59188.857142857145,58755.26666666667,251.60314557070424
2023-08-02,59117,0.3119419642857143,0.312583734208515,0.31277198252074084,0.0008697164724299879,0.12,2023,8,2,2,358,-124,59048.0,59628.0,59203.71428571428,58771.5,242.38998487115214
2023-08-03,59078,0.3106638824884793,0.3167288585172863,0.3119486840795795,0.001070420273759985,-0.07,2023,8,3,3,910,-21,59117.0,59048.0,59197.71428571428,58802.63333333333,245.3098138392274
2023-08-04,59124,0.3104388680875576,0.31123499527941373,0.31273579357827214,0.00013380253421999813,0.08,2023,8,4,4,212,50,59078.0,59117.0,59165.857142857145,58833.833333333336,237.03194481138928
2023-08-07,59201,0.31269801267281105,0.3124128939441622,0.31362242266875356,0.05606326183817922,0.13,2023,8,7,0,245,-124,59124.0,59078.0,59212.0,58865.333333333336,200.23902384550394
2023-08-08,58997,0.311221918202765,0.31092928112215074,0.3119486840795795,0.06509493289802909,-0.34,2023,8,8,1,265,-164,59201.0,59124.0,59170.42857142857,58898.066666666666,211.70959445636763
2023-08-09,58719,0.31023185483870974,0.30986827316459115,0.30970496964652455,0.06663366204155907,-0.47,2023,8,9,2,395,-332,58997.0,59201.0,59040.57142857143,58928.833333333336,155.617969350779
2023-08-10,58605,0.30689264112903225,0.3079081059209639,0.30794980593679605,0.05231679088001927,-0.19,2023,8,10,3,371,-75,58719.0,58997.0,58977.28571428572,58963.066666666666,226.17597448108626
2023-08-11,58629,0.3060105846774194,0.3066672661061907,0.30775981398883573,0.04448934262814938,0.04,2023,8,11,4,254,47,58605.0,58719.0,58907.57142857143,58983.36666666667,249.89855085248533
2023-08-14,58663,0.3074686779953917,0.30669424088477276,0.30810360894228767,0.03318302848655954,0.06,2023,8,14,0,219,-81,58629.0,58605.0,58848.28571428572,59001.5,251.94623387894163
2023-08-16,58413,0.30615459389400923,0.30557029177718836,0.3069817517257602,0.03793301845136947,-0.43,2023,8,16,2,218,-185,58663.0,58629.0,58746.71428571428,59008.8,265.2355646699135
2023-08-17,58027,0.3042374711981567,0.30351121701209366,0.30341714089260025,0.05606326183817922,-0.66,2023,8,17,3,383,-358,58413.0,58663.0,58579.0,58999.433333333334,299.1142479675146
2023-08-18,58098,0.3022933467741936,0.30238726790450926,0.30385140820222384,0.03338373228788953,0.12,2023,8,18,4,210,-71,58027.0,58413.0,58450.57142857143,58989.86666666667,282.2515764079468
2023-08-21,58164,0.30176231278801846,0.30288180551184646,0.303281432358343,0.059207621392349176,0.11,2023,8,21,0,328,54,58098.0,58027.0,58371.28571428572,58970.433333333334,272.04822752417317
2023-08-22,58221,0.30224834389400923,0.30295373825473176,0.3040142584433327,0.04582736797034936,0.1,2023,8,22,1,255,57,58164.0,58098.0,58316.42857142857,58956.63333333333,255.26447536770561
2023-08-23,58430,0.30338241647465436,0.3041046621408982,0.30480136794202534,0.052049185811579274,0.36,2023,8,23,2,296,140,58221.0,58164.0,58288.0,58946.4,223.79305917996342
2023-08-24,58436,0.3048045074884793,0.3047970147911702,0.30571513873935824,0.04756680091520934,0.01,2023,8,24,3,272,-12,58430.0,58221.0,58255.57142857143,58923.833333333336,170.49814970083185
2023-08-25,58273,0.30421947004608296,0.30468012408398143,0.3049008875338141,0.060612548001659154,-0.28,2023,8,25,4,349,-110,58436.0,58430.0,58235.57142857143,58893.433333333334,156.5980599647959
2023-08-28,58497,0.303472422235023,0.3053994515128355,0.3052175407804146,0.058940016323909175,0.38,2023,8,28,0,394,197,58273.0,58436.0,58302.71428571428,58869.03333333333,152.98334800134177
2023-08-29,58843,0.3063526065668203,0.3079170975138245,0.3072441215586578,0.07927800152534889,0.59,2023,8,29,1,450,223,58497.0,58273.0,58409.142857142855,58861.76666666667,227.71870702166612
2023-08-30,59117,0.308260728686636,0.3104707098862563,0.3108630158055206,0.0359259804380695,0.47,2023,8,30,2,334,285,58843.0,58497.0,58545.28571428572,58844.566666666666,322.06558043210345
2023-08-31,59113,0.31101490495391704,0.3124039023513015,0.31241009309605455,0.0013380253421999813,-0.01,2023,8,31,3,378,-25,59117.0,58843.0,58672.71428571428,58825.566666666666,347.80967702526505
2023-09-01,59106,0.31051087269585254,0.31355482623746794,0.3128624548769124,0.0026760506843999626,-0.01,2023,9,1,4,456,24,59113.0,59117.0,58769.28571428572,58813.8,362.7150921854492
2023-09-04,59385,0.31089789746543783,0.3138515488018702,0.3133148166577702,0.0006021114039899916,0.47,2023,9,4,0,439,260,59106.0,59113.0,58904.857142857145,58819.26666666667,393.43378459535097
2023-09-05,59301,0.314723142281106,0.31394146473047696,0.31375813120301094,0.0002007038013299972,-0.14,2023,9,5,1,400,-249,59385.0,59106.0,59051.71428571428,58828.86666666667,298.73550971687774
2023-09-06,59111,0.31164494527649766,0.3117834824439149,0.31259103780839764,0.046429479374339354,-0.32,2023,9,6,2,289,-97,59301.0,59385.0,59139.42857142857,58828.566666666666,171.9533436280395
2023-09-07,59016,0.3108888968894009,0.31012003776469005,0.31222914838371135,0.0285668410559696,-0.16,2023,9,7,3,144,-108,59111.0,59301.0,59164.142857142855,58817.53333333333,129.4197674020077
2023-09-08,58905,0.3108258928571429,0.3107944072292406,0.31124299970144126,0.03927104379356945,-0.19,2023,9,8,4,328,-212,59016.0,59111.0,59133.857142857145,58818.433333333334,162.79273999287045
2023-09-11,58941,0.3091607862903226,0.3100750798003867,0.311514416769956,0.027830927117759613,0.06,2023,9,11,0,218,9,58905.0,59016.0,59109.28571428572,58806.86666666667,178.67168615222397
2023-09-12,58642,0.3097638248847926,0.30898709706424493,0.30856501795876273,0.055661854235519226,-0.51,2023,9,12,1,423,-357,58941.0,58905.0,59043.0,58774.0,251.3728969822186
2023-09-13,58610,0.3059565812211982,0.3065323922132806,0.308121703413522,0.034119646226099525,-0.05,2023,9,13,2,199,34,58642.0,58941.0,58932.28571428572,58759.4,246.25577103043025
2023-09-14,58608,0.30527253744239635,0.3057141572629591,0.3068369959558857,0.04408793502548938,0.0,2023,9,14,3,250,108,58610.0,58642.0,58833.28571428572,58742.433333333334,209.94262255621334
2023-09-15,58992,0.3069826468894009,0.30999415546464054,0.30947878875609564,0.05445763142753924,0.66,2023,9,15,4,434,302,58608.0,58610.0,58816.28571428572,58739.566666666666,187.30431059048993
2023-09-18,59212,0.310483870967742,0.3110191970507575,0.3129076910549982,0.03378513989054953,0.37,2023,9,18,0,169,133,58992.0,58608.0,58844.28571428572,58742.5,231.55756253204495
2023-09-19,59265,0.31202296947004615,0.312143146158342,0.31449095728800064,0.017728835784149754,0.09,2023,9,19,1,119,15,59212.0,58992.0,58895.71428571428,58744.63333333333,281.81359932726355
2023-09-20,59363,0.3112759216589862,0.31248482668704763,0.3133057694221531,0.0430175147517294,0.17,2023,9,20,2,288,196,59265.0,59212.0,58956.0,58756.833333333336,333.5111192607461
2023-09-21,58853,0.31247299827188946,0.31169356651530816,0.30992210330133635,0.06235198094651913,-0.86,2023,9,21,3,574,-447,59363.0,59265.0,58986.142857142855,58761.3,309.03906364897455
2023-09-22,58896,0.3079727102534562,0.3085285258283505,0.3098768671232505,0.035992881705179496,0.07,2023,9,22,4,227,96,58853.0,59363.0,59027.0,58771.0,267.07926414686165
2023-09-25,58707,0.30851274481566826,0.3085285258283505,0.30945164704924416,0.043352021087279397,-0.32,2023,9,25,0,274,-153,58896.0,58853.0,59041.142857142855,58773.6,242.7024437338316
2023-09-26,58478,0.30667662730414746,0.306298610798903,0.3074612552134695,0.062485783480739125,-0.39,2023,9,26,1,246,-178,58707.0,58896.0,58967.71428571428,58767.433333333334,324.1397405941795
2023-09-27,57759,0.3049665178571429,0.30430247718383313,0.3002958446046811,0.08784136371542878,-1.23,2023,9,27,2,816,-707,58478.0,58707.0,58760.142857142855,58745.63333333333,536.9843041104787
2023-09-28,57146,0.29784706221198154,0.2980982781099672,0.29135717581492976,0.04656328190855935,-1.06,2023,9,28,3,1114,-529,57759.0,58478.0,58457.42857142857,58716.26666666667,757.1038804009208
2023-09-29,57061,0.29577692972350234,0.297549790945466,0.29251522197392593,0.0022746430817399683,-0.15,2023,9,29,4,925,-384,57146.0,57759.0,58128.57142857143,58681.7,797.0949038339811
2023-10-03,56385,0.28567828341013823,0.2864271905768107,0.2875301951488723,0.0005352101368799925,-1.18,2023,10,3,1,239,62,57061.0,57146.0,57776.0,58622.4,953.6998130109503
2023-10-04,56229,0.28529125864055305,0.28532122465494764,0.28711402231048305,0.0009366177395399869,-0.28,2023,10,4,2,162,-51,56385.0,57061.0,57395.0,58556.0,964.360064155028
2023-10-05,56112,0.281988047235023,0.2850424852762667,0.2844722295102731,0.00214084054751997,-0.21,2023,10,5,3,423,199,56229.0,56385.0,57024.28571428572,58478.73333333333,870.1229250891109
2023-10-06,56582,0.28714537730414746,0.2877849210987727,0.28670689670771093,0.07506322169741896,0.84,2023,10,6,4,481,96,56112.0,56229.0,56753.42857142857,58416.933333333334,593.2213912624229
2023-10-09,57268,0.28925151209677424,0.29371038079395767,0.291773348653319,0.06609845190467907,1.21,2023,10,9,0,580,548,56582.0,56112.0,56683.28571428572,58383.433333333334,470.92806042848923
2023-10-10,57364,0.294651857718894,0.2950591197230589,0.2963874388180691,0.04964074019561931,0.17,2023,10,10,1,220,44,57268.0,56582.0,56714.42857142857,58345.666666666664,512.0412929813265
2023-10-11,57636,0.2952548963133641,0.29768466483837613,0.29738263473595644,0.053521013687999254,0.47,2023,10,11,2,402,249,57364.0,57268.0,56796.57142857143,58305.433333333334,613.0616763844627
2023-10-12,57613,0.2982610887096774,0.2991053365103628,0.29950873510598836,0.05526044663285923,-0.04,2023,10,12,3,325,-108,57636.0,57364.0,56972.0,58255.3,650.2314972405769
2023-10-13,58993,0.2977570564516129,0.3091669289214584,0.3000425220074006,0.1590243119204678,2.4,2023,10,13,4,1385,1328,57613.0,57636.0,57366.857142857145,58251.3,910.84327751498
2023-10-16,58993,0.3086927563364056,0.30893314750708084,0.30878215161357453,0.052718198482679265,0.0,2023,10,16,0,393,113,58993.0,57613.0,57778.42857142857,58247.53333333333,900.1619960048349
2023-10-17,58922,0.3084227390552996,0.3098952479431731,0.3096868751752902,0.047901307250759334,-0.12,2023,10,17,1,400,72,58993.0,58993.0,58112.71428571428,58232.1,811.9765420045834
2023-10-18,59680,0.31091589861751157,0.3166029762172368,0.3135500447838164,0.1073096324444385,1.29,2023,10,18,2,719,553,58922.0,58993.0,58457.28571428572,58244.73333333333,900.7007853697846
2024-01-01,63001,0.3460901497695853,0.34665287955761365,0.3476219341180303,0.016123205373509773,0.07,2024,1,1,0,295,-34,62954.0,63119.0,62857.42857142857,62066.36666666667,343.0834967151234
2024-01-02,63039,0.3464231710829493,0.3480016184867149,0.3476309813536474,0.004549286163479937,0.06,2024,1,2,1,444,-33,63001.0,62954.0,62969.142857142855,62145.76666666667,220.35231530695313
2024-01-03,62294,0.34628816244239635,0.3460594344288091,0.341560286254535,0.008362658388749883,-1.18,2024,1,3,2,899,-763,63039.0,63001.0,62917.28571428572,62181.833333333336,324.266204579759
2024-01-04,62444,0.34143685195852536,0.3409612012768061,0.34151505007644917,0.0004014076026599944,0.24,2024,1,4,3,337,-74,62294.0,63039.0,62877.57142857143,62227.8,366.45002258372017
2024-01-05,62627,0.3409598214285714,0.3428314525918266,0.34180456161619815,0.0005352101368799925,0.29,2024,1,5,4,513,162,62444.0,62294.0,62782.57142857143,62278.933333333334,324.9547953971558
2024-01-08,62140,0.34154485887096775,0.34079036101245336,0.3393346662927143,0.1000173943294486,-0.78,2024,1,8,0,559,-390,62627.0,62444.0,62642.71428571428,62305.2,364.31841123650514
2024-01-09,62211,0.3386736751152074,0.3403677561480016,0.34091793252571684,0.06369000628871911,0.11,2024,1,9,1,337,0,62140.0,62627.0,62536.57142857143,62327.0,366.7382614139655
2024-01-10,62047,0.33893469182027647,0.33947758845479475,0.3396332250680805,0.056197064372399214,-0.26,2024,1,10,2,380,-193,62211.0,62140.0,62400.28571428572,62314.933333333334,341.79707151937845
2024-01-11,61830,0.33769261232718895,0.3401249831407634,0.3375071246980485,0.08784136371542878,-0.35,2024,1,11,3,687,-272,62047.0,62211.0,62227.57142857143,62293.6,261.21820837172885
2024-01-12,62372,0.3376566100230415,0.3419862428629232,0.3404293818023903,0.10255964247962857,0.88,2024,1,12,4,571,274,61830.0,62047.0,62238.71428571428,62284.7,266.1413874225911
2024-01-15,62567,0.341463853686636,0.3417614530414063,0.34359591426839536,0.03338373228788953,0.31,2024,1,15,0,196,46,62372.0,61830.0,62256.28571428572,62274.4,285.3230416549309
2024-01-16,62065,0.34127484158986177,0.34073641145528927,0.339660366774932,0.07546462930007894,-0.8,2024,1,16,1,517,-435,62567.0,62372.0,62176.0,62266.5,238.9197912912411
2024-01-17,61561,0.3375936059907835,0.3370049004181091,0.33515484343758767,0.09065121693404873,-0.81,2024,1,17,2,600,-530,62065.0,62567.0,62093.28571428572,62231.86666666667,334.54781138011043
2024-01-18,61791,0.33317432315668205,0.3344422964528166,0.3351277017307362,0.05445763142753924,0.37,2024,1,18,3,318,191,61561.0,62065.0,62033.28571428572,62215.933333333334,347.33591536036477
2024-01-19,62021,0.3356404809907835,0.3381827990828575,0.33818566736933536,0.071049145670819,0.37,2024,1,19,4,396,147,61791.0,61561.0,62029.57142857143,62206.96666666667,347.3038329545713
2024-01-22,61888,0.33696356566820274,0.3362406150249517,0.3373261799857054,0.02569008657023964,-0.21,2024,1,22,0,275,-133,62021.0,61791.0,62037.857142857145,62216.666666666664,342.4064001462694
2024-01-23,62003,0.33602750576036866,0.3381198579328328,0.3383937537885299,0.05867241125546918,0.19,2024,1,23,1,366,86,61888.0,62021.0,61985.142857142855,62250.566666666666,309.18302485926733
2024-01-24,62072,0.337890625,0.33861439554017,0.33909039093105103,0.07432730775920895,0.11,2024,1,24,2,344,-52,62003.0,61888.0,61914.42857142857,62286.833333333336,185.98732676789467
2024-01-25,62036,0.33719758064516125,0.33772422784696304,0.3389365879255594,0.05760199098170919,-0.06,2024,1,25,3,262,-11,62072.0,62003.0,61910.28571428572,62321.63333333333,182.3620156882638
2024-01-29,62234,0.33853866647465436,0.33929775659758127,0.34067365716405357,0.07298928241700899,0.32,2024,1,29,0,245,38,62036.0,62072.0,62006.42857142857,62321.8,140.0129245877041
2024-01-30,62371,0.3392947148617511,0.34253473002742435,0.34184075055866686,0.020471787735659715,0.22,2024,1,30,1,476,91,62234.0,62036.0,62089.28571428572,62334.46666666667,161.2799990675287
2024-01-31,62865,0.34199488767281105,0.3448006114283145,0.34011272855578983,0.0022746430817399683,0.79,2024,1,31,2,919,285,62371.0,62234.0,62209.857142857145,62361.4,329.4882034223094
2024-02-01,63079,0.3448750720046083,0.3485590972440768,0.3434330640272865,0.001070420273759985,0.34,2024,2,1,3,970,179,62865.0,62371.0,62380.0,62390.333333333336,428.281838673228
2024-02-02,62639,0.34901533698156684,0.35071707953063885,0.3436411504464811,0.0015387291435299784,-0.7,2024,2,2,4,1187,-721,63079.0,62865.0,62470.857142857145,62406.6,401.6048757105233
2024-02-05,62542,0.34974438364055305,0.3489277525513645,0.34316164695877177,0.0005352101368799925,-0.15,2024,2,5,0,1041,-899,62639.0,63079.0,62538.0,62416.1,361.048473205454
2024-02-06,62322,0.3375036002304148,0.3392707818189992,0.33967846124616624,0.04903862879162931,-0.35,2024,2,6,1,352,241,62542.0,62639.0,62578.857142857145,62404.933333333334,306.8938082265587
2024-02-07,62305,0.3389616935483871,0.3401249831407634,0.3412707747147859,0.037866117184259473,-0.03,2024,2,7,2,271,62,62322.0,62542.0,62589.0,62391.03333333333,294.5205142894525
2024-02-08,62219,0.3390697004608295,0.3389291012902936,0.3395879888899947,0.050376654133829295,-0.14,2024,2,8,3,324,-36,62305.0,62322.0,62567.28571428572,62355.26666666667,317.9437656240931
2024-02-09,62105,0.3390156970046083,0.33866834509733396,0.3392351467009255,0.04221469954640941,-0.18,2024,2,9,4,334,-144,62219.0,62305.0,62458.71428571428,62321.46666666667,328.90967062791094
2024-02-12,61856,0.3374855990783411,0.3366812030751248,0.3371452352733622,0.06074635053587915,-0.4,2024,2,12,0,344,-223,62105.0,62219.0,62284.0,62284.86666666667,262.6543990442973
2024-02-13,61267,0.33645953341013823,0.3373196061682327,0.3318797441441768,0.09600331830284865,-0.95,2024,2,13,1,997,-698,61856.0,62105.0,62088.0,62227.066666666666,418.98209986106207
2024-02-14,61170,0.3288090437788018,0.3288765004720586,0.3297898327166135,0.06014423913188916,-0.16,2024,2,14,2,289,55,61267.0,61856.0,61892.0,62164.76666666667,486.65045635512257
2024-02-15,61306,0.3292410714285714,0.3307557433799398,0.33087550099067237,0.04716539331254934,0.22,2024,2,15,3,378,143,61170.0,61267.0,61746.857142857145,62131.833333333336,488.53571298434616
2024-02-16,61498,0.330753168202765,0.3316998606303106,0.33171689390306797,0.048102011052089326,0.31,2024,2,16,4,390,167,61306.0,61170.0,61631.57142857143,62100.3,426.10126228194304
2024-02-19,61641,0.33306631624423966,0.33390280088117613,0.3351277017307362,0.034119646226099525,0.23,2024,2,19,0,258,53,61498.0,61306.0,61549.0,62067.433333333334,340.75015285491185
2024-02-20,61810,0.3333813364055299,0.33480196016724356,0.33550768562665684,0.041813291943749414,0.27,2024,2,20,1,316,187,61641.0,61498.0,61506.857142857145,62056.433333333334,271.7893967660536
2024-02-21,61744,0.3354244671658987,0.3350627163602032,0.3367381096705902,0.03017247146660958,-0.11,2024,2,21,2,209,-106,61810.0,61641.0,61490.857142857145,62040.86666666667,250.25349054066908
2024-02-22,61661,0.33497443836405527,0.3354583464460729,0.3361228976486235,0.04428863882681938,-0.13,2024,2,22,3,321,-139,61744.0,61810.0,61547.142857142855,62028.0,235.37943027047825
2024-02-23,61910,0.3336873559907835,0.3353954052960482,0.3349558042540102,0.05960902899500917,0.4,2024,2,23,4,443,253,61661.0,61744.0,61652.857142857145,62030.666666666664,201.50304264316534
2024-02-26,61766,0.33630652361751157,0.3355033044103763,0.3365209760157784,0.04114427927264942,-0.23,2024,2,26,0,282,-182,61910.0,61661.0,61718.57142857143,62010.46666666667,132.84308682901528
2024-02-27,61839,0.3357664890552996,0.3356381783032864,0.33722666039391663,0.07439420902631896,0.12,2024,2,27,1,219,-49,61766.0,61910.0,61767.28571428572,61986.2,95.85008137300677
2024-02-28,61792,0.3343083957373272,0.3355033044103763,0.3351638906732048,0.04448934262814938,-0.08,2024,2,28,2,432,66,61839.0,61766.0,61788.857142857145,61977.1,78.02655228264165
2024-02-29,62293,0.33528945852534564,0.33898305084745767,0.3378237779446491,0.00428168109503994,0.81,2024,2,29,3,525,458,61792.0,61839.0,61857.857142857145,62001.5,206.92786873959778
2024-03-01,63135,0.33960073444700467,0.346670862743335,0.3413521998353403,0.001003519006649986,1.35,2024,3,1,4,990,821,62293.0,61792.0,62056.57142857143,62046.3,516.1772489997132
2024-03-04,63605,0.3471522177419355,0.3551679179966731,0.3451520387945463,0.0006021114039899916,0.74,2024,3,4,0,1515,452,63135.0,62293.0,62334.28571428572,62099.1,741.6098961712861
2024-03-05,64193,0.3553067396313364,0.3588185046981072,0.3580895857270811,6.690126710999907e-05,0.92,2024,3,5,1,491,134,63605.0,63135.0,62660.42857142857,62175.933333333334,985.7423356967513
2024-03-06,65042,0.3607070852534562,0.36408757811446296,0.3626946286562141,0.08964769792739875,1.32,2024,3,6,2,568,383,64193.0,63605.0,63128.42857142857,62277.23333333333,1236.1795793430952
2024-03-07,65246,0.3651263680875576,0.36671312322978017,0.3671820575223241,0.08964769792739875,0.31,2024,3,7,3,364,96,65042.0,64193.0,63615.142857142855,62383.03333333333,1312.2554919657907
2024-03-08,65847,0.36715149769585254,0.37301622982511345,0.3695343387827849,0.1072427311773285,0.92,2024,3,8,4,805,472,65246.0,65042.0,64194.42857142857,62510.066666666666,1267.5711495026637
2024-03-11,65872,0.372776857718894,0.37217102009621,0.3734698862762483,0.05653157070794921,0.04,2024,3,11,0,276,-128,65847.0,65246.0,64705.71428571428,62631.333333333336,1080.8440705142314
2024-03-12,65334,0.37144477246543783,0.3707413568313626,0.36903674082384125,0.1069082248417785,-0.82,2024,3,12,1,607,-518,65872.0,65847.0,65019.857142857145,62730.1,841.2434107880642
2024-03-13,65717,0.3681865639400922,0.37051656700984575,0.36939863024852754,0.057735793515929196,0.59,2024,3,13,2,542,227,65334.0,65872.0,65321.57142857143,62825.166666666664,590.6366218339931
2024-03-14,65435,0.3693566388248848,0.36901497100211306,0.36921768553618445,0.05592945930395922,-0.43,2024,3,14,3,395,-185,65717.0,65334.0,65499.0,62903.7,319.35768870841264
2024-03-15,65367,0.368132560483871,0.36919480285932654,0.36984194479376825,0.05198228454446927,-0.1,2024,3,15,4,346,-117,65435.0,65717.0,65545.42857142857,62994.63333333333,259.94285086943705
2024-03-18,65429,0.36604442684331795,0.3678730387088072,0.3670553962236838,0.05960902899500917,0.09,2024,3,18,0,507,177,65367.0,65435.0,65571.57142857143,63090.86666666667,232.57103370396106
2024-03-19,65431,0.3678445420506913,0.3678100975587825,0.3686929458703893,0.056464669440839214,0.0,2024,3,19,1,319,-21,65429.0,65367.0,65512.142857142855,63194.5,201.5410864505196
2024-03-20,65556,0.3678715437788018,0.3689700130378097,0.3703033538102433,0.04944003639428931,0.19,2024,3,20,2,270,101,65431.0,65429.0,65467.0,63302.86666666667,130.3034919096503
2024-03-21,65939,0.36788054435483875,0.37899563907746253,0.3702128814540718,0.1277145189129882,0.58,2024,3,21,3,1395,483,65556.0,65431.0,65553.42857142857,63426.86666666667,206.02577278453194
2024-03-22,65686,0.3703737039170507,0.3724857258463337,0.37211280093367477,0.07700335844360892,-0.38,2024,3,22,4,461,-47,65939.0,65556.0,65549.0,63546.23333333333,202.22182540594196
2024-03-25,65862,0.37502700172811065,0.37508429618306877,0.3739222480571062,0.02796472965197961,0.27,2024,3,25,0,550,-388,65686.0,65939.0,65610.0,63679.76666666667,225.199171114166
2024-03-26,66027,0.3709767425115208,0.37445488468282156,0.3731170440871792,0.08730615357854878,0.25,2024,3,26,1,569,227,65862.0,65686.0,65704.28571428571,63838.433333333334,243.8918573857544
2024-03-27,66295,0.37302887384792627,0.3753540439688891,0.3753698057558514,0.05960902899500917,0.41,2024,3,27,2,420,267,66027.0,65862.0,65828.0,64009.26666666667,295.2185631084653
2024-03-28,67592,0.3761070708525346,0.38875151733129526,0.3790791723588857,0.09459839169353867,1.96,2024,3,28,3,1500,1222,66295.0,66027.0,66136.71428571429,64218.8,684.3341567531485
2024-04-01,68263,0.3926771313364056,0.4023917637009396,0.39382616641485196,0.020204182667219718,0.99,2024,4,1,0,1387,52,67592.0,66295.0,66523.42857142857,64444.3,995.5656444377356
2024-04-02,68802,0.39572832661290325,0.3990378995639077,0.39834978422343054,0.004080977293709943,0.79,2024,4,2,1,514,252,68263.0,67592.0,66932.42857142857,64683.0,1266.6405511107023
2024-04-03,69725,0.41219038018433185,0.4113114238187295,0.4028734020320091,0.002809853218619961,1.34,2024,4,3,2,1379,-654,68802.0,68263.0,67509.42857142857,64946.833333333336,1502.2559543515338
2024-04-04,69612,0.4074290754608295,0.4097019286966686,0.406492296278872,0.0018063342119699747,-0.16,2024,4,4,3,800,-238,69725.0,68802.0,68045.14285714286,65209.1,1485.4008918562847
2024-04-05,70701,0.40481890841013823,0.4213820078226858,0.4069898942378157,0.0008028152053199888,1.56,2024,4,5,4,2044,1141,69612.0,69725.0,68712.85714285714,65510.433333333334,1477.5133872582637
2024-04-08,70607,0.41413450460829493,0.4148810861844176,0.41363056518080904,0.10215823487696857,-0.13,2024,4,8,0,587,12,70701.0,69612.0,69328.85714285714,65800.33333333333,1167.8917513454214
2024-04-09,71130,0.4150795650921659,0.4209234365867914,0.4180094272195131,0.14055956219810803,0.74,2024,4,9,1,775,430,70607.0,70701.0,69834.28571428571,66112.46666666666,1050.6397597489813
2024-04-10,71127,0.4194088421658987,0.4212021759654723,0.41827179705241063,0.15521093969519784,0.0,2024,4,10,2,777,-54,71130.0,70607.0,70243.42857142857,66422.06666666667,880.6673335513284
2024-04-11,71514,0.41966085829493094,0.4218315874657195,0.4208140702608318,0.05947522646078917,0.54,2024,4,11,3,566,305,71127.0,71130.0,70630.85714285714,66746.13333333333,723.3462583902863
2024-04-12,71857,0.42474618375576034,0.443249561659848,0.42749093014629386,0.27837617244470614,0.48,2024,4,12,4,2210,83,71514.0,71127.0,70935.42857142857,67064.93333333333,727.1957226572517
2024-04-15,72329,0.4264472926267281,0.4295733489187609,0.4237091856583221,0.16083064613243775,0.66,2024,4,15,0,1107,366,71857.0,71514.0,71323.57142857143,67371.4,620.3326680507458
2024-04-16,73109,0.43128060195852536,0.43789057231488554,0.43387827849200683,0.16598204369990768,1.08,2024,4,16,1,908,609,72329.0,71857.0,71667.57142857143,67688.2,844.6580880555073
2024-04-17,72695,0.4375540034562212,0.4382862024007553,0.4349910884729172,0.10630611343778852,-0.57,2024,4,17,2,829,-502,73109.0,72329.0,71965.85714285714,67971.6,773.3758095909191
2024-04-18,73016,0.43277469758064513,0.4360472957784471,0.43579629244284407,0.0925244524131287,0.44,2024,4,18,3,491,350,72695.0,73109.0,72235.28571428571,68237.4,762.0872028614211
2024-04-19,73246,0.4373199884792627,0.43802544620779565,0.4374428893251667,0.12048918206510832,0.31,2024,4,19,4,529,75,73016.0,72695.0,72538.0,68504.06666666667,662.8795767984905
2024-04-22,71936,0.43578989055299544,0.43488738029942003,0.4282780396449865,0.13835182038347807,-1.79,2024,4,22,0,1193,-1065,73246.0,73016.0,72598.28571428571,68707.03333333334,566.3984799577449
2024-04-23,71590,0.4241701468894009,0.4238187294879288,0.42105834562249506,0.12363354161927827,-0.48,2024,4,23,1,760,-120,71936.0,73246.0,72560.14285714286,68897.63333333333,630.052227618486
2024-04-24,71692,0.42453016993087556,0.4250685608955626,0.42453248409948346,0.07091534313659902,0.14,2024,4,24,2,515,-58,71590.0,71936.0,72469.14285714286,69109.56666666667,709.9381260788546
2024-04-25,71725,0.4228110599078341,0.42576990513869534,0.42368204395147063,0.072052664677469,0.05,2024,4,25,3,687,166,71692.0,71590.0,72271.42857142857,69309.83333333333,694.5943317631595
2024-04-26,72107,0.42481818836405527,0.4295014161758755,0.42672191511883545,0.07031323173260902,0.53,2024,4,26,4,766,325,71725.0,71692.0,72187.42857142857,69532.23333333334,669.9502113720947
2024-04-29,72250,0.42635728686635943,0.42947444139729357,0.42825089793813503,0.028834446124409597,0.2,2024,4,29,0,594,297,72107.0,71725.0,72078.0,69761.66666666667,566.6512743036067
2024-04-30,70969,0.42858942972350234,0.4276941060108798,0.42006314970460784,0.013313352154889813,-1.77,2024,4,30,1,1301,-1232,72250.0,72107.0,71752.71428571429,69946.33333333333,418.6373586990054
2024-05-01,71274,0.41894981278801846,0.42084251225104524,0.42101310944440934,0.0014049266093099804,0.43,2024,5,1,2,434,144,70969.0,72250.0,71658.14285714286,70141.1,444.31798995057386
2024-05-02,71119,0.4256192396313364,0.42472688036685696,0.41915842614289206,0.0025422481501799644,-0.22,2024,5,2,3,1071,-752,71274.0,70969.0,71590.85714285714,70326.53333333334,489.70243637715186
2024-05-03,70998,0.4178607430875576,0.4193678910218945,0.41722231772082047,0.0014049266093099804,-0.17,2024,5,3,4,689,-11,71119.0,71274.0,71491.71428571429,70495.16666666667,534.0560876585413
2024-05-06,71321,0.41498955933179726,0.42116620959402956,0.41816323022500473,0.10991878186172846,0.45,2024,5,6,0,785,631,70998.0,71119.0,71434.0,70683.0,526.418718008688
2024-05-07,71136,0.42083093317972353,0.4201771343793553,0.4206693144909573,0.0641583151584891,-0.26,2024,5,7,1,398,-203,71321.0,70998.0,71295.28571428571,70858.8,440.43225521278384
2024-05-08,71129,0.4193098358294931,0.4195027649148046,0.42006314970460784,0.0787427913884689,-0.01,2024,5,8,2,390,-41,71136.0,71321.0,71135.14285714286,71028.86666666667,129.444233270787
2024-05-09,71586,0.4177977390552996,0.42279368790181177,0.4201536220607794,0.12142579980464831,0.64,2024,5,9,3,746,584,71129.0,71136.0,71223.28571428571,71205.23333333334,192.2755958647773
2024-05-10,72595,0.4239901353686636,0.43263948208425124,0.427210465842162,0.14417223062204798,1.41,2024,5,10,4,1061,905,71586.0,71129.0,71412.0,71372.0,555.5111760081088
2024-05-13,71819,0.430425547235023,0.42952839095445755,0.427617591444934,0.11319694395011842,-1.07,2024,5,13,0,670,-586,72595.0,71586.0,71512.0,71490.53333333334,556.979353300679
2024-05-14,72213,0.4263302851382489,0.4281976352110776,0.42829613411622086,0.07680265464227892,0.55,2024,5,14,1,447,263,71819.0,72595.0,71685.57142857143,71604.23333333334,559.4151282522859
2024-05-15,73001,0.42921046947004615,0.435247044013847,0.4318245560069121,0.143837724286498,1.09,2024,5,15,2,841,731,72213.0,71819.0,71925.57142857143,71713.43333333333,715.5314708085939
2024-05-16,72896,0.43452080933179726,0.4366227577215303,0.4363572210511079,0.08215475601107886,-0.14,2024,5,16,3,493,36,73001.0,72213.0,72177.0,71822.9,700.9167806070469
2024-05-17,73593,0.43396277361751157,0.4407229240659983,0.43689100795252017,0.11018638693016847,0.96,2024,5,17,4,890,795,72896.0,73001.0,72529.0,71919.3,705.5884069365093
2024-05-20,74283,0.4441424251152074,0.4469720811041676,0.443965946205137,0.08556672063368881,0.94,2024,5,20,0,803,354,73593.0,72896.0,72914.28571428571,72041.83333333333,830.1888769622004
2024-05-21,73970,0.4439804147465438,0.4464325855325271,0.44469877229012683,0.09145403213936872,-0.42,2024,5,21,1,662,59,74283.0,73593.0,73110.71428571429,72136.5,901.6449253623916
2024-05-22,73027,0.44471846198156684,0.4438070404172099,0.43879092743212317,0.10456668049292854,-1.27,2024,5,22,2,1023,-966,73970.0,74283.0,73283.28571428571,72199.83333333333,708.0251206219624
2024-05-23,71632,0.4321446572580645,0.4324146922627344,0.42595290009137715,0.12303143021528828,-1.91,2024,5,23,3,1175,-964,73027.0,73970.0,73200.28571428571,72203.76666666666,869.9432384347938
2024-05-24,71380,0.42473718317972353,0.42384570426651075,0.42350109923912754,0.07807377871736891,-0.35,2024,5,24,4,493,-393,71632.0,73027.0,72968.71428571429,72187.86666666667,1113.4896668125969
2024-05-27,72001,0.4254032258064516,0.4272355347749854,0.4259619473269943,0.07359139382099897,0.87,2024,5,27,0,598,154,71380.0,71632.0,72840.85714285714,72176.93333333333,1173.0236469030244
2024-05-28,72145,0.4267173099078341,0.42939351706154744,0.4274818829106766,0.06736957597976906,0.2,2024,5,28,1,670,152,72001.0,71380.0,72634.0,72144.8,1145.634904032055
2024-05-29,71993,0.4281213997695853,0.4293036011329407,0.42865802354090715,0.06369000628871911,-0.21,2024,5,29,2,530,-156,72145.0,72001.0,72306.85714285714,72121.4,896.046767488742
2024-05-30,71852,0.4242691532258065,0.426884862653419,0.4255005383105192,0.023014035885839678,-0.2,2024,5,30,3,610,131,71993.0,72145.0,72004.28571428571,72082.6,519.1986499389843
2024-05-31,71703,0.4253942252304148,0.42895292901137433,0.42650478146402365,0.002007038013299972,-0.21,2024,5,31,4,729,-143,71852.0,71993.0,71815.14285714286,72031.16666666667,261.9818241666896
2024-06-03,71818,0.4347008208525346,0.4337993975632783,0.42313920981444125,0.0018063342119699747,0.16,2024,6,3,0,1640,-1062,71703.0,71852.0,71841.71428571429,72027.23333333334,249.4431894543003
2024-06-04,71782,0.42724834389400923,0.42858427370408664,0.4245867675131864,0.0009366177395399869,-0.05,2024,6,4,1,900,-270,71818.0,71703.0,71899.14285714286,72033.63333333333,153.09629712603396
2024-06-05,72485,0.4257902505760369,0.43127275996942854,0.42481294840361533,0.0009366177395399869,0.98,2024,6,5,2,1174,595,71782.0,71818.0,71968.28571428571,72060.06666666667,270.80725882404994
2024-06-06,72963,0.431640625,0.4360023378141437,0.43468348246193383,0.08790826498253877,0.66,2024,6,6,3,609,423,72485.0,71782.0,72085.14285714286,72101.33333333333,465.9504367709415
2024-06-07,71308,0.438445060483871,0.4378725891291642,0.42233400584451425,0.19889746711802722,-2.27,2024,6,7,4,2182,-1988,72963.0,72485.0,71987.28571428571,72074.7,552.432111755338
2024-06-10,71303,0.4205339141705069,0.4203120082722654,0.4181089468113018,0.09734134364504864,-0.01,2024,6,10,0,696,-3,71308.0,72963.0,71908.85714285714,72043.13333333333,610.7338287069371
2024-06-11,71346,0.4195708525345623,0.42184057905858025,0.4198007798717102,0.08048222433332887,0.06,2024,6,11,1,679,147,71303.0,71308.0,71857.85714285714,72055.7,644.747865081409
2024-06-12,71796,0.4213799683179724,0.4257968799172774,0.4235915715952991,0.11306314141589842,0.63,2024,6,12,2,700,396,71346.0,71303.0,71854.71428571429,72073.1,645.0280909374903
2024-06-13,71030,0.4233780961981567,0.4224879737445489,0.4198369688141788,0.12062298459932831,-1.07,2024,6,13,3,747,-592,71796.0,71346.0,71747.28571428571,72070.13333333333,717.6869592181532
2024-06-14,71691,0.41877880184331795,0.4235759564806905,0.4210673928581123,0.10530259443113853,0.93,2024,6,14,4,732,580,71030.0,71796.0,71633.85714285714,72093.23333333334,640.2253323586208
2024-06-17,71285,0.42194700460829493,0.42216427640156456,0.4225059033212402,0.05051045666804929,-0.57,2024,6,17,0,416,-178,71691.0,71030.0,71394.14285714286,72092.03333333334,262.09758270609115
2024-06-18,71503,0.42211801555299544,0.4217596547228341,0.4212573848060725,0.08703854851010878,0.31,2024,6,18,1,509,21,71285.0,71691.0,71422.0,72104.26666666666,261.7785323574731
2024-06-19,71519,0.4225860455069125,0.4226408308231803,0.42463200369127213,0.04221469954640941,0.02,2024,6,19,2,234,-15,71503.0,71285.0,71452.85714285714,72117.26666666666,258.118466717077
2024-06-20,72258,0.42291006624423966,0.4303825922762217,0.4261247975681031,0.11834834151758834,1.03,2024,6,20,3,930,688,71519.0,71503.0,71583.14285714286,72139.66666666667,391.10247104866824
2024-06-21,71429,0.4299125144009217,0.43076023917637013,0.4244329645076947,0.1306581746658282,-1.15,2024,6,21,4,1159,-919,72258.0,71519.0,71530.71428571429,72100.8,382.31257468874276
2024-06-24,71512,0.42246003744239635,0.4222631839230319,0.42332015452678434,0.05131327187336928,0.12,2024,6,24,0,337,-8,71429.0,72258.0,71599.57142857143,72090.56666666667,314.4899877328126
2024-06-25,71201,0.42177599366359453,0.42222721755158926,0.4218816440636564,0.06047874546743916,-0.43,2024,6,25,1,492,-243,71512.0,71429.0,71529.57142857143,72056.83333333333,343.9049564208842
2024-06-26,70919,0.41984987039170507,0.4190531852717709,0.4179008603921072,0.09004910553005874,-0.4,2024,6,26,2,579,-311,71201.0,71512.0,71477.28571428571,71987.43333333333,408.95587141540796
2024-06-27,71303,0.4161686347926268,0.4204468821651755,0.4179370493345758,0.071718158341919,0.54,2024,6,27,3,730,482,70919.0,71201.0,71448.71428571429,71934.33333333333,413.8174775974739
2024-06-28,71275,0.4195708525345623,0.42166074720136676,0.4223249586088971,0.06034494293321916,-0.04,2024,6,28,4,380,76,71303.0,70919.0,71413.85714285714,71857.06666666667,417.1731968783557
2024-07-01,71329,0.4201378888248848,0.421930494987187,0.4215197546389701,0.023147838420059675,0.08,2024,7,1,0,499,67,71275.0,71303.0,71281.14285714286,71758.6,189.5313769811612
2024-07-02,71357,0.42100194412442393,0.4220653688800971,0.4233834851761045,0.0012042228079799833,0.04,2024,7,2,1,308,-1,71329.0,71275.0,71270.85714285714,71671.5,181.9729179311442
2024-07-03,72160,0.4224960397465438,0.4281346940610529,0.4254553021324335,0.0012042228079799833,1.13,2024,7,3,2,754,636,71357.0,71329.0,71363.42857142857,71642.6,381.03449413080193
2024-07-04,72151,0.42888644873271886,0.42808074450388883,0.4304674706643385,0.00046830886976999346,-0.01,2024,7,4,3,194,-83,72160.0,71357.0,71499.14285714286,71659.9,471.88996901859383
2024-07-05,73255,0.4288054435483871,0.4661601402688486,0.43183360324252923,0.00046830886976999346,1.53,2024,7,5,4,4278,1030,72151.0,72160.0,71832.85714285714,71722.4,741.9560698094133
2024-07-08,72332,0.4348808323732719,0.4352380524209864,0.4311641078068596,0.09760894871348863,-1.26,2024,7,8,0,913,-568,73255.0,72151.0,71979.85714285714,71733.43333333333,721.1246837593551
2024-07-09,72385,0.43038954493087556,0.43133570111945335,0.4311912495137111,0.071450553273479,0.07,2024,7,9,1,476,-16,72332.0,73255.0,72138.42857142857,71741.43333333333,659.7256644880283
2024-07-10,72629,0.4311995967741936,0.4341230949062626,0.4342311206810759,0.07513012296452895,0.34,2024,7,10,2,450,138,72385.0,72332.0,72324.14285714286,71762.63333333333,570.8889058830598
2024-07-11,73205,0.4328197004608295,0.4369464550645146,0.43608580398259317,0.11052089326571846,0.79,2024,7,11,3,559,534,72629.0,72385.0,72588.14285714286,71807.73333333334,466.93269628539684
2024-07-12,73159,0.43614091301843316,0.4364968754214809,0.4377052591580643,0.071918862143249,-0.06,2024,7,12,4,330,119,73205.0,72629.0,72730.85714285714,71856.26666666666,466.932696285392
2024-07-15,73311,0.4366179435483871,0.4396709077012993,0.4383657073581168,0.09794345504903863,0.21,2024,7,15,0,610,218,73159.0,73205.0,72896.57142857143,71906.03333333334,431.3273533147234
2024-07-16,74025,0.4404521889400922,0.4445353594389246,0.4423826799721346,0.11306314141589842,0.97,2024,7,16,1,707,506,73311.0,73159.0,73006.57142857143,71980.8,602.2789655833491
2024-07-17,73924,0.44690560195852536,0.4483477948118509,0.446842967131393,0.08355968262038883,-0.14,2024,7,17,2,638,-312,74025.0,73311.0,73234.0,72028.76666666666,605.6679508359862
2024-07-18,73965,0.4473826324884793,0.44673829968979,0.4469243922519474,0.07961250786089889,0.06,2024,7,18,3,450,-324,73924.0,74025.0,73459.71428571429,72062.16666666667,525.6636168677014
2024-07-19,72872,0.442081293202765,0.441172503709032,0.43735241696899513,0.11767932884648835,-1.48,2024,7,19,4,889,-828,73965.0,73924.0,73494.42857142857,72114.3,466.33673711616154
2024-07-22,72641,0.4357718894009217,0.4366677156858337,0.4342673096235446,0.07446111029342896,-0.32,2024,7,22,0,729,-358,72872.0,73965.0,73413.85714285714,72158.9,563.3159056222408
2024-07-23,68648,0.4316496255760369,0.4325405745627838,0.3992545077851463,0.3229324163399655,-5.5,2024,7,23,1,4140,-3893,72641.0,72872.0,72769.42857142857,72068.96666666666,1899.358387908268
2024-07-24,69028,0.3997785858294931,0.40205008317223395,0.40076539613321155,0.08034842179910888,0.55,2024,7,24,2,582,28,68648.0,72641.0,72157.57142857143,71976.7,2335.5862117216247
2024-07-25,67491,0.39103002592165903,0.39180865890392486,0.38441704137300853,0.09841176391880863,-2.23,2024,7,25,3,1250,-537,69028.0,68648.0,71224.14285714286,71858.73333333334,2736.1881897133912
2024-07-26,68173,0.390561995967742,0.3929775659758126,0.3908405786611901,0.07559843183429894,1.01,2024,7,26,4,670,197,67491.0,69028.0,70402.57142857143,71741.46666666666,2652.53783241337
2024-07-29,68206,0.3942972350230415,0.39561210268399044,0.3936452217025089,0.07559843183429894,0.05,2024,7,29,0,653,-185,68173.0,67491.0,69579.85714285714,71638.83333333333,2221.551967175301
2024-07-30,68617,0.3926321284562212,0.39631344692712317,0.39392568600664074,0.038334426054029466,0.6,2024,7,30,1,700,411,68206.0,68173.0,68972.0,71542.63333333333,1688.8958917993325
2024-07-31,69083,0.3997695852534562,0.4009441172503709,0.40106395490857766,0.0038133722252699466,0.68,2024,7,31,2,426,84,68617.0,68206.0,68463.71428571429,71461.43333333333,556.2516559662986
2024-08-01,69412,0.3920830933179724,0.40654587960257155,0.39513801557933975,0.0014049266093099804,0.48,2024,8,1,3,1704,1267,69083.0,68617.0,68572.85714285714,71366.56666666667,663.1232737536915
2024-08-02,69381,0.40682603686635943,0.41071797868992493,0.4032624331635469,0.003880273492379946,-0.04,2024,8,2,4,1270,-402,69412.0,69083.0,68623.28571428571,71298.3,714.904822172322
2024-08-05,68641,0.4074200748847926,0.4079036101245335,0.393138576507948,0.0007359139382099897,-1.07,2024,8,5,0,2076,-1208,69381.0,69412.0,68787.57142857143,71202.6,515.7272719674072
2024-08-06,68742,0.4015787010368663,0.40410915793732854,0.39864834299879676,0.10510189062980853,0.15,2024,8,6,1,1045,-458,68641.0,69381.0,68868.85714285714,71120.63333333333,442.3375138893344
2024-08-07,68752,0.39633136520737333,0.39930764734972796,0.39853977617139086,0.07733786477915892,0.01,2024,8,7,2,523,135,68742.0,68641.0,68946.85714285714,71048.4,342.9438382502173
2024-08-08,69396,0.3993195564516129,0.4029042844939981,0.3993268856700835,0.0996159867267886,0.94,2024,8,8,3,836,447,68752.0,68742.0,69058.14285714286,70984.83333333333,344.4548487979953
2024-08-09,69604,0.4054759504608295,0.40518814908060957,0.40479141598284646,0.07432730775920895,0.3,2024,8,9,4,486,-29,69396.0,68752.0,69132.57142857143,70929.13333333333,402.17320362946697
2024-08-12,70354,0.40431487615207373,0.4113923481544755,0.4068179967610897,0.10637301470489852,1.08,2024,8,12,0,952,850,69604.0,69396.0,69267.14285714286,70896.63333333333,613.3923237703887
2024-08-13,70356,0.4127124135944701,0.4128399946050442,0.4136486596520434,0.0857005231679088,0.0,2024,8,13,1,358,-81,70354.0,69604.0,69406.42857142857,70863.26666666666,740.9839982871235
2024-08-14,69874,0.4110023041474654,0.413568313626759,0.409369317205128,0.12430255429037826,-0.69,2024,8,14,2,912,-373,70356.0,70354.0,69582.57142857143,70787.06666666667,672.0493179206137
2024-08-16,70938,0.4085901497695853,0.41723688351391447,0.4114954175751599,0.18511580609336742,1.52,2024,8,16,4,1085,959,69874.0,70356.0,69896.28571428571,70746.63333333333,724.7541455085553
2024-08-19,71138,0.41811275921658986,0.41934091624331254,0.41918556784974353,0.10229203741118857,0.28,2024,8,19,0,469,101,70938.0,69874.0,70237.14285714286,70676.06666666667,654.5724886216943
2024-08-20,71340,0.41822076612903225,0.4238816706379535,0.4209226370882377,0.13922153685590805,0.28,2024,8,20,1,782,291,71138.0,70938.0,70514.85714285714,70643.0,650.6006016446597
2024-08-21,71407,0.4213799683179724,0.4228116710875331,0.4215197546389701,0.10677442230755851,0.09,2024,8,21,2,597,7,71340.0,71138.0,70772.42857142857,70610.4,583.3157684458165
2024-08-22,70796,0.42061491935483875,0.4207346131367172,0.41677900317557975,0.11727792124382837,-0.86,2024,8,22,3,890,-519,71407.0,71340.0,70835.57142857143,70549.3,553.6406346938411
2024-08-23,71295,0.41704169066820274,0.4210762936654228,0.4195655517456642,0.10369696402049855,0.7,2024,8,23,4,620,377,70796.0,71407.0,70969.71428571429,70485.63333333333,531.3870887577943
2024-08-26,71500,0.4215329781105991,0.4238636874522322,0.42324777664184715,0.09827796138458862,0.29,2024,8,26,0,523,83,71295.0,70796.0,71202.0,70430.33333333333,257.277411892122
2024-08-27,71551,0.424035138248848,0.42315335161623885,0.42318444599252697,0.07707025971071893,0.07,2024,8,27,1,451,-144,71500.0,71295.0,71289.57142857143,70371.66666666667,256.76633810566364
2024-08-28,71328,0.42219002016129037,0.42177763790855544,0.42152880187458724,0.07887659392268889,-0.31,2024,8,28,2,481,-162,71551.0,71500.0,71316.71428571429,70281.76666666666,247.96485926802328
2024-08-29,71666,0.42140697004608296,0.42335116665917366,0.42351014647474466,0.09372867522110868,0.47,2024,8,29,3,437,263,71328.0,71551.0,71363.28571428571,70206.5,281.42359193656137
2024-08-30,71195,0.42194700460829493,0.42316234320909946,0.4221349666609368,0.05084496300359929,-0.66,2024,8,30,4,568,-268,71666.0,71328.0,71333.0,70114.16666666667,287.2815111870336
2024-09-02,71233,0.418913810483871,0.4203030166794048,0.42120310139236955,0.007292238114989898,0.05,2024,9,2,0,353,107,71195.0,71666.0,71395.42857142857,70059.53333333334,177.7328117827129
2024-09-03,70807,0.4195258496543779,0.4201771343793553,0.4171227981290317,0.002809853218619961,-0.6,2024,9,3,1,790,-387,71233.0,71195.0,71325.71428571429,69998.4,286.2619513053424
2024-09-04,71053,0.4184637816820277,0.41783932023557974,0.4173489790194606,0.00046830886976999346,0.35,2024,9,4,2,505,-23,70807.0,71233.0,71261.85714285714,70078.56666666667,290.72577490431456
2024-09-05,71890,0.41831977246543783,0.43047250820482846,0.4214473767540328,0.0003345063355499953,1.18,2024,9,5,3,1457,830,71053.0,70807.0,71310.28571428571,70173.96666666666,365.5296222813432
2024-09-06,71409,0.4261682747695853,0.4271276356606573,0.4230487374582697,0.18304186681295745,-0.67,2024,9,6,4,908,-523,71890.0,71053.0,71321.85714285714,70304.56666666667,367.4608498788854
2024-09-09,71573,0.422613047235023,0.42264982241604104,0.4219540219485936,0.08396109022304883,0.23,2024,9,9,0,531,36,71409.0,71890.0,71308.57142857143,70417.9,354.3933112388769
2024-09-10,71821,0.42318908410138245,0.4249966281526772,0.42576290814341683,0.08717235104432879,0.35,2024,9,10,1,371,220,71573.0,71409.0,71398.0,70538.4,397.3390659582438
2024-09-11,71878,0.4260692684331797,0.42720855999640334,0.426405261872235,0.12684480244055824,0.08,2024,9,11,2,546,-43,71821.0,71573.0,71490.14285714286,70647.1,426.4217116818897
2024-09-12,72681,0.4254302275345623,0.43238771748415233,0.428540409477884,0.1861193251000174,1.12,2024,9,12,3,886,831,71878.0,71821.0,71757.85714285714,70767.03333333334,506.7499148433205
2024-09-13,73367,0.4333057315668203,0.4389246054938632,0.4365743547059196,0.11834834151758834,0.94,2024,9,13,4,725,642,72681.0,71878.0,72088.42857142857,70898.86666666667,691.4173503638617
2024-09-16,73422,0.4395161290322581,0.44071393247313756,0.441830798599488,0.08195405220974886,0.07,2024,9,16,0,343,7,73367.0,72681.0,72307.28571428571,71033.56666666667,843.8105463304325
2024-09-17,73022,0.4392821140552996,0.4393022523940116,0.4382209515882422,0.11052089326571846,-0.54,2024,9,17,1,585,-367,73422.0,73367.0,72537.71428571429,71179.6,775.0607963885518
2024-09-18,73029,0.43723898329493094,0.4371712448860316,0.4382480932950937,0.071249849472149,0.01,2024,9,18,2,345,-133,73022.0,73422.0,72745.71428571429,71322.5,659.8175794099802
2024-09-19,73357,0.4353218605990784,0.4395989749584139,0.4368005355963485,0.1279152227143182,0.45,2024,9,19,3,775,408,73029.0,73022.0,72965.14285714286,71476.0,546.7611997270894
2024-09-20,73977,0.4398311491935484,0.44431956121026844,0.4423555382652831,0.13380253421999813,0.85,2024,9,20,4,686,527,73357.0,73029.0,73265.0,71628.7,409.52452104423315
2024-09-23,74183,0.446320564516129,0.4465584678325765,0.4474672263889769,0.08556672063368881,0.28,2024,9,23,0,370,12,73977.0,73357.0,73479.57142857143,71781.33333333333,444.5304103404451
2024-09-24,74886,0.44723862327188946,0.4523580452277121,0.4500728302467181,0.1069751261088885,0.95,2024,9,24,1,727,613,74183.0,73977.0,73696.57142857143,71932.4,685.7343647876781
2024-09-25,75167,0.4537820420506913,0.455019556714472,0.4556911635649728,0.071651257074809,0.38,2024,9,25,2,402,167,74886.0,74183.0,73945.85714285714,72092.76666666666,863.438557663639
2024-09-26,75339,0.4555731566820277,0.4586431686373241,0.45783535840623896,0.10577090330090852,0.23,2024,9,26,3,568,140,75167.0,74886.0,74276.85714285714,72274.93333333333,893.8274308800183
2024-09-27,74878,0.4567432315668203,0.4562783797149665,0.4548226289457256,0.050376654133829295,-0.61,2024,9,27,4,638,-451,75339.0,75167.0,74541.0,72406.26666666666,719.8830923627423
2024-09-30,74844,0.4553031394009217,0.4560895562648923,0.4537188662004325,0.00923237486117987,-0.05,2024,9,30,0,739,-325,74878.0,75339.0,74753.42857142857,72529.8,497.2359792399192
2024-10-01,75660,0.45258496543778803,0.4594793867733669,0.4557997303923786,0.00428168109503994,1.09,2024,10,1,1,886,793,74844.0,74878.0,74993.85714285714,72673.8,465.0897506863804
2024-10-03,75827,0.4627826180875576,0.464101065503754,0.4585139010775258,0.0015387291435299784,0.22,2024,10,3,3,1100,-173,75660.0,74844.0,75228.71428571429,72821.13333333333,397.5725151025082
2024-10-04,75759,0.4617835541474654,0.4628332509103988,0.46056762356262043,0.002207741814629969,-0.09,2024,10,4,4,732,-130,75827.0,75660.0,75353.42857142857,72986.56666666667,408.91272791470107
2024-10-07,75657,0.4598214285714286,0.4612237557883379,0.4612461662339073,0.08616883203767879,-0.13,2024,10,7,0,478,-14,75759.0,75827.0,75423.42857142857,73131.96666666666,413.5935432893488
2024-10-08,74799,0.4584893433179724,0.45912871465180055,0.45246130044964766,0.16049613979688776,-1.13,2024,10,8,1,1216,-724,75657.0,75759.0,75346.28571428571,73241.93333333333,477.40329362597475
2024-10-09,74512,0.4528369815668203,0.4522861124848267,0.45190941907700105,0.08268996614795884,-0.38,2024,10,9,2,516,-383,74799.0,75657.0,75294.0,73340.63333333333,551.5263668550747
2024-10-10,74834,0.45053283410138245,0.4524119947848761,0.45052519202757596,0.07981321166222889,0.43,2024,10,10,3,683,195,74512.0,74799.0,75292.57142857143,73457.5,552.8974760754868
2024-10-11,75738,0.45537514400921664,0.4602976217236883,0.4587581764391891,0.10597160710223852,1.21,2024,10,11,4,650,561,74834.0,74512.0,75303.71428571429,73593.23333333334,562.2436347037902
2024-10-14,75553,0.4612705213133641,0.4612057726026166,0.46109236322841557,0.0861019307705688,-0.24,2024,10,14,0,493,-279,75738.0,74834.0,75264.57142857143,73738.5,528.2514733066473
2024-10-15,75838,0.4595334101382489,0.46176325135997837,0.4596448055296704,0.09861246772013862,0.38,2024,10,15,1,715,199,75553.0,75738.0,75275.85714285714,73892.0,541.2588501448892
2024-10-16,76163,0.461882560483871,0.46500022478982156,0.46500076901502746,0.10463358176003854,0.43,2024,10,16,2,483,263,75838.0,75553.0,75348.14285714286,74070.53333333334,627.553829983398
2024-10-17,76540,0.4645647321428572,0.46756282875511396,0.46729876686178545,0.11874974912024834,0.49,2024,10,17,3,514,342,76163.0,75838.0,75596.85714285714,74253.43333333333,712.8460396140875
2025-01-01,76214,0.46487075172811065,0.46456862833250906,0.46668355483981877,0.0004014076026599944,-0.02,2025,1,1,2,249,-18,76232.0,75517.0,75846.85714285714,76238.2,332.8425196096912
2025-01-02,76849,0.4704241071428572,0.46948702962729844,0.47388515439107587,0.0,0.83,2025,1,2,3,0,0,76214.0,76232.0,76038.71428571429,76266.23333333334,464.60510626219445
2025-01-03,76813,0.4739973358294931,0.48523130872634085,0.4717500067854267,0.0004014076026599944,-0.05,2025,1,3,4,1987,-433,76849.0,76214.0,76217.42857142857,76270.36666666667,490.55032264858824
2025-01-06,77149,0.4745643721198157,0.4757182034797464,0.47113479476346004,0.18170384147075747,0.44,2025,1,6,0,997,-160,76813.0,76849.0,76365.28571428571,76256.03333333334,598.3217401740733
2025-01-07,77514,0.4734843029953917,0.47802904284494,0.4761560105309823,0.14188420728688603,0.47,2025,1,7,1,699,325,77149.0,76813.0,76612.57142857143,76327.26666666666,670.8663198064587
2025-01-08,77737,0.4758334533410138,0.4802769410601088,0.47851733902706034,0.14535638304989498,0.29,2025,1,8,2,688,287,77514.0,77149.0,76929.71428571429,76408.73333333334,585.9999187414312
2025-01-09,78068,0.47942468317972353,0.48179652025356295,0.48217242221639184,0.09631106413155466,0.43,2025,1,9,3,453,219,77737.0,77514.0,77192.0,76484.73333333334,630.83383972042
2025-01-10,78398,0.48428499423963134,0.4863822326125073,0.4844613728275326,0.16772816677147867,0.42,2025,1,10,4,710,9,78068.0,77737.0,77504.0,76572.63333333333,606.1149505963601
2025-01-13,78159,0.48261088709677424,0.48628332509103983,0.4851127737919679,0.1143275753642774,-0.3,2025,1,13,0,627,-44,78398.0,78068.0,77691.14285714286,76628.43333333333,571.4156189035422
2025-01-14,78151,0.4825388824884793,0.4835678640471159,0.48221765839447756,0.08879805183510175,-0.01,2025,1,14,1,645,-44,78159.0,78398.0,77882.28571428571,76706.3,436.59276001596555
2025-01-15,78658,0.4836909562211982,0.4861844175695725,0.4863612923071356,0.10799871549567149,0.65,2025,1,15,2,478,335,78151.0,78159.0,78097.85714285714,76797.1,383.4942105520523
2025-01-16,79160,0.48697616647465436,0.49053634851413924,0.49051397345541076,0.11107617378273145,0.64,2025,1,16,3,503,472,78658.0,78151.0,78333.0,76901.23333333334,462.35267924296613
2025-01-17,79003,0.4902793778801844,0.49016769320685155,0.4910025241787372,0.09635120489182065,-0.2,2025,1,17,4,408,-52,79160.0,78658.0,78513.85714285714,76989.56666666667,437.290684625575
2025-01-20,78530,0.4887942828341014,0.49004181090680216,0.4881888339018013,0.11576595260714238,-0.6,2025,1,20,0,705,-360,79003.0,79160.0,78579.85714285714,77067.73333333334,391.2200696031694
2025-01-21,79179,0.48847926267281105,0.4915254237288135,0.4913734608390407,0.09689979528212264,0.83,2025,1,21,1,518,324,78530.0,79003.0,78691.42857142857,77140.4,439.14343030965057
2025-01-22,79535,0.4921875,0.49410601087982736,0.49567089775719037,0.09799697606272663,0.45,2025,1,22,2,330,268,79179.0,78530.0,78888.0,77200.06666666667,468.10468914890123
2025-01-23,79594,0.49338457661290325,0.4943937418513689,0.4956166143434874,0.09395613952928268,0.07,2025,1,23,3,368,194,79535.0,79179.0,79094.14285714286,77243.63333333333,402.6029593288486
2025-01-24,79944,0.4983348934331797,0.4998066807534955,0.4995612090725679,0.09069135769431473,0.44,2025,1,24,4,534,-6,79594.0,79535.0,79277.85714285714,77328.43333333333,459.76712532218477
2025-01-27,79510,0.4982808899769585,0.4978195387312862,0.49724511675457567,0.12390783681442927,-0.54,2025,1,27,0,569,-434,79944.0,79594.0,79327.85714285714,77425.7,463.82734883470226
2025-01-28,80163,0.4954367079493087,0.49960886571056057,0.49833983226425166,0.06036501331335216,0.82,2025,1,28,1,647,535,79510.0,79944.0,79493.57142857143,77548.26666666666,530.8040621398643
2025-01-29,80310,0.501008064516129,0.5043834015195792,0.5041572047660838,0.07395935079010396,0.18,2025,1,29,2,535,63,80163.0,79510.0,79747.85714285714,77681.46666666666,403.31436398139624
2025-01-30,81539,0.503366215437788,0.5140044058805018,0.5058309433552579,0.02564325568326264,1.53,2025,1,30,3,1420,1030,80310.0,80163.0,80085.0,77862.26666666666,714.7157943336169
2025-01-31,81836,0.5157960109447005,0.5166479341815402,0.516425256262949,0.0075263925498748946,0.36,2025,1,31,4,543,-54,81539.0,80310.0,80413.71428571429,78083.76666666666,919.4238620454285
2025-02-01,81663,0.5095856134792627,0.5223665872409298,0.5114673711447468,0.09050403414640673,-0.21,2025,2,1,5,1727,463,81836.0,81539.0,80709.28571428571,78279.66666666667,944.2181446918013
2025-02-03,82625,0.509972638248848,0.5253338128849525,0.513267771032561,0.1730133668731686,1.18,2025,2,3,0,1858,1382,81663.0,81836.0,81092.28571428571,78516.96666666666,1111.0628116501487
2025-02-04,83162,0.5227354550691244,0.526538686328283,0.5232830608607539,0.143469767317393,0.65,2025,2,4,1,885,501,82625.0,81663.0,81614.0,78770.3,1101.631517342991
2025-02-05,83976,0.5287028369815668,0.5362496066178124,0.532031737702545,0.19719817493343325,0.98,2025,2,5,2,998,652,83162.0,82625.0,82158.71428571429,79032.36666666667,1202.6498124691348
2025-02-06,83856,0.5351742511520737,0.5359888504248527,0.532891225086175,0.17669293656421853,-0.14,2025,2,6,3,874,-187,83976.0,83162.0,82665.28571428571,79301.46666666666,1028.3426332852755
2025-02-07,84378,0.5351832517281107,0.5399901092478532,0.537731496141354,0.19840239774141322,0.62,2025,2,7,4,784,334,83856.0,83976.0,83070.85714285714,79596.83333333333,1069.1417786527259
2025-02-10,85308,0.5409976238479263,0.5466169131861709,0.5439107580678724,0.1786464535638305,1.1,2025,2,10,0,838,618,84378.0,83856.0,83566.85714285714,79899.36666666667,1198.3466983838389
2025-02-11,85113,0.5482700892857143,0.5506451467877533,0.5425265310184473,0.2433399788591996,-0.23,2025,2,11,1,1439,-385,85308.0,84378.0,84059.71428571429,80196.0,973.1167648843282
2025-02-12,85024,0.5404665898617511,0.5444049813424447,0.5402104387004552,0.19262212826310932,-0.1,2025,2,12,2,1001,393,85113.0,85308.0,84402.42857142857,80468.5,788.5649111210596
2025-02-13,85368,0.5469380040322581,0.5479926268938542,0.5492667215532294,0.12596170571470625,0.4,2025,2,13,3,399,18,85024.0,85113.0,84717.57142857143,80753.66666666667,636.326398727938
2025-02-14,84331,0.548288090437788,0.5504743065234006,0.5411603984402567,0.2361547827715857,-1.21,2025,2,14,4,1571,-1169,85368.0,85024.0,84768.28571428571,80993.06666666667,578.9319805460956
2025-02-17,84759,0.5419066820276498,0.5418333857842916,0.5417122798129033,0.10510858075651953,0.51,2025,2,17,0,549,-32,84331.0,85368.0,84897.28571428571,81234.56666666667,420.774569216159
2025-02-18,85742,0.5434907834101382,0.5497459875016859,0.5473215658955406,0.13342788712418213,1.16,2025,2,18,1,809,775,84759.0,84331.0,85092.14285714286,81501.4,454.6806309865325
2025-02-19,85719,0.5503582229262673,0.5549161533965743,0.55314798563299,0.16859119311719764,-0.03,2025,2,19,2,740,-11,85742.0,84759.0,85150.85714285714,81756.43333333333,510.3317315181557
2025-02-20,85830,0.5553085397465438,0.5548172458751068,0.551248066153387,0.14033878801664504,0.13,2025,2,20,3,939,-450,85719.0,85742.0,85253.28571428571,82004.16666666667,569.9402642082431
2025-02-21,85795,0.5494581653225806,0.5504203569662365,0.5505695234821,0.11891700228802334,-0.04,2025,2,21,4,525,165,85830.0,85719.0,85363.42857142857,82258.7,592.3053427510953
2025-02-24,86030,0.5514112903225806,0.5539270781818999,0.5542336539070487,0.14763102613163492,0.27,2025,2,24,0,510,183,85795.0,85830.0,85458.0,82521.33333333333,643.7706631018168
2025-02-25,85589,0.5543814804147466,0.5551859011823945,0.5488053125367545,0.15538488298968384,-0.51,2025,2,25,1,1250,-588,86030.0,85795.0,85637.71428571429,82752.36666666667,409.7957679533566
2025-02-26,85837,0.5522573444700462,0.5512385919165581,0.5503433425916711,0.07026640084563202,0.29,2025,2,26,2,641,-104,85589.0,86030.0,85791.71428571429,82974.93333333333,134.8823120322605
2025-02-27,85123,0.5504122263824885,0.5506451467877533,0.5456387800707494,0.03975942304347244,-0.83,2025,2,27,3,1095,-613,85837.0,85589.0,85703.28571428571,83178.93333333333,288.42371278928863
2025-02-28,84269,0.5434277793778802,0.5427775030346627,0.5393328568455908,0.20580836801049013,-1.0,2025,2,28,4,917,-691,85123.0,85837.0,85496.14285714286,83370.23333333334,613.1477333082466
2025-03-03,85355,0.5390174971198157,0.5463651485860721,0.5428341370294307,0.14839370057668894,1.29,2025,3,3,0,929,885,84269.0,85123.0,85428.28571428571,83576.1,596.0885600583706
2025-03-04,86007,0.5473070276497696,0.554340691453491,0.5507595154300604,0.18267390984385246,0.76,2025,3,4,1,940,616,85355.0,84269.0,85458.57142857143,83791.83333333333,622.6207666401058
2025-03-05,85848,0.5550385224654378,0.5540169941105066,0.5517004279342448,0.1786665239439635,-0.18,2025,3,5,2,800,-402,86007.0,85355.0,85432.57142857143,84000.3,598.0986142642727
2025-03-06,86002,0.5535894297235023,0.5530998516387178,0.551248066153387,0.16296479655324672,0.18,2025,3,6,3,748,-87,85848.0,86007.0,85491.57142857143,84202.23333333334,635.3140580727379
2025-03-07,85896,0.550979262672811,0.5546014476464505,0.5539893785453855,0.1800915209334065,-0.12,2025,3,7,4,612,97,86002.0,85848.0,85500.0,84415.1,641.0262605155617
2025-03-10,85460,0.5514382920506913,0.552758171110012,0.5508137988437634,0.15565248805812382,-0.51,2025,3,10,0,758,-390,85896.0,86002.0,85548.14285714286,84591.66666666667,620.3137455038747
2025-03-11,86113,0.5496921802995391,0.5533066582745134,0.5523337344274457,0.12653036648514124,0.76,2025,3,11,1,651,457,85460.0,85896.0,85811.57142857143,84785.1,290.3531511536971
2025-03-12,86661,0.5545614919354839,0.5580632108978105,0.5552740860030219,0.17401019575310758,0.64,2025,3,12,2,855,464,86113.0,85460.0,85998.14285714286,84955.83333333333,359.45302362676
2025-03-13,87694,0.5595028081797235,0.5679179966731107,0.5614714424007745,0.1789541993925365,1.19,2025,3,13,3,1266,948,86661.0,86113.0,86239.14285714286,85151.1,735.359873028917
2025-03-14,87924,0.5699704781105991,0.5719821966461358,0.571396259872796,0.08466355352770381,0.26,2025,3,14,4,621,15,87694.0,86661.0,86535.71428571429,85359.8,941.1511947782634
2025-03-17,87976,0.5680983582949309,0.5708762307242727,0.571866716124888,0.11798038454848335,0.06,2025,3,17,0,446,275,87924.0,87694.0,86817.71428571429,85538.16666666667,1044.628915659799
2025-03-18,88660,0.573480702764977,0.5767207660837117,0.5769512625417303,0.14872820691223892,0.78,2025,3,18,1,534,361,87976.0,87924.0,87212.57142857143,85721.43333333333,1154.7417975684605
2025-03-19,88564,0.5777739775345623,0.578456143505822,0.5784350091829442,0.1280557153752492,-0.11,2025,3,19,2,563,-212,88660.0,87976.0,87656.0,85874.36666666667,946.8387754368259
2025-03-20,88646,0.5784400201612904,0.5787438744773636,0.5776659941554858,0.12366030212612228,0.09,2025,3,20,3,680,-204,88564.0,88660.0,88017.85714285714,86034.03333333334,714.33988842464
2025-03-21,87785,0.5748397897465438,0.5740952209683945,0.5689354117849292,0.17583660034521054,-0.97,2025,3,21,4,1128,-665,88646.0,88564.0,88178.42857142857,86147.6,427.0768303849731
2025-03-24,87313,0.5697004608294931,0.569122870116441,0.5674516651437154,0.11863601696616134,-0.54,2025,3,24,0,739,-566,87785.0,88646.0,88124.0,86214.43333333333,514.4456563500047
2025-03-25,87566,0.560006840437788,0.569293710380794,0.5639322904886412,0.11319694395011842,0.29,2025,3,25,1,1147,764,87313.0,87785.0,88072.85714285714,86296.2,553.9225061876391
2025-03-26,87506,0.5667572724654378,0.568349593130423,0.5688087504862889,0.11482264474089139,-0.07,2025,3,26,2,503,-46,87566.0,87313.0,88005.71428571429,86378.93333333333,594.610436700048
2025-03-27,88213,0.5677833381336406,0.5731241289394415,0.5717400548262479,0.13305993015507714,0.81,2025,3,27,3,710,547,87506.0,87566.0,87941.85714285714,86473.76666666666,533.4952135316604
2025-03-28,88759,0.5733096918202765,0.5773951355482623,0.5773041047307996,0.11024659807056746,0.62,2025,3,28,4,570,479,88213.0,87506.0,87969.71428571429,86621.36666666667,574.8813542224351
2025-03-31,90138,0.5787730414746544,0.5904149620105201,0.5827957767504139,0.021836573584703693,1.55,2025,3,31,0,1411,1251,88759.0,88213.0,88182.85714285714,86800.66666666667,992.3896124311251
2025-04-01,90409,0.5920308899769585,0.5960077327698601,0.5929648695840986,0.18855453122282137,0.3,2025,4,1,1,909,49,90138.0,88759.0,88557.71428571429,86956.23333333334,1272.9767887773796
2025-04-02,90364,0.5951810915898618,0.5944701703906847,0.594023396151306,0.1649183135528587,-0.05,2025,4,2,2,621,-346,90409.0,90138.0,88993.57142857143,87111.06666666667,1297.8426788527538
2025-04-03,89763,0.5944610455069125,0.5961605898484916,0.57940306339398,0.5140626463465218,-0.67,2025,4,3,3,2425,-867,90364.0,90409.0,89307.42857142857,87242.16666666667,1152.597769845014
2025-04-04,87940,0.5819232430875576,0.5913950456323338,0.5727171562729008,0.4955912064974511,-2.03,2025,4,4,4,2634,-1297,89763.0,90364.0,89369.42857142857,87313.66666666667,1046.3187623210406
2025-04-07,86819,0.5707985311059908,0.5748684979544125,0.5625661579104504,0.36110627935293094,-1.27,2025,4,7,0,1918,-1182,87940.0,89763.0,89170.28571428571,87339.96666666666,1381.9341173753487
2025-04-08,87449,0.5631210397465438,0.5710560625814862,0.5670626340121776,0.23259563536133376,0.73,2025,4,8,1,997,301,86819.0,87940.0,88983.14285714286,87401.96666666666,1527.9050394340243
2025-04-09,89489,0.5676393289170507,0.5916827766038755,0.5716043462919904,0.45338319707775265,2.33,2025,4,9,2,2789,1839,87449.0,86819.0,88890.42857142857,87523.7,1464.5242523489883
2025-04-10,91646,0.592741935483871,0.6052510902306343,0.5950366865404275,0.23328471841256673,2.41,2025,4,10,3,1708,1207,89489.0,87449.0,89067.14285714286,87741.13333333333,1729.0414905937205
2025-04-11,93280,0.6067828341013825,0.6190621768646316,0.6109507739910072,0.32538100271619147,1.78,2025,4,11,4,1485,1281,91646.0,89489.0,89483.71428571429,88041.5,2337.702270342821
2025-04-14,92835,0.6207337269585254,0.6196466304005754,0.6139815979227548,0.16081726587901576,-0.48,2025,4,14,0,1215,-714,93280.0,91646.0,89922.57142857143,88290.83333333333,2664.3966707402424
2025-04-15,93071,0.6143073156682027,0.6161938587420761,0.6166143434873474,0.1504007385899889,0.25,2025,4,15,1,540,236,92835.0,93280.0,90655.57142857143,88526.3,2732.9790740237445
2025-04-16,95163,0.6207427275345623,0.6351031785280763,0.6249830364332178,0.31224159385578765,2.25,2025,4,16,2,1718,1613,93071.0,92835.0,91847.57142857143,88836.8,2597.005702545082
2025-04-17,94784,0.6368987615207373,0.6369734298430967,0.627751490532068,0.3320309886669254,-0.4,2025,4,17,3,1620,-561,95163.0,93071.0,92895.42857142857,89129.53333333334,1917.2802661717615
2025-04-21,96800,0.6387438796082949,0.6497774580766982,0.6293890401787734,0.24036956259951564,2.13,2025,4,21,0,2863,1250,94784.0,95163.0,93939.85714285714,89493.0,1735.0257854552208
2025-04-22,97057,0.6514706941244239,0.6749898844580318,0.6498900760872517,0.5379263283246585,0.27,2025,4,22,1,3401,93,96800.0,94784.0,94712.85714285714,89879.56666666667,1748.0457115098088
2025-04-23,94530,0.6427941388248848,0.6416850245020906,0.6281133799567542,0.45618636016966163,-2.6,2025,4,23,2,2104,-1470,97057.0,96800.0,94891.42857142857,90160.13333333333,1637.6367990852884
2025-04-24,95807,0.6355936779953917,0.6416580497235085,0.6385538898589536,0.287354322490868,1.35,2025,4,24,3,947,607,94530.0,97057.0,95316.0,90465.0,1380.7408639340515
2025-04-25,95071,0.6425871255760369,0.6425931753810188,0.6314789516063368,0.2417811793355366,-0.77,2025,4,25,4,1833,-906,95807.0,94530.0,95601.71428571429,90710.9,990.5590533124489
2025-04-28,96159,0.632074452764977,0.6440408218315874,0.6317684631460858,0.18173060197760146,1.14,2025,4,28,0,1962,1350,95071.0,95807.0,95744.0,90985.4,988.5700110111983
2025-04-29,95559,0.636520737327189,0.6403902351301534,0.63897910993296,0.03857527061562546,-0.62,2025,4,29,1,759,256,96159.0,95071.0,95854.71428571429,91238.16666666667,902.8146200074791
2025-04-30,94718,0.6369437644009217,0.6360472957784471,0.6264034524251116,0.4107804701821053,-0.88,2025,4,30,2,1666,-632,95559.0,96159.0,95557.28571428571,91440.1,882.2087270591127
2025-05-01,92382,0.6248109879032259,0.63408712853482,0.6098741529525653,0.2576969907810054,-2.47,2025,5,1,3,3275,-1620,94718.0,95559.0,94889.42857142857,91567.36666666667,1250.3877874690133
2025-05-02,92692,0.6153243807603687,0.6187204963359259,0.6148048963639161,0.3495791910298781,0.34,2025,5,2,4,1021,-256,92382.0,94718.0,94626.85714285714,91702.23333333334,1505.418815322782
2025-05-05,94667,0.6185915898617511,0.6312727599694286,0.6196089784766265,0.2780416661091561,2.13,2025,5,5,0,1886,1356,92692.0,92382.0,94464.0,91931.63333333333,1415.4464548935457
2025-05-06,97460,0.6335955501152074,0.6551724137931034,0.6379024888945184,0.33172324283821936,2.95,2025,5,6,1,2522,2482,94667.0,92692.0,94805.28571428571,92269.86666666667,1817.1941479744576
2025-05-07,97065,0.6487885224654378,0.6540484646855191,0.6518352317449403,0.24897975567657252,-0.41,2025,5,7,2,857,399,97460.0,94667.0,94934.71428571429,92586.5,1956.5987251944687
2025-05-08,96153,0.6535948300691244,0.6533651036281076,0.6413947218427409,0.4807525054524533,-0.94,2025,5,8,3,1935,-1047,97065.0,97460.0,95019.57142857143,92874.73333333334,2000.572989350385
2025-05-09,96490,0.643523185483871,0.6482758620689655,0.6456197808759534,0.24190160161633462,0.35,2025,5,9,4,902,409,96153.0,97065.0,95272.71428571429,93150.63333333333,2067.0590794893337
2025-05-12,92948,0.6413540466589862,0.6402463696443825,0.6151215496105165,0.4581398771692736,-3.67,2025,5,12,0,3380,-2892,96490.0,96153.0,95353.57142857143,93290.26666666666,1942.451274134054
2025-05-13,93659,0.6157924107142857,0.6251674684170301,0.6191928056382372,0.285006088015307,0.76,2025,5,13,1,1253,659,92948.0,96490.0,95491.71428571429,93407.63333333333,1746.0778633170871
2025-05-14,92305,0.6197436635944701,0.6205547812795036,0.6116474111335282,0.33533591126215934,-1.45,2025,5,14,2,1574,-1134,93659.0,92948.0,95154.28571428571,93470.83333333333,2120.1696248412045
2025-05-15,93155,0.6064318116359447,0.6184597401429663,0.6016411685409524,0.429874091815299,0.92,2025,5,15,3,2447,1195,92305.0,93659.0,94539.28571428571,93563.86666666667,1958.058793320387
2025-05-16,92443,0.6147933467741936,0.6196466304005754,0.6079561390017281,0.41213856590443826,-0.76,2025,5,16,4,1881,-446,93155.0,92305.0,93879.0,93653.2,1730.4771018433173
2025-05-19,93314,0.6146313364055299,0.6218136042799982,0.6188399634491681,0.2662001418306863,0.94,2025,5,19,0,919,443,92443.0,93155.0,93473.42857142857,93832.33333333333,1412.0928743246077
2025-05-20,94761,0.6158824164746544,0.6308951130692801,0.6181976097203501,0.3240095267404365,1.55,2025,5,20,1,2000,1751,93314.0,92443.0,93226.42857142857,94097.06666666667,826.1468507787592
2025-05-21,95473,0.6337935627880185,0.6384480510722474,0.6373958436999576,0.2520438337102105,0.75,2025,5,21,2,718,473,94761.0,93314.0,93587.14285714286,94364.53333333334,1165.7521790076946
2025-05-22,95461,0.6418940812211982,0.6438699815672346,0.6391871963521547,0.32060425224453754,-0.01,2025,5,22,3,1123,-439,95473.0,94761.0,93844.57142857143,94563.6,1366.025848603045
2025-05-23,96210,0.6385548675115208,0.6449130063390729,0.642082311749645,0.24572835409502658,0.78,2025,5,23,4,919,681,95461.0,95473.0,94402.42857142857,94715.73333333334,1428.4431918648404
2025-05-26,95814,0.6415970622119815,0.6416041001663444,0.6416299499687872,0.1582616374754138,-0.41,2025,5,26,0,601,-53,96210.0,95461.0,94782.28571428571,94800.2,1394.5797113943097
2025-05-27,95055,0.640832013248848,0.6417209908735333,0.6372420406944659,0.19711120328619025,-0.79,2025,5,27,1,1099,-727,95814.0,96210.0,95155.42857142857,94874.2,939.5550111897063
2025-05-28,95177,0.6332625288018433,0.6394371262869216,0.6375586939410665,0.13166169367247815,0.13,2025,5,28,2,810,236,95055.0,95814.0,95421.57142857143,94944.4,484.83050548794085
2025-05-29,95295,0.6332535282258065,0.6380883873578205,0.6331345957242764,0.16778837791187765,0.12,2025,5,29,3,1149,355,95177.0,95055.0,95497.85714285714,94948.8,397.7630905382633
2025-05-30,94712,0.6321734591013825,0.6344018342849436,0.6328360369489103,0.05146045466101128,-0.61,2025,5,30,4,772,-108,95295.0,95177.0,95389.14285714286,94946.4,497.24488553885294
2025-06-02,97393,0.6398509504608295,0.6549745987501685,0.6440727035854195,0.34738482946867016,2.83,2025,6,2,0,1818,1720,94712.0,95295.0,95665.14285714286,94966.16666666667,909.263700031272
2025-06-03,97208,0.6540448588709677,0.6545340106999955,0.6540246627642925,0.19861648179616523,-0.19,2025,6,3,1,669,-42,97393.0,94712.0,95807.71428571429,94971.2,1072.5215948560935
2025-06-04,97973,0.6553679435483871,0.6601357730521962,0.6575530846549837,0.2656314810602513,0.79,2025,6,4,2,902,576,97208.0,97393.0,96116.14285714286,95085.96666666666,1349.3418677987306
2025-06-05,97415,0.659625216013825,0.6655846783257653,0.657281667586469,0.3713087225872058,-0.57,2025,6,5,3,1538,-455,97973.0,97208.0,96453.28571428571,95139.56666666667,1334.7714803538456
2025-06-06,96645,0.6571680587557603,0.6603515712808523,0.6513104920791453,0.30915075531530567,-0.79,2025,6,6,4,1616,-952,97415.0,97973.0,96663.0,95192.03333333334,1210.3496739940183
2025-06-09,96703,0.6464663738479263,0.649121071797869,0.6458459617663823,0.2226340366886549,0.06,2025,6,9,0,971,295,96645.0,97415.0,96864.14285714286,95210.16666666667,1051.7164428659319
2025-06-10,96442,0.6470874135944701,0.6502270377197321,0.6460359537143425,0.26294874024914033,-0.27,2025,6,10,1,1073,-35,96703.0,96645.0,97111.28571428571,95239.6,540.9210399241886
2025-06-11,96267,0.6488065236175116,0.6514948523130872,0.6488677384625128,0.2744490680653492,-0.18,2025,6,11,2,901,-401,96442.0,96703.0,96950.42857142857,95291.23333333334,606.6168085249902
2025-06-12,97786,0.6498955933179724,0.659668210223441,0.6542870325971899,0.38818122215234757,1.58,2025,6,12,3,1211,997,96267.0,96442.0,97033.0,95471.36666666667,682.1551631929195
2025-06-13,99555,0.6625054003456221,0.6766623207301172,0.6669622096968273,0.3813171521468617,1.81,2025,6,13,4,1700,1365,97786.0,96267.0,97259.0,95700.13333333333,1148.2861141736814
2025-06-16,98594,0.6771583381336406,0.6770129928516837,0.6675140910694737,0.29002368304855697,-0.97,2025,6,16,0,1678,-1224,99555.0,97786.0,97427.42857142857,95831.03333333334,1256.3623226276648
2025-06-17,98911,0.6647555443548387,0.6694690464415771,0.6675955161900282,0.25526847478491244,0.32,2025,6,17,1,830,471,98594.0,99555.0,97751.14285714286,95879.4,1311.8645037482238
2025-06-18,99045,0.6689408122119815,0.6709077012992852,0.6708253793053534,0.2293709942866318,0.14,2025,6,18,2,633,140,98911.0,98594.0,98085.71428571429,95945.4,1298.5779034900727
2025-06-19,98868,0.6679957517281107,0.6690194667985434,0.6675412327763253,0.22619987422561785,-0.18,2025,6,19,3,786,68,99045.0,98911.0,98432.28571428571,96035.9,1094.4724321635576
2025-06-20,98574,0.6669156826036866,0.6657824933687002,0.6653970379350589,0.21736890696709796,-0.3,2025,6,20,4,663,-106,98868.0,99045.0,98761.85714285714,96105.36666666667,541.3746172426161
2025-06-23,98852,0.665952620967742,0.6707368610349322,0.6684097673955722,0.24770194147477154,0.28,2025,6,23,0,881,279,98574.0,98868.0,98914.14285714286,96302.16666666667,329.6490197082246
2025-06-24,96521,0.6617943548387097,0.6623117385244797,0.6495462811337995,0.31299088804741965,-2.36,2025,6,24,1,2029,-1590,98852.0,98574.0,98480.71428571429,96397.56666666667,880.6648462568915
2025-06-25,96760,0.651128672235023,0.6506676257699051,0.6515185784983399,0.1723844949623346,0.25,2025,6,25,2,516,-166,96521.0,98852.0,98218.71428571429,96546.06666666667,1089.4141719747051
2025-06-26,96452,0.6518847206221199,0.6513869531987591,0.6474020862925334,0.1372211889693191,-0.32,2025,6,26,3,1051,-558,96760.0,96521.0,97867.42857142857,96655.96666666666,1217.863410123798
2025-06-27,94908,0.6419840869815668,0.6408757811446297,0.633740760510626,0.18194468603235345,-1.6,2025,6,27,4,1392,-1002,96452.0,96760.0,97276.42857142857,96738.13333333333,1517.9879069736812
2025-06-30,95678,0.6346936203917051,0.639572000179832,0.6360930417710868,0.06084670243654415,0.81,2025,6,30,0,987,578,94908.0,96452.0,96820.71428571429,96816.93333333333,1437.2351598697874
2025-07-01,97239,0.645476310483871,0.6562783797149665,0.6498448399091659,0.30919758620228266,1.63,2025,7,1,1,1325,941,95678.0,94908.0,96630.0,96899.53333333334,1240.98200363154
2025-07-02,97351,0.6535768289170507,0.6548037584858157,0.6558522043589581,0.20920695237967807,0.12,2025,7,2,2,497,153,97239.0,95678.0,96415.57142857143,96962.13333333333,866.1137063832648
2025-07-03,96801,0.6562860023041475,0.6578249336870026,0.6513557282572311,0.31088349813345467,-0.56,2025,7,3,3,1330,-698,97351.0,97239.0,96455.57142857143,97006.8,878.1759233689795
2025-07-04,96967,0.6508406538018433,0.6515757766488333,0.6543955994245958,0.11304976116247642,0.17,2025,7,4,4,299,73,96801.0,97351.0,96485.14285714286,97032.03333333334,893.4874422888216
2025-07-07,97231,0.647294426843318,0.6532751876995009,0.6503152961612579,0.20513935533939012,0.27,2025,7,7,0,939,731,96967.0,96801.0,96596.42857142857,97079.26666666666,936.1652021509392
2025-07-08,96485,0.651803715437788,0.6527267005349997,0.647610172711728,0.2593293816984894,-0.77,2025,7,8,1,1177,-516,97231.0,96967.0,96821.71428571429,97126.93333333333,586.6261484960316
2025-07-09,96451,0.6481944844470047,0.6470799802184957,0.6456650170540392,0.21942946599408594,-0.04,2025,7,9,2,764,-149,96485.0,97231.0,96932.14285714286,97169.4,367.1436724152272
2025-07-10,96678,0.6476544498847926,0.650173088162568,0.6503967212818125,0.18913657224667835,0.24,2025,7,10,3,585,138,96451.0,96485.0,96852.0,97215.5,349.81757151033077
2025-07-11,97759,0.6512366791474654,0.6596052690734164,0.6556350707041465,0.2943990259175509,1.12,2025,7,11,4,1055,821,96678.0,96451.0,96910.28571428571,97317.06666666667,462.6196113071329
2025-07-14,97749,0.6589861751152074,0.6632468641819897,0.6607286643566059,0.20582843839062312,-0.01,2025,7,14,0,897,-50,97759.0,96678.0,97045.71428571429,97328.93333333333,554.8593558425225
2025-07-15,97214,0.6588061635944701,0.6600728319021714,0.6564402746740734,0.24578187510871458,-0.55,2025,7,15,1,1018,-565,97749.0,97759.0,97081.0,97329.13333333333,556.8695239198726
2025-07-16,97758,0.6518937211981567,0.6618172009171424,0.6525771050655473,0.27424836426401916,0.56,2025,7,16,2,1639,747,97214.0,97749.0,97156.28571428571,97321.96666666666,613.2937616667301
2025-07-17,97454,0.6561329925115208,0.656377287236434,0.6547303471424306,0.22585867776335686,-0.31,2025,7,17,3,796,-28,97758.0,97214.0,97294.71428571429,97323.26666666666,541.7021673386098
2025-07-18,97965,0.6515066964285714,0.6605673695095087,0.6558974405370439,0.17967004295061348,0.52,2025,7,18,4,1133,997,97454.0,97758.0,97511.0,97367.26666666666,441.7050297851158
2025-07-21,99217,0.6604802707373272,0.6717888773996312,0.6649265816829668,0.2636110627935293,1.28,2025,7,21,0,1383,1252,97965.0,97454.0,97873.71428571429,97451.06666666667,641.1234187731885
2025-07-22,100168,0.6729460685483871,0.6797913950456322,0.6739285811220381,0.2766835703868231,0.96,2025,7,22,1,1278,818,99217.0,97965.0,98217.85714285714,97575.26666666666,1071.4307301585281
2025-07-23,99304,0.6802095334101382,0.681436856539136,0.6754032805276349,0.2656716218205173,-0.86,2025,7,23,2,1298,-853,100168.0,99217.0,98440.0,97676.5,1118.2001907846911
2025-07-24,98668,0.6698858726958525,0.6687587106055837,0.6673693352995993,0.20663794372265412,-0.64,2025,7,24,3,776,-342,99304.0,100168.0,98647.71428571429,97705.9,978.8702185510489
2025-07-25,97842,0.665205573156682,0.6649732500112395,0.6623662140033113,0.2069055487910941,-0.84,2025,7,25,4,908,-648,98668.0,99304.0,98659.71428571429,97648.8,966.5831080492661
2025-07-28,97505,0.6599402361751152,0.6605673695095087,0.6585030443947852,0.1284838834847532,-0.34,2025,7,28,0,845,-400,97842.0,98668.0,98667.0,97612.5,956.1157531060821
2025-07-29,98125,0.656988047235023,0.6618621588814457,0.6609277035401833,0.13259162128530716,0.64,2025,7,29,1,721,548,97505.0,97842.0,98689.85714285714,97586.3,938.2827272175243
2025-07-30,98003,0.6648905529953917,0.6664119048689474,0.6625833476581231,0.05268474784912426,-0.12,2025,7,30,2,1044,-452,98125.0,97505.0,98516.42857142857,97551.56666666667,936.802870966933
2025-07-31,98358,0.6659346198156683,0.6672930809692936,0.666726981570781,0.2088858262975501,0.36,2025,7,31,3,684,-213,98003.0,98125.0,98257.85714285714,97534.56666666667,590.9025380958066
2025-08-01,99240,0.6634954637096774,0.672822910578609,0.6643385113678515,0.33344929552965735,0.9,2025,8,1,4,1563,940,98358.0,98003.0,98248.71428571429,97556.76666666666,572.2178239966786
2025-08-04,100607,0.6736031105990784,0.6841703007687812,0.677601758782604,0.3076588570587527,1.38,2025,8,4,0,1359,1184,99240.0,98358.0,98525.71428571429,97615.26666666666,1065.614644903515
2025-08-05,100765,0.6846378168202765,0.6865530728768601,0.6830662890953669,0.29639937380413983,0.16,2025,8,5,1,1020,116,100607.0,99240.0,98943.28571428571,97756.73333333334,1299.973168222918
2025-08-06,100687,0.6842147897465438,0.6848446702333317,0.684740027684541,0.2435206122803966,-0.08,2025,8,6,2,645,85,100765.0,100607.0,99397.85714285714,97887.63333333333,1269.186672451349
2025-08-07,100835,0.6851958525345623,0.6913096255001574,0.6867756556984015,0.36334747180111593,0.15,2025,8,7,3,1139,124,100687.0,100765.0,99785.0,98033.73333333334,1228.892862161307
2025-08-08,101212,0.6895971342165899,0.6918940790361012,0.6913445096850659,0.3001926756492768,0.37,2025,8,8,4,699,12,100835.0,100687.0,100243.42857142857,98243.86666666667,1036.884252163819
2025-08-11,99785,0.686086909562212,0.6849345861619385,0.6799902289855335,0.3001926756492768,-1.41,2025,8,11,0,1180,-1025,101212.0,100835.0,100447.28571428571,98380.76666666666,684.9799788555512
2025-08-12,99620,0.6774283554147466,0.676284673829969,0.6763260985605848,0.24448399052678058,-0.17,2025,8,12,1,623,-228,99785.0,101212.0,100501.57142857143,98460.13333333333,580.4337048437725
2025-08-13,99656,0.6745481710829493,0.6776513959447916,0.6790674109525834,0.17774997658455652,0.04,2025,8,13,2,472,128,99620.0,99785.0,100365.71428571429,98536.96666666666,657.7861137428681
2025-08-14,99362,0.6746831797235023,0.6770399676302656,0.6761722955550933,0.20305872593226917,-0.3,2025,8,14,3,724,-181,99656.0,99620.0,100165.28571428571,98622.33333333333,726.0518150239709
2025-08-18,99020,0.6746471774193549,0.6739468596861935,0.6738471560014838,0.13270535343939416,-0.34,2025,8,18,0,637,-519,99362.0,99656.0,99927.14285714286,98690.76666666666,796.3894417064416
2025-08-19,98359,0.6703449020737328,0.6722564402283864,0.6677221774886684,0.1715682995035926,-0.67,2025,8,19,1,1126,-702,99020.0,99362.0,99573.42857142857,98728.36666666667,872.2086633285022
2025-08-20,98903,0.664332517281106,0.66897450883424,0.6665550840940551,0.15391974523997484,0.55,2025,8,20,2,890,510,98359.0,99020.0,99243.57142857143,98808.96666666666,511.1108350628182
2025-08-21,99035,0.6690128168202765,0.6703232477633412,0.6701377893984493,0.16305176820048972,0.13,2025,8,21,3,644,122,98903.0,98359.0,99136.42857142857,98895.1,454.1302519306619
2025-08-22,99857,0.6696698588709677,0.6774266061232748,0.6721191339986068,0.21731538595340996,0.83,2025,8,22,4,1215,871,99035.0,98903.0,99170.28571428571,99001.06666666667,502.4545466337163
2025-08-25,100118,0.6743861607142857,0.6801240839814773,0.6789045607114748,0.13989054952700805,0.26,2025,8,25,0,765,608,99857.0,99035.0,99236.28571428571,99079.7,598.1242107061845
2025-08-26,100531,0.6805875576036866,0.6834959313042306,0.6851381060516959,0.15145108848361588,0.41,2025,8,26,1,451,332,100118.0,99857.0,99403.28571428571,99172.43333333333,775.862254591348
2025-08-27,100967,0.6825406826036866,0.6870745852627793,0.6869566004107446,0.10640646533845351,0.43,2025,8,27,2,648,551,100531.0,100118.0,99681.42857142857,99297.53333333334,945.9143472774358
2025-08-28,101481,0.6861139112903226,0.6913186170930181,0.6906931087206305,0.1143810963779654,0.51,2025,8,28,3,707,668,100967.0,100531.0,100127.42857142857,99421.63333333333,954.441522070359
2025-08-29,103164,0.6913072436635945,0.7084206267140223,0.6959133636717301,0.1712940043084416,1.66,2025,8,29,4,2032,1774,101481.0,100967.0,100736.14285714286,99611.96666666666,1328.7563644983522
2025-09-01,103904,0.714573732718894,0.7221417974194129,0.7095746894536374,0.05161432757536428,0.72,2025,9,1,0,2048,-71,103164.0,101481.0,101431.71428571429,99809.93333333333,1546.4074187504284
2025-09-02,105695,0.7219902073732719,0.7296947354223802,0.7236612353095513,0.34519715803417317,1.72,2025,9,2,1,1331,896,103904.0,103164.0,102265.71428571429,100025.86666666667,2048.3832416729138
2025-09-03,107080,0.7300457229262673,0.7418154025985704,0.7348526657679746,0.29608493784872286,1.31,2025,9,3,2,1442,1386,105695.0,103904.0,103260.28571428571,100256.26666666666,2477.085230285758
2025-09-04,106310,0.7373091877880185,0.7380748999685294,0.7330975020582462,0.29698141482799684,-0.72,2025,9,4,3,1220,-191,107080.0,105695.0,104085.85714285714,100489.8,2376.8496957517414
2025-09-05,107605,0.738749279953917,0.746724812300499,0.7413304864698591,0.33826618676157727,1.22,2025,9,5,4,1272,944,106310.0,107080.0,105034.14285714286,100787.7,2245.6945049424126
2025-09-08,108393,0.7453197004608295,0.7549701029537383,0.7467588278401536,0.2991490158823608,0.73,2025,9,8,0,1589,1002,107605.0,106310.0,106021.57142857143,101139.4,1918.8040422059141
2025-09-09,108907,0.7562013968894009,0.7653104347435149,0.7602392089097176,0.4156174317941582,0.47,2025,9,9,1,1249,307,108393.0,107605.0,106842.0,101519.46666666666,1709.732727652143
2025-09-10,108884,0.756867439516129,0.7608236299060378,0.7610896490577304,0.21805799001833095,-0.02,2025,9,10,2,656,210,108907.0,108393.0,107553.42857142857,101878.1,1260.5634794484329
2025-09-11,108870,0.7562103974654378,0.7590253113339027,0.7598320833069456,0.2561114307504984,-0.01,2025,9,11,3,595,269,108884.0,108907.0,108007.0,102240.33333333333,1030.666127643443
2025-09-12,109237,0.7617997551843319,0.763700939621454,0.765215188499154,0.2009245755114602,0.34,2025,9,12,4,520,15,108870.0,108884.0,108315.14285714286,102602.96666666666,1029.7688136318184
2025-09-15,110045,0.7616917482718895,0.7693296767522366,0.7629533795948649,0.2660730294231773,0.74,2025,9,15,0,1396,835,109237.0,108870.0,108848.71428571429,102963.13333333333,746.2641878719161
2025-09-16,110040,0.7688112039170507,0.7725127006249157,0.7724529769928798,0.2572420621646574,-0.0,2025,9,16,1,700,39,110045.0,109237.0,109196.57142857143,103277.56666666667,628.0612648347721
2025-09-17,109692,0.7671820996543779,0.7664433754439599,0.7653328025621773,0.2565128383531584,-0.32,2025,9,17,2,812,-128,110040.0,110045.0,109382.14285714286,103575.13333333333,536.2572232881492
2025-09-18,108951,0.7615927419354839,0.7648158971361776,0.7610444128796447,0.357306287381083,-0.68,2025,9,18,3,1105,-248,109692.0,110040.0,109388.42857142857,103850.6,529.9807723422854
2025-09-19,109715,0.7623127880184332,0.7656431236793597,0.7646723543621248,0.23041465405354777,0.7,2025,9,19,4,796,436,108951.0,109692.0,109507.14285714286,104146.6,489.6983522490036
2025-09-22,112070,0.7671010944700462,0.7868093332733894,0.7721001348038108,0.3534728447756801,2.15,2025,9,22,0,2329,2259,109715.0,108951.0,109964.28571428571,104508.53333333334,1011.4556695345167
2025-09-23,113715,0.7876854118663595,0.8043429393517061,0.7910812351286065,0.4421370940765618,1.47,2025,9,23,1,2181,1617,112070.0,109715.0,110604.0,104972.86666666667,1673.9438461325412
2025-09-24,112475,0.8002142137096774,0.8048824349233468,0.7952881996905845,0.2593695224587554,-1.09,2025,9,24,2,1776,-1015,113715.0,112070.0,110951.14285714286,105401.36666666667,1786.8562177361066
2025-09-25,112606,0.7928607430875577,0.7967630265701569,0.7928092571314835,0.23489703894991773,0.12,2025,9,25,3,1147,-67,112475.0,113715.0,111317.71428571429,105833.03333333334,1831.4329284562011
2025-09-26,113664,0.7925907258064516,0.802634536708178,0.7964281513783464,0.06983823273612802,0.94,2025,9,26,4,1400,1021,112606.0,112475.0,111885.14285714286,106309.76666666666,1858.9048235082678
2025-09-29,115734,0.8092957949308756,0.8210493188868409,0.8145135753770436,0.357145724340019,1.82,2025,9,29,0,1449,1235,113664.0,112606.0,112854.14285714286,106866.9,1842.3238431020857
2025-09-30,116573,0.8217075892857143,0.8326844400485547,0.8176077299581113,0.5941702235840347,0.72,2025,9,30,1,2401,695,115734.0,113664.0,113833.85714285714,107474.03333333334,1713.7552750794348
2025-10-01,116968,0.8317972350230415,0.8368025895787439,0.8308619301372466,0.4111149765176553,0.34,2025,10,1,2,1394,-31,116573.0,115734.0,114533.57142857143,108076.2,1866.6459097500278
2025-10-03,117370,0.8267029089861752,0.8360832621498899,0.8271887524766808,0.34135033517534824,0.34,2025,10,3,4,1720,937,116968.0,116573.0,115055.71428571429,108687.36666666667,2096.5462642405187
2025-10-06,119524,0.8406177995391705,0.8556219934361373,0.8459979553247505,0.44707440758927974,1.84,2025,10,6,0,1814,1545,117370.0,116968.0,116062.71428571429,109342.93333333333,2330.2426707893965
2025-10-07,120354,0.8566388248847926,0.8619340916243312,0.856682740588613,0.5107175829910219,0.69,2025,10,7,1,1335,595,119524.0,117370.0,117169.57142857143,110017.46666666666,2253.5348423577243
2025-10-08,122542,0.8656394009216589,0.8819673605179157,0.8711492703404475,0.5119351860524238,1.82,2025,10,8,2,1964,1783,120354.0,119524.0,118437.85714285714,110751.16666666667,2442.151812684184
2025-10-09,119869,0.8793292770737328,0.8854291237692757,0.8597588006984467,0.7233030493597549,-2.18,2025,10,9,3,3608,-2411,122542.0,120354.0,119028.57142857143,111381.23333333334,2163.3059467060802
2025-10-10,120727,0.857628888248848,0.8724902216427641,0.8579493535750151,0.6831823594738885,0.72,2025,10,10,4,2369,858,119869.0,122542.0,119622.0,112022.76666666666,1935.1607168414669
2025-10-13,123964,0.8741089429723502,0.8947893719372386,0.8796627190561923,0.4723229457965934,2.68,2025,10,13,0,2449,2264,120727.0,119869.0,120621.42857142857,112716.1,2132.538695011376
2025-10-14,125753,0.8979424683179723,0.9156768421525874,0.8975129149288434,0.6880126309592304,1.44,2025,10,14,1,2799,1405,123964.0,120727.0,121819.0,113444.4,2345.503641723896
2025-10-15,126641,0.9128024193548386,0.9217731421121251,0.9164397318399362,0.48990459879310116,0.71,2025,10,15,2,1385,642,125753.0,123964.0,122835.71428571429,114142.6,2700.5254867837857
2025-10-16,128735,0.9236031105990784,0.9383086813829071,0.9272059422243533,0.5270883230528386,1.65,2025,10,16,3,2034,1536,126641.0,125753.0,124033.0,114864.43333333333,3224.004807689823
2025-10-17,125951,0.9488047235023042,0.9626669064424764,0.9083695976694321,1.0,-2.16,2025,10,17,4,6825,-4048,128735.0,126641.0,124520.0,115519.13333333333,3218.713562901672
2026-01-01,135771,1.0,1.0,1.0,0.09782303276824063,0.23,2026,1,1,3,849,84,135454.0,133974.0,135355.14285714287,130375.03333333334,1652.7810329457122
